Date,Close,High,Low,Open,Volume,Log_Return,Daily_Range,Price_Change,RSI_14,RSI_7,Stoch_K,Stoch_D,MACD,MACD_Sig,MACD_Hist,EMA_12,EMA_26,SMA_50,SMA_200,BB_Upper,BB_Lower,BB_Mid,BB_Width,ATR_14,Vol_20,Vol_Ratio,FearGreed_Score,Target
2021-02-11,124.43425750732422,131.5356903076172,119.09626007080078,129.30523681640625,2809765027,-0.04173297243012966,0.09996789056328977,-0.040874140571651396,86.61271067166932,87.54396979648703,77.73287380660648,83.69771996971626,18.1207320902071,10.014453958422816,8.106278131784283,84.25763749472384,66.13690540451674,48.78187652587891,32.365269107818605,116.83368249162959,7.500708148629201,62.167195320129395,1.7586924065013911,10.295793619395138,0.09356133477602413,1.8699205990332683,93.0,0.0958266501084948
2021-02-12,136.94839477539062,140.2431640625,121.72706604003906,124.15943145751953,2981627650,0.0958266501084948,0.13520492922045002,0.10056826406771324,88.41059700935871,89.8108985042605,89.44313804805594,83.37614299435307,20.98170693212529,12.207904553163313,8.773802378961978,92.36390784559565,71.38220091347036,50.87083259582519,32.951909437179566,129.60989978373388,4.3377824062075305,66.97384109497071,1.8704633828584971,10.882958219614123,0.09297608522140285,1.8311709351946597,92.0,-0.025857197621211424
2021-02-13,133.4526824951172,138.4705352783203,125.72859954833984,136.92799377441406,2116751635,-0.025857197621211424,0.09547905288787788,-0.02552576308767085,84.97744752423358,84.78232189134668,86.02705480751645,84.40102222072629,22.70524342771317,14.307372328073285,8.397871099639886,98.6852577916759,75.98001436396272,52.87658676147461,33.518305110931394,139.3564246767954,3.74836505709132,71.55239486694336,1.8952274046435018,11.015742327497433,0.094692969327553,1.236726529394857,92.0,0.022039131504887018
2021-02-14,136.426513671875,138.7567596435547,128.73171997070312,133.47377014160156,2312597445,0.022039131504887018,0.07348307453610664,0.02228378719076418,85.49352579530098,85.58345493210054,88.85873715570585,88.10964333709275,24.03407201895257,16.252712266249144,7.781359752703427,104.49160485016806,80.45753283121549,54.935574264526366,34.10095973014832,148.19591270739232,4.3891580933889,76.29253540039062,1.8849387277443543,10.944977852165584,0.09389417524635359,1.2834591017604398,95.0,-0.051581145554919085
2021-02-15,129.56788635253906,139.21975708007812,119.7349853515625,136.2767791748047,2414986848,-0.051581145554919085,0.15038272427706229,-0.05027341925508633,78.77226487630008,74.96454699794559,81.24702193283773,85.37760463202001,24.254157516313313,17.85300131626198,6.401156200051332,108.34949431207129,84.09533679575797,56.85669502258301,34.648735485076905,154.3145150890905,7.057870698873401,80.68619289398194,1.8250538178657874,11.55496312904773,0.09634030716014703,1.2742178975301872,93.0,0.0037652072833446286
2021-02-16,130.05665588378906,133.28060913085938,126.79663848876953,129.7397918701172,1925775294,0.0037652072833446286,0.04985496972860456,0.003772304581091346,78.89957424045028,75.22017124810105,81.63650398666789,83.91408769173717,24.189178680370162,19.12023678908362,5.068941891286542,111.6890576307971,87.49987895042693,58.74093696594238,35.195678033828734,159.3970641573148,10.881499532870762,85.13928184509277,1.7443835724931491,11.19274937997931,0.09561645500678977,0.9797502366590208,95.0,0.2359739387432947
2021-02-17,164.67010498046875,175.11614990234375,127.09211730957031,130.08013916015625,5236224271,0.2359739387432947,0.29163783309951424,0.2661413125031311,85.52172376780561,86.55896493230527,91.54258906228164,84.8087049939291,26.623796002595768,20.62094863178605,6.002847370809718,119.83998799228505,93.21619198968928,61.255282440185546,35.9113763999939,170.4103321215345,12.082331452684244,91.24633178710937,1.7351711303666646,13.823555323750318,0.10337842272797182,2.379348535737028,95.0,0.17382677938926677
2021-02-18,195.93263244628906,199.45562744140625,163.27488708496094,165.01882934570312,6110987389,0.17382677938926677,0.18465908360805353,0.18984944152144867,88.90775589984331,90.9314776327609,97.54400689303039,90.24103331399333,30.721731468819783,22.641105199192797,8.080626269626986,131.54654867751645,100.82481720869667,64.41120910644531,36.78631512641907,186.96879662785267,10.831895358231336,98.900345993042,1.7809533374333513,15.42049711179996,0.10496224498172908,2.470425927124436,91.0,0.5292178669714955
2021-02-19,332.61602783203125,342.8796081542969,195.3857421875,195.98785400390625,17982945189,0.5292178669714955,0.44343583479170234,0.6976040370570284,94.72089600316372,96.58994203842003,96.34320514290293,95.14326703273832,44.4857781871591,27.01003979678606,17.47573839037304,162.48031470128797,117.99453651412887,70.31600898742676,38.33912020683289,244.69324196906044,-18.108174982976465,113.29253349304199,2.3196711102605647,24.854309172871165,0.14544219113286858,5.374273910849922,93.0,-0.26199204824622774
2021-02-20,255.9537353515625,334.4550476074219,227.91375732421875,332.91845703125,9680520706,-0.26199204824622774,0.41625214078968015,-0.23048285730591034,71.94630473664787,68.58640301672898,68.77457517047775,87.5539290688037,48.64710452716352,31.337452742861554,17.309651784301966,176.86084095517634,128.21373642801282,74.67698348999023,39.50747595787048,265.07082084979066,-17.317979663267238,123.87642059326171,2.2796009051654704,30.689093537894877,0.16505009655316646,2.5444822029994576,91.0,0.13832310826899666
2021-02-21,293.923583984375,307.5881042480469,250.5408172607422,254.53927612304688,8505963719,0.13832310826899666,0.19408883837758772,0.14834653059725578,75.13514309349921,73.09390155635235,82.1991279831844,82.43896943218836,54.381953778192894,35.94635294992783,18.435600828265066,194.8704937288992,140.4885399507063,79.7906233215332,40.860412788391116,291.1931899328206,-19.20876000117991,135.99221496582032,2.2824979357238617,32.57182164142415,0.16477219122000109,2.0412844026162227,91.0,-0.09416362837426613
2021-02-22,267.5097961425781,295.47857666015625,223.0193634033203,294.61236572265625,7885768925,-0.09416362837426613,0.27086564418080755,-0.08986617366233884,69.23897866958285,65.46966040762436,71.49760735773454,74.1571035037989,56.14824913246636,39.98673218643553,16.16151694603083,206.04577102331132,149.89752189084496,84.31783966064454,42.08442346572876,306.9254037725822,-13.295634638060704,146.81488456726075,2.181121071984626,35.420921042524995,0.16839238408432508,1.7481508248466289,94.0,-0.14676337941975634
2021-02-23,230.99424743652344,268.5368347167969,190.41246032714844,267.3644104003906,8280752930,-0.14676337941975634,0.3382091773134601,-0.13650172529230487,61.99592890828249,56.041644873406106,52.42383778533458,68.70685770875117,53.979311417725086,42.785248032693445,11.19406338503164,209.8839981638055,155.90468674608042,88.11919754028321,43.12783697128296,313.6901363988014,-2.1852062840552833,155.75246505737306,2.0280599897183054,38.471167710176665,0.17568613859001633,1.6936625578739835,94.0,0.09635436208331628
2021-02-24,254.359130859375,280.08819580078125,214.52471923828125,231.12159729003906,7154121651,0.09635436208331628,0.25775947708654273,0.10114920038981556,64.55123206815738,60.308521226209486,60.443671053713125,61.45503873226075,53.5287177385658,44.93394197386792,8.594775764697886,216.7263262708162,163.1976085322504,92.37168815612793,44.285242033004764,322.2056408717799,9.142689816696674,165.67416534423828,1.8896304707773846,40.40633262819976,0.17574707246043822,1.3758141470794685,76.0,-0.08391354119867715
2021-02-25,233.88595581054688,264.70513916015625,233.88595581054688,254.4676055908203,4059853073,-0.08391354119867715,0.1317701323399411,-0.08048924754404407,60.69993681974259,54.86440179733078,51.155599908807474,54.6743695826184,50.932486872211825,46.1336509535367,4.798835918675124,219.36626927692862,168.4337824047168,96.206088180542,45.342294130325314,326.4323799092357,21.519989780705714,173.9761848449707,1.7526099356658262,39.721536251157595,0.17691795134686175,0.7615082722756287,79.0,-0.053596764568402594
2021-02-26,221.68043518066406,238.7550048828125,210.31076049804688,235.27029418945312,4167145958,-0.053596764568402594,0.1283119295646649,-0.052185778267804905,58.46059047481153,51.62315987410301,45.68581960373922,52.42836352208661,47.34431589394143,46.375783941617655,0.9685319523237723,219.72229480058024,172.37797890663882,99.77070709228515,46.33762732505798,327.80032335450636,35.04673017332567,181.42352676391602,1.613647349950026,38.91601540355817,0.17877014431165691,0.7668707672369349,55.0,0.01597152639139158
2021-02-27,225.2494354248047,237.17942810058594,220.09939575195312,221.9809112548828,2755271254,0.01597152639139158,0.07582719271380665,0.0160997529675182,58.93762742558658,52.578877697918685,47.285230873127375,48.042216795224704,44.278241034214375,45.956275360137,-1.6780343259226242,220.57262412738402,176.29438309316964,103.42778945922852,47.35758977890015,327.1645255580997,51.34841923560151,189.2564723968506,1.457366835751547,37.35630232820636,0.17702773044765288,0.5012281341875646,56.0,-0.07212957361071183
2021-02-28,209.57440185546875,228.1730499267578,195.85267639160156,225.44593811035156,3129699003,-0.07212957361071183,0.15421908996999417,-0.06958966862569005,55.901223129453335,47.74567593365977,40.26062352545534,44.41055800077399,40.12102026354998,44.7892243408196,-4.668204077269621,218.88058993170475,178.75956966815477,106.74062042236328,48.296704540252684,324.3441582942901,67.14307238808297,195.7436153411865,1.3139692217184125,36.996593128702784,0.17795971808698557,0.5642303211249847,55.0,0.19473241418777865
2021-03-01,254.6299285888672,259.4910583496094,209.95130920410156,209.95130920410156,5008256561,0.19473241418777865,0.19455587730810747,0.21498583001787885,61.96658293687597,60.057994894438714,59.15935452848021,48.90173630902098,40.000891931778625,43.83155785901141,-3.8306659272327863,224.38048818665283,184.3795962548742,110.98424949645997,49.459476461410524,327.47064121373825,78.68965465418164,203.08014793395995,1.225038434778264,37.91945479766263,0.17146287652165476,0.8981862089997271,38.0,-0.06116371702534487
2021-03-02,239.5225372314453,264.1693115234375,228.6416473388672,254.95335388183594,5882262804,-0.06116371702534487,0.14832702005924694,-0.059330776398302754,59.03459161739125,54.98942969848676,52.102380671721214,50.50745290855226,38.24577564410893,42.71440141603092,-4.468625771921985,226.71003419354398,188.46425854943504,115.00727302551269,50.54174018859863,329.1606152543056,87.97821912679792,208.56941719055175,1.1563651055665571,37.74861261101318,0.16958537332180296,1.0656149903611696,78.0,0.0065284751321675214
2021-03-03,241.09136962890625,254.25363159179688,236.90875244140625,239.68898010253906,5827707431,0.0065284751321675214,0.07194317729866602,0.006549832076741202,59.25021813699088,55.44498869301314,43.3265239803493,51.52941972685025,36.55998426360554,41.483517985545845,-4.923533721940302,228.92254733744588,192.36256307384033,119.06686820983887,51.63208827972412,329.30196248925847,99.50258310400326,214.40227279663085,1.071814101538136,36.291203078111565,0.16884284372784258,1.0276401908891368,78.0,-0.047335541553145274
2021-03-04,229.945068359375,249.46560668945312,226.08494567871094,241.0454864501953,5580339595,-0.047335541553145274,0.1016793322751379,-0.04623268467339958,56.95636270828294,51.15351359016178,25.928607306962,40.452503986344176,33.93340590964618,39.97349557036592,-6.040089660719737,229.0798582638965,195.14645235425033,122.8630509185791,52.66432810783386,328.43194892022416,109.67226403143601,219.05210647583007,0.9986650592329538,35.3690215018709,0.16907676130030283,0.9619788103693422,84.0,-0.015658315819880267
2021-03-05,226.37255859375,230.36663818359375,216.27261352539062,229.83529663085938,4969642573,-0.015658315819880267,0.06226030551475267,-0.015536361754197814,56.2052923353104,49.71465483567408,24.964907216385637,31.406679501232322,31.20385336145557,38.219567128583854,-7.0157137671282825,228.6633506223355,197.45949726087994,126.55462844848633,53.678640384674075,325.79058005324447,121.60562050827896,223.6981002807617,0.9127701991599151,33.84937887018034,0.16892772003076487,0.836141697938526,77.0,0.0012992084013272779
2021-03-06,226.66685485839844,232.09889221191406,220.0750732421875,226.19776916503906,4489684331,0.0012992084013272779,0.05304621611853215,0.001300052738179236,56.25646620476193,49.85022676683595,30.940213612757436,27.277909378701697,28.733192196817157,36.322292142230516,-7.589099945413359,228.35619742788364,199.6230052310665,130.2695859527588,54.69663875579834,322.1246421444128,134.29559253576298,228.2101173400879,0.8230531222624956,32.29041030586221,0.16901967265639922,0.7418028695182959,77.0,0.05790403191051484
2021-03-07,240.17921447753906,243.34312438964844,225.54637145996094,226.67274475097656,5081569247,0.05790403191051484,0.07409780637512996,0.05961330176651525,58.64580286913078,56.178800481435914,47.36708264028199,34.4240678231417,27.54795424887729,34.567424563559875,-7.019470314682586,230.17512312783063,202.62716887895334,134.20973373413085,55.785982847213745,316.08255171484683,151.39881577782893,233.74068374633788,0.7045574321829974,31.255149064706874,0.16816654449047155,0.821499432894765,76.0,0.0005804399280154676
2021-03-08,240.31866455078125,242.68826293945312,229.4411163330078,240.17958068847656,5016770824,0.0005804399280154676,0.0551232532487966,0.0005806084158679337,58.670892354105504,56.24528126158894,55.65184825086452,44.653048167967995,26.31653644081976,32.917246939011854,-6.600710498192093,231.73566796213072,205.41913152131096,138.1024147796631,56.87211329460144,306.4637875610513,172.04378079832375,239.2537841796875,0.5618302223457149,29.96886317483105,0.16819505556610118,0.7912545309383618,81.0,0.19978652618616957
2021-03-09,293.4632263183594,296.65863037109375,236.0502471923828,240.39547729492188,8676266998,0.19978652618616957,0.2065280339859714,0.22114204848349694,66.91020520460707,73.87038616233293,96.83014353161676,66.6163581409211,29.291299080458202,32.192057367301125,-2.9007582868429225,241.23221540155052,211.94091632109232,143.06461585998534,58.22878445625305,307.5521143052956,183.83476618786844,245.69344024658204,0.5035435540861912,32.157400317965326,0.16605156599492646,1.3322940122820388,81.0,-0.04925810902014287
2021-03-10,279.3580322265625,295.07061767578125,268.5784912109375,293.42388916015625,4544623650,-0.04925810902014287,0.0948321630621966,-0.04806460512532862,63.303052427325305,65.67827934388612,82.83772191863702,78.43990456703945,30.16294892378704,31.78623567859831,-1.623286754811268,247.0977256823216,216.93477675853455,147.79606582641603,59.51437551498413,308.9268041289327,190.80261634225872,249.8647102355957,0.472752585490346,31.75273789988521,0.1632727176015886,0.7063495632379252,68.0,0.0366650614952948
2021-03-11,289.7908020019531,313.1101379394531,273.3779296875,278.50909423828125,4676132222,0.0366650614952948,0.1371065195219182,0.037345515689090725,64.81399305672468,68.67586543503597,80.11270615134063,86.59352386719814,31.334371900799056,31.69586292303846,-0.3614910222394059,253.66589126995723,222.33151936915817,152.7397438812256,60.853975315094,296.9093552928547,198.5375425953289,247.72344894409179,0.3971033550389779,32.32270006789006,0.11076670274663791,0.810615729326157,73.0,-0.09440096575842574
2021-03-12,263.6858215332031,290.0347595214844,253.9466552734375,289.9991149902344,3960814749,-0.09440096575842574,0.13686023783232762,-0.09008215681246523,58.34107220261814,54.72352112577431,57.84974725375541,73.60005844124436,29.812617991824993,31.31921393679577,-1.5065959449707762,255.20741900276428,225.3948010109393,157.2405435180664,62.05937516212463,297.6687808059167,198.55132570043094,248.11005325317382,0.39948987880932574,32.591657509329835,0.09577749864209566,0.7224293875936271,70.0,0.046021838153
2021-03-13,276.1047058105469,283.01361083984375,256.18896484375,263.5920104980469,2903774859,0.046021838153,0.09715388920064208,0.047097277377805336,60.36881322477251,59.31149346339354,68.4408722136589,68.801108539585,29.271295948606934,30.909630339158003,-1.6383343905510692,258.4223862039616,229.15109025535466,161.94548622131347,63.33252185821533,294.01501244724477,200.4232062417201,247.21910934448243,0.37857836497222824,32.179728115527254,0.09093858837872318,0.5581474405802417,74.0,-0.04242203449583896
2021-03-14,264.6367492675781,276.3712463378906,264.6367492675781,276.18572998046875,2044273970,-0.04242203449583896,0.04434190301531998,-0.04153481017030425,57.5815628103966,53.47382236001998,53.010916015505686,59.76717849430668,27.598784470309198,30.24746116538824,-2.6486766950790432,259.3784420599026,231.77965758959343,166.42191162109376,64.54431907653809,293.63838694688275,200.5125270545821,247.07545700073243,0.3769126283231951,30.719354469440486,0.08892613163841394,0.4163110765731183,78.0,-0.03842555605043598
2021-03-15,254.66082763671875,267.2337341308594,250.61297607421875,264.0635070800781,2488528410,-0.03842555605043598,0.06526625319992532,-0.037696660265323034,55.1942524665296,48.617503469260335,39.64187885182398,53.6978890269962,25.178096151000943,29.233588162510785,-4.055492011509841,258.6526552255666,233.47455907456566,170.67749603271486,65.7022194480896,294.3271252939618,202.1904467275226,248.2587860107422,0.3711315923475611,29.712311868526207,0.082626758859306,0.5385449503062122,76.0,0.013417159527366131
2021-03-16,258.1006774902344,258.8761291503906,242.18153381347656,254.450439453125,2425543830,0.013417159527366131,0.06468249327840578,0.013507573526081007,55.87360472572176,50.428554944984775,43.19406574872084,45.28228687201685,23.269019579732202,28.04067444595507,-4.7716548662228675,258.567735573977,235.29871599424482,175.00703552246094,66.87705377578736,294.6419845726038,202.2497421119665,248.44586334228515,0.37188078407789,28.782474973411052,0.07982788720411191,0.5532203647285822,71.0,0.04453452133827316
2021-03-17,269.8548583984375,270.962890625,249.92892456054688,258.3858642578125,2271426252,0.04453452133827316,0.07794547850384344,0.04554106956440607,58.205545546708734,56.53581985939564,55.33210932152433,46.056017974023064,22.44578576210216,26.921696709184488,-4.475910947082326,260.3042160085094,237.85843024640724,179.57023796081543,68.11127170562744,296.83201961516517,203.6565973281942,250.2443084716797,0.37233782800505005,28.22901005134263,0.07780091624660279,0.5288552437713767,71.0,-0.030667088745726014
2021-03-18,261.7048034667969,277.7722473144531,258.7264099121094,269.6378479003906,2445995134,-0.030667088745726014,0.07277603295791299,-0.030201623865549143,55.995872890166744,51.41199162399064,46.91589362316319,48.480689564469465,20.894862739359695,25.716329915219532,-4.821467175859837,260.5196910020921,239.6248282627324,183.9844364929199,69.30157114982605,297.1619486785934,207.3291050933793,252.24552688598632,0.35613255344590533,27.573069147842713,0.07702365563510358,0.5811442831597965,72.0,0.00894946859864428
2021-03-19,264.05743408203125,269.2347106933594,256.2732849121094,261.63043212890625,1873443830,0.00894946859864428,0.04908563103443414,0.00898963482545656,56.50913536193909,52.85106440497804,47.27503654988744,49.84101316485833,19.629308252222785,24.498925582620185,-4.8696173303974,261.0639591682366,241.4346509160138,188.41500305175782,70.5058930683136,297.5975701710532,210.77428346664215,254.18592681884766,0.34157393287271937,26.529380335943234,0.07700284246802622,0.4498239580566386,71.0,0.002587882609508986
2021-03-20,264.7416687011719,274.8731689453125,262.9725036621094,264.0921936035156,2004752539,0.002587882609508986,0.04495199165884251,0.0025912340681462087,56.667441013750384,53.32018112543301,44.762004670494214,46.317644947848294,18.468663956964633,23.292873257489077,-4.824209300524444,261.629760634842,243.16109667787737,192.85278945922852,71.7054909324646,295.3940445251395,218.4945357971261,256.9442901611328,0.2992847542157439,25.48447211789037,0.07469112132619614,0.4879416782129645,75.0,0.0005456689607413424
2021-03-21,264.88616943359375,268.878173828125,257.5182800292969,264.9569396972656,1718563711,0.0005456689607413424,0.042885945397296475,0.000545817865131637,56.7032839041511,53.43433394245389,42.363412909629965,44.800151376670556,17.36038527743176,22.106375661477614,-4.745990384045854,262.1307466038807,244.77036132644895,197.25506729125976,72.90646996498108,296.04304707022493,218.8711573365133,257.4571022033691,0.29974659495993405,24.47557366652878,0.06101265651924685,0.43572961204711225,73.0,-0.03451268991883127
2021-03-22,255.9001922607422,276.96868896484375,255.2108612060547,265.0702819824219,2323911466,-0.03451268991883127,0.08502466358688604,-0.033923919818336645,53.7270852647274,45.38260817554685,25.75911395139635,37.62817717717352,15.577406534351724,20.800581836052437,-5.223175301700714,261.17219978185943,245.5947932475077,201.48755126953125,74.08287149429322,295.99001331289867,220.56195659676928,258.275984954834,0.2920444064101425,24.28144895883309,0.05984089006876699,0.6170460137888012,70.0,-0.0008230246197093284
2021-03-23,255.68966674804688,263.1492919921875,253.0116424560547,255.94509887695312,2010488139,-0.0008230246197093284,0.03964825667406542,-0.0008226860278431891,53.6560299864553,45.196459819440776,19.044690221985007,29.055739027670455,13.986171506317845,19.437699770105517,-5.451528263787672,260.3287331612729,246.34256165495506,205.56919067382813,75.25603929519653,295.9178550529405,222.09394456864146,259.005899810791,0.28502791070870936,23.271177571497354,0.05984263896168276,0.5623228199974278,66.0,-0.02309821119212357
2021-03-24,249.85137939453125,268.620849609375,243.22813415527344,255.89430236816406,2385752951,-0.02309821119212357,0.10163127982577533,-0.022833489627363757,51.61728169438487,39.901243497382424,10.813473175691215,18.539092449690866,12.114358501665379,17.973031516417493,-5.858673014752114,258.7168325817742,246.60247408010883,209.54509017944335,76.4079023551941,294.7342614640497,225.2681692610479,260.0012153625488,0.26717602879716346,23.42271599168337,0.059010570504120494,0.6984876329126496,65.0,-0.06176836546703867
2021-03-25,234.88543701171875,250.1392364501953,227.2940673828125,249.46591186523438,2314734091,-0.06176836546703867,0.09726090028409483,-0.059899378658944014,46.716976924003696,29.548064571245334,12.099594968011374,13.985919455229208,9.315918624158712,16.241608937965736,-6.925690313807024,255.05046403253493,245.73454540837622,213.19794616699218,77.46637622833252,293.6780690917875,227.17564947510695,260.42685928344724,0.25535929665495705,23.381462639947614,0.0607017622680172,0.7050984010363948,60.0,0.08257564037934836
2021-03-26,255.1045684814453,255.1045684814453,234.7909393310547,234.7909393310547,2099285452,0.08257564037934836,0.07962863727337799,0.08608082189751842,53.1834893169253,49.99759698956524,49.91157388085779,24.274880674853467,8.630166602339216,14.719320470840433,-6.089153868501217,255.05878779390576,246.42862119156655,217.1815350341797,78.62993253707886,291.4337697960503,232.26372013314898,261.84874496459963,0.2259703389867335,23.162331676407828,0.0633270925174812,0.6636309571902679,54.0,0.05341816566144049
2021-03-27,269.1023254394531,275.5933837890625,250.4947967529297,255.11648559570312,2457659540,0.05341816566144049,0.09326781920277344,0.05487066359231396,57.06805490222788,59.49388339829059,82.82441663558171,48.278528494816975,9.111177207508774,13.597691818174102,-4.486514610665328,257.2193320470669,248.10815483955815,221.20667022705078,79.85949292182923,291.2862814438946,235.30351958149606,263.29490051269534,0.21262379846091709,23.3006356306739,0.06314091553872067,0.8105370680616426,65.0,0.00033052125997615
2021-03-28,269.1912841796875,280.9924011230469,262.2886657714844,269.31072998046875,2527142069,0.00033052125997615,0.06948120704783887,0.00033057588814622285,57.092421353463244,59.550840698200155,78.0233088787312,70.25309979839024,9.391302712688656,12.756413997077013,-3.365111284388357,259.06117083670085,249.6698681240122,225.13582397460937,81.08279788970947,290.74916603210056,238.72789695618067,264.7385314941406,0.19650055767220748,22.97228561073737,0.06314200371531362,0.8691338781950778,74.0,0.0221290459453118
2021-03-29,275.2146301269531,277.47900390625,265.3678283691406,268.9693908691406,2067448661,0.0221290459453118,0.044006292585254785,0.02237570939794975,58.7975932599738,63.59464414406155,89.24031605143708,83.36268052191667,9.984245702993974,12.201980338260405,-2.2177346352664316,261.5463184198166,251.56207271682263,229.26830612182619,82.33607159614563,286.85111213845994,240.80109123068064,263.8261016845703,0.17454687240475003,22.19649203404966,0.043987981383319844,0.8022027034969356,72.0,0.12361203479281384
2021-03-30,311.4264831542969,311.4264831542969,271.57855224609375,275.2386474609375,4039620710,0.12361203479281384,0.127952929707845,0.13157677341004614,67.229331066658,78.60015727629987,100.0,89.08787497672277,13.223716427460118,12.406327556100347,0.8173888713597712,269.22018991742897,255.99647348996885,233.9002049255371,83.76594694137573,295.8396926108448,235.01935585106926,265.42952423095704,0.22913930519219178,23.45730909648919,0.05090399734651636,1.582945415347394,72.0,-0.030526219686176848
2021-03-31,302.0634460449219,316.4865417480469,289.00927734375,311.5514221191406,3545493416,-0.030526219686176848,0.09096520868073044,-0.030064999657514857,63.6049322371152,69.90804169618269,83.82924590244706,91.0231873179614,14.864156725055068,12.89789338989129,1.9662633351637773,274.27299855242785,259.4088418273728,237.78348831176757,85.13361493110656,298.7996311753955,233.28668169081544,266.0431564331055,0.24624933173596897,23.744448761332595,0.05095151117649097,1.4207930479150022,76.0,0.10412874283568269
2021-04-01,335.212890625,339.2091064453125,301.5886535644531,302.2454833984375,3718677616,0.10412874283568269,0.11222853873762592,0.10974331722067499,69.81045003317375,79.34353156059754,96.42924145513564,93.41949578586089,18.62441001046983,14.043196714007,4.581213296462831,283.6483665635928,265.02395655312296,241.89300308227538,86.65438623428345,314.0897745763956,225.14924519899498,269.6195098876953,0.3298742343031743,24.735591912727365,0.050503864593686845,1.4974585967061136,74.0,0.011257058389748215
2021-04-02,339.0077209472656,356.78350830078125,329.7513732910156,335.0859680175781,3950524039,0.011257058389748215,0.07973899513035165,0.011320657493780084,70.43197502815022,80.17379605474989,86.27240396784434,88.84363044180901,21.660954917793504,15.5667483547643,6.0942065630292035,292.16519031492703,270.5042353971335,246.18447235107422,88.19353162765503,326.54727644116304,218.9820448478995,272.76466064453126,0.39435178787124214,24.899630705372953,0.04986551888913394,1.5579844739459157,74.0,-0.04795728767382716
2021-04-03,323.1335144042969,349.6299133300781,319.19378662109375,338.9091796875,2953164849,-0.04795728767382716,0.09419056010050207,-0.04682550149186149,64.4542256519436,67.02607112486089,74.01332984532571,85.57165842276856,22.526847358362545,16.958768155483952,5.568079202878593,296.9295478671378,274.40270050877524,249.90817474365235,89.67318724632263,333.59064520917104,217.7883525935633,275.6894989013672,0.4200460774787728,25.29509470563091,0.05018763583757074,1.1441462494006815,73.0,0.08449793590307779
2021-04-04,351.6243896484375,353.4342041015625,319.8490295410156,323.3548583984375,3200674446,0.08449793590307779,0.0955143486893106,0.08817059814010353,69.46360626200182,75.45455740117336,96.0157997318005,85.4338445149902,25.221313280182926,18.61127718042375,6.610036099759178,305.34413891041464,280.1228256302317,254.27160888671875,91.29148622512817,346.28951305008394,214.7858409538223,280.5376770019531,0.46875583166444384,25.887243266696338,0.05145778631589505,1.2231650288110216,74.0,0.044900986238497496
2021-04-05,367.7724914550781,381.029296875,339.4616394042969,351.2410583496094,4073047973,0.044900986238497496,0.11302546665804786,0.04592429388298647,71.88227607573177,79.00342517588487,91.37685912089815,87.13532956600812,28.333107371253618,20.555643218589722,7.777464152663896,314.94850084036284,286.6153934691092,258.8985284423828,92.99538303375245,361.0167586115384,211.02577678885223,286.0212677001953,0.5244049962742815,27.007272852696822,0.0518504543887827,1.509044697874771,71.0,0.0929368752279182
2021-04-06,403.59075927734375,412.2567443847656,364.1296691894531,368.0990295410156,5277448222,0.0929368752279182,0.11924721785376664,0.0973924604326768,76.35581283399694,84.72034775912337,95.31473849325269,94.2357991153171,33.30553598829886,23.10562177253155,10.199914215767308,328.58577136912913,295.2802353808303,264.3789859008789,94.87633942604064,383.02814499163344,202.38798049664786,292.70806274414065,0.6171342285603015,28.515830162883656,0.05424298337465349,1.8521317018483234,75.0,-0.07438561137836149
2021-04-07,374.6588134765625,414.357666015625,358.7438049316406,403.69927978515625,5976362849,-0.07438561137836149,0.14843868363305807,-0.07168634349454839,67.07306135728544,67.42102628354989,78.77788472519046,88.48982744644711,34.51380163876138,25.387257745777514,9.126543892983864,335.67393169334963,301.16013005458825,269.2710290527344,96.61337793350219,394.1736940581195,202.53783243113833,298.3557632446289,0.6423065522278999,30.451403800105137,0.05719801823790632,1.9750631009587447,72.0,0.10955749198185451
2021-04-08,418.03839111328125,422.4665832519531,372.5151672363281,376.2690124511719,4550316562,0.10955749198185451,0.11949002071938657,0.1157842177371664,72.47608831186288,75.99522355386885,97.64050782181504,90.57771034675274,38.52760796682486,28.015327789986983,10.512280176837876,348.3453869887237,309.81777902189884,274.3383947753906,98.57160922050475,413.6349473674212,198.47467482496168,306.05481109619143,0.703012221150269,31.84426181549941,0.06068360694952196,1.4400859473155116,73.0,0.0807127412617513
2021-04-09,453.178466796875,453.69781494140625,405.443603515625,418.0547180175781,4701175013,0.0807127412617513,0.1064794886810231,0.08405944628676787,75.92272266014294,80.77657795820681,99.7444190794206,92.05427054214204,44.036463885602075,31.219555009110003,12.816908876492072,364.47355311305466,320.4370892274526,279.48331146240236,100.72116215705871,438.78974972859424,192.1635522733589,315.4766510009766,0.7817573714971124,33.016401073376684,0.06180660405905769,1.4269444768538935,70.0,0.0418794138666696
2021-04-10,472.5603332519531,487.27520751953125,451.35516357421875,454.3431701660156,6160670397,0.0418794138666696,0.07601155115607461,0.04276872772016671,77.5896307564116,82.96055651669434,93.45966467449564,96.94819719191044,49.39681084532714,34.855006176353434,14.541804668973704,381.102288519039,331.70547767371187,282.2821975708008,102.96346012115478,464.4172500905137,187.3034682932754,325.86035919189453,0.8504065437246079,33.223804135657815,0.06157041943699444,1.7518427982654956,70.0,0.10596696310035347
2021-04-11,525.3855590820312,529.64501953125,459.5904235839844,471.64642333984375,5697422904,0.10596696310035347,0.13333940139060355,0.11178514596550682,81.37444052891453,87.48252061103067,98.38826028440495,97.19744801277373,57.247564388874935,39.333517818857736,17.9140465700172,403.29971475949935,346.0521503706244,287.6708340454102,105.47610302925109,498.8807477396775,179.78850732624045,339.33462753295896,0.9403468273583254,35.854574979344086,0.061962076874513,1.5459629096316796,76.0,0.1306660883191788
2021-04-12,598.72265625,637.4423217773438,516.2792358398438,526.7017822265625,14436315725,0.1306660883191788,0.2023693018339825,0.13958719629847738,85.12929865670216,91.24550214331293,89.41691723754118,93.75494739881394,68.5962985416478,45.18607396341575,23.410224578232047,433.3647826811149,364.7684841394671,293.76681549072265,108.3466471862793,547.1046972867664,165.8678567293469,356.4862770080566,1.069429218305656,41.9480400477838,0.06476538960757698,3.3521011001195857,74.0,-0.08563221526787661
2021-04-13,549.5865478515625,602.2964477539062,532.9558715820312,596.9885864257812,9433830832,-0.08563221526787661,0.12616861974322405,-0.08206822956424153,74.31882408020104,73.88393090849387,74.78546443016106,87.53021398403574,72.78634316469538,50.70612780367168,22.080215361023704,451.24505424579917,378.4587110811038,299.40835052490235,110.97126298904419,573.0178519844699,169.92821887734658,371.4730354309082,1.0851114203741326,43.904649770933176,0.06944175435911987,2.0248396725331728,74.0,9.66186847550273e-06
2021-04-14,549.5918579101562,590.4174194335938,526.5343017578125,550.4014892578125,7452346448,9.66186847550273e-06,0.11623738007818968,9.661915151504274e-06,74.31920362009438,73.88455740737146,73.84263678445194,79.3483394840514,75.24009125677492,55.612920494292325,19.627170762482592,466.3753317326233,391.1352404758484,305.780302734375,113.58811636924743,592.7416636110878,181.67504934057237,387.2083564758301,1.0616160715430596,45.33168319270804,0.06599237144061697,1.515958190343344,75.0,-0.012744404860974503
2021-04-15,542.632080078125,556.8338012695312,536.0784301757812,550.413330078125,4608061831,-0.012744404860974503,0.038249436138684915,-0.012663538827696774,72.8005527318085,71.27020952793772,70.20874215409353,72.94561445623553,75.74991057585726,59.64031851060532,16.109592065251938,478.10713917039277,402.3572285945355,311.54576171875,116.1702806854248,608.3653990772544,194.80406503407366,401.58473205566406,1.0298233499222191,43.57623232849675,0.06638690591220524,0.914049483281023,79.0,-0.061589154842515356
2021-04-16,510.2201843261719,548.885009765625,493.0094909667969,542.5736694335938,6886285728,-0.061589154842515356,0.10951256048919501,-0.05973088754223055,66.033282373573,59.777924706366825,60.02428184352527,68.02522026069026,72.70053048864793,62.252360906213845,10.448169582434083,483.04760765589725,410.3470771672493,317.0724462890625,118.58648357391357,616.191558645322,211.08969135467802,413.640625,0.9793570621614932,44.45475279066328,0.06984790356604097,1.3084828886339335,78.0,0.01978756262580427
2021-04-17,520.416748046875,548.6023559570312,509.0485534667969,509.581298828125,5195399091,0.01978756262580427,0.07600409217935408,0.01998463415195806,67.07033373835878,62.0253649240665,63.152378658114905,64.46180088524457,70.29632005629037,63.86115273622915,6.435167320061218,488.7967061775861,418.5003861212957,323.0471725463867,121.04435241699218,622.4233141028838,229.9804822838351,426.2018981933594,0.9207909056308451,44.10468491206121,0.06951849699580837,0.9627858974839537,76.0,-0.07869147504105663
2021-04-18,481.03424072265625,526.0587768554688,429.0528869628906,520.5902709960938,6711806048,-0.07869147504105663,0.20166109120807382,-0.07567494219204396,59.51262730825136,49.54976160075459,47.51066417826453,56.895774893301585,64.46995722380723,63.98291363374477,0.4870435900624557,487.6024807229815,423.1325234991743,328.1628686523438,123.30306923866272,621.2118898570815,251.7738675892076,436.49287872314454,0.8463781204141896,47.88334241066956,0.07386480830974199,1.1924823410545378,79.0,0.0488039701729986
2021-04-19,505.0929260253906,539.7112426757812,469.15216064453125,481.3966979980469,7141301320,0.0488039701729986,0.13969524892475538,0.05001449640381339,62.30693494284452,55.875195759880654,52.51162537573668,54.39155607070538,61.08965403477151,63.40426171395012,-2.314607679178607,490.29331846181367,429.20366442704216,334.0732391357422,125.69137400627136,623.824501734491,268.5278999989074,446.1762008666992,0.7963145525140481,49.50303809785388,0.07058531781886931,1.2347680878259542,74.0,0.15033199188255594
2021-04-20,587.0291137695312,588.0648193359375,475.59039306640625,503.795166015625,9330924061,0.15033199188255594,0.19159940049189608,0.1622200263007083,69.92085978626764,70.5475362927212,81.9112033395847,60.644497631195314,64.28131005674311,63.57967138250872,0.7016386742343883,505.1757485091548,440.8944384524117,340.72122283935545,128.49009117126465,635.2417484964087,285.60722000945066,460.4244842529297,0.7593743174937017,54.00099439583084,0.07467469883158129,1.536514097287243,73.0,-0.07241229195109022
2021-04-21,546.0235595703125,612.6870727539062,537.349365234375,586.9011840820312,8456300946,-0.07241229195109022,0.13797519575678652,-0.06985267551026031,63.0560927507363,59.07777324774966,65.49286826961412,66.63856566164519,62.7782463765069,63.41938638130836,-0.641140004801457,511.4600271339483,448.6817807574414,346.8512432861328,131.07919741630553,639.625968128656,302.30406727173454,470.9650177001953,0.7162355762729968,55.525045333238005,0.07626903759557575,1.340213091047982,73.0,-0.07609976258817124
2021-04-22,506.01300048828125,582.0377197265625,481.2602233886719,544.0054931640625,8342960849,-0.07609976258817124,0.19915989557707922,-0.0732762504121931,57.15921755630524,49.85144199294711,43.34911749779733,63.58439636899873,57.69348526007428,62.27420615706154,-4.580720896987259,510.6220230346149,452.92853777454064,352.1496759033203,133.46454315185548,637.2099780787421,321.4205852757501,479.3152816772461,0.6588343932994679,58.757363262141766,0.07949424162697616,1.2777744319481774,65.0,0.03981288740600643
2021-04-23,526.5652465820312,530.074951171875,452.4355163574219,505.85888671875,8893557870,0.03981288740600643,0.14744504184128304,0.04061604360741322,59.266468692814904,54.143244332841384,46.79333177613548,51.87843918118232,54.69171785997662,60.757708497644565,-6.065990637667944,513.0748266572944,458.38310879731773,358.08207946777344,135.95407386779786,631.2079090886637,347.7658274836019,489.4868682861328,0.5790596233919268,60.10608265873543,0.07795133331547514,1.3028352471881348,55.0,-0.058962838422488735
2021-04-24,496.4150695800781,527.44091796875,483.9591369628906,526.7583618164062,4070234640,-0.058962838422488735,0.08759158146153982,-0.05725819772128882,54.99299045040286,47.22590728982822,32.325142911955105,40.82253072862932,49.31149602943117,58.46846600400188,-9.156969974570714,510.5117871069534,461.20029107752225,363.4829296875,138.2975765800476,623.5475258686934,369.90527869673633,496.72640228271484,0.510627673516728,58.91863254067285,0.07872831046616201,0.592483256285153,37.0,0.017298594920116928
2021-04-25,505.0770568847656,517.0830078125,478.8894348144531,496.2568359375,3419309603,0.017298594920116928,0.07561929903056519,0.017449082099813662,55.975151432132115,49.39301066760483,36.48177749009483,38.53341739272849,45.225252887019565,55.81982338060542,-10.594570493585856,509.6756747650784,464.4504218780588,369.05113372802737,140.68443768501282,615.7664780630763,391.41678304532223,503.59163055419924,0.44549925258062517,57.438271144771,0.07845941092826898,0.5001109870198343,31.0,0.056766079676927525
2021-04-26,534.5776977539062,549.9667358398438,502.31146240234375,504.7487487792969,4072866875,0.056766079676927525,0.08914564456715923,0.05840819824819565,59.23771951700621,56.491889643236846,57.46468738185157,42.090535927967174,43.861720318998664,53.42820276828407,-9.56648244928541,513.506755224898,469.64503490589937,374.93910339355466,143.21879961967468,613.1148239343004,407.16713102175436,510.14097747802737,0.4037074103136844,56.73948559425164,0.07699245301016105,0.6009950588948366,27.0,0.06147237091705349
2021-04-27,568.4705200195312,578.6234741210938,525.7677612304688,535.428466796875,4050720272,0.06147237091705349,0.09297881073729031,0.06340111532529291,62.66130961114098,63.37760527636465,75.92139364252388,56.62261950482343,44.99727782884406,51.742017780396075,-6.744739951552013,521.9627190394569,476.9654412106129,381.5021405029297,145.91892706871033,604.9042789495741,434.7588466607774,519.8315628051757,0.3273087755015067,56.4620732582783,0.07473921136001288,0.6063416643328899,50.0,-0.010322672725190423
2021-04-28,562.632568359375,578.8881225585938,539.072509765625,568.7456665039062,3648784689,-0.010322672725190423,0.07076663355815015,-0.010269576793455637,61.70003789813934,61.42408855613777,72.74227335236172,68.7094514589124,44.90846460208559,50.37530714473398,-5.4668425426483935,528.219618934829,483.3111543327434,386.88552734375,148.5905274772644,600.0154184030955,454.1071249318655,527.0612716674805,0.2768336459433176,55.27304036789905,0.07200745691331766,0.5498872917105778,59.0,0.06381365712363685
2021-04-29,599.70654296875,614.8241577148438,554.28466796875,562.8735961914062,6585918998,0.06381365712363685,0.10094852299993731,0.06589375854562052,65.33675295532703,68.59582255617494,91.86224291576322,80.17530330354963,47.284572275292305,49.757160170845644,-2.472587895553339,539.2176072477399,491.9330349724476,393.29249755859377,151.44628229141236,605.6009893452712,463.1743616068773,534.3876754760743,0.2665230398727087,55.649215323484384,0.07128953332751904,0.9786274470953068,52.0,0.039839032347548105
2021-04-30,624.08056640625,627.7774658203125,586.205810546875,599.9884643554688,5741358048,0.039839032347548105,0.06661264187863865,0.040643250808704456,67.52031482112919,72.51510786751822,98.1396868795405,87.58140104922182,50.5517061136988,49.916069359416284,0.6356367542825154,552.2734471182799,501.72174100458113,399.97829284667966,154.41311171531677,617.3705246822781,466.5568495853002,541.9636871337891,0.27827265677995144,54.64367531990961,0.07124899663380582,0.855796952498912,51.0,-0.007613405914475068
2021-05-01,619.3472290039062,641.86083984375,611.302001953125,622.4692993164062,4065705136,-0.007613405914475068,0.04934039656522345,-0.007584497350399011,66.6423612351636,70.52110582315146,89.4206910338318,93.14087360971185,52.15775036965704,50.36440556146444,1.7933448081926002,562.5924904852993,510.4347401156423,407.0915209960938,157.35631413459777,628.7627988783272,464.56074238143833,546.6617706298828,0.30037230572697543,52.92332978924643,0.06797628927054779,0.6134876679610505,68.0,0.004436413219199883
2021-05-02,622.1010131835938,628.6209716796875,595.8587646484375,619.9721069335938,3765184551,0.004436413219199883,0.05266380593657907,0.0044462686692188225,66.91192143380296,71.06122118499096,89.56854009987613,92.37630600441616,53.041331925044915,50.899790834180536,2.1415410908643793,571.7476478234985,518.7063158984536,414.0114471435547,160.31225860595703,633.4534778776797,462.2078990754453,547.8306884765625,0.3125885102903662,51.483249592246686,0.061567679482646624,0.6178872995768551,66.0,0.08262315236463261
2021-05-03,675.68408203125,679.8150024414062,621.9027099609375,621.9027099609375,5274868721,0.08262315236463261,0.08570912652903127,0.08613242497941864,71.70347112517742,79.56199298124463,98.18324841818384,92.39082651729727,57.40356989588781,52.200546646522,5.203023249365813,587.7378684708449,530.3342985749571,422.2323937988281,163.53419969558715,656.3164715420041,451.9546588290895,554.1355651855469,0.36879389368283205,51.94246694140541,0.06046083298929697,0.8962185285793285,61.0,-0.10030087540463202
2021-05-04,611.2003173828125,676.9168701171875,606.2677001953125,676.31591796875,5728175230,-0.10030087540463202,0.11559085935098652,-0.09543478433676522,60.37285235821331,56.329960939725346,69.82371354588673,85.85850068798224,55.02310195355744,52.76505770792909,2.258044245628355,591.347475995763,536.3243740422056,429.36318359375,166.44022678375245,662.3355854498245,452.09639086853485,557.2159881591797,0.3773028754538011,53.27866001143895,0.06532666805681446,0.9877039115916347,68.0,0.064102369917095
2021-05-05,651.6627197265625,656.2369995117188,605.1661987304688,609.3310546875,4248449283,0.064102369917095,0.07836998992773331,0.06620154013828361,64.19607865793802,64.0209078714165,87.61881152970612,85.20859116459224,55.75878905803006,53.36380397794928,2.3949850800807795,600.6267442620399,544.8679552040098,437.23442443847654,169.54729920387268,675.2408379238132,450.09420235939,562.6675201416016,0.400141517867892,53.120955780711164,0.06645886431107177,0.7348344148462661,48.0,-0.028613840094814512
2021-05-06,633.2803955078125,653.412841796875,621.0661010742188,651.0494995117188,3975000211,-0.028613840094814512,0.05107807055469982,-0.02820834100570191,61.30241393899425,58.55507528950967,79.5343864413495,78.99230383898079,54.233358059092325,53.537714794177894,0.6956432649144304,605.6503829152357,551.4170248561434,444.50293518066405,172.56040356636046,682.6994345740684,454.9416268272987,568.8205307006835,0.40040363428200004,51.63708327656438,0.0650045455996884,0.7052948183496844,65.0,-0.013860611910872796
2021-05-07,624.5632934570312,644.12451171875,612.1624755859375,634.0068969726562,3658116306,-0.013860611910872796,0.05117501535496727,-0.013764995904841149,59.92301540491493,55.914041954935094,72.50140455645861,79.88486750917141,51.72479448539957,53.17513073242223,-1.450336247022662,608.5600614601273,556.8352669747277,451.7601049804687,175.53359469413758,688.1015429432199,459.954172999163,574.0278579711915,0.3974499961559476,50.23172276629639,0.06519494094576221,0.6580438057750756,64.0,0.03390290027332884
2021-05-08,646.100830078125,657.5446166992188,618.8406982421875,624.3944091796875,3910931715,0.03390290027332884,0.059903836452820006,0.03448415372264502,62.18694310831873,60.986256878019354,83.2205663214169,78.41878577307502,50.88803341612186,52.717711269162166,-1.8296778530403088,614.3355643244346,563.4475309083127,459.4009729003906,178.62008162498475,692.0522032207051,472.51017165722453,582.2811874389648,0.3770378234768115,49.40830817277746,0.061995938914947965,0.7217028164512279,67.0,0.024655202989816726
2021-05-09,662.2285766601562,678.2283935546875,631.4652709960938,646.3121337890625,4321052943,0.024655202989816726,0.0706147759349741,0.024961655876654998,63.834441639186906,64.54949049652984,90.09235208639792,81.93810765475781,50.939074659942435,52.36198394731822,-1.4229092873757878,621.7037200683917,570.7646454084493,467.3507110595703,181.78236273765563,699.1768219795072,481.09911796189914,590.1379699707031,0.36953681192287,49.21936634319291,0.0615312311613874,0.8186880848399654,73.0,-0.04774724285140735
2021-05-10,631.3519897460938,690.9319458007812,596.1658935546875,661.4500122070312,5157435389,-0.04774724285140735,0.15010018782740372,-0.046625271095644405,58.57281947846728,53.61255672274573,63.92683062027679,79.07991634269722,47.9354724087093,51.476681639596436,-3.5412092308871337,623.1880692495766,575.2525968408673,474.68002746582033,184.78583172798156,702.8421772057363,481.86605033332626,592.3541137695313,0.3730473406628283,52.47270105054297,0.05381225532460836,1.0173767512781764,72.0,0.06289159138281898
2021-05-11,672.3339233398438,672.4594116210938,623.2498168945312,631.2406005859375,4865455319,0.06289159138281898,0.07319219366786077,0.06491138740250335,62.939250764008115,63.253661142844884,87.7531334591339,80.59077205526955,48.30516366768654,50.84237804521446,-2.537214377527917,630.7489698788485,582.4438062111619,483.00870208740236,187.9943315410614,712.2395180160042,485.0997459000114,598.6696319580078,0.37940753963602586,52.239622027401516,0.052229759508308174,0.9950204524057001,61.0,-0.1337132954165485
2021-05-12,588.1851806640625,684.1376953125,588.1851806640625,671.7788696289062,4311561442,-0.1337132954165485,0.16313317268569547,-0.1251591504676266,51.04283996222886,42.228672977299055,24.808772800423792,58.82957895994485,41.3316014073622,48.94022271764401,-7.608621310281812,624.2006946150352,582.869093207673,489.65861236572266,190.78231333732606,708.3032655818215,497.25321635177215,602.7782409667968,0.35012884488256557,55.361971500332665,0.0584681697652946,0.9196556974414363,68.0,-0.028891949191676678
2021-05-13,571.4345092773438,632.970703125,530.2382202148438,592.95458984375,7417114170,-0.028891949191676678,0.17977997695672138,-0.028478567528354204,49.05515167908837,39.20249039985495,25.6365262005632,46.06614415337364,34.06073295708643,45.9643247655325,-11.903591808446073,616.0828199476981,582.0220869906117,496.09027496337893,193.4889481830597,705.7699056402449,504.27350256288,605.0217041015625,0.33303995825501914,58.745579458177204,0.058489557490220466,1.6073800703997299,31.0,0.05398005455231403
2021-05-14,603.1282958984375,614.4854125976562,567.0347290039062,570.9605102539062,3735474448,0.05398005455231403,0.07867427861772938,0.05546355025210992,52.8003819604682,47.5064022797277,45.35962771279008,31.93497557125903,30.50430637513898,42.8723210874538,-12.368014712314817,614.0898162478119,583.5855098726729,503.45513214111327,196.34881686210633,697.9813334460645,522.7333973888964,610.3573654174804,0.28712348860949627,57.93880118214669,0.05752591046834817,0.8124704604875904,26.0,-0.06877626695606606
2021-05-15,563.0416870117188,610.51416015625,561.1683959960938,602.5543823242188,3480395174,-0.06877626695606606,0.08764140435507256,-0.0664644805414154,47.99443464809266,39.5378111552953,20.413657519771682,30.469937144374995,24.172512687491576,39.13235940746136,-14.959846719969782,606.2362579037975,582.063745216306,509.61387451171873,199.0058316898346,689.9062772943737,536.6049165532825,613.2555969238281,0.24997955421861834,57.32501282343309,0.06009286452252344,0.7564878507502332,27.0,-0.0003763360665819497
2021-05-16,562.829833984375,606.00341796875,535.057373046875,562.64892578125,4047395255,-0.0003763360665819497,0.12605238855167825,-0.0003762652610469486,47.969584559733576,39.49696273680469,20.281820992507612,28.68503540835647,18.91933548060092,35.08975462208927,-16.170419141488352,599.5583465315786,580.6390110509777,515.4884246826172,201.66816332817078,686.347029892721,542.989377577982,614.6682037353515,0.23322770145511273,58.297943687607514,0.058869702884334275,0.8799728171699321,20.0,-0.09472226975800162
2021-05-17,511.9643859863281,564.445556640625,485.9970703125,564.445556640625,5123430659,-0.09472226975800162,0.1532303583519576,-0.0903744700915392,42.305764038374015,30.63206249779651,12.671008588439603,17.788829033572977,10.530350814610415,30.177873860593504,-19.64752304598309,586.08235260154,575.5520017869296,520.34388671875,204.0787728691101,694.2364303197943,529.4493637475886,611.8428970336914,0.2693290505963521,59.737268161930196,0.060968162714582635,1.1010812676736135,27.0,-0.0077297033114204616
2021-05-18,508.0223083496094,534.1778564453125,496.9785461425781,511.3919982910156,3548216902,-0.0077297033114204616,0.07322377323071147,-0.007699905979053789,41.892934004072686,30.022791766816127,10.747432804998015,14.56675412864842,3.5233127512658484,24.846961638727972,-21.323648887462124,574.0731150243199,570.5498022730541,525.0000402832031,206.4763423538208,700.9289574809192,517.2958105854872,609.1123840332032,0.30147662682461895,58.12741402913049,0.06095953011857553,0.7633755543314349,21.0,-0.4044500874670106
2021-05-19,339.0254821777344,515.716552734375,283.4537048339844,508.86273193359375,8779943654,-0.4044500874670106,0.6850896469741665,-0.3326563093673738,28.881409461141573,15.050553795496143,13.637974192658358,12.352138528698669,-15.487911896133824,16.779986931755616,-32.26789882788944,537.9119407402299,553.3998526363637,525.5520202636719,208.0293136882782,745.4852583654435,446.67140362186115,596.0783309936523,0.5012996433630876,70.56565930564908,0.10621931784173579,1.8453931466572506,23.0,0.1492923163578688
2021-05-20,393.6127624511719,424.29425048828125,286.0894470214844,335.5567321777344,7093839295,0.1492923163578688,0.3511187051104354,0.16101232250388797,35.815869669802424,28.489498548829374,27.03434111127513,17.13991603631051,-25.851704724607202,8.253648600483054,-34.105353325090256,515.7120671572978,541.563771881905,527.3830065917969,209.85506967544555,757.2770068775269,411.83287471427,584.5549407958985,0.5909523777062234,75.39702674573105,0.11255716825664976,1.4701077589109919,11.0,-0.18756164659006044
2021-05-21,326.29632568359375,415.70672607421875,275.3926696777344,391.54156494140625,6291181865,-0.18756164659006044,0.4300203384225218,-0.17102198706254812,31.709707465960207,23.20738952640616,12.250022785039002,17.640779362990838,-39.04685127282346,-1.2064513741782488,-37.84039989864521,486.57118385365106,525.6180351264745,527.2046752929688,211.34713165283202,775.0158412748068,364.7889499849588,569.9023956298828,0.7198195593412905,80.03395743507056,0.11830413904727384,1.274379930820346,19.0,-0.0856778715853644
2021-05-22,299.50408935546875,335.7347412109375,285.3534240722656,326.79779052734375,3871242832,-0.0856778715853644,0.16821579046580704,-0.08211013799188516,30.224483275879436,21.36781531615766,5.802440602653082,15.028934832989082,-51.07722310432126,-11.180605720206852,-39.89661738411441,457.79163085393066,508.8688539582519,526.4146026611328,212.7103668498993,788.5254993752349,319.01959950171823,553.7725494384765,0.8478316600373096,77.91591169961352,0.11855743412203482,0.7833409551662437,12.0,-0.13018060538464296
2021-05-23,262.9456787109375,313.525146484375,213.51646423339844,300.0354309082031,5336233746,-0.13018060538464296,0.38033970644149095,-0.12206314352236314,28.278164300450896,18.973586844068933,10.353500543229154,9.468654643640422,-62.83699193421148,-21.51188296300778,-41.325108971203704,427.8153305242394,490.6523224584509,525.2108459472656,213.89043766975402,792.6524630229268,273.61879552199514,533.135629272461,0.9735490164280083,79.4939667389966,0.11683595363451307,1.079109989785262,14.0,0.2724940306830515
2021-05-24,345.30963134765625,350.2731018066406,258.6227111816406,261.1195373535156,6066277282,0.2724940306830515,0.26541510083953257,0.31323561976944836,37.96971873011766,37.407726036512145,28.004084476185934,14.7200085406894,-64.76405115545032,-30.162316601496286,-34.60173455395403,415.1221460355343,479.8861971909846,525.08455078125,215.47860652923583,789.0601701195508,250.62201982185542,519.8410949707031,1.0357745001442031,80.36228273085399,0.13607073615512172,1.2225622372269533,10.0,-0.0034685478330832064
2021-05-25,344.1139831542969,374.5971984863281,307.7294616699219,345.4898376464844,5656677341,-0.0034685478330832064,0.19431856910744455,-0.003462539369936124,37.889677479413855,37.264143897835005,27.750027048598607,22.03587068933791,-65.63118286665531,-37.25608985452809,-28.375093012127216,404.1978132845747,469.82899615123,524.6113806152343,217.05408644676208,776.9222120271554,232.0051042570243,504.46365814208986,1.0801910087577546,79.39838659410772,0.13447874000909243,1.1240630506221199,22.0,0.09881483318332256
2021-05-26,379.85430908203125,387.76519775390625,337.0569763183594,343.531982421875,4502557689,0.09881483318332256,0.13349386915759906,0.10386188204304614,41.836663411541174,44.67039699844846,39.65577873004141,31.80329675160866,-62.71154572459881,-42.34718102854224,-20.36436469605657,400.4526587918757,463.1642045164745,524.1366516113281,218.81466752052307,762.6763942917275,220.908313349874,491.79235382080077,1.1016195691795219,77.34908908278194,0.13762588993388472,0.8900575147783039,22.0,-0.03264062877750199
2021-05-27,367.6557922363281,387.4900817871094,340.8908386230469,379.6934814453125,3965850350,-0.03264062877750199,0.126746930547768,-0.03211367241083163,40.88174895964539,42.6647820259099,38.44171191603165,35.282505898223896,-60.68252029643861,-46.014248882121514,-14.668271414317097,395.4069870140991,456.0895073105377,523.9965911865235,220.5114208984375,747.7861526947515,210.1078048247797,478.9469787597656,1.1226260352707333,75.15267151715912,0.13760595747014917,0.7815848914042796,27.0,-0.1084184640414464
2021-05-28,329.8799133300781,373.313232421875,313.7230224609375,369.835693359375,4482824807,-0.1084184640414464,0.18064212931119417,-0.10274794985949187,37.989948264239246,36.70999287966975,29.310862579739645,35.802784408604246,-61.4147497421514,-49.09434905412749,-12.32040068802391,385.32589875501895,446.74064849717035,522.2334216308594,222.0207303619385,727.9578745306967,198.3139913140298,463.1359329223633,1.1436035201903725,74.04106712028614,0.13799757655648898,0.8785187751902759,21.0,-0.07824592874948584
2021-05-29,305.0521545410156,346.9239501953125,296.57073974609375,328.9868469238281,3070017878,-0.07824592874948584,0.16506426753477835,-0.07526302083212877,36.178614649525386,33.161080630919585,23.321970179252993,30.35818155834144,-63.26911254755356,-51.929301752812705,-11.339810794740856,372.9760919528646,436.24520450041814,519.2708953857422,223.40502442359923,702.0365923256819,188.5176313071306,445.27711181640626,1.1532570334095278,72.34907735806705,0.13762862214234692,0.6091116446764077,18.0,0.06575190777742997
2021-05-30,325.7840270996094,337.74237060546875,292.85235595703125,305.0425720214844,3246314973,0.06575190777742997,0.1377907168994269,0.06796173129734862,38.80252472241077,38.914147266418986,31.99152344312707,28.208118734039914,-62.34712078018816,-54.0128655582878,-8.334255221900364,365.71577428313304,428.0628950633212,516.3353692626953,224.8941636657715,676.8238753940491,183.17355197411501,429.998713684082,1.1480274421997843,70.38771573595065,0.1395647677424607,0.6565373955844102,10.0,0.08399216745388847
2021-05-31,354.329345703125,355.9771423339844,307.94403076171875,325.8081359863281,3865691845,0.08399216745388847,0.13556063632536433,0.08762037493872543,42.31891589759436,46.33425635345491,43.913263301953165,33.07558564144441,-58.63713462621473,-54.937719371873186,-3.6994152543415453,363.9640160400549,422.60115066626963,512.9142449951172,226.52773635864258,636.1599430103723,192.0370265941199,414.0984848022461,1.0725055336252791,68.79095829568743,0.14040567328859413,0.789785131393615,18.0,0.023610128328640435
2021-06-01,362.7946472167969,364.32012939453125,340.4742431640625,353.78253173828125,3425775257,0.023610128328640435,0.06572832982350771,0.023891053948335683,43.35833785070917,48.498680314861296,49.397134105378015,41.767306950152765,-54.38692615547296,-54.82756072859314,0.4406345731201782,363.78411314416905,418.171039299642,508.1956848144531,228.2007987308502,610.8396874464853,194.8182288132804,402.82895812988284,1.0327496329076433,65.58059600531467,0.1388067530063067,0.7062984091310426,20.0,0.10077843666110795
2021-06-02,401.2623291015625,418.6651306152344,350.956787109375,362.3608703613281,4486850584,0.10077843666110795,0.16873835043887683,0.1060315585686642,47.94851904490847,57.57082801536119,89.07288960760437,60.794429004978525,-47.36854972570285,-53.335758528015084,5.967208802312236,369.54999252222956,416.9185422479324,505.2292004394531,230.06742937088012,587.4363823537637,201.20431588842368,394.3203491210937,0.9794880414521295,65.7325779696393,0.14157489057816744,0.9538758949388134,23.0,0.06405891462004788
2021-06-03,427.80792236328125,432.30810546875,392.0331726074219,401.7608337402344,4370188399,0.06405891462004788,0.09414255967688204,0.06615520904031791,50.905238364772366,62.8407257469371,97.94316497647735,78.80439622981993,-39.21241203790311,-50.51108922999269,11.298677192089585,378.5127509593144,417.7251629972175,502.7935217285156,232.06836382865905,554.3458045851017,216.76285630357015,385.55433044433596,0.8755781523513968,63.914174747617075,0.14186102998521125,0.9228479788438156,24.0,-0.08895620548546887
2021-06-04,391.39532470703125,428.4431457519531,366.27484130859375,428.1873779296875,4951450795,-0.08895620548546887,0.158837626611646,-0.08511436033045117,46.96439100447352,52.421146896788066,81.30057413038492,89.43887623815556,-35.28011922331177,-47.46489522865651,12.184776005344737,380.4946853820401,415.77480460535185,499.76878662109374,233.88501990318298,524.9666341916152,228.97739046658793,376.9720123291016,0.7851756471157457,63.78946972588438,0.14231840941501725,1.0296007115089172,27.0,-0.0024646647562051155
2021-06-05,390.4318542480469,425.9027404785156,375.0675048828125,390.95880126953125,3956143113,-0.0024646647562051155,0.1302025821986512,-0.0024616299637855166,46.861017253626365,52.15419577090511,80.8602143188563,86.70131780857287,-31.87406843113439,-44.346729869152085,12.472661438017695,382.0234805921949,413.8975490233293,497.3730200195312,235.69452627182008,489.73087985795144,246.9733468266189,368.3521133422852,0.6590366234868159,62.86416728801429,0.14230542382318506,0.8234184435143537,24.0,0.008641068069630383
2021-06-06,393.8202209472656,400.0411682128906,382.344970703125,390.2367248535156,2101917655,0.008641068069630383,0.04493471022691653,0.008678509866323791,47.300342395571754,53.13343135614538,77.8404599422665,80.00041613050257,-28.57197581246919,-41.19177905781551,12.619803245346318,383.8383637237443,412.4103395362135,494.8410894775391,237.5232465648651,465.3917479449589,259.49806223570516,362.44490509033204,0.5680689197657198,59.6378837324251,0.14125643799301796,0.4516892246673907,17.0,-0.09729016979808891
2021-06-07,357.3102111816406,407.37567138671875,355.9754638671875,393.6546630859375,2927240962,-0.09729016979808891,0.14385317270824277,-0.09270730100604418,43.15978923855759,42.26050702806792,46.22100949605728,68.30722791906003,-28.571739060488255,-38.667771058350056,10.0960319978618,379.7571094864976,408.32884854698585,492.3666088867187,239.1693270969391,433.2523154902953,276.56628497357184,354.90930023193357,0.44148189527388826,59.049478288646974,0.14249083181052868,0.6332714576450102,15.0,-0.009303550875549472
2021-06-08,354.0013732910156,365.9231872558594,320.2380065917969,358.1654357910156,4491122307,-0.009303550875549472,0.12905368202203515,-0.009260406747634065,42.79417177598687,41.365498657842394,43.848330060314865,55.96993316621289,-28.5099025872712,-36.63619736413428,8.126294776863084,375.7946885333465,404.3045911206177,489.34477783203124,240.79487398147583,433.6650880490723,277.65110152612294,355.65809478759763,0.4386628304246032,58.09488560117666,0.10963450919068937,1.0188640937249538,13.0,0.05958246400057015
2021-06-09,375.73468017578125,378.7413635253906,334.4190979003906,352.76593017578125,3543408536,0.05958246400057015,0.11796160419438674,0.06139328410711897,46.02824016677622,49.55256962591689,59.432705004238805,49.83401485353699,-26.40284494266365,-34.58952687984016,8.186681937176509,375.7854564783365,402.1883014210002,485.11888916015624,242.52159092903136,431.4088071587231,278.11957418893314,354.7641906738281,0.43208767118980396,57.111127031449755,0.10503684652029636,0.8375964417752875,14.0,-0.06473177018320324
2021-06-10,352.1831970214844,376.9501953125,345.5176696777344,375.66900634765625,2505012942,-0.06473177018320324,0.08925049775400878,-0.06268115347584813,43.179433388465746,42.117614912387225,42.544564331115964,48.608533131889885,-26.329879974807795,-32.93759749883369,6.607717524025894,372.15433963882083,398.4842196136286,481.24208190917966,244.13288155555725,431.60285482980623,280.5142136516391,356.0585342407227,0.4243365251737505,55.27694121740088,0.09691273387981875,0.6198777978275141,21.0,-0.017904390583111888
2021-06-11,345.9336853027344,365.3039855957031,341.47735595703125,352.0848388671875,2269923678,-0.017904390583111888,0.0688762923385754,-0.017745059308916344,42.42899697910195,40.24808679029889,38.06320609337272,46.680158476242504,-26.471194624566863,-31.644316923980327,5.173122299413464,368.1203928178844,394.59158744245127,478.0404956054688,245.70772314071655,429.5573191670071,287.2027089091648,358.38001403808596,0.3972169336505297,53.03049039034881,0.09478015246837793,0.5730576288191661,21.0,-0.006358547925781157
2021-06-12,343.74102783203125,348.8785705566406,325.8177185058594,345.9017028808594,2146761411,-0.006358547925781157,0.06708786610730075,-0.006338375139108732,42.152196677339276,39.52985447021945,36.49090987870939,39.03289343439936,-26.455158041561617,-30.606485147496585,4.151327105934968,364.3697212815993,390.8248793231609,474.38401123046873,247.2574125289917,419.184624421615,305.65493856666626,362.41978149414064,0.3132546611746805,50.889801937522556,0.08921429061343014,0.5646993872722799,28.0,0.06451632016074994
2021-06-13,366.6489562988281,369.05804443359375,331.1119384765625,344.0428466796875,2171880359,0.06451632016074994,0.10349437876513201,0.06664298588759321,46.10794155879849,50.33298406834418,47.204086610544564,40.586067527542234,-24.313697387535967,-29.347927595504462,5.034230207968495,364.72037282271145,389.0340702102474,471.78868896484374,248.9339425086975,419.7248083500256,307.2486871333728,363.4867477416992,0.30943664910881574,49.96525222463032,0.06670587562816775,0.6021492346295715,23.0,0.005829979091165605
2021-06-14,368.7927551269531,377.0186462402344,355.3109436035156,365.75469970703125,2271215183,0.005829979091165605,0.05886152136922022,0.005847006492983864,46.476805602050945,51.28322150133302,43.32533746442637,42.34011131789345,-22.18782036020059,-27.91590614844369,5.728085788243099,365.3468931772102,387.53471353741077,469.0630029296875,250.63688170433045,420.2832545355451,309.1581181451189,364.720686340332,0.3046855869500419,47.946855825493785,0.06669083446174583,0.6606964946363048,28.0,0.01286028270057957
2021-06-15,373.566162109375,379.65985107421875,363.93499755859375,372.7368469238281,2246535807,0.01286028270057957,0.042093891552792674,0.012943331765773669,47.34106231630923,53.58980249000354,47.58464215877024,46.03802207791373,-19.88860993437197,-26.310446905629348,6.4218369712573775,366.6113960898509,386.5000060242229,465.8427722167969,252.36233657836914,419.6932282417956,309.11932974160277,364.4062789916992,0.3034357662720505,45.645284231931726,0.06288361201115356,0.6756892209291314,38.0,-0.0736739646242296
2021-06-16,347.033447265625,366.8166198730469,343.6485595703125,366.8166198730469,1626149384,-0.0736739646242296,0.06676030937444818,-0.07102547697021233,43.1684757105869,41.00099577103013,23.909536033557053,38.27317188558456,-19.97715326424276,-25.04378817735203,5.066634913109272,363.59940396304694,383.5765572272897,461.4140307617188,253.9517842578888,419.14831958305086,307.6020039032773,363.3751617431641,0.30697286832889037,44.521878396726784,0.06462131988702922,0.5069326608587359,33.0,0.01630589607459143
2021-06-17,352.738525390625,362.2593994140625,346.03753662109375,347.2123718261719,1379161855,0.01630589607459143,0.04598835008170585,0.016439562727892376,44.30517809212015,44.28426837695769,30.03602144138788,33.843399877905064,-19.3637590054322,-23.907782342968066,4.544023337535865,361.92849956728975,381.29225857272195,457.2161499023438,255.5648888683319,418.4037235228599,310.6324611695229,364.5180923461914,0.29565408306533125,42.50044871074407,0.059734446991304056,0.4517934288213638,26.0,-0.046209001377928355
2021-06-18,336.8096923828125,357.07427978515625,328.0473327636719,353.01336669921875,1613940591,-0.046209001377928355,0.08618204190066125,-0.04515762203794671,41.79181220765148,37.488620413665146,15.683270265727286,23.20960924689075,-19.933185977010908,-23.112863069776633,3.1796770927657256,358.06406769275475,377.99725366976566,451.958212890625,257.091973400116,414.4783515354818,317.7335869410807,366.10596923828126,0.2642534476990034,41.5380557329398,0.05783040768117439,0.5416209219611643,25.0,-0.0032619391312738973
2021-06-19,335.71282958984375,345.4595947265625,332.09649658203125,337.5522766113281,1140833816,-0.0032619391312738973,0.03980514584699542,-0.003256624787751239,41.61673794980314,37.03208476420291,17.75905176534947,21.15944782415489,-20.23965843136773,-22.538222142094853,2.298563710727123,354.6254156769223,374.86507410829,446.19085815429685,258.6199960327148,413.4903432252338,319.71447550035214,366.60240936279297,0.25579719426251846,39.525558762339195,0.05604294735419539,0.39687246991553854,23.0,0.012887123596391357
2021-06-20,340.06719970703125,340.7895202636719,310.77587890625,334.65093994140625,1756674565,0.012887123596391357,0.08825797190460798,0.012970520437087352,42.643968447088824,40.3939874110735,30.322343401207185,21.25488847742799,-19.901763639178,-22.010930441511483,2.1091668023334833,352.38569014309286,372.28745378227086,440.6052575683594,260.1688452243805,413.9220211800722,317.8565829459044,365.8893020629883,0.26255328508519776,38.84613609055939,0.05268950363949207,0.6343825167785064,21.0,-0.22708185665206768
2021-06-21,270.98443603515625,341.7993469238281,269.4336853027344,339.3266296386719,2911962314,-0.22708185665206768,0.26704729865631605,-0.2031444483072462,32.7875774528175,20.316581367052024,1.4068807724264105,16.49609197966103,-24.9211062614105,-22.592965605491287,-2.3281406559192135,339.86242028033337,364.78352654174387,433.58292602539063,261.37024525642397,424.72057245049626,297.8770105573163,361.2987915039063,0.35107662930505146,41.24038791416899,0.07239655679045753,1.061435609669652,23.0,-0.034411458167646646
2021-06-22,261.8180847167969,291.0225830078125,226.29783630371094,270.79339599609375,4089344405,-0.034411458167646646,0.24721266590164298,-0.03382611729468543,31.7393166177298,18.86506242454712,23.16104705995075,18.296757077861457,-29.300857352528283,-23.934543954898686,-5.366313397629597,327.85559942440466,357.15645677693294,425.30560607910155,262.53397463798524,428.40586561104647,280.24729295828945,354.32657928466796,0.4181412891797925,42.917842113449886,0.06718141037220955,1.5014794327196344,10.0,0.11759612032360826
2021-06-23,294.49029541015625,309.1264343261719,252.20314025878906,262.0581970214844,3170293549,0.11759612032360826,0.19329429510776222,0.1247897399016582,39.200791205716605,37.44891447024849,44.46502558569609,23.010984472691092,-29.79204316800758,-25.106043797520464,-4.685999370487117,322.7224757299049,352.51451889791247,418.9714056396484,263.857778673172,417.98977715404897,277.3316187199745,347.6606979370117,0.40458458280941084,43.91823153873081,0.07167960191081667,1.1902517851478487,14.0,0.04614197348044818
2021-06-24,308.39703369140625,316.1907653808594,281.9847106933594,296.2639465332031,2323626593,0.04614197348044818,0.11091564104253958,0.047223078308509914,42.10180949700264,43.837012660930554,53.53294132875682,40.386337991467904,-28.727995460627994,-25.83043413014197,-2.897561330486024,320.5185615701359,349.2465570307639,412.1060919189453,265.2520598220825,412.81500959688015,274.20655717558077,343.51078338623046,0.40350538942311254,43.22450462078575,0.07107060553865899,0.9176469622190916,22.0,-0.09082614518507512
2021-06-25,281.62091064453125,313.9770812988281,275.83819580078125,308.58203125,2317971593,-0.09082614518507512,0.13542632686884074,-0.08682354277657611,38.311387869020756,35.657049631580065,36.0735182200144,44.69049504482245,-29.702942309461605,-26.604935766005898,-3.098006543455707,314.53430758158134,344.23724989104295,405.07290222167967,266.51327369689943,408.854637366274,267.28583504583537,338.0702362060547,0.41875559324350603,42.86124611201869,0.0731676499728969,0.9460147564657065,27.0,-0.00778125829147426
2021-06-26,279.43804931640625,289.9497985839844,264.60101318359375,281.1339416503906,1921847994,-0.00778125829147426,0.0907134352762688,-0.0077510626719059506,38.010947291699416,35.03526351640315,34.650179245633126,41.418879598134794,-30.30242587464369,-27.344433787733458,-2.957992086910231,309.13488323309286,339.43730910773655,398.1703973388672,267.772282409668,402.67561229311366,262.0266429559098,332.3511276245117,0.42319389840045385,41.610356061188114,0.07296447830004257,0.7872408075568635,20.0,0.03905362388176952
2021-06-27,290.5670166015625,291.14892578125,270.2899169921875,279.86529541015625,1521388056,0.03905362388176952,0.0717872559419407,0.03982624167460802,40.569833943079196,41.14031150510875,41.90684400829273,37.543513824646766,-29.538999073908997,-27.783346844968566,-1.7556522289404306,306.2782883667036,335.8172874406126,391.0597210693359,269.0844709682465,400.60710876857024,257.42082702244534,329.0139678955078,0.4351981852381408,40.128116970322004,0.07143674370126123,0.6416779322106699,22.0,-0.003561099877243066
2021-06-28,289.53411865234375,298.7206115722656,283.95184326171875,290.8186950683594,1722578691,-0.003561099877243066,0.05100873216354988,-0.0035547666810203937,40.403132897475615,40.725900352853586,41.23334089165437,39.263454715193426,-28.686642310605464,-27.964005938095944,-0.7226363725095197,303.70226225680204,332.3889045674075,383.6058319091797,270.3936606121063,398.39139830274314,253.18981202440534,325.79060516357424,0.4456899124068799,38.31673492319521,0.071452660797187,0.7715829628814391,25.0,0.03621424186302358
2021-06-29,300.2115478515625,315.4393310546875,289.2211608886719,289.91912841796875,1946428384,0.03621424186302358,0.08733231733970145,0.03687796536352117,43.01005067196746,47.146738537947954,52.60059165782662,45.24692551925792,-26.840167391149578,-27.73923822870667,0.8990708375570939,303.16522927138055,330.00539666253013,376.98302307128904,271.7579133319855,391.62632424472554,252.40257285000098,322.01444854736326,0.43235249853780067,37.452551726253816,0.07043791730720807,0.9041898915628481,25.0,0.010221405209337583
2021-06-30,303.2958679199219,304.8013610839844,281.77801513671875,300.95880126953125,1903538448,0.010221405209337583,0.07591051637190256,0.010273822211144257,43.775135766342835,49.0082520279287,56.632205348887034,50.15537929945602,-24.841585526964252,-27.15970768835819,2.318122161393937,303.1853275250023,328.0269130519666,369.6022619628906,273.1335704135895,388.1992297183516,250.9409344662187,319.57008209228513,0.42950921548562104,36.4218941706118,0.06942765948572104,0.8967944533420702,28.0,-0.05099021514457034
2021-07-01,288.2184143066406,303.5273742675781,281.5791320800781,303.5273742675781,1357794786,-0.05099021514457034,0.07615142231734326,-0.049712031082672414,40.88555640159871,40.81070614207355,47.348418686516,52.1937385644099,-24.195409875719406,-26.566848125830433,2.3714382501110265,300.8827254914082,325.07813536712763,363.60292663574216,274.42915402412416,385.490036899021,247.87860018593994,316.68431854248047,0.43453820936391474,35.38806188610381,0.07008042594060586,0.6537299694213643,28.0,-0.00276324446983677
2021-07-02,287.423095703125,290.6216735839844,277.3503112792969,287.75445556640625,1133632645,-0.00276324446983677,0.046173611317565415,-0.002759430223876924,40.732817591992465,40.39489032367672,51.29603675577526,51.75888693039278,-23.47685995350639,-25.948850491365626,2.4719905378592344,298.8120132162877,322.2888731697941,357.9226983642578,275.7161216163635,382.62407997711455,245.11276389495572,313.86842193603513,0.438117715805711,33.80829763028836,0.070092509743279,0.5594484007959752,21.0,0.03693354885465442
2021-07-03,298.23712158203125,302.6058654785156,283.43402099609375,287.2156066894531,1113777297,0.03693354885465442,0.06428389725840546,0.03762406723945344,43.80675183147293,48.68835317321733,62.28428086531923,53.64291210253685,-21.78369359159194,-25.115819111410893,3.332125519818952,298.723568349479,320.50726194107096,351.8248748779297,277.0595708084106,375.0407808217274,245.8548795786632,310.4478302001953,0.4161275701613293,32.76283669115504,0.06883098373678677,0.5643851513319048,24.0,0.03134067427202342
2021-07-04,307.7320861816406,314.7130126953125,292.7873840332031,298.1135559082031,1387395766,0.03134067427202342,0.07124908206409016,0.03183696432302696,46.43376380327288,55.08943870162871,70.50492191895721,61.36174651335059,-19.451458455746035,-23.982946980277923,4.531488524531888,300.10949416981157,319.5609526255576,346.71868286132815,278.44578026771546,366.1792693392195,248.61032416663986,307.39479675292966,0.3824688850119879,31.988750403366062,0.06938031276654333,0.719139668412663,27.0,-0.017551694720030795
2021-07-05,302.37799072265625,307.6848449707031,293.5234680175781,307.6848449707031,1504869977,-0.017551694720030795,0.046833358867424776,-0.017398560954167364,45.15193012204249,50.911223893226605,84.63419225515652,72.47446501314433,-17.82964699327016,-22.75228698287637,4.9226399896062105,300.45849363947997,318.2881406327501,341.50964599609375,279.80674955368045,354.17662783575423,253.49414853143327,303.83538818359375,0.3313717994017312,30.718740957701524,0.06920788135929594,0.7953183404927673,29.0,0.059560172614135584
2021-07-06,320.934814453125,321.5209655761719,302.1955871582031,302.1955871582031,2203265498,0.059560172614135584,0.06021589914107424,0.06136962444296823,50.275476125986415,62.43246851247377,99.15440058835792,84.76450492082388,-14.875493703791278,-21.176928327059354,6.301434623268076,303.6086968415792,318.4841905453705,337.6890545654297,281.25673182487486,349.5697235167209,255.4911895692166,302.53045654296875,0.31097210846982015,29.90492934772061,0.06922643246789544,1.1469269942186093,20.0,0.020318603469889326
2021-07-07,327.5224609375,339.16766357421875,318.52996826171875,320.1917724609375,2067233169,0.020318603469889326,0.0630115420280694,0.020526431498559594,51.9900334911102,65.76071381664681,84.38282720798887,89.39047335050111,-11.8659545841777,-19.314733578483025,7.448778994305325,307.2877374717209,319.1536920558986,334.0790576171875,282.7278623485565,344.0140583297631,258.5252483108619,301.2696533203125,0.2837617698189095,29.242984059490567,0.06929388634272267,1.0571812027474554,28.0,-0.05360746715144438
2021-07-08,310.4271240234375,327.9578552246094,305.075439453125,327.9578552246094,1883785090,-0.05360746715144438,0.07371268165908317,-0.052195922273937545,47.42042597582708,51.85262174133354,61.45657690103953,81.66460156579545,-10.736559590910815,-17.599098780968582,6.862539190057767,307.77072001813883,318.50727960904965,333.50709045410156,284.1091964817047,339.75349890055764,260.1475509041299,299.9505249023438,0.26539692845126844,28.78865775320441,0.06955198288101218,0.9567644282214992,20.0,0.01932518582362179
2021-07-09,316.4845275878906,319.44390869140625,301.8282165527344,310.0102844238281,1358583891,0.01932518582362179,0.05566051608567132,0.01951312593417498,49.12667514460656,55.723667563403986,69.58005238601947,71.8064854983493,-9.246140327900207,-15.928507090354907,6.6823667624547,309.1113057981006,318.3574461260008,331.96452575683594,285.53027148246764,336.13026789905996,261.84795170543225,298.9891098022461,0.24844488898862788,27.990588780737802,0.06974903977996685,0.6862229220597758,20.0,-0.0010887684992132158
2021-07-10,316.14013671875,320.93927001953125,310.88690185546875,316.9963073730469,1179686219,-0.0010887684992132158,0.03179719053833857,-0.0010881760058396583,49.02925909302707,55.42807237999123,66.56753741494187,65.86805556733363,-8.00053658344558,-14.342912988973044,6.342376405527464,310.1926644012774,318.193200984723,331.76140197753904,286.9435574245453,330.88490424335686,264.70060906230725,297.79275665283205,0.22224951313442293,26.70928730811814,0.06965197369723385,0.6046726400113772,20.0,0.018464236568817797
2021-07-11,322.0316467285156,326.7518005371094,312.6390075683594,316.0563659667969,1189805384,0.018464236568817797,0.04382424246846645,0.018635754608428368,50.82569232162788,59.69520515507216,72.27960077625194,69.47573019240444,-6.463484001302447,-12.767027191438926,6.3035431901364785,312.01404629777556,318.477530299078,332.211953125,288.39822616577146,332.6375250027985,268.05270937220155,300.3451171875,0.21503534412473174,25.809537712448986,0.04572694263574053,0.6380192782103434,20.0,-0.017869584425201243
2021-07-12,316.32818603515625,334.2820739746094,309.1420593261719,322.034912109375,1614469810,-0.017869584425201243,0.07947446910609311,-0.017710870193349715,49.02434103448494,53.87037385220199,63.053290554893756,67.30014291536253,-5.640559509335219,-11.341733655018185,5.701174145682966,312.6777601035264,318.3183196128616,333.27960327148435,289.8173641395569,330.77100750002114,275.3702370068148,303.070622253418,0.1827982206961715,25.76171463644817,0.04505208136935958,0.9272707307068246,25.0,-0.024050289642497977
2021-07-13,308.8111572265625,318.2951354980469,305.4894104003906,316.2688903808594,1231759805,-0.024050289642497977,0.04146781875585278,-0.02376338606689421,46.676308769524226,46.842295088909324,50.89322783863398,62.07537305659324,-5.53118723956959,-10.179624371928465,4.648437132358875,312.08289812245505,317.61408536202464,332.5496337890625,291.19559505462644,331.30260288208575,276.27072780639077,303.78666534423826,0.18115303057603,24.836286812248744,0.03768949123763517,0.7491672640468031,20.0,0.001925584440616503
2021-07-14,309.4063720703125,313.2157897949219,290.6623840332031,308.9526062011719,1646743038,0.001925584440616503,0.07289250577099782,0.0019274395688797519,46.89320629611862,47.47532514605174,51.856088300386396,55.26753556463805,-5.334981716011669,-9.210695840745107,3.875714124733438,311.67112488366394,317.0061065996756,331.8554815673828,292.5752412223816,331.39038529118733,276.2838792351799,303.8371322631836,0.1813685695541459,24.673223880068033,0.03625660419301164,1.022613570646288,21.0,0.018691468154641136
2021-07-15,315.2440185546875,323.8858947753906,301.65667724609375,309.5006408691406,2242114046,0.018691468154641136,0.07051431976794391,0.018867247126534314,49.080790452294096,53.77407737768898,61.299466684702196,54.68292760790754,-4.654780726253932,-8.299512817846871,3.644732091592939,312.2208008330522,316.8755815593061,330.56327575683594,293.9839020729065,331.5026662146904,279.5339091026924,305.5182876586914,0.1701003154680374,24.498651997870095,0.02941605144562307,1.3956211262006735,20.0,-0.03966173556242949
2021-07-16,302.985595703125,322.9977722167969,301.9324951171875,315.69110107421875,1688212208,-0.03966173556242949,0.06952567184167333,-0.038885504974096596,44.898378260184515,41.56326832820587,35.08038197866702,49.41197898791855,-5.046693674274934,-7.648948989132484,2.6022553148575502,310.8000000438326,315.84669371810753,329.2698718261719,295.319607257843,329.8233583096891,283.5679716463656,306.69566497802737,0.15081852124201822,24.253410933708615,0.0310025711759389,1.0585377405550438,22.0,-0.008244417302388602
2021-07-17,300.4979248046875,306.5308532714844,295.3874816894531,302.9348449707031,1298507379,-0.008244417302388602,0.03708302341613184,-0.008210525297958404,44.07750650512139,39.442741911557555,20.277258196538238,38.885702286635826,-5.494682481012603,-7.218095687508509,1.7234132064959056,309.2150653916564,314.709747872669,328.6822320556641,296.6273327255249,329.31820655619646,285.0662142201707,307.1922103881836,0.14405310694599546,23.316979551445947,0.029978607934808426,0.8199153482334698,15.0,0.006575962018388324
2021-07-18,302.4804992675781,309.1142578125,299.9722595214844,300.5959777832031,1254819647,0.006575962018388324,0.03022343031419191,0.006597631128997694,44.94146048710454,42.185298851201686,24.36459566093565,26.57407861204698,-5.624899309980947,-6.899456412002997,1.27455710202205,308.17897829564436,313.8038776056253,328.6307989501953,297.94905372619627,328.57505502846664,287.10400380942394,307.8395294189453,0.1347164585955557,22.30448088998664,0.029971019651832954,0.8042060236303818,19.0,-0.07716072447876653
2021-07-19,280.01861572265625,303.8291931152344,279.7085266113281,302.2682189941406,1514754521,-0.07716072447876653,0.08613951055238593,-0.0742589475993023,37.813679197609154,26.38853368914056,0.5215163340188682,15.054456730497593,-7.4546507914172935,-7.010495287885857,-0.4441555035314364,303.846614822877,311.30126561429427,327.7154907226562,299.16226663589475,330.68460780450727,282.9751578204927,306.8298828125,0.15549153670005872,22.43420843383804,0.03368783473179581,0.9844139034290621,24.0,-0.05594780782830038
2021-07-20,264.7823791503906,283.2061462402344,255.8507537841797,280.5649719238281,1819454491,-0.05594780782830038,0.10331273759164095,-0.05441151308081715,33.887558204387986,20.356235258814465,10.720063176513486,11.868725057156011,-10.018689760798338,-7.6121341824683535,-2.406555578329985,297.8367324117253,307.8554221725236,325.92455139160154,300.2966534805298,334.9926725565489,274.81574419149797,304.9042083740234,0.19736339057423694,22.785721578282086,0.03547315588165149,1.1856729143806133,19.0,0.09966363800704023
2021-07-21,292.5313720703125,298.791748046875,261.22637939453125,264.4947509765625,1957623339,0.09966363800704023,0.12841483765137704,0.10479924309525535,45.07303601744774,46.393740600837425,46.76781953570716,19.336466348746516,-9.69978422170658,-8.029664190316,-1.6701200313905797,297.020523128431,306.7203073501376,324.5192858886719,301.5681023788452,334.7857277600118,275.4539847644022,305.119856262207,0.19445389009564304,23.841410655000775,0.04113677286755082,1.2512575786109645,10.0,0.0037865066151320124
2021-07-22,293.6411437988281,298.4039001464844,287.7333679199219,293.1426696777344,1495118544,0.0037865066151320124,0.03633868227223914,0.003793684488133664,45.470387528140016,47.19915919200908,48.18277943415222,35.223554048790966,-9.250861804226531,-8.273903713098107,-0.9769580911284237,296.50061861618445,305.751480420411,322.3668621826172,302.8305632019043,334.4720119390077,276.38950539497665,305.4307586669922,0.19016587195580315,22.90063362439804,0.041133464503711165,0.9447235753435163,21.0,0.019031156493181225
2021-07-23,299.2829895019531,300.9937744140625,281.69610595703125,293.601318359375,1849700307,0.019031156493181225,0.064479670191564,0.019213403238172333,47.54781140555856,51.519404703766035,55.37613750772119,50.10891215919353,-8.343657269436164,-8.287854424365719,-0.05580284507044553,296.9286756755335,305.27233294496966,319.79636352539063,304.12234638214113,334.4760302379118,276.4900738880648,305.4830520629883,0.18981726141026883,22.643278969586127,0.04050189462561975,1.1422168065302294,23.0,0.00927538657132049
2021-07-24,302.0718688964844,307.84051513671875,296.11151123046875,299.0478515625,1644709273,0.00927538657132049,0.038828521004282454,0.009318536276225808,48.59044041288961,53.70397782230292,58.931961109516884,54.163626017130106,-7.3153253629063215,-8.09334861207384,0.7780232491675179,297.71993617106443,305.03526153397075,318.0098944091797,305.42403272628786,334.21017746314936,276.1899049343115,305.20004119873045,0.1901057165685572,21.863687893633546,0.03990438663127928,1.0076265332959065,22.0,0.0012052391645205863
2021-07-25,302.4361572265625,304.0578918457031,292.890625,301.84661865234375,1351522797,0.0012052391645205863,0.036924377521889505,0.0012059657571190652,48.73379038309084,54.019719976873404,59.39642904043229,57.90150921922346,-6.397226647836533,-7.754124219226378,1.3568975713898457,298.44550864114103,304.84273528897756,316.24998046875,306.72538373947145,334.2119651809789,276.19393386687267,305.2029495239258,0.19009656166366118,21.099657818781374,0.03971309099949498,0.8319144827452517,27.0,0.006729421653665102
2021-07-26,304.4782409667969,327.6352844238281,301.097412109375,302.7328796386719,2572081528,0.006729421653665102,0.08715851822510713,0.006752115087564015,49.58247862728688,55.9830093518685,67.74090009269905,62.023096747549424,-5.442114402930201,-7.2917222559671435,1.8496078530369422,299.37362130662655,304.81573570955675,314.4631408691406,308.03052749633787,332.4767670364852,276.28347466273357,304.3801208496094,0.18461551370996432,21.488101711329357,0.03722251373968035,1.5654461057229725,26.0,0.029526953210042003
2021-07-27,313.60260009765625,318.371826171875,298.4818115234375,304.124267578125,1870220991,0.029526953210042003,0.06342426574984941,0.0299671960199428,53.30233085724163,63.996670617319396,80.4516597083923,69.19632961384121,-3.903919586334723,-6.614161722040659,2.7102421357059363,301.562694966785,305.4666145531197,313.58898864746095,309.386563911438,330.09210284244125,277.2761527727931,303.6841278076172,0.17391738728968686,21.373952635408507,0.03757660384342302,1.145138227793171,32.0,-0.0005548374176724852
2021-07-28,313.42864990234375,318.4422912597656,308.22344970703125,314.05511474609375,1626648048,-0.0005548374176724852,0.03260340608913161,-0.0005546835238557923,53.22171132658902,63.73857399781253,80.20933703279285,76.13396561129474,-2.668168454026045,-5.824963068437737,3.156794614411692,303.3882264953325,306.05639494935855,312.7775341796875,310.73404289245605,330.4272219152948,277.24118628783015,303.8342041015625,0.1750495332964099,20.577158986646072,0.03557368045022182,1.0039012406899495,50.0,0.010539342820792493
2021-07-29,316.74945068359375,319.7590026855469,309.14453125,313.6192321777344,1384576144,0.010539342820792493,0.03351062302598859,0.010595077323928948,54.63243552226409,66.72724676410304,84.83540444823659,81.83213372980725,-1.4046737045217697,-4.940905195654544,3.5362314911327744,305.4437994473727,306.8484731518945,311.59782958984374,312.10554777145387,330.46591145515106,277.22898905754425,303.84745025634766,0.17520937678658252,19.865538447281843,0.035382464958976394,0.8538194522082014,50.0,0.019260588323333494
2021-07-30,322.90936279296875,325.2501220703125,307.009765625,317.0640869140625,1588918308,0.019260588323333494,0.05648754278149311,0.019447270061813793,57.21026261067662,71.76365031591239,93.41651803146411,86.15375317083118,0.09264051198607604,-3.9341960541264203,4.026836566112497,308.13080919284903,308.03816868086295,311.0123529052734,313.52823778152464,331.58177851465473,276.7900446054624,304.18591156005857,0.1801258106537068,19.749454018569747,0.03563989119362542,0.9676206920490044,53.0,0.03241987984897307
2021-07-31,333.5495910644531,338.025146484375,317.6859130859375,322.53887939453125,1717984015,0.03241987984897307,0.060978139213210034,0.03295112962799496,61.30072377378811,78.36359276673892,94.55358868759703,90.93517038909926,2.1134873470096522,-2.7246593738992058,4.838146720908858,312.04139101924966,309.92790367224,310.7646710205078,315.0054276847839,334.05272849344163,275.47088906026926,304.76180877685545,0.19222172118050923,19.791581117131727,0.03613181356043634,1.029659691124129,60.0,-0.0001966385969653262
2021-08-01,333.4840087890625,347.4176025390625,329.34173583984375,332.2926940917969,1788390755,-0.0001966385969653262,0.05420309886778474,-0.0001966192648635845,61.26185122767358,78.23210089266651,84.78314593166887,90.91775088357667,3.66745494396838,-1.4462365103256887,5.113691454294068,315.34025529152854,311.67280034756016,310.5595306396484,316.47216806411745,337.13549262651185,274.10370720258976,305.6195999145508,0.20624261481117492,19.6690300872808,0.03584149700998485,1.0662999419297825,60.0,-0.007165050237111412
2021-08-02,331.1031188964844,338.0423278808594,326.415283203125,332.9232177734375,1348495243,-0.007165050237111412,0.035116083220494934,-0.007139442461494783,59.77977954822307,73.04109555808922,82.18298012389756,87.17323824772116,4.653228027716466,-0.22634360271725784,4.879571630433723,317.7653112307525,313.11208320303604,309.8486138916016,317.9187152481079,340.1426837195854,273.3257122765083,306.73419799804685,0.2178334593246189,19.094602558027482,0.03537552852666146,0.8012307911629382,48.0,-0.02555883166765547
2021-08-03,322.74774169921875,334.6349792480469,318.0628356933594,330.8720397949219,1365471563,-0.02555883166765547,0.05134704728664447,-0.025234969773503813,54.771958562850315,57.43719303742317,71.37775757228127,79.44796120928258,4.706003310897188,0.7601257800056314,3.945877530891557,318.5318389951319,313.82583568423473,308.9277136230469,319.3278590583801,341.5217238370638,273.2808091219205,307.40126647949216,0.2219929523930438,18.914426914931767,0.03596816929462871,0.8181541351132658,48.0,0.03701706001847551
2021-08-04,334.9187927246094,336.96746826171875,320.041259765625,323.5060729980469,1279262186,0.03701706001847551,0.05053824647580021,0.037710724051272626,60.02520139890318,68.77400700433074,80.98215886052967,78.18096551890284,5.664631853182186,1.7410269946409422,3.923604858541244,321.0529087996669,315.3882769464847,308.1547662353516,320.7865938949585,344.4332470454081,272.33676333056843,308.38500518798827,0.23378725457449015,18.772411313586193,0.03663993566743689,0.7892667740877912,42.0,0.008784570011700384
2021-08-05,337.8738708496094,340.0484313964844,323.8970947265625,334.9127197265625,1551187442,0.008784570011700384,0.047802857999371534,0.008823267577671823,61.20345378501451,70.96466824719835,85.47852348806303,79.27947997362467,6.586872620178383,2.7101961197484306,3.8766765004299524,323.6407491150427,317.0538764948643,307.97157470703127,322.2475401878357,348.2790157797333,271.97982211089175,310.1294189453125,0.24602372109140658,18.5851916961816,0.03524401911354128,0.961099157007445,50.0,0.012538559705234003
2021-08-06,342.1369934082031,347.04296875,331.65966796875,337.9479675292969,1623970506,0.012538559705234003,0.044962401253395616,0.012617497020038337,62.9022569703402,74.03100438043887,90.3156027177989,85.59209502213055,7.57444000503267,3.6830448968052787,3.8913951082273917,326.4863251601443,318.91188515511163,307.7595440673828,323.7314592933655,352.5151866740194,271.9075580769572,312.2113723754883,0.25818287137893736,18.356485202257915,0.03512520236415056,0.9961509009117067,52.0,0.03899273748809999
2021-08-07,355.7413635253906,359.7502136230469,340.5938415527344,342.3764343261719,1903003766,0.03899273748809999,0.053849155691295475,0.039762932332067846,67.75461533461794,81.3599009673667,94.00407603424235,89.93273408003476,9.347105629237944,4.815857043291812,4.531248585946132,330.9871002932591,321.6399946640212,308.1381774902344,325.29623844146727,359.10183127151885,270.64699990523894,314.8744155883789,0.280920986231898,18.413619978547526,0.03586949386072211,1.144557423338769,69.0,-0.03920388897232179
2021-08-08,342.06475830078125,359.7386169433594,337.2527160644531,356.26654052734375,1547133821,-0.03920388897232179,0.06573580099454196,-0.03844536122837805,59.35012176678456,61.126823980296685,71.13445966240013,85.15137947148047,9.538415252743391,5.7603686851821285,3.7780465675612627,332.6913553713394,323.152940118596,308.2652160644531,326.7935277366638,360.6668228627371,275.2866225718332,317.97672271728516,0.26851085060970287,18.704497185716004,0.031905544437147236,0.9296150413039285,74.0,0.037024270250193655
2021-08-09,354.9668273925781,357.3993225097656,333.67144775390625,341.9162902832031,1648422571,0.037024270250193655,0.06684533011198075,0.037718206213023464,63.89949602058043,69.48018514840483,92.19273546143413,85.77709038602553,10.608826705801334,6.73006028930597,3.878766416495364,336.11835106691456,325.5095243611132,308.5632086181641,328.3751326751709,360.54955287559346,284.42233738319555,322.4859451293945,0.2360636692611598,19.063309869297672,0.028366938085363176,0.9955913576692438,65.0,0.04674686103899629
2021-08-10,371.9543762207031,375.7229309082031,349.3133239746094,354.4496154785156,2150475826,0.04674686103899629,0.0710022750691427,0.047856722141918606,68.84367987585352,77.05428431148027,94.51552745100913,85.94757419161446,12.681701947839088,7.920388621012593,4.761313326826494,341.63158570595897,328.9498837581199,310.582607421875,330.03061670303344,367.63631271984275,285.27787795398535,326.45709533691405,0.2522795060737182,19.58804537389025,0.021706747795256998,1.2912942430151693,71.0,0.05187067393979517
2021-08-11,391.7570495605469,408.5890197753906,371.2162170410156,372.0937194824219,2542670896,0.05187067393979517,0.09539790739259933,0.05323952238726615,73.41458835134324,82.84447633239259,83.42971667233981,90.0459931949277,15.740929119590191,9.484496720728114,6.256432398862078,349.3431955297417,333.6022664101515,313.18138671875,331.7853245544434,378.6587689220331,284.06701232796684,331.362890625,0.2854627336683721,20.858385185353445,0.023348753663199807,1.4802400203081498,70.0,-0.015273607014710922
2021-08-12,385.8189697265625,406.091552734375,372.22021484375,391.4052734375,2217067872,-0.015273607014710922,0.08779075304314427,-0.0151575570641177,70.09378782263416,76.12425734385513,77.58395625240908,85.17640012525267,17.484682738968104,11.084533924376112,6.400148814591992,354.9548530984834,337.4701703595153,315.0079602050781,333.50501136779786,386.1801267918311,285.1992524806298,335.68968963623047,0.3008161329608576,21.787881807158556,0.02423495576612501,1.2770314131865872,70.0,0.06309083725645842
2021-08-13,410.94488525390625,411.1705322265625,383.2167663574219,386.0440673828125,1724229835,0.06309083725645842,0.06802315072462606,0.06512358774155391,75.2046211333606,82.95131317277068,99.75862663320389,86.92409985265094,20.655962366143797,12.99881961272965,7.657142753414147,363.56870419931766,342.91274183317387,317.0589172363281,335.35161727905273,398.9034731048841,283.3632078033191,341.1333404541016,0.338695318222965,22.228302097300134,0.0266972762107243,0.9908873100412103,70.0,-0.004659638807593509
2021-08-14,409.03448486328125,418.9212646484375,400.7520446777344,410.7835388183594,2023364348,-0.004659638807593509,0.04441977545432665,-0.0046487995329218545,74.16678933811531,80.8993438816381,90.19736883908853,89.17998390823385,22.752790961788378,14.949613882541396,7.803177079246982,370.5634396860813,347.81064872429295,319.6071887207031,337.1883160209656,408.4824061078007,284.4441075640743,346.4632568359375,0.35801285156902785,21.93836765968606,0.02689277332462239,1.1407727076429968,76.0,0.013502749107125879
2021-08-15,414.59503173828125,414.9309997558594,396.8652038574219,408.9822082519531,1826134192,0.013502749107125879,0.04357455954716259,0.0135943229257518,75.23793159876053,82.37949431587823,95.71058863896926,95.22219470375389,24.57989071237273,16.875669248507663,7.704221463865068,377.3375307710352,352.75764005866245,322.3103283691406,339.0563167953491,417.55078009085025,286.38741265817316,351.9690963745117,0.37265592003314146,21.66175539102545,0.026824421833776,1.051689550897223,71.0,0.0069125185138403334
2021-08-16,417.4708557128906,436.618408203125,411.1232604980469,414.357666015625,2620571467,0.0069125185138403334,0.06107048517564549,0.006936465115251922,75.7968773351505,83.16657913531665,83.84930198986879,89.91908648930887,25.960676865792266,18.692670771964586,7.26800609382768,383.51188845439754,357.55121158860527,324.84840515136716,340.9310255432129,426.13184713815195,288.1931711723949,357.1625091552734,0.38620704141651485,21.9355691277435,0.026675365432327503,1.4772946798787427,72.0,-0.03798927664297025
2021-08-17,401.9089050292969,435.72320556640625,399.74591064453125,416.0691223144531,2572609791,-0.03798927664297025,0.08951604324181983,-0.03727673553886657,66.98538971627607,64.87244171000805,70.22615183246073,83.26201415376626,25.50523203840362,20.055183025252393,5.450049013151226,386.3421986966897,360.8369666582861,327.09590087890626,342.7263083267212,430.1168066478979,293.05623717534434,361.5865219116211,0.3790533141222942,22.938549541610033,0.02898610619874062,1.4125927905468696,72.0,-0.009141831550729571
2021-08-18,398.25146484375,412.3062438964844,387.8158874511719,401.8820495605469,2288117050,-0.009141831550729571,0.061494705248406424,-0.009100172053366884,65.07077333463272,61.18225319187018,65.9630089678183,73.34615426338262,24.565982520224622,20.95734292424684,3.608639595977781,388.1743934885451,363.60841096832047,329.05669921875,344.4937042617798,432.71954653392373,298.6036987053341,365.66162261962893,0.3667758373650836,23.049392891874497,0.029385102132607557,1.2259691578072458,73.0,0.07899861843217225
2021-08-19,430.9888610839844,431.2602233886719,391.49505615234375,396.494384765625,2549215331,0.07899861843217225,0.09226495352180183,0.08220282693267311,72.61569848922804,75.64791174975245,94.63641893322107,76.94185991116672,26.161679235741644,21.998210186545805,4.1634690491958395,394.7612346570742,368.5995554213326,331.6105590820313,346.4272686004639,440.83616334244493,301.29503172591444,371.0655975341797,0.3760551572115953,24.243376773621183,0.03303088132276771,1.3316078563283213,70.0,0.05407518530621003
2021-08-20,454.9363098144531,457.6037292480469,422.0801696777344,430.97503662109375,2451578694,0.05407518530621003,0.0780846874693314,0.05556396207140546,76.5978793450584,81.52389157473742,97.84767987691741,86.14903592598561,29.024067965876498,23.403381742411945,5.620686223464553,404.01893852744024,374.99487056156374,334.9449169921875,348.4439116668701,453.59376962362035,300.67609731973903,377.1349334716797,0.40547204390803115,25.04910411624199,0.03399238396059973,1.2565312267520075,70.0,-0.01331215882425722
2021-08-21,448.9202575683594,460.2557067871094,444.9776611328125,455.1333923339844,2120660728,-0.01331215882425722,0.03403287197831657,-0.013223943915462444,73.69843608242184,76.13930768719065,91.04513522824611,94.50974467946155,30.45600860984507,24.81390711589857,5.642101493946502,410.92683376450475,380.4708251546597,338.1748602294922,350.43323093414307,462.6704234612095,303.14306836007955,382.90674591064453,0.41662194987381446,24.351171368960195,0.034435138293058026,1.077745570392265,78.0,0.00029675643936598393
2021-08-22,449.0534973144531,458.40289306640625,439.168212890625,449.2256164550781,1826865701,0.00029675643936598393,0.042833827797386065,0.0002968004759140719,73.72216043698329,76.17995938879098,91.15039298075924,93.34773602864091,31.24145121822852,26.09941593636456,5.142035281863958,416.7924743106507,385.55102309242216,341.1911877441406,352.4172852325439,469.8072075471757,307.80132211591024,388.804264831543,0.4166772334697967,23.985707712304556,0.03422369136125015,0.9172851365174768,76.0,0.10724723510601708
2021-08-23,499.8905944824219,509.34271240234375,447.6663818359375,449.10546875,3857489743,0.10724723510601708,0.12337965796348871,0.11320944491468832,80.82795806163237,86.45345136934363,94.09351119017103,92.09634646639215,35.556179517760256,27.990768652643702,7.565410865116554,429.5768004909232,394.0206209731629,345.03435791015625,354.6371125793457,486.2222481570067,309.1005667843996,397.6614074707031,0.44540827459012644,26.677895059026106,0.038507716622590865,1.822836616476988,79.0,-0.05826772378349897
2021-08-24,471.595458984375,504.1023254394531,461.7559814453125,500.21771240234375,2978438301,-0.05826772378349897,0.08979379081668311,-0.056602656281907415,69.55434420677264,67.5385138109965,72.67196759084861,85.97195725392629,36.274304219626,29.647475766040163,6.626828453585841,436.04120948991573,399.7669052702897,348.4187072753906,356.6558620452881,493.7260597067289,315.26442186065395,404.49524078369143,0.44119589021693684,27.797069982962856,0.042248530933443953,1.3531218847345585,79.0,0.06404359953516095
2021-08-25,502.7862548828125,506.295166015625,470.63922119140625,472.2020263671875,3289398273,0.06404359953516095,0.07091670561385832,0.0661388809078225,73.87933459011788,74.66665870102717,95.21853989223787,87.32800622441918,38.911709807349155,31.500322574301965,7.41138723304719,446.30967801189985,407.3979682045507,352.05573608398436,358.80612533569337,506.20059145162907,319.28112851907406,412.74085998535156,0.45287365767273174,28.358418185909706,0.043464695954194624,1.4376294990773189,73.0,-0.04845179966252633
2021-08-26,479.006103515625,518.75634765625,472.0317687988281,503.552490234375,3277913533,-0.04845179966252633,0.09754485071169398,-0.04729674118225469,66.16241454841206,62.465918083482755,70.67259337847115,79.52103362051922,38.637622796275764,32.927782618696725,5.709840177579039,451.3398973201653,412.7022745238895,355.08540893554687,360.8582032394409,511.39185972119014,327.77677126025515,419.58431549072264,0.4376118974947596,29.67028680530343,0.04606808874206907,1.382637783528226,75.0,0.03183115782325604
2021-08-27,494.4986877441406,495.0123291015625,467.90118408203125,478.6301574707031,2563319587,0.03183115782325604,0.054825514589755334,0.03234318751850784,68.4728789128483,66.61257787836621,81.4742823768015,82.45513854917017,39.21844313578612,34.1859147221146,5.032528413671514,457.9797112315461,418.76126809576,358.76684020996095,362.93153896331785,518.9523572845344,334.09200611878595,426.52218170166014,0.4334132176390603,29.48749096346256,0.04591429114689991,1.0663685743381959,71.0,-0.01693074990927371
2021-08-28,486.1969299316406,496.8854064941406,483.3242492675781,494.6706237792969,1676741698,-0.01693074990927371,0.02789231357028355,-0.01678823021830833,65.87711403907642,62.30912321779856,75.13418108229112,75.76035227918793,38.56431949496624,35.06159567668493,3.5027238182813107,462.32082180079146,423.7565023058252,362.1610882568359,364.8230272293091,521.028276942919,346.4293036234873,433.7287902832031,0.4025533403153324,28.349895696541125,0.044748229300817524,0.6956671588186535,78.0,-0.01223819226544491
2021-08-29,480.28302001953125,495.6763000488281,477.2008056640625,486.2085876464844,1763538464,-0.01223819226544491,0.03846793164583311,-0.012163610150604742,64.01536841870205,59.13407563751574,70.61769328100569,75.74205224669946,37.140585145267096,35.47739357040137,1.6631915748657278,465.0842369113668,427.9436517660997,365.4439459228516,366.5757565689087,521.5846041509551,358.40459567814656,439.9945999145508,0.3708682072564048,27.64458131712859,0.044976864984849166,0.7299353546159796,72.0,-0.044256737258403185
2021-08-30,459.4907531738281,481.13165283203125,458.1532897949219,480.2899475097656,2007036766,-0.044256737258403185,0.05000832525658361,-0.0432916967267708,57.82761658501785,48.911048845614765,54.73851673531583,66.83013036620422,33.94322685914739,35.17056022815058,-1.2273333690031905,464.2237009517455,430.2804740925981,368.1931280517578,368.2510390472412,520.0710106284498,368.6718268959642,444.37141876220704,0.3407041437413027,27.31128001141293,0.04619538662700276,0.8331935727918612,73.0,0.01066776633522103
2021-08-31,464.4187316894531,477.2822265625,452.48516845703125,460.6239929199219,2378049328,0.01066776633522103,0.053393750969652994,0.010724869829449535,58.843031790595646,51.241836868601,58.50204292722536,61.28608431451564,31.44447176603626,34.425342535727715,-2.9808707696914567,464.2537056806236,432.80923391458737,371.1549389648437,369.8883907318115,520.1457226396028,375.8632830977019,448.00450286865237,0.3220557798371106,27.131692732416916,0.045163693638856944,0.9905992056333718,73.0,0.05375905330860977
2021-09-01,490.0687255859375,490.0687255859375,455.7580871582031,464.2729187011719,2303587593,0.05375905330860977,0.0700118914683074,0.055230317268158746,63.7372109517354,61.819364980083165,77.45770003486729,63.566086565802834,31.17456946242328,33.77518792106683,-2.6006184586435523,468.22524720451804,437.05067774209476,374.78009033203125,371.6714709472656,521.5993504790612,384.834630844181,453.2169906616211,0.3017643258149403,27.64447456779673,0.045882773046654966,0.9578553723482672,71.0,-0.012623861872153886
2021-09-02,483.9210510253906,504.541259765625,480.0368957519531,489.8598937988281,2324361979,-0.012623861872153886,0.05063711107782779,-0.012544515166105663,61.83915792347192,58.28382854777469,63.9670316315144,66.64225819786903,30.11742900932194,33.04363613871785,-2.9262071293959124,470.639986253883,440.5225572445611,378.2703839111328,373.4089436340332,523.6044954608328,390.1271024395578,456.8657989501953,0.2921588644367444,27.420180956787814,0.044545981563305234,0.9545831880617023,74.0,0.00963201429464943
2021-09-03,488.6047058105469,494.39520263671875,475.22589111328125,483.756591796875,2051522050,0.00963201429464943,0.03923276074805196,0.009678551439810112,62.7492984113565,60.30183259904778,62.1154058522729,67.8467125062182,29.31959138352198,32.29882718767868,-2.9792358041567013,473.4037892626005,444.08419787907854,381.73759765625,375.20412773132324,525.1455085214183,396.5431114736989,460.8443099975586,0.279058229119506,26.830833140119932,0.04444380290525407,0.8420447486358215,74.0,0.01920376494716473
2021-09-04,498.07843017578125,510.0576477050781,485.8561096191406,488.4070129394531,2310249697,0.01920376494716473,0.04858981361107391,0.019389343271916326,64.5890074252375,64.36930437876791,74.01884396290718,66.70042714889817,29.116117222831065,31.66228519470916,-2.546167971878095,477.19988786462835,448.0837706417973,385.63945434570314,377.0442366027832,527.5838549014994,402.45310493736775,465.0184799194336,0.26908769300052565,26.64302635053547,0.044493215314705216,0.9389109020725837,72.0,0.013047864257397138
2021-09-05,504.619873046875,505.11669921875,489.47491455078125,497.7048645019531,1899639214,0.013047864257397138,0.030997163416344006,0.013133359075166329,65.84338141744504,67.0859616852177,80.11466956517259,72.08297312678424,29.146717044225056,31.159171564612343,-2.012454520387287,481.4183471234355,452.27163007921047,389.7218933105469,378.7439854431152,530.2033537827814,408.54850778948423,469.3759307861328,0.2591842444701924,25.857223373209276,0.044497961813169215,0.7835125378864684,73.0,-0.017380676658386808
2021-09-06,495.9250183105469,508.8222351074219,488.678955078125,504.6980895996094,2206397359,-0.017380676658386808,0.04061759194548884,-0.017230503990714685,62.665825743592876,59.992721182271595,65.5486297036159,73.2273810772319,28.14492829804061,30.556322911298,-2.4113946132573894,483.6501426906834,455.5052143926428,393.5907836914063,380.24394737243654,527.3889863523441,420.76448654804653,474.0767364501953,0.22490979119263135,25.44908456292982,0.04356981735934758,0.9169611035262434,79.0,-0.1721191468201458
2021-09-07,417.5087890625,504.6031494140625,372.3029479980469,496.0363464355469,4471687569,-0.1721191468201458,0.31688003913184837,-0.15812113999649613,42.667095268166776,28.39880316813222,30.867047927843075,58.843449065543865,20.78388545662125,28.601835420362654,-7.817949963741405,473.47454982480906,452.6906643681878,396.3405871582031,380.6684111785889,523.2949621123033,426.78424320996226,475.0396026611328,0.20316352228676507,33.08130719529309,0.05969544175535788,1.7777351438995088,79.0,-0.005754439931647392
2021-09-08,415.1131591796875,425.4935607910156,384.2314453125,417.91888427734375,2940929033,-0.005754439931647392,0.09939968070406253,-0.005737914854898718,42.22376531997929,27.87557712832374,29.23128536555126,41.88232099900342,14.58872887560824,25.799214111411775,-11.210485235803535,464.49587434094417,449.90714546533593,399.3472027587891,381.4642082977295,525.7841673223834,422.70746780945245,474.24581756591795,0.21734867382062625,33.665650644094704,0.05691210582894032,1.1601434040568237,47.0,0.014722848862742551
2021-09-09,421.27001953125,435.7174072265625,404.5211486816406,405.5805969238281,2392139922,0.014722848862742551,0.07405288080940145,0.014831763858628833,43.83884621095365,31.651348040976956,35.54657056154416,31.88163461831284,10.05986595413458,22.651344479956336,-12.591478525821756,457.84574283176045,447.78587687762587,401.92197570800784,382.10094047546386,528.5230509597853,416.6019551437302,472.5625030517578,0.23683871465315326,33.48926549415379,0.055539592655638216,0.944763626652458,45.0,-0.04776316569473186
2021-09-10,401.6217956542969,438.92218017578125,394.0628356933594,421.2688903808594,2306735739,-0.04776316569473186,0.11169549304300047,-0.04664045141122508,39.99634488196955,26.48847917769811,21.283373793129115,28.687076573408188,4.829589498930943,19.086993483751257,-14.257403984820314,449.19590480445834,444.3663153055274,404.0815887451172,382.77150047302246,533.4742511397009,406.92090877240855,470.1975799560547,0.2691492848158005,34.3014139933158,0.056376634009057604,0.9076983643418853,46.0,0.009677539766168782
2021-09-11,405.5273742675781,415.3570251464844,400.29925537109375,401.26348876953125,1567255682,0.009677539766168782,0.03713132757705055,0.009724518578277275,41.101456726840084,29.16788185648329,24.118542844774836,26.98282906648271,0.988312627122184,15.467257312425444,-14.47894468530326,442.47766933724597,441.4893567101238,406.2064764404297,383.64416610717774,536.8109862381684,399.2315613692534,468.0212738037109,0.29395976757803555,32.926867977749716,0.05646693469242449,0.6198798825937243,31.0,0.027137908213566164
2021-09-12,416.6832275390625,421.20758056640625,398.0321350097656,405.399169921875,1671909230,0.027137908213566164,0.0556188587035652,0.02750949499188038,44.25938579235559,36.839584437686895,32.21688961276896,25.872935416890982,-1.1425719844285709,12.145291453054641,-13.287863437483212,438.50929367598695,439.6518656604155,408.49870361328124,384.45578659057617,534.4780291336557,393.24378177943026,463.860905456543,0.3044754272085493,32.23033780481335,0.05061654459325027,0.6911450273632131,32.0,-0.04320587003952451
2021-09-13,399.0634460449219,419.2820129394531,385.37603759765625,416.7966003417969,2194763765,-0.04320587003952451,0.08496387147917361,-0.042285794890769446,40.56040162988584,30.710531460320794,19.426196059944004,25.25387617249594,-4.204614326521607,8.875310297139393,-13.079924623661,432.4407017327462,436.6453160592678,410.4312493896484,385.28167404174803,536.141792668169,384.3268169509716,460.2343048095703,0.3298645366733657,32.35002620031217,0.049954270844308105,0.9222243533189886,44.0,0.03731601393094125
2021-09-14,414.2362365722656,414.3195495605469,396.41607666015625,399.206787109375,1598465255,0.03731601393094125,0.043220441187228856,0.03802099810874626,44.835868095955114,40.63330848802273,30.440550241407408,27.361211971373468,-5.345369460435791,6.031174345624357,-11.376543806060148,429.64001478498,434.9853842454158,412.6264093017578,386.2444530487061,531.5997219067501,380.0138858813358,455.80680389404296,0.3325659791174421,31.318129536032064,0.048243889560357175,0.6964042946743607,30.0,0.04065269685663676
2021-09-15,431.42303466796875,436.4163513183594,410.4539489746094,414.4934997558594,1838828414,0.04065269685663676,0.0601785260810915,0.041490329860856656,49.285781616626224,50.08067948100261,42.91692900180906,30.927891767720165,-4.8071809627292055,3.8635032839536447,-8.67068424668285,429.91432553620905,434.72150649893825,414.9828179931641,387.2753210449219,529.1455286325696,377.7097722707507,453.42765045166016,0.33397997720468403,30.935577593726205,0.04858864873208791,0.8270501118037443,49.0,-0.01582563846009004
2021-09-16,424.64923095703125,433.1927795410156,416.1762390136719,431.29058837890625,1720989872,-0.01582563846009004,0.040071991862539354,-0.015701071029159963,47.65416556908315,46.665976718169,37.99963490923462,37.11903805081704,-4.871101028786256,2.1165824214056643,-6.987683450191921,429.1043109855663,433.97541201435257,417.2072296142578,388.3506951904297,524.1826090490232,375.6877461755862,449.9351776123047,0.33003612578474684,29.941360660413174,0.04783818292416692,0.7889955908530293,53.0,-0.043352891577025585
2021-09-17,406.6328125,425.7662353515625,401.842041015625,424.403564453125,1516642578,-0.043352891577025585,0.058834883955503466,-0.04242658915554298,43.52679428082235,38.51677214692193,24.92101146092576,35.27919179065649,-6.30287690014643,0.4326905570952455,-6.735567457241675,425.64715737240226,431.9500342725487,419.00489685058596,389.11070960998535,520.5318509946213,371.38209248682404,445.9569717407227,0.3344487651479351,29.511563065807767,0.04846968698078422,0.6978727787485517,48.0,0.01021850833033676
2021-09-18,410.8092956542969,420.0019836425781,401.7784423828125,406.4624328613281,1310349981,0.01021850833033676,0.04436009957063155,0.01027089557436267,44.72202501302581,41.28957594701655,28.205793094568325,30.375479821576246,-7.019644218388976,-1.0577763980015988,-5.961867820387377,423.3644094157707,430.38405363415967,420.7628955078125,389.9671434020996,516.8106892221009,368.155881822821,442.48328552246096,0.3359557575689127,28.705275793947614,0.048648923972438425,0.6093015733651151,50.0,-0.005706596358611572
2021-09-19,408.4716491699219,419.1825866699219,403.7186279296875,410.6031188964844,1243314915,-0.005706596358611572,0.03785809559037831,-0.005690344666256508,44.15867523170972,40.10840498278,26.493473514037444,26.540092689843856,-7.68769703094074,-2.383760524589427,-5.303936506351313,421.07321553179395,428.7609125627347,422.2613366699219,390.8040447998047,515.2452836655561,364.6193769789751,439.9323303222656,0.34238426299845337,27.759467432968098,0.047886692643388906,0.5885818199750898,53.0,-0.12087246834106834
2021-09-20,361.9659118652344,409.643310546875,357.2733154296875,408.5135498046875,2344102082,-0.12087246834106834,0.1446821189523661,-0.11385303582070971,34.77392419831507,24.104079391295286,3.185095855089707,19.2947874878985,-11.833350534813121,-4.273678526634166,-7.559672008178955,411.9797841984771,423.8131347332902,422.83097473144534,391.46414901733397,516.4363445939632,353.1830340681461,434.8096893310547,0.375459228558082,29.5173622675552,0.054121015477462134,1.1105837843742798,50.0,-0.04935550032514831
2021-09-21,344.53460693359375,375.6661071777344,339.01434326171875,364.05352783203125,2045164899,-0.04935550032514831,0.10638050047343997,-0.04815731084127772,32.02650856571631,20.523006752262773,5.525356010483295,11.734641793203492,-16.337048111769263,-6.686352443661185,-9.650695668108078,401.6036030808027,417.940651192572,423.0996044921875,392.0549592590332,513.9639670518739,341.1019997450012,427.5329833984375,0.4043242837846143,30.026962385302372,0.052363561840152395,0.9749221787828629,27.0,0.09650283176194267
2021-09-22,379.4403381347656,380.0084533691406,342.6800537109375,343.6654052734375,1678913732,0.09650283176194267,0.09837752053906619,0.10131269979476887,41.921931282658,41.000771287176356,40.463287087098095,16.391246317557044,-16.894906139071395,-8.728063182743227,-8.166842956328168,398.1938700121816,415.088776151253,424.23345642089845,392.81882667541504,507.0899032403265,337.52799226748596,422.30894775390624,0.40151152817072217,30.548493619080997,0.05826437182845743,0.8128364521161361,21.0,0.011477372693148318
2021-09-23,383.8204040527344,384.7772216796875,369.6520080566406,379.1556701660156,1576382603,0.011477372693148318,0.03940700771334911,0.011543490445691917,43.0424387349089,43.145330070704105,44.84739353285804,30.278678876813157,-16.790032883369577,-10.340457122868496,-6.44957576050108,395.98256755688203,412.7726004402516,425.21148864746095,393.537032623291,497.66291479842766,336.4765505336036,417.0697326660156,0.3864734159309042,29.446830762221417,0.058302149099773,0.7720768693765461,27.0,-0.07716641122968812
2021-09-24,355.3162841796875,385.31927490234375,335.5061950683594,383.8063049316406,2081157733,-0.07716641122968812,0.1401936304410786,-0.0742642120431164,37.91578164779139,33.81369021702797,19.631412582743003,34.980697734233054,-18.790360745460305,-12.030437847386859,-6.759922898073446,389.72621626808285,408.51657701354316,425.5603369140625,394.11202072143556,485.7054108627733,334.15783986964857,409.93162536621094,0.3696898741533793,30.901562838775913,0.059550512388656024,1.0250551853492336,33.0,-0.015417819997731256
2021-09-25,349.8800964355469,360.63006591796875,344.19091796875,355.4073791503906,1388464569,-0.015417819997731256,0.04698509036865744,-0.015299573890037332,37.01039799392339,32.261167872333644,14.244256377501646,26.241020831034245,-20.57709002161141,-13.739768282231768,-6.837321739379643,383.59604398615426,404.17313400776567,425.7151989746094,394.3941050720215,468.75503737155407,335.634235699735,402.1946365356445,0.33098601915349324,29.868533203807544,0.05913611790406644,0.6925943865275711,28.0,-0.016420616418139446
2021-09-26,344.1817626953125,352.6981506347656,320.3687438964844,349.88067626953125,1958526741,-0.016420616418139446,0.09393120217964865,-0.016286533010271165,36.03894275349621,30.54602532205891,20.520042875385784,18.131903945210155,-22.19702032241389,-15.431218690268196,-6.7658016321456955,377.5323084029478,399.7293287253617,425.4840069580078,394.71822372436526,450.4290521623314,338.7858953474342,394.6074737548828,0.28292205353476474,30.04430988484138,0.05913730225774046,0.9830302363458664,27.0,-0.02348978317870326
2021-09-27,336.19122314453125,357.2929992675781,335.79046630859375,344.6517028808594,1507056912,-0.02348978317870326,0.06395923355125861,-0.02321604575503,34.664894969212895,28.101861875446104,13.634472609613091,16.132923954166852,-23.85066094592645,-17.115107141399847,-6.735553804526603,371.1721414401145,395.02280238604095,425.3665362548828,394.9502258300781,450.77049856323504,330.3126923547337,390.5415954589844,0.3084378401919856,29.434182961565877,0.046846998548825854,0.8172295889791331,26.0,-0.009439753192016861
2021-09-28,333.0325927734375,344.27557373046875,330.0738525390625,335.80755615234375,1294330921,-0.009439753192016861,0.04264363758855188,-0.009395338586027924,34.1112456653789,27.1017638159407,10.912632460327645,15.022382648442187,-25.126416439011564,-18.71736900092219,-6.409047438089374,365.30451856831803,390.4309350073296,424.9278515625,395.2969596862793,450.4754723555561,322.3996619217876,386.43756713867185,0.331426914267393,28.34614997798305,0.046833224372026735,0.7346744531218427,25.0,0.09981429786500914
2021-09-29,367.9895935058594,375.0068664550781,331.4485168457031,333.3979187011719,2385693434,0.09981429786500914,0.11836842774381726,0.10496570453151755,44.64782415878548,50.052745162186106,42.208071478148064,22.251725516029612,-23.05100639438058,-19.58409647961387,-3.4669099147667097,365.7176070202475,388.7686134146281,424.84855590820314,395.75638412475587,446.206476770423,321.3406149043817,383.77354583740237,0.32536339000016595,29.432735665939617,0.052781788981729104,1.3543899127904298,24.0,0.05051819471133664
2021-09-30,387.0573425292969,388.2687683105469,366.6442565917969,367.7860107421875,1796235646,0.05051819471133664,0.05586901304452896,0.051816000669415274,49.40096307518009,58.3895351295222,63.27342113378107,38.79804169075227,-19.641209355898354,-19.595519054870767,-0.04569030102758731,369.0006432524089,388.64185260830726,424.75456176757814,396.3684870910645,444.966194394149,321.1244519681557,383.04532318115236,0.32330832653822855,28.8750053839975,0.053335674121317296,1.0347411971983818,20.0,0.08558657747739022
2021-10-01,421.6431884765625,423.3442687988281,382.1313781738281,387.635986328125,2162493378,0.08558657747739022,0.09774352284429436,0.08935587094474973,56.66915844920245,69.25054899517482,98.34807317187376,67.94318859460098,-13.986899642138667,-18.473795172324348,4.486895530185681,377.09949636381714,391.0863960059558,425.47104614257813,397.20339889526366,447.3213243368358,320.38090344636737,383.8511138916016,0.3307022340081473,29.756282901211964,0.05678810086774351,1.2247303857954495,27.0,0.015193475224028133
2021-10-02,428.09832763671875,438.1070251464844,411.038330078125,421.4770812988281,1740937420,0.015193475224028133,0.06323008832524495,0.015309482843727018,57.88509811298514,70.90422968904197,91.49919855844199,84.37356428803228,-8.882550165395514,-16.55554617093858,7.672996005543066,384.945470405802,393.8280205711975,425.8141149902344,398.0533871459961,449.2534832245974,319.5902545683714,384.4218688964844,0.33729410095329726,29.56431234172249,0.05657164552425441,0.9840581804361447,54.0,0.005614903822228325
2021-10-03,430.5088195800781,437.1003723144531,421.9388732910156,427.3511047363281,1470899248,0.005614903822228325,0.03521762698898051,0.005630696939804114,58.35505921000048,71.57032001418087,93.546529229289,94.46460031986827,-4.589900361463833,-14.162417009043633,9.5725166475798,391.9552164326137,396.54511679407756,426.2436016845703,398.8566569519043,453.63418746681634,318.35408767966805,385.9941375732422,0.35047190259846617,28.535539961844993,0.055592659000953774,0.848784648044869,49.0,-0.01111807141253605
2021-10-04,425.7489013671875,430.7255859375,411.9521484375,430.5845031738281,1647171955,-0.01111807141253605,0.044095093233860946,-0.01105649407492626,57.00237154479602,67.98477227625114,89.50373349424372,91.51648709399159,-1.554115211702765,-11.64075664957546,10.086641437872695,397.1542448840866,398.7083600957894,426.46667907714846,399.67687744140625,455.34779021444194,317.7917514115346,386.5697708129883,0.35583754651486477,27.838246928856062,0.0551082783253317,0.9491692011557397,54.0,0.03905648410026899
2021-10-05,442.7061462402344,443.91424560546875,424.1143493652344,426.2142028808594,1526827785,0.03905648410026899,0.044724692458843716,0.03982921580911403,60.51395605622467,73.50218218557787,99.022142167442,94.02413496365824,2.194774342361086,-8.873650451188151,11.068424793549237,404.16222970810935,401.96745536574826,426.9713848876953,400.57012100219725,457.54016432725655,316.7276884559466,387.13392639160156,0.36373065306829366,27.26407902252594,0.05504951837864444,0.8878026731436004,59.0,-0.01663793430725155
2021-10-06,435.4013671875,442.47930908203125,415.667724609375,442.40625,2006344571,-0.01663793430725155,0.0615790084579826,-0.016500288317141232,58.304932264256834,67.64345817809343,93.10951973142565,93.87846513103715,4.524209432166117,-6.194078474517298,10.718287906683415,408.96825085878487,404.44404142661875,427.6412341308594,401.4234194946289,459.36778002809206,315.975286378158,387.671533203125,0.36988141085613807,27.247960637406898,0.05506310931761794,1.1570277262339943,68.0,0.007688264511104486
2021-10-07,438.7617492675781,449.9358825683594,424.3091735839844,434.9619140625,1962989705,0.007688264511104486,0.05840688945003406,0.007717895103969807,59.04558031363759,68.97085560830013,91.3757968144381,94.5024862377686,6.565772139316778,-3.6421083517504833,10.207880491067261,413.55186599859917,406.9860938592824,428.4514398193359,402.2927973937988,463.978482958125,314.57747712488276,389.2779800415039,0.3837900253626303,27.132156947904623,0.05406074701128267,1.117641521544047,76.0,-0.045842105161776205
2021-10-08,419.10205078125,441.5137939453125,416.7060241699219,438.4752502441406,2678048368,-0.045842105161776205,0.059192670923815215,-0.04480722970757123,53.10245761130418,53.88305145467891,76.2024290239247,86.8959151899295,6.5221684307469445,-1.609252995250998,8.131421425997942,414.40574058054546,407.8835721497985,428.21370361328127,403.10880668640135,464.95650666106735,314.4287289346357,389.69261779785154,0.386273105651994,26.96612929272505,0.05515288910124277,1.4676225309663014,74.0,0.005822686499745498
2021-10-09,421.5494689941406,425.9748229980469,416.8238525390625,418.7559814453125,1404867667,0.005822686499745498,0.021707939713029433,0.00583967128848073,53.726870972344464,55.30314044055989,78.09134795659375,81.88985793165219,6.608914916163542,0.034380587031909826,6.574534329131632,415.50477572109855,408.895860804935,427.545966796875,403.93810569763184,466.4739287038003,314.2190888743247,390.3465087890625,0.39005047157153355,25.69361794745786,0.05513936071427681,0.7665016984293576,72.0,-0.039878957756890515
2021-10-10,405.0693054199219,422.0504150390625,402.8292541503906,421.7956848144531,1437068558,-0.039878957756890515,0.04745153639510142,-0.03909425770015096,48.99620226230212,44.53068928899135,62.56814844745151,72.28730847599,5.286906493789729,1.0848857683834736,4.202020725406255,413.89931875168674,408.612412257897,426.66894775390625,404.7141953277588,467.72843919256303,317.2749177410307,392.5016784667969,0.3833194345543664,25.231299586116002,0.048212012653816055,0.8039639766528816,71.0,0.020493424459537193
2021-10-11,413.4562072753906,423.55010986328125,401.22125244140625,404.5274658203125,1473121389,0.020493424459537193,0.054005374762707156,0.020704856535042282,51.34416212786997,50.28079403829854,69.56527827532011,70.0749248931218,4.859935866511023,1.8398957880089837,3.0200400785020394,413.83114775533346,408.97121188882244,425.957001953125,405.60704917907714,468.33017433593375,323.5653426318397,395.94775848388673,0.36561598999425904,25.02398228867022,0.04651981994513905,0.8375353762573693,71.0,0.07097454530497393
2021-10-12,443.8675231933594,443.8675231933594,392.5707702636719,413.48675537109375,3142304145,0.07097454530497393,0.11556770939364581,0.07355389853347316,58.758045188184674,65.43759102233011,94.878475575865,75.67063409954555,6.896004754646185,2.8511175813364242,4.04488717330976,418.4521285919528,411.55612383730664,424.83654052734374,406.55086395263675,474.0187489147898,324.31948655884304,399.1691177368164,0.3750271644377252,26.900608763028597,0.04429287129719811,1.7151883246016333,78.0,0.05880037253680267
2021-10-13,470.74969482421875,471.65692138671875,434.4466247558594,444.4056396484375,5149146903,0.05880037253680267,0.07904475996474934,0.060563502004963965,63.98247041302236,73.70446311551098,99.13607890603318,87.8599442524061,10.55707521300127,4.392309107669393,6.164766105331876,426.4979080123014,415.94083279930015,424.81962524414064,407.55910079956055,484.16630745762455,322.8648570931567,403.5155822753906,0.39974032589993796,27.637015039302224,0.045737770935753395,2.560892711406371,70.0,0.0026999226183461373
2021-10-14,472.02239990234375,482.6448669433594,461.8553466796875,470.5386657714844,2486819344,0.0026999226183461373,0.044043503587908116,0.0027035706918518976,64.2136052112381,74.0473330650729,89.43179948178694,94.48211798789505,13.406653040303695,6.195177894196254,7.211475146107441,433.50167599538486,420.09502295508116,424.20434814453125,408.5732563781738,492.06931794773647,326.63245817531043,409.35088806152345,0.4041443773478798,27.14790826961434,0.04094293058736776,1.224450625674421,70.0,0.003553334255216532
2021-10-15,473.70263671875,476.7559509277344,453.90008544921875,472.60040283203125,2804538828,0.003553334255216532,0.04824939467686722,0.0035596548315373067,64.53716332007282,74.5582887201685,90.07236202833225,92.88008013871746,15.620481875649375,8.08023869048688,7.540243185162495,439.68643918359487,424.0659573079455,424.09827880859376,409.5656964111328,498.06409047216744,333.01993967919975,415.5420150756836,0.3971780104182915,26.841333784535863,0.040437251181715,1.3343692692094065,71.0,-0.017161698190391497
2021-10-16,465.6424560546875,483.55780029296875,463.511474609375,473.99468994140625,1904086807,-0.017161698190391497,0.043050897578032286,-0.01701527506769618,61.65726243580588,67.15843931452116,80.31000217007556,86.6047212267316,16.53397459252602,9.770985870894709,6.762988721631313,443.67967254837833,427.1456979558523,423.5211541748047,410.33677627563475,500.01096571336103,343.2191337739436,421.6150497436523,0.3718838595414205,26.35597606304,0.040468030359628475,0.907118734082856,78.0,0.010644687815119507
2021-10-17,470.62554931640625,472.2980041503906,455.4051818847656,465.72210693359375,1646437501,0.010644687815119507,0.03589440116492228,0.01070154406438717,62.763566898052666,69.35237929701537,85.78670941078256,85.38969120306346,17.458764364888168,11.308541569693402,6.150222795194766,447.8251920511519,430.3664276862637,423.2097265625,411.17958679199216,498.94946706065946,357.72406504383275,428.3367660522461,0.3297064674564985,25.680036506081787,0.03946160114126602,0.7817774403331121,79.0,0.03031501227853813
2021-10-18,485.11102294921875,487.49969482421875,467.58477783203125,470.9144287109375,1999805026,0.03031501227853813,0.0410522871055688,0.03077919091696768,65.84833027916703,75.01333465323447,97.4837259707114,87.86014585052318,19.139890836850554,12.874811423124832,6.265079413725722,453.5614737277776,434.421582890927,423.30628662109376,411.9290774536133,495.798529276432,376.08284584563825,435.94068756103513,0.2746146135167359,25.26824225508934,0.03906858271219469,0.9339245345467309,78.0,0.006242632005657825
2021-10-19,488.14886474609375,497.2583312988281,481.9736328125,485.09942626953125,1844483840,0.006242632005657825,0.031311551844493836,0.006262157842562566,66.47556825619333,76.09373315077605,91.29842508254134,91.5229534880118,20.48122926065321,14.396094990630509,6.085134270022699,458.8826108075185,438.4013815468653,423.87944885253904,412.6747831726074,497.2681524450388,386.62914980105495,441.9486511230469,0.2503435690160753,24.55513198589211,0.03415028933987449,0.8724134152656439,75.0,0.026026258495653733
2021-10-20,501.02032470703125,505.2679443359375,482.24603271484375,488.0538330078125,1890415594,0.026026258495653733,0.0459500552887863,0.026367898996615402,69.06782604390546,80.30362885765479,96.23094397541635,95.00436500955637,22.325514241876476,15.981978840879703,6.343535400996773,465.36533602282816,443.0398217809517,424.6114807128906,413.5642172241211,502.6527361445341,392.64086431933305,447.6468002319336,0.24575596601651573,24.44561624554937,0.03320268426043786,0.8921513755519305,82.0,-0.06124322964079983
2021-10-21,471.2569274902344,504.64862060546875,467.42236328125,501.34783935546875,3081793454,-0.06124322964079983,0.07899354927783034,-0.0594055684950523,57.91581246271946,54.44041538999116,69.82087871707058,85.78341592500942,21.141756950704405,17.013934462844645,4.12782248785976,466.27173471012145,445.12997775941705,424.23524475097656,414.1623799133301,504.69201605988104,395.56295830535333,450.1274871826172,0.24244033271012827,25.35851917974004,0.032511504652915135,1.423523377193744,84.0,0.015551907936222097
2021-10-22,478.6431579589844,498.0141906738281,470.9593811035156,470.9593811035156,1962748496,0.015551907936222097,0.056523965965958434,0.01567346820361193,59.656712466514605,58.32635416337258,76.37492989852583,80.80891753033761,20.56259504258429,17.723666578792574,2.838928463791717,468.1750305945619,447.6124355519776,424.12968688964844,414.7167332458496,507.58479273273815,397.7246646647228,452.6547286987305,0.24270182349323033,25.479682779066643,0.03251719151737577,0.9020000647067379,75.0,0.015060734056009781
2021-10-23,485.90643310546875,485.90643310546875,473.1125793457031,478.9422607421875,1170864603,0.015060734056009781,0.026329871119423205,0.015174718421665512,61.349880442537184,62.0407661139108,82.81987867943039,76.33856243167561,20.45391070981566,18.269715404997193,2.1841953048184664,470.90293867316296,450.4490279633473,424.0757214355469,415.12831161499025,511.1890235653184,399.6601951846816,455.424609375,0.24488977118231034,24.573552134830855,0.03258624730009576,0.5418175524941331,74.0,-0.019269031280415995
2021-10-24,476.63311767578125,486.8027038574219,468.1982116699219,485.9901428222656,1246191889,-0.019269031280415995,0.03903315044120639,-0.019084570192703487,58.0028088271156,54.76940194517053,74.59135342489198,77.92872066761608,19.395914509297484,18.49495522585725,0.9009592834402333,471.7845046735658,452.3885901642683,423.64681518554687,415.6381831359863,512.7192401980593,403.2184001828001,457.9688201904297,0.23910108109483796,24.14719071002151,0.032862100115149076,0.5820755595397364,73.0,0.01666978078943959
2021-10-25,484.64508056640625,488.8943176269531,474.8721618652344,475.92425537109375,1337787876,0.01666978078943959,0.02893283419968075,0.016809496850940464,60.03168571916058,59.54828466349692,81.70063806896604,79.70395672442947,18.985094987239904,18.59298317813378,0.3921118091061224,473.76305481092584,454.77795982368593,423.2473193359375,415.97121658325193,515.5252519313495,404.60628188212706,460.0657669067383,0.2410937262187284,23.423973927999885,0.032035004811493524,0.6276294281871742,72.0,-0.013753683107200992
2021-10-26,478.0250549316406,489.774169921875,475.2862854003906,484.7068786621094,1486193826,-0.013753683107200992,0.030307793225516595,-0.013659533337321395,57.55744263321306,54.04390598764323,61.53292600896378,72.60830583427393,17.918780268470016,18.45814259620103,-0.5393623277310127,474.41874713718965,456.49996686871964,422.8893200683594,416.09544952392577,516.9731082803219,407.42079430756866,462.1969512939453,0.23702517653146693,22.785681827534493,0.03194107287785211,0.7058674549003588,76.0,-0.06262245212449265
2021-10-27,449.00799560546875,486.1675109863281,440.44500732421875,478.1210632324219,2340091135,-0.06262245212449265,0.10183004336137592,-0.06070196326910404,48.18320567710193,36.697322719871856,13.20981226090076,52.147792112943534,14.564394713289346,17.679393019618693,-3.1149983063293476,470.50940074769414,455.9450060344048,423.51930419921877,415.97768783569336,516.7862965377969,408.63223068388277,462.70926361083986,0.23374087004421162,24.42402624428984,0.0352855709238146,1.1015610943232927,73.0,0.09146959287294536
2021-10-28,492.0155334472656,494.9148864746094,447.6197204589844,448.8858337402344,2626956133,0.09146959287294536,0.09612535133648197,0.09578345655917109,58.87432824571814,59.29129108417349,79.55598511947076,51.43290779644511,15.201139593752202,17.183742334445398,-1.9826027406931956,473.8180365476282,458.616896953876,425.05735168457034,415.8108377075195,517.9554747455165,414.75440074276474,466.3549377441406,0.22129298019649507,26.057679085099494,0.03883964958384079,1.2380871333962373,66.0,0.07365350450690618
2021-10-29,529.6221313476562,533.4754028320312,488.8721618652344,492.43255615234375,2667451365,0.07365350450690618,0.08421710182937629,0.07643376142395986,65.5648359229481,70.1573871272307,95.85805105595685,62.87461614544279,18.526737955470765,17.452341458650473,1.0743964968202917,482.40328190147864,463.87654394600787,427.2243939208984,415.4653350830078,526.0251348460974,417.49200687753535,471.7585708618164,0.23006074435551213,27.382362076649308,0.04150761196429612,1.220848845508007,70.0,-0.003216755559498137
2021-10-30,527.9212036132812,539.9388427734375,511.9313049316406,529.8226928710938,2194893915,-0.003216755559498137,0.05305249656597099,-0.003211587344446709,65.04937505997717,69.18294984505042,87.92122234920775,87.7784195082118,20.785446277659446,18.118962422452267,2.6664838552071792,489.40603908790985,468.6205928102504,429.7503820800781,415.3570083618164,528.2528362129128,427.549495330056,477.9011657714844,0.21072001513176813,27.42701748844556,0.03990174535954695,0.9874425924384619,73.0,-0.006760096479126187
2021-10-31,524.3644409179688,534.7709350585938,510.5654602050781,528.5473022460938,2076289915,-0.006760096479126187,0.04616154903856708,-0.006737298428191041,63.917756781564606,66.91557402530839,84.34636499321823,89.37521279946095,22.03448800991731,18.902067539945275,3.132420469972036,494.7842547540728,472.74976674415547,432.12712341308594,415.23087127685545,528.3177375199627,438.57541738726377,483.44657745361326,0.18563027295670484,27.19690730023628,0.040105999367134826,0.9215810665425177,74.0,0.05001222616696396
2021-11-01,551.2559204101562,552.0736694335938,512.17626953125,524.7382202148438,2535579529,0.05001222616696396,0.07237545834003652,0.0512839494705446,68.39451621292781,74.33502641851341,99.26743812208709,90.51167515483769,24.90716593046568,20.103087218049357,4.804078712416324,503.47220331654717,478.5650373860815,434.81857727050783,415.2739904785156,538.8601719838829,438.77182264502335,488.8159973144531,0.20475669758916082,28.104085343243955,0.038730741934329196,1.1408020674427697,74.0,0.005773193518657493
2021-11-02,554.4476318359375,564.022705078125,538.3999633789062,551.74755859375,2401108112,0.005773193518657493,0.04621309611220521,0.0057898905165616465,68.88790926499505,75.10799844883569,92.25177890815267,91.95519400781933,27.128606626621888,21.508191099763863,5.620415526858025,511.3145769349149,484.185970308293,437.92626098632815,415.4951277160645,549.8391735602038,436.1626147698743,493.0008941650391,0.23058083694321782,27.926846511527867,0.03705298113855889,1.1514853173773578,73.0,0.02516754741320046
2021-11-03,568.5787963867188,570.2593383789062,538.531005859375,554.557373046875,2567651316,0.02516754741320046,0.05580287678886856,0.02548692381278439,71.04326609879676,78.4591022606719,98.70542645135264,96.74154782719746,29.68716609203034,23.14398609821716,6.54317999381318,520.1244568505771,490.43729075854674,441.0131121826172,415.73593795776367,562.5723858354104,433.08504214310534,497.82871398925784,0.2601042086437367,28.198381226385248,0.03721823805252526,1.228971464231046,76.0,-0.015672332712689894
2021-11-04,559.7373046875,569.1212768554688,544.8768310546875,568.578125,2260479871,-0.015672332712689894,0.043313971746651525,-0.015550160778780131,67.87492716613572,71.4387884951633,91.89455154456438,94.28391896802323,30.648116009526234,24.644812080478975,6.003303929047259,526.2187411331806,495.5706251236544,443.5793975830078,416.1294532775879,571.180028144955,433.08086663043565,502.1304473876953,0.2750264642046152,27.915957267413535,0.037620737350281444,1.09622117235042,73.0,0.08377264612075842
2021-11-05,608.6480712890625,615.5808715820312,555.0560913085938,559.3905029296875,3675930507,0.08377264612075842,0.09944134078212291,0.08738164526816594,74.61849455873579,81.89443644011425,96.04147310298296,95.5471503663,34.953444294759834,26.706538523335148,8.246905771424686,538.9001765417778,503.94673224701796,447.2593743896484,416.64722900390626,590.3132196628975,428.24823663593065,509.2807281494141,0.31822327857538685,30.24515891070096,0.040665873383538546,1.7092122634344271,73.0,0.04413749708701808
2021-11-06,636.1139526367188,636.1139526367188,596.7644653320312,608.2634887695312,2779927044,0.04413749708701808,0.06185917969820068,0.045126046796609254,77.4776223710821,85.3967804423436,100.0,95.97867488251579,40.11924537451648,29.389079893571417,10.730165480945065,553.8561420948456,513.7368967203291,451.8489971923828,416.8926531982422,613.5285267137892,421.5817699170702,517.5551483154297,0.3708720846879393,30.8954680817,0.041232499422551264,1.2594058469701759,71.0,0.022292924820244878
2021-11-07,650.4540405273438,669.3458251953125,632.0792846679688,638.18603515625,3017167868,0.022292924820244878,0.05729311866082126,0.022543268908321812,78.81915846123324,86.93608692490884,91.74673780387813,95.92940363562037,44.853264680421034,32.481916850941346,12.371347829479689,568.7173572383068,523.8640925578858,456.64189208984374,417.41480560302733,636.5444969807392,415.1001014079328,525.822299194336,0.4211392250045368,31.350544684960266,0.04111520111207184,1.3360939898733724,73.0,0.005918247684148926
2021-11-08,654.3150024414062,655.7136840820312,632.6870727539062,650.4674072265625,2828112534,0.005918247684148926,0.035191935447310835,0.005935795111569053,79.17876127076465,87.35477775026781,93.4334779168981,95.06007190692542,48.359102811463345,35.65735404304574,12.701748768417602,581.8862257310914,533.527122919628,461.55875915527344,418.156315612793,656.6112602837893,411.6499518744137,534.1306060791015,0.4586168731418815,30.755978016614886,0.041118762133200384,1.2256803778148597,75.0,-0.02966375913266946
2021-11-09,635.1906127929688,657.0405883789062,632.3316650390625,654.0003662109375,2198989754,-0.02966375913266946,0.03890001338526907,-0.029228108139168207,72.60348393344773,73.704194119419,85.07859748164886,90.08627106747504,49.02914886455312,38.33171300734722,10.697435857205903,590.0869006636879,541.0577517991347,467.02325317382815,418.69944244384766,669.8540841010017,411.8241568657952,540.8391204833985,0.47709183278861383,30.324045539702663,0.04217965644847037,0.946693582887263,84.0,-0.03185080948346523
2021-11-10,615.278076171875,662.3065185546875,578.0742797851562,635.0383911132812,3653998344,-0.03185080948346523,0.1369010891686662,-0.03134891514460081,66.41876645866611,61.94547678757852,75.61507289016163,84.70904942956953,47.40691252196302,40.14675291027038,7.260159611692643,593.9624661264859,546.5555536045229,472.43812255859376,419.29375747680666,676.7931787874652,419.28717704749585,548.0401779174805,0.4698670136165501,34.174630770404704,0.039951596560022166,1.5539534637564747,75.0,0.023474584351617252
2021-11-11,629.892333984375,634.8444213867188,606.4091796875,615.4552001953125,2341652507,0.023474584351617252,0.045143019155911984,0.02375228108797023,68.53710763960851,66.51911348594219,78.13892039262323,79.61086358814458,46.76148965714788,41.46970025964588,5.291789397501994,599.4901381046227,552.7286484474748,477.4471624755859,419.9178338623047,684.9291147318719,426.27615870562806,555.60263671875,0.46553586850088297,33.764674408177136,0.0400139794022899,0.9878865135868027,77.0,-0.0051726764887034225
2021-11-12,626.6425170898438,634.5205688476562,604.1627197265625,629.1442260742188,2209163398,-0.0051726764887034225,0.048445243170024556,-0.005159321235066572,67.51715453122019,64.50772472035086,73.10542263327385,75.61980530535291,45.463677350881085,42.26849567789292,3.195181672988163,603.6674271792721,558.203749828391,482.3036047363281,420.3781579589844,691.3448884442214,433.93399339171606,562.6394409179687,0.457505955559264,33.52132974481403,0.040233731693309266,0.9120178634064439,74.0,0.03675631401554769
2021-11-13,650.1041259765625,655.3208618164062,620.5878295898438,627.07958984375,2106170805,0.03675631401554769,0.05342687553995726,0.03744018040090147,70.8857135846444,71.71209519232843,87.88156254714904,79.70863519101539,45.80034958792157,42.97486645989866,2.825483128022917,610.8115346865475,565.0111850986259,488.1993615722656,420.78632598876953,699.0422636815024,443.58371898451327,571.3129913330079,0.4471428946520963,33.60787992208178,0.039837854071645036,0.8543333764825805,72.0,0.0012512698698634622
2021-11-14,650.9180908203125,659.99267578125,634.5494995117188,650.062255859375,2101401990,0.0012512698698634622,0.03908813816722587,0.0012520530346231684,70.99808331533876,71.9426127813387,88.27525197412416,83.08741238484903,45.60711449521341,43.501316066961614,2.105798428251795,616.9817740917421,571.3746595965287,494.2201214599609,421.2277536010742,705.3383314248116,453.9149522665947,579.6266418457031,0.43376781018486366,33.02468680404245,0.03996340661527769,0.839398902255511,74.0,-0.02783654617640555
2021-11-15,633.0486450195312,660.044189453125,631.9422607421875,650.943115234375,2146877925,-0.02783654617640555,0.04439142067837532,-0.027452679611748798,65.06123926869472,59.519870156442444,72.28077338811056,82.81252930312793,43.51049742712951,43.5031523389952,0.007345088134307787,619.4536003883251,575.9431029611956,499.9974591064453,421.39446411132815,705.9919493194354,468.76369338075983,587.3778213500976,0.4038767677564034,32.67306122596353,0.04061085842202429,0.8463955893132964,72.0,-0.07072498594513538
2021-11-16,589.8228759765625,635.2603759765625,574.1801147460938,634.9476318359375,3772957260,-0.07072498594513538,0.10355695534755059,-0.06828190753276964,53.42374074716823,40.01833707779303,39.20952563139502,66.5885169978766,37.92379310623289,42.38728049244274,-4.463487386209849,614.8950274019,576.9712342956672,505.0700921630859,421.2231756591797,694.6332198443959,494.20391089290894,594.4185653686524,0.3371854794393622,34.70214694057105,0.04144771690509775,1.4466095173436362,71.0,-0.020087918148709114
2021-11-17,578.0927734375,593.1080932617188,554.3214111328125,589.3280639648438,2704847734,-0.020087918148709114,0.06709421724521807,-0.019887500157807714,50.76982728955962,36.25729612792442,26.686117785514636,46.05880560167341,32.178830907471365,40.34559057544847,-8.166759667977104,609.2331421766077,577.0543112691363,509.9712957763672,421.0169033813477,687.7444143508562,509.7004403854719,598.7224273681641,0.29737314960460337,34.99389945402356,0.03776521589609101,1.0355336874032284,52.0,-0.08264433875849315
2021-11-18,532.2376098632812,587.9127197265625,518.423095703125,578.0348510742188,2917116815,-0.08264433875849315,0.13056128078075444,-0.07932146133145934,41.98860400629051,25.37907222028845,9.153368883956844,25.016337433622173,23.653120057421688,37.00709647184311,-13.353976414421425,597.3876756668651,573.7345556094434,513.2562561035156,420.5675863647461,687.4755560853584,510.2308465025322,598.8532012939453,0.29597355278364157,37.45787978041027,0.0396044347870894,1.1114875938176803,54.0,0.08857395143844277
2021-11-19,581.5308227539062,585.8994750976562,525.2415161132812,531.505126953125,2481119529,0.08857395143844277,0.10430738425372234,0.09261505007751558,51.66650354994371,45.78060904508049,41.814594304728644,25.88469365806672,20.636102954698572,33.732897768414205,-13.096794813715633,594.9481598341022,574.3120568794036,517.1457257080078,420.09682006835936,684.4729682184479,518.5943962835051,601.5336822509765,0.27575940770966445,39.11502829497918,0.04423038742914529,0.940235718138592,34.0,0.03764533050497857
2021-11-20,603.8400268554688,604.8842163085938,574.0227661132812,581.478515625,2336197759,0.03764533050497857,0.05110865266091295,0.03836289192018172,55.3010231075798,52.62032486924185,56.59646591321776,35.854809700634426,19.81682546118327,30.94968330696802,-11.132857845784748,596.3161393758509,576.4993139146676,520.7896624755859,420.06001861572264,680.5128410395749,530.5020820561282,605.5074615478516,0.24774386528611228,38.52548700214585,0.04472937365255588,0.8809781697404732,43.0,-0.031194593593363115
2021-11-21,585.2942504882812,605.1771240234375,580.5870971679688,604.4089965820312,2055539646,-0.031194593593363115,0.042013101674849083,-0.030713062305203098,51.81297134759273,46.88421097169032,46.475927149817636,48.29566245592135,17.46967346448048,28.253681338470514,-10.784007873990035,594.6204641623787,577.1507906978982,523.9335809326171,419.7281762695313,678.6746822955452,535.7440738079704,607.2093780517578,0.23538932970068777,37.53009699166892,0.04430859656362268,0.7822222324234939,49.0,-0.04573804897154953
2021-11-22,559.1270141601562,585.1484985351562,554.270263671875,584.8157958984375,2251971535,-0.04573804897154953,0.05522579678905747,-0.04470783081551721,47.28150681710749,39.751183003863744,28.289512196984287,43.787301753339904,13.344237253258939,25.271792521428203,-11.927555268169264,589.1599333928059,575.815696139547,526.5059448242188,419.35740936279296,678.2437222743204,536.6429720616172,607.4433471679688,0.23310939344858447,37.06537483629302,0.04561646992408938,0.8594118171233812,50.0,0.05618285890392087
2021-11-23,591.4395751953125,605.0904541015625,559.0416259765625,559.5701904296875,2927434189,0.05618285890392087,0.07785888881343997,0.05779109257257353,52.774112499438374,50.58264592793828,50.74697143361333,41.837470260138424,12.537627002220347,22.724959417586636,-10.187332415366289,589.5106475162685,576.9730205140481,529.8197583007812,419.19179077148436,677.5544979073131,539.6182743094837,608.5863861083984,0.2266501958413196,37.70705007120066,0.047008022127547025,1.1095688691614172,33.0,-0.017128576340802414
2021-11-24,581.3953247070312,594.8309936523438,577.5083618164062,591.195556640625,2917418688,-0.017128576340802414,0.029794927994418397,-0.016982716256287556,50.99551272329594,47.48663200137968,44.46528927044545,41.16725763368103,10.961537712430072,20.372275076555322,-9.41073736412525,588.2621363148473,577.3005986024173,532.5935418701172,418.8682632446289,676.1714221103613,543.1671521083887,609.669287109375,0.21815806177901095,36.25102019725329,0.047037907043394854,1.0921753952021418,42.0,0.0376965035072951
2021-11-25,603.730224609375,646.9588012695312,587.8598022460938,590.3569946289062,2537227998,0.0376965035072951,0.09788974713279541,0.03841602942644662,54.65513737432201,54.68246258207685,60.23617432078334,51.81614500828072,11.38349352930652,18.574518767105562,-7.1910252377990425,590.6418422063132,579.2583486770067,535.9601190185547,418.575771484375,675.9751642774498,542.8716252733315,609.4233947753906,0.21840897501674525,38.3447670804852,0.043836219972007526,0.9705321847864301,32.0,-0.03126377332861074
2021-11-26,585.1473388671875,657.512939453125,566.5331420898438,639.0036010742188,4254504824,-0.03126377332861074,0.15548186126833122,-0.030780114999561237,51.227331211371805,48.26296562923482,47.11462212108675,50.60536190410519,10.101963827718237,16.880007779228098,-6.778043951509861,589.7965340002938,579.6945701725756,538.8878308105469,418.3447482299805,673.0456789319172,540.704449241911,606.8750640869141,0.21806997440094666,42.10441210068492,0.043038865800794454,1.5827808872263915,47.0,0.025627140890437862
2021-11-27,600.3367919921875,621.3866577148438,584.7943115234375,587.1033325195312,2485529516,0.025627140890437862,0.06095302949861924,0.025958339235389705,53.77907776216733,53.47184753708035,57.84003930492346,55.06361191559785,10.19448851219795,15.542903925822069,-5.348415413624119,591.418112152893,581.223623640695,542.5125256347657,417.98476257324216,667.4735378490129,541.2648654712996,604.3692016601562,0.20882710771996277,41.710693107165014,0.0431530939356391,0.9339139729376043,21.0,0.01820632347955732
2021-11-28,611.3668212890625,612.737548828125,574.55126953125,601.0064086914062,2731676788,0.01820632347955732,0.06246050319897882,0.018373068990611863,55.595863276947235,57.12857208392765,65.6284478003034,56.86103640877121,11.030691231558649,14.640461386969385,-3.609770155410736,594.4871443276883,583.4564530961296,546.3088726806641,418.10067077636717,661.16743295152,543.276152253558,602.221792602539,0.19576056885701104,41.458949263572876,0.043388708877899675,1.0282644073921863,27.0,0.02094999253156784
2021-11-29,624.31005859375,628.4968872070312,602.4429321289062,611.7626342773438,2425803182,0.02094999253156784,0.041732396778631414,0.021170984184906816,57.69715135518927,61.2932046671902,76.12846490858539,66.53231733793741,12.592638888052079,14.230896887185924,-1.6382579991338453,599.0752849840054,586.4826460959533,550.6936877441407,418.3650485229492,659.5879913599691,543.7675384251871,601.6777648925781,0.1924958170183674,40.35859253604088,0.04325172506842423,0.9092452604594844,33.0,-0.00263067379715191
2021-11-30,622.6698608398438,635.1295166015625,604.8676147460938,623.9569702148438,2781531694,-0.00263067379715191,0.04860023546771984,-0.0026272166070826497,57.32693223059074,60.42538742185663,74.94922873311428,72.2353804806677,13.54203920963073,14.093125351674885,-0.5510861420441557,602.7052197310575,589.1631805214267,554.8779608154297,418.46275634765624,660.3927727102307,543.7019355417224,602.0473541259765,0.19382335354320174,39.63740034457145,0.04263910042359577,1.0599108616373223,40.0,0.008478415088101819
2021-12-01,627.9715576171875,650.253173828125,619.1972045898438,621.8128662109375,2806563703,0.008478415088101819,0.04945442012711827,0.008514458641362355,58.25925865218046,62.43128059910606,78.76093534979077,76.61287633049682,14.554473515503332,14.185394984440576,0.36907853106275645,606.592348636616,592.0378751211126,558.5600415039063,418.7874057006836,660.119135110504,543.7834955047304,601.9513153076172,0.19326420035534309,39.02444097983643,0.04234647602515423,1.0600595981198355,34.0,-0.013630352986978659
2021-12-02,619.4701538085938,629.8849487304688,606.6478271484375,627.5718383789062,2378758113,-0.013630352986978659,0.037511285150972976,-0.013537880347402997,56.14111409221853,57.02408586168306,71.2388476029412,74.9830038952821,14.503653667675053,14.24904672108747,0.25460694658758243,608.5735494323048,594.0698957646298,561.5344506835937,419.0706072998047,659.2332356912233,543.9521585958861,601.5926971435547,0.19162645697447409,37.89677530856462,0.042441369420986495,0.8956058055568029,32.0,-0.04091509139372811
2021-12-03,594.635986328125,628.3163452148438,579.84521484375,620.2990112304688,2483348354,-0.04091509139372811,0.0815139538903503,-0.04008936883848979,50.378976473770074,44.0281870697302,39.097904379945234,63.03256244422575,12.317480555775887,13.862733488025153,-1.5452529322492659,606.4293089547388,594.1118283989629,563.9867224121094,419.48396530151365,652.0233497665295,545.6152305557362,598.8192901611328,0.17769654545056582,38.65208638445956,0.042399161857775314,0.9283922290026674,31.0,-0.043933205196115474
2021-12-04,569.0772705078125,596.148681640625,495.13226318359375,596.148681640625,4458419873,-0.043933205196115474,0.1775091427687665,-0.04298212084024289,45.23337976071217,34.568705788309686,45.538058482697444,51.95827015519463,8.42542479804331,12.775271750028786,-4.3498469519854766,600.6828415013655,592.2574167033222,565.8942150878906,419.7892401123047,643.6941083503526,545.760389940663,594.7272491455078,0.16466997022651783,43.10668153250039,0.043273669754355856,1.5964308424890652,25.0,-0.020046082275917497
2021-12-05,557.7830810546875,581.8065795898438,543.6355590820312,568.6514282226562,2394235567,-0.020046082275917497,0.06843344985587695,-0.019846495438214706,43.13669105356182,31.121552460224095,38.58268071694773,41.07288119319681,4.379116144892009,11.09604062900143,-6.7169244841094216,594.0828783557228,589.7037622108307,567.7370275878907,420.88302810668944,639.13421782265,542.7937240718811,590.9639709472656,0.16302261810706195,42.75413431645126,0.043108318598840414,0.8535264032122171,18.0,0.054890860280104814
2021-12-06,589.2561645507812,593.3837280273438,534.263671875,557.9497680664062,3567503629,0.054890860280104814,0.10032997482073668,0.056425310421002184,50.08072865200141,47.98472825621159,57.9649645078173,47.361901235820824,3.6697001725115115,9.610772537703447,-5.9410723651919355,593.3403070011163,589.6706068286048,570.1096398925781,421.8612451171875,639.1092004652268,542.7620702867263,590.9356353759765,0.16304166547207913,43.923128733300715,0.04237690572612619,1.276461935315794,16.0,-0.016367731923467528
2021-12-07,579.6898803710938,593.7992553710938,573.3385009765625,589.1107788085938,2112954675,-0.016367731923467528,0.03529603515147291,-0.016234508445033158,48.15578905475496,44.151600918811724,52.073694438336446,49.54044655436716,2.3089476080501754,8.150407551772792,-5.841459943722617,591.2402413657283,588.9312937576781,572.0012170410156,423.128212890625,639.1088628904973,542.9221185548153,591.0154907226563,0.16274826268609477,42.24724485196004,0.04229239352809516,0.7641118067672645,25.0,0.04701160550459086
2021-12-08,607.5927734375,607.7808837890625,567.6162109375,579.1826782226562,2245501623,0.04701160550459086,0.06610459275927191,0.04813417313502866,53.740928478320754,56.088277494385,69.2573234928743,59.765327479676024,3.4423899448031534,7.2088040303788645,-3.766414085575711,593.7560155306162,590.313625585813,574.3900952148438,424.66865631103514,635.03473141418,554.5317663885544,594.7832489013672,0.13534840662430186,42.0984897090745,0.03872166855812517,0.8220276105262211,28.0,-0.06097973343063559
2021-12-09,571.6489868164062,616.6473388671875,568.03955078125,606.6359252929688,2132955304,-0.06097973343063559,0.08503083046930796,-0.05915769277132643,46.753643071528856,42.45208541395292,47.12181608715835,56.150944672789706,1.4238744389264184,6.051818112088376,-4.627943673161957,590.3549341899685,588.9310597510421,575.8026684570312,426.2121728515625,635.4123718906525,553.165942318332,594.2891571044922,0.13839463262806817,42.563439593136145,0.03643535399576768,0.7858348685253566,29.0,-0.033227075321916294
2021-12-10,552.9668579101562,594.5972290039062,551.73583984375,570.9810180664062,2089946472,-0.033227075321916294,0.07751167822632905,-0.03268111959804809,43.58190886394053,36.99770834082074,37.283558023388544,51.220899201140405,-1.6641223452525082,4.508630020620199,-6.172752365872707,584.6029224546128,586.2670447998653,577.4368670654297,427.250458984375,636.3381063484629,547.1528909659902,591.7454986572266,0.1507154943888031,42.58472170506615,0.03593665559799071,0.7734981127270106,24.0,0.020327845613545253
2021-12-11,564.322509765625,572.1915283203125,542.565673828125,553.6710815429688,1824951693,0.020327845613545253,0.05249809103750219,0.020535863394029574,45.98074354784836,42.25867299709452,44.60407452131634,43.003149543954414,-3.1586647222186457,2.9751710720524303,-6.133835794271076,581.4828589639992,584.6415236862179,579.1504541015624,428.35150161743167,636.8074620946833,544.5863611475041,590.6969116210937,0.15612253785801905,41.65908833271767,0.03576109839830605,0.678316845339254,16.0,0.011454972595436135
2021-12-12,570.823974609375,574.18505859375,559.5152587890625,564.1414184570312,1307635490,0.011454972595436135,0.02569934070258052,0.011520832026442163,47.36073247416836,45.309162600595755,48.79529852634329,43.56097702368273,-3.7749709306282284,1.6251426715162987,-5.400113602144527,579.8430306017493,583.6180015323775,580.8488049316406,429.30634994506835,636.0530642492446,546.5104550378647,591.2817596435547,0.15143813884155544,39.73128200928694,0.03432250502285095,0.4947177397006863,27.0,-0.09130858648105383
2021-12-13,521.0115966796875,572.8823852539062,511.99847412109375,571.1774291992188,1900967743,-0.09130858648105383,0.11685711320211419,-0.08726399055641454,39.11575527343876,30.77582554601986,16.683330047873284,36.69423436517764,-8.188449294221982,-0.3375757216313575,-7.850873572590625,570.792040767586,578.9804900618079,581.7363745117187,430.07312896728513,642.0046497624418,533.5160716731051,587.7603607177734,0.18457960988871439,41.242184089538775,0.03754371504345244,0.7334343397213585,28.0,-0.018953945314097647
2021-12-14,511.2293701171875,536.2976684570312,510.4207763671875,520.6317138671875,2232411089,-0.018953945314097647,0.050616990342147346,-0.018775448809278616,37.726744835482634,28.668952498278657,10.377135401481251,25.285254658565947,-12.333335609211758,-2.736727699147438,-9.596607910064321,561.628552975217,573.9618885844287,582.2680603027344,430.97987625122073,647.9427691384276,520.561356838135,584.2520629882813,0.21802475398849822,40.144663232417706,0.037573530868518695,0.8728465902890712,21.0,0.05665078897049276
2021-12-15,541.0269775390625,546.578125,503.0374755859375,528.4280395507812,2079796859,0.05665078897049276,0.08047777878307157,0.05828618065320579,44.223994530083466,42.62705196099913,34.058478440864796,20.37298129673978,-13.063185712837935,-4.802019301885538,-8.261166410952397,558.4590798311932,571.5222655440311,583.5280987548828,432.1597503662109,646.8054911536956,515.4283101158358,581.1169006347657,0.2260770266608214,40.38723367396376,0.03895863694678128,0.8205136661472838,28.0,-0.027699369623374253
2021-12-16,526.2465209960938,545.1519775390625,525.1216430664062,541.40380859375,1500825557,-0.027699369623374253,0.038062644926834456,-0.027319259771850457,41.88933989628603,38.29097164219684,23.36184425192751,22.59915269809119,-14.6652051397582,-6.774656469460071,-7.890548670298129,553.5033015488702,568.1685066886284,585.0728692626953,433.16206283569335,648.0231352254435,508.32058425697835,578.1718597412109,0.24162807064147998,38.93316944529894,0.03884247228822591,0.6261094409981336,29.0,-0.0010270844951947042
2021-12-17,525.706298828125,535.4282836914062,511.70050048828125,526.1488037109375,1804795681,-0.0010270844951947042,0.04513505593525823,-0.001026557224447222,41.80247667601706,38.125600375337136,25.16069341399355,27.527005368928624,-15.796318366388277,-8.578988848845713,-7.217329517542565,549.2268395918325,565.0231579582207,585.7466845703125,434.01894760131836,647.0748568596528,501.8058133063628,574.4403350830078,0.25288795838526607,37.8470704280008,0.03817688230072491,0.7637636114650774,23.0,0.01544967819474111
2021-12-18,533.891357421875,537.8184204101562,517.3238525390625,526.17236328125,1294574825,0.01544967819474111,0.038387150468328655,0.015569641474708629,43.70714669637252,42.51414803975399,27.157749287626842,25.226762317849307,-15.849564016623845,-10.03310388240134,-5.816460134222504,546.8675346426082,562.7170986592321,585.8320690917968,434.87443115234373,643.174275804046,497.958847975251,570.5665618896485,0.2545109326909359,36.6076059596503,0.03808733795586527,0.565026834796916,24.0,-0.007368106173175002
2021-12-19,529.9720458984375,543.7507934570312,527.772705078125,534.0184936523438,1199582659,-0.007368106173175002,0.030148926726539554,-0.007341028224100876,42.98175585001321,40.89382238100259,23.707950643177334,25.34213111493258,-16.02331051350302,-11.231145208621676,-4.792165304881344,544.2682286819665,560.2915391954696,585.8730859375,435.51797973632813,636.0977485711747,495.60157393859083,565.8496612548828,0.2482924074232121,35.134068989597154,0.03752460824125393,0.5379624859376702,29.0,-0.01293218497129503
2021-12-20,523.1624755859375,534.7802124023438,506.370361328125,529.72802734375,1467380399,-0.01293218497129503,0.05430406881227473,-0.012848923570970672,41.68721110994174,37.96114151226058,17.71413099070369,22.859943640502625,-16.52004844324017,-12.288925855545376,-4.231122587694795,541.0211897441159,557.541238187356,585.8490466308593,435.99475250244143,628.3613924061833,493.38719157819173,560.8742919921875,0.24064964779999518,34.653767709927266,0.037514966025219205,0.6780383491205354,25.0,0.010549889408299517
2021-12-21,528.7109985351562,535.1061401367188,517.76025390625,523.388427734375,1461697111,0.010549889408299517,0.03280787855468709,0.010605735709550812,43.18865916744919,41.92058203008569,22.597970112561406,21.34001724881415,-16.27835070627907,-13.086810825692115,-3.191539880586955,539.1273141735066,555.4056648797857,585.3981481933594,436.681330871582,617.2502321963966,494.5722958797753,555.911264038086,0.2206789900702867,33.417490461394515,0.03756772996117728,0.6970712248953355,27.0,0.009288780100479708
2021-12-22,533.6449584960938,544.6470947265625,527.6388549804688,528.7727661132812,1597323976,0.009288780100479708,0.03187182690533794,0.00933205470400189,44.55577629560637,45.527313763801736,26.940867655464967,22.417656252910025,-15.509885864695889,-13.57142583349287,-1.938460031203018,538.2838748385201,553.793760703216,584.9820947265625,437.39739639282226,606.2095687692394,497.03043977568257,551.620004272461,0.197924528022791,32.24540112458732,0.03775538531570171,0.7762137207183865,45.0,0.02786817189882996
2021-12-23,548.725830078125,552.5286865234375,524.7810668945312,533.7183227539062,1867124970,0.02786817189882996,0.05056736553654796,0.028260121906767077,48.62522972072239,55.40314070395611,49.90004099685691,33.14629292162777,-13.528028943923687,-13.562746455579035,0.03471751165534798,539.890329490767,553.4183584346907,584.5850354003907,438.17192443847654,600.2218778649973,498.42711505492474,549.324496459961,0.18530898124164052,31.924131017752956,0.03767991053441459,0.921113970614454,34.0,-0.012513673537519832
2021-12-24,541.9020385742188,554.1250610351562,538.2337036132812,549.0022583007812,1677259160,-0.012513673537519832,0.029325147887773677,-0.012435703095906248,46.94617825189427,50.563858157739425,54.62527516080715,43.82206127104302,-12.365474508372017,-13.323292066137633,0.9578175577656154,540.1998231959135,552.5652977042855,584.228330078125,439.09488357543944,598.12690172849,497.80456799807246,547.9657348632812,0.18308139970731602,30.778932903761675,0.03656666673454653,0.8883923327801531,41.0,0.009959784035455714
2021-12-25,547.3262329101562,550.865966796875,540.54541015625,542.4671020507812,1305388019,0.009959784035455714,0.018856316434441984,0.01000954775923879,48.46939518222127,54.26827981057265,62.24913827270216,55.591484810122076,-10.881024909464713,-12.834838634803049,1.9538137253383354,541.2961939211816,552.1772188306463,583.0018933105468,440.06150787353516,597.4014246587662,497.4843602533431,547.4428924560547,0.18251595880102486,29.317620313537624,0.03642183926652721,0.7119539031793516,39.0,-0.0006053758158047474
2021-12-26,546.9949951171875,549.4100341796875,537.4617309570312,547.3241577148438,1576727325,-0.0006053758158047474,0.021843532992649156,-0.0006051926128363139,48.378050604267465,53.98010171037099,62.935895744180705,59.93676972589668,-9.620417840706182,-12.191954475983676,2.5715366352774947,542.172932566721,551.7933504074272,581.2195141601562,440.91780944824217,591.4640409590497,499.1956270097002,545.329833984375,0.1691974438207487,28.076954807046096,0.03397584141628033,0.90930587624892,37.0,0.028202968864405292
2021-12-27,562.6414794921875,571.5488891601562,543.50634765625,546.5078735351562,2180356553,0.028202968864405292,0.0498408711871298,0.028604437910163982,52.89403706228363,64.39861017673415,86.99864854150279,70.72789418612855,-7.274975738793273,-11.208558728545597,3.933582989752324,545.3219397860236,552.5969155248168,579.4632629394531,441.9701008605957,588.6280043096987,500.32682357116056,544.4774139404296,0.16217602140646184,28.07449671396468,0.03455938962261993,1.25498249966915,40.0,-0.05051038921340174
2021-12-28,534.9280395507812,563.59033203125,530.0599365234375,563.59033203125,2791585162,-0.05051038921340174,0.06268206754682454,-0.04925594886182061,45.32987089024049,43.87359228000548,46.54781196463936,65.49411875010762,-7.5652316857396045,-10.479893319984399,2.914661634244794,543.7228782113709,551.2881098971105,577.0755236816407,442.9150726318359,574.2807049337077,507.4076495584797,540.8441772460938,0.12364569720568444,28.464203770668096,0.034233908022531595,1.5819355320343091,41.0,-0.03990742319207457
2021-12-29,514.0007934570312,540.6157836914062,511.7453308105469,534.8500366210938,2159325741,-0.03990742319207457,0.05616810956007376,-0.03912160991097824,40.60743342710847,34.25520852997373,11.706972192698652,48.417810899613606,-9.375836669478417,-10.259081989883203,0.8832453204047859,539.1502497876263,548.5260864571047,574.6517272949219,443.76637145996096,570.196755308002,505.72677984824793,537.961767578125,0.11984118453248911,28.493221564253187,0.03275710025364683,1.2227331497282181,27.0,0.00950512633807785
2021-12-30,518.9097290039062,527.5682983398438,509.00347900390625,514.5702514648438,1950603827,0.00950512633807785,0.03577658752240845,0.009550443519471763,42.13040606334525,37.97636683323783,19.23849478174148,25.831092979693167,-10.295958688104406,-10.266457329527444,-0.029501358576961678,536.0363235132079,546.3322822013123,572.7243603515625,444.52767532348633,568.7406143092807,503.77720795634434,536.2589111328125,0.12114186823619452,27.78404997651635,0.03223007446118414,1.1089178089352973,22.0,-0.013975173979415079
2021-12-31,511.70831298828125,527.6973266601562,507.8857116699219,519.123046875,2020489898,-0.013975173979415079,0.03871661743100915,-0.013877974555321582,40.49010283174386,34.622452386063514,8.189739531878432,13.045068835439524,-11.473991077868618,-10.50796407919568,-0.9660269986729375,532.2935526632192,543.7675437410878,570.3606799316407,445.242253112793,565.0990094250542,502.15739316283634,533.6282012939453,0.1179503184231954,27.214590334639066,0.031823499863779844,1.1422989306303872,28.0,0.030114865181799823
2022-01-01,527.3527221679688,527.3527221679688,511.9035339355469,511.9103698730469,1622547014,0.030114865181799823,0.029295739991460793,0.030572904099069875,45.458135313588386,46.57973874166312,32.19213679375588,19.873457035791933,-11.01820613724874,-10.610012490806294,-0.40819364644244516,531.5334248947191,542.5516310319679,568.3748840332031,446.0111859130859,557.9628540716785,504.9464232720715,531.454638671875,0.09975720774984116,26.388148823571097,0.03259227659180641,0.9092251618033524,21.0,0.00763913541364341
2022-01-02,531.3966674804688,533.3710327148438,518.7535400390625,527.2916259765625,1462276185,0.00763913541364341,0.027507686009940042,0.007668388049416386,46.69687120114751,49.37219269104232,38.396550190329485,26.259475505321273,-10.212952143033704,-10.530600421251776,0.31764827821807273,531.5123852925268,541.7253374355605,566.0007348632812,446.93300201416014,558.0467944985544,505.90098992527373,531.9738922119141,0.09802324011891199,25.547387670157537,0.02533794386539429,0.8296114818925788,29.0,-0.03691857402715834
2022-01-03,512.135986328125,532.0955810546875,510.65216064453125,531.3888549804688,1949153130,-0.03691857402715834,0.04187055973922026,-0.03624539318935727,41.82459867725306,38.25923914665303,6.6761899511771885,25.754958978420856,-11.002132813359594,-10.624906899673341,-0.377225913686253,528.531400836465,539.5335336498246,563.2250927734375,447.72998931884763,557.9504682047165,506.0879778402054,532.0192230224609,0.09748236176481453,25.254247151586018,0.026379083699358853,1.1147951012335005,29.0,-0.009081450596246796
2022-01-04,507.506103515625,519.70166015625,503.2153625488281,512.1303100585938,2200879165,-0.009081450596246796,0.03248492479837594,-0.009040338769581435,40.72462097806158,35.987571608404366,6.2791153619247995,17.117285167810497,-11.86439170747974,-10.87280386123462,-0.9915878462451193,525.2967397101819,537.1611314176616,560.7142419433594,448.5834713745117,558.0044096636711,502.68194897890703,530.3431793212891,0.10431445683069493,24.62796504128858,0.022815087603986376,1.254423291883535,23.0,-0.06607405473011341
2022-01-05,475.05694580078125,515.2391967773438,462.05755615234375,507.5978088378906,2870757788,-0.06607405473011341,0.11194792770654936,-0.0639384580600314,33.97953302472882,24.225908515275094,11.87252843794491,8.275944583682303,-14.993280724769534,-11.696899233941604,-3.2963814908279296,517.5675406471972,532.5608213719668,558.4189233398438,449.2801919555664,564.4837951044221,491.0836060186247,527.7837005615235,0.13907248179075057,26.667513297267966,0.026327377174208442,1.5747511160515169,24.0,-0.0037567911123991774
2022-01-06,473.2756042480469,481.0628356933594,460.2485046386719,475.0790710449219,4400228627,-0.0037567911123991774,0.043979302689302724,-0.0037497432012737475,33.65004121755425,23.729213169093057,11.704451575241748,9.952031791703824,-17.41592722144253,-12.84070483144179,-4.575222390000739,510.75339658578946,528.169323807232,556.3225799560547,449.9462339782715,568.8973982575071,481.42693340753203,525.1621658325196,0.16655896129019784,26.249428851369363,0.026312131005529243,2.2533346105847127,15.0,-0.055356907615837156
2022-01-07,447.7884826660156,474.29620361328125,439.260009765625,473.00006103515625,4613172287,-0.055356907615837156,0.07824273111952301,-0.053852599528187994,29.275874197179263,17.67881920506906,6.44685550246122,10.00794517188263,-21.148700674423026,-14.502304000038038,-6.646396674384988,501.0664867519781,522.2151874264011,554.6335974121093,450.83025421142577,575.8182003667107,465.8958438227423,520.8570220947265,0.21104132589380203,26.877054922532714,0.028083826207718487,2.1773670825852673,18.0,-0.03996348612941066
2022-01-08,430.24615478515625,458.4837951660156,419.1954650878906,447.8568115234375,4068139021,-0.03996348612941066,0.09131593540387051,-0.0391754780659318,26.70298712694381,14.67432326551858,7.253325459901685,8.468210845868223,-25.231615425237862,-16.648166285078002,-8.58344914015986,490.17105106477476,515.4026664900126,551.6079040527344,451.6723945617676,583.3001551400109,448.4412999381141,515.8707275390625,0.2614198635484412,27.763574576503594,0.02892980018175008,1.7983739324300467,10.0,0.01969322699844273
2022-01-09,438.8030700683594,444.4932556152344,428.239501953125,430.25311279296875,3347862691,0.01969322699844273,0.037041111994903016,0.019888417799982516,29.93751630159163,22.19888146524397,12.869815758895118,8.856665573752679,-27.460337552996975,-18.8106005386618,-8.649737014335177,482.2682847576339,509.7286223106309,548.3071649169922,452.3939584350586,586.8379516919225,436.4675628344448,511.6527572631836,0.29389148543204335,26.941444511189722,0.029690708934330186,1.4209069721755534,23.0,-0.03211738726633185
2022-01-10,424.93377685546875,445.0361633300781,408.69879150390625,438.78564453125,4156063326,-0.03211738726633185,0.08551302298224031,-0.03160710158825908,27.79642347194097,19.026132769144425,10.481518420107946,10.201553212968255,-29.999931413061688,-21.048466713541778,-8.95146469951991,473.44759123422386,503.44752264728555,545.0999554443359,452.9766421508789,590.0758327518196,422.8519596065788,506.4638961791992,0.33017925740963955,27.61258217654559,0.029760588700636782,1.6685233204547454,23.0,0.08691255156136438
2022-01-11,463.518310546875,467.28106689453125,422.00091552734375,424.8912048339844,4600615710,0.08691255156136438,0.09768794530201926,0.0908012866779706,40.53750917174085,44.68563507564474,41.556071082223525,21.6358017537422,-28.569793642423917,-22.552732099318206,-6.0170615431057115,471.9200095900164,500.4898032324403,543.1877813720703,453.8861291503906,587.5913697059884,418.3237578574881,502.95756378173826,0.3365445199308209,28.874551404448585,0.03677137346812749,1.74197929492703,21.0,0.04943346124238865
2022-01-12,487.0074157714844,489.3273010253906,457.1161193847656,463.562744140625,4131335431,0.04943346124238865,0.06614104959695165,0.05067567923453997,46.703263851714915,54.84772419415689,62.81159583478163,38.2830617790377,-25.249958862412143,-23.092177451936994,-2.157781410475149,474.24114900254995,499.4911078649621,541.0991381835937,454.92397598266604,582.0709379717325,417.67234816108,499.87164306640625,0.3288816080907649,29.112882135604046,0.03813973304524096,1.499992003778331,22.0,-0.02490325612076408
2022-01-13,475.02911376953125,488.21124267578125,467.8756103515625,487.0425720214844,4151007744,-0.02490325612076408,0.042809233654855394,-0.02459572814302613,44.18702767996425,49.443539351990886,53.203761816873346,52.523809577959504,-23.316733951021263,-23.13708875175385,-0.17964519926741218,474.36237435131636,497.6791083023376,538.9718139648437,455.84628646850587,577.0396334092029,416.0163602431408,496.5279968261719,0.324298477015052,28.485935720505097,0.03835170934709221,1.4423609676775107,21.0,0.03075871252511871
2022-01-14,489.867431640625,491.66064453125,468.9396057128906,475.127197265625,3112235914,0.03075871252511871,0.04638201552257491,0.03123664937785864,47.92959177471127,55.74536708664114,65.105623632278,60.37366042797766,-20.35269780621445,-22.580210562645973,2.2275127564315227,476.74776778044077,497.1004655866552,536.6945581054688,456.84795303344725,570.7387058376717,416.571407687719,493.6550567626953,0.31229761761371433,28.07415737035183,0.03909868138404836,1.0485022851348447,21.0,0.010398849646151035
2022-01-15,494.9880676269531,501.3111267089844,486.305908203125,489.9179992675781,1766015929,0.010398849646151035,0.030314303489772265,0.010453105586502254,49.1956648827069,57.86016428439787,69.21290199399793,62.50742914771644,-17.390023906886995,-21.54217323149418,4.1521493246071834,479.5539677568273,496.9439916637143,534.8913726806641,457.8218356323242,564.1722002829072,417.93722049345996,491.0547103881836,0.2977977335231079,27.140661737173797,0.039248998570645816,0.5930740572250253,23.0,0.006925323636898589
2022-01-16,498.42791748046875,505.30096435546875,489.50213623046875,494.9241027832031,1771927950,0.006925323636898589,0.031697317848611656,0.006949359143154199,50.07387001466201,59.38140267714201,72.7159323214292,69.01148598256839,-14.596259764889794,-20.152990538173302,5.556730773283508,482.45765232969524,497.05391209458503,532.8531951904297,458.797495880127,553.3487897290067,422.3392748461885,487.84403228759766,0.26854795018909744,26.330530764875668,0.03858451639153971,0.599168594005023,21.0,-0.04665082981038845
2022-01-17,475.7098693847656,498.94390869140625,468.5765075683594,498.50616455078125,2134608006,-0.04665082981038845,0.06383597036218937,-0.045579405364253756,44.59155453901646,46.45878245276704,60.368780279665756,67.4325381983643,-14.05334001722855,-18.933060433984352,4.879720416755802,481.4195318766291,495.47287189385764,530.1400561523437,459.7349531555176,546.8659614406877,422.900286117906,484.88312377929685,0.2556609402211467,26.61887864760218,0.03835949099468906,0.7299147020911751,22.0,-0.007818431895504853
2022-01-18,472.00506591796875,479.662109375,458.1524658203125,475.7364196777344,2106859289,-0.007818431895504853,0.045570789611876175,-0.007787947455427546,43.75032789260641,44.611685423922474,59.41996771233038,64.16822677114179,-13.763363397269984,-17.899121026641478,4.1357576293714935,479.97115249837367,493.73451589564365,527.0939562988282,460.6578630065918,543.5109002598025,422.055774544885,482.78333740234376,0.25157273730368773,26.253933283822562,0.03752268216913091,0.7210730391049268,24.0,-0.019647009185934792
2022-01-19,462.82208251953125,472.7742919921875,454.75860595703125,471.9172058105469,1780063381,-0.019647009185934792,0.03892572700308867,-0.019455264490812585,41.65279920728949,40.011530441844926,56.02699133775186,58.60524644324934,-14.111871975841382,-17.14167121648146,3.0297992406400773,477.33283404009023,491.4447060159316,523.8970007324219,461.4807878112793,538.9284737784035,421.02943637784654,479.978955078125,0.24563376404985673,25.665487051774967,0.03752596895025256,0.6110102272786004,24.0,-0.05055563663546324
2022-01-20,440.00543212890625,478.35394287109375,439.9780578613281,462.8569641113281,1881741995,-0.05055563663546324,0.08721684371960851,-0.04929896660594657,36.916879287597396,30.803956547193124,32.40780170970412,49.28492025326213,-16.044232608722496,-16.92218349492967,0.8779508862071737,471.590156822985,487.6343894317075,520.1376782226563,462.1421545410156,535.9073288313288,416.88029323898377,476.39381103515626,0.24985008796338287,26.57337262020287,0.038818738826174225,0.6474533739979944,24.0,-0.1385591161888681
2022-01-21,383.07391357421875,444.18023681640625,376.7701721191406,440.067138671875,3647221590,-0.1385591161888681,0.1759714308612279,-0.12938821750275242,28.277436137756226,18.44662603313388,4.90446012616767,31.113084391207888,-21.916895751567722,-17.92112594625728,-3.9957698053104416,457.97227324625175,479.88916899781947,515.4097534179688,462.54563415527343,536.678415641926,401.6813255690115,469.17987060546875,0.28772992732766434,29.490279197135923,0.0475470631428805,1.2126651070196102,19.0,-0.06742640022785407
2022-01-22,358.0961608886719,388.9119873046875,340.0548095703125,383.47454833984375,4226932408,-0.06742640022785407,0.1364359160207924,-0.06520348110497887,25.46204156575,15.304133294045315,10.917864528718217,16.07670878819668,-28.260747194506393,-19.989050195907105,-8.271696998599289,442.60671749893174,470.86746469343814,510.6789569091797,462.7314408874512,537.6475560826505,383.38213446910726,460.5148452758789,0.3349846876730499,30.873629092653,0.048536776649605706,1.3436573288838434,13.0,0.06966900236231408
2022-01-23,383.9339599609375,388.5939025878906,357.170654296875,358.32659912109375,2786834863,0.06966900236231408,0.0818454514787197,0.07215324232503662,32.903930087560425,29.7474898033945,26.553810252150317,14.12537830234541,-30.847806408200654,-22.160801438365816,-8.687004969834838,433.5801394161634,464.42794582436403,506.97609069824216,463.01349838256834,534.2613122421675,373.9481756728716,454.10474395751953,0.35303118653235827,30.91288760682176,0.052259668820554675,0.8742393797574184,11.0,-0.033274495442162655
2022-01-24,371.36895751953125,384.0406188964844,337.85394287109375,384.0406188964844,3210871602,-0.033274495442162655,0.12436870419618083,-0.032726988888101105,31.268956292992627,27.123261165041555,20.015294599650368,19.16232312683964,-33.525499076270364,-24.433740965946726,-9.091758110323639,424.00918835514307,457.53468743141343,503.24780822753905,463.31820755004884,531.1933170752501,363.4024562401796,447.29788665771486,0.3751210677269952,32.003872493862396,0.05240971773021165,0.9915530336901835,13.0,0.035058091859318755
2022-01-25,384.6193542480469,387.1768493652344,358.08355712890625,371.3868408203125,2325661159,0.035058091859318755,0.07564177911225294,0.03567987162152275,34.94030817728084,34.25843381918344,27.92848207295043,24.83252897491705,-34.184337762924656,-26.38386032534231,-7.8004774375823445,417.9492138771283,452.13355164005293,499.1550720214844,463.6588816833496,529.8866280019223,355.6653861582339,442.7760070800781,0.39347489262709684,31.795973904038522,0.05216329643184591,0.7242861808122812,12.0,-0.02331558843762347
2022-01-26,375.7554626464844,400.1520690917969,367.5751037597656,384.58624267578125,2226973227,-0.02331558843762347,0.08669725012801766,-0.02304588030649657,33.645572160885294,31.82652585586591,22.63493219491356,23.526236289171464,-35.01804788435476,-28.110697837144805,-6.9073500472099525,411.4578675339523,446.47591541830707,495.0763836669922,463.95695831298826,528.4840167301205,347.31598326987944,437.9,0.41372010381420665,31.851759006038005,0.052212376301006704,0.7178442045070792,23.0,0.03743452482488751
2022-01-27,390.0882873535156,391.80438232421875,360.3316955566406,375.54217529296875,1952844398,0.03743452482488751,0.08068093246556812,0.03814402219487034,37.6677332040603,39.87786576349608,31.19454978618179,27.252654684681932,-34.128814266289226,-29.31432112297369,-4.814493143315534,408.17023981388513,442.29905408017436,490.7262939453125,464.2972415161133,527.8040333209515,342.2259471477985,435.014990234375,0.42660158923067976,31.824682417576586,0.052236315116565214,0.6576804164939156,20.0,-0.010317141864025749
2022-01-28,386.0843811035156,393.3755798339844,376.7521667480469,390.00067138671875,1592850476,-0.010317141864025749,0.04305642470804973,-0.010264102716756263,36.993131495360636,38.399843125427815,28.803401699756364,27.544294560283912,-33.362588833146276,-30.12397466500821,-3.238614168138067,404.7724153969052,438.1350042300515,487.0150018310547,464.6460224914551,528.0150757689519,337.59872733163405,432.806901550293,0.43995682082530535,30.73887746531665,0.05166613606411352,0.559773580557076,24.0,0.007864677762094707
2022-01-29,389.1327819824219,396.77227783203125,381.68377685546875,386.06573486328125,1330610935,0.007864677762094707,0.03877468482530492,0.00789568557576259,37.90494874223734,40.363196634834324,30.623918333544747,30.207289939827643,-32.138892040963185,-30.526958140199206,-1.6119339007639795,402.36631794852315,434.50520998948633,483.7383203125,465.04763061523437,527.3502906289551,333.29648366303707,430.3233871459961,0.4509487812245754,29.62099343040564,0.05143075667861768,0.4847992497908323,24.0,-0.030050990581637425
2022-01-30,377.6129150390625,389.2471923828125,373.0362854003906,389.20220947265625,1289330238,-0.030050990581637425,0.042929959058060616,-0.029603948772118027,35.79669487685827,35.390162742771494,24.681222052227525,28.036180695176224,-31.73286380278614,-30.768139272716596,-0.964724530069546,398.5581021162984,430.29096591908456,480.00412841796873,465.38866333007815,527.6654006704333,328.24928743991825,427.9573440551758,0.4659719385603176,28.663130112692517,0.0513775895913261,0.4956432552939498,29.0,-0.006204382023362668
2022-01-31,375.2773132324219,384.9773864746094,366.1120300292969,377.64898681640625,1386778184,-0.006204382023362668,0.05027044209738453,-0.006185174589166342,35.367194425650894,34.3879940364658,26.3901376655182,27.231759350430167,-31.239438246877626,-30.862399067548804,-0.3770391793288219,394.9764422880097,426.21588053488733,476.0931951904297,465.6888298034668,524.3716423324531,322.7189460464531,423.5452941894531,0.4761065677093798,27.96328913645109,0.04651274252302875,0.5682037871014374,20.0,0.026782045907565288
2022-02-01,385.46380615234375,387.7675476074219,374.32684326171875,375.09918212890625,1392647608,0.026782045907565288,0.03486891410082498,0.027143908146701756,38.81525147227484,42.65131158177185,33.88602368772242,28.31912780182272,-29.68424855280307,-30.62676896459966,0.9425204117965897,393.51295980559956,423.19720835840263,473.38223937988283,466.1012208557129,516.1788767000633,320.75735071692895,418.4681137084961,0.46699263236879374,26.925961651397664,0.045233238627910295,0.604526239222222,26.0,-0.047801046925631904
2022-02-02,367.4716796875,386.1147155761719,366.8953857421875,385.48876953125,1290849744,-0.047801046925631904,0.05230152661105368,-0.04667656516039498,35.23930312902887,33.86306895351204,21.08023972697954,27.118800360073394,-29.562782401617596,-30.413971652003248,0.8511892503856515,389.50660901819964,419.06939141981724,470.50708557128905,466.43608963012696,509.58897307958443,316.5915109292047,413.09024200439455,0.467204117952335,26.375487950153857,0.045870527404526684,0.5974239639679504,28.0,0.009226230656180414
2022-02-03,370.87774658203125,370.87774658203125,360.4913330078125,367.370849609375,1202744039,0.009226230656180414,0.0280049522246584,0.009268923519297534,36.43322085625393,36.741818093621525,31.058924829941734,28.67506274821457,-28.85900976848552,-30.102979275299703,1.2439695068141816,386.6406301818661,415.4996399503516,467.1041009521484,466.7780758666992,498.5073338714414,315.77418163148826,407.14075775146483,0.448820582957948,25.233411209015635,0.045038603258567005,0.5823810535038583,20.0,0.0731631204765309
2022-02-04,399.02960205078125,399.2165222167969,369.817626953125,370.7108459472656,1711084752,0.0731631204765309,0.07367597569849095,0.07590602490495701,45.393929331609186,55.44322175259157,98.19823306235718,50.11246587309282,-25.733011288969124,-29.228985678033588,3.4959743890644646,388.5466258540069,414.279637142976,464.5597625732422,467.37313079833984,484.35197518037427,320.33369376493823,402.34283447265625,0.4076580154096989,25.530945784348226,0.048847383975069616,0.8296281958721083,20.0,0.03731337369149028
2022-02-05,414.20001220703125,430.3477783203125,396.9337158203125,399.14886474609375,2039010962,0.03731337369149028,0.08067132186200544,0.03801825748837406,49.52324910560616,62.426729047513305,82.5417920720276,70.59964998810885,-21.780438322023656,-27.739276206831605,5.958837884807949,392.4933006775491,414.27373899957274,462.3296368408203,468.1202189636231,467.674272461535,328.58860595643375,398.1314392089844,0.3493461023360513,26.094025549751926,0.04988844615248621,0.9822648999413016,33.0,0.012823153600746401
2022-02-06,419.5455627441406,421.1134338378906,408.6130676269531,414.2172546386719,1427593921,0.012823153600746401,0.029795014703947267,0.012905722789881224,50.93131131092611,64.70110781624743,88.32115078404058,89.68705863947513,-18.009057312800962,-25.793232428025476,7.784175115224514,396.6551871493324,414.66424446213335,460.04272094726565,468.7552899169922,456.0907459182206,334.5557018356857,395.32322387695314,0.30743208782584314,25.123049882693753,0.0493113004336604,0.6996379539574688,37.0,0.032094967523261984
2022-02-07,433.2292785644531,438.6415710449219,414.2497253417969,419.66644287109375,1755674427,0.032094967523261984,0.05630239439021695,0.03261556559151946,54.43524424960623,70.10535900492299,93.28149712564756,88.04814666057193,-13.757461729449915,-23.386078288310365,9.62861655886045,402.2819704439664,416.0394321734163,458.1078656005859,469.45323059082034,446.19550280770113,340.5733662108536,393.38443450927736,0.26849597322935415,25.070821012724558,0.050048000016257706,0.8678928986418184,45.0,-0.05809790201855539
2022-02-08,408.7767639160156,444.2886047363281,407.164306640625,433.4591064453125,2247004672,-0.05809790201855539,0.0908180243418396,-0.05644243327566234,47.85845170561795,53.142984051361495,57.70230089782269,79.76831626917028,-12.220287307275896,-21.152920092103475,8.932632784827579,403.28116943966626,415.50145674694215,455.8201513671875,470.0006994628906,433.6107993383648,347.75353781983836,390.6821685791016,0.21976242691287023,25.931783661508742,0.05138967251095311,1.0981015666675817,48.0,0.03293869718644052
2022-02-09,422.4655456542969,427.3935241699219,407.9497985839844,408.51690673828125,1601745132,0.03293869718644052,0.046024405507019216,0.0334871816273139,51.39850309853313,59.53710000712613,74.00683363018429,74.99687721788486,-9.784703250299174,-18.879276723742617,9.094573473443443,406.2326119342248,416.01731518452397,453.6952423095703,470.6026678466797,429.24209361920896,350.3682548915332,389.80517425537107,0.2023416925605086,25.468350941825083,0.050987288935160614,0.78815830484926,54.0,-0.01754210930624725
2022-02-10,415.1192321777344,434.17144775390625,411.2454833984375,422.5140380859375,2037888603,-0.01754210930624725,0.055227420409307705,-0.01738914226764887,49.45784007691115,54.85069854069865,65.19054623508987,65.63322692103229,-8.351006237974275,-16.77362262658895,8.422616388614674,407.5997842793801,415.9507905173544,451.3247277832031,471.16608322143554,432.2008209732882,350.61405939780553,391.4074401855469,0.20844458535792382,25.286751899942487,0.039910094609481174,1.0441091233244009,50.0,-0.03604581097285175
2022-02-11,400.4223937988281,419.2860107421875,393.9773254394531,415.18719482421875,1714654174,-0.03604581097285175,0.06320496978860138,-0.03540389661497001,45.73727352828474,46.33761753894369,47.651981940871906,62.283120602048704,-8.304968549279465,-15.079891811127053,6.774923261847588,406.4955703592952,414.80053890857465,448.35865905761716,471.6458039855957,431.477808639531,355.5696950225784,393.5237518310547,0.19289334700575086,25.28831857157048,0.0374974641342571,0.938928079595005,50.0,0.007383216914241461
2022-02-12,403.3897399902344,407.1397399902344,394.79949951171875,400.4990234375,1372516416,0.007383216914241461,0.030591359311256575,0.007410540063094162,46.61056305958799,48.2302730166604,51.19308313688672,54.67853710428284,-7.937544241736532,-13.651422297248951,5.713878055512419,406.0177503025166,413.95529454425315,445.5884130859375,472.0947396850586,432.41487251133344,356.57820915370564,394.49654083251954,0.1922365737291057,24.36345585063799,0.03434940396713197,0.781852706090652,44.0,-0.011225574674421519
2022-02-13,398.88677978515625,406.7127685546875,395.65533447265625,403.2715759277344,1151509777,-0.011225574674421519,0.027720733407075752,-0.011162803013252454,45.41607767088533,45.395667035720415,45.81944732250519,48.221504133421284,-7.9184303505711,-12.504823907913382,4.586393557342282,404.9206779152304,412.8391082658015,442.6196240234375,472.5220303344727,432.3018896622493,359.4429742293522,395.87243194580077,0.18404644919268406,23.413025724308937,0.03348469376884578,0.6968294845113913,44.0,0.011897297513660714
2022-02-14,403.6607971191406,403.9344787597656,391.3836669921875,398.64312744140625,1269083662,0.011897297513660714,0.031092471345127302,0.011968351863041793,46.96777463358462,49.09613309964818,51.51655086240458,49.50969377393218,-7.432383265601459,-11.490335779450998,4.057952513849539,404.72685010044734,412.1592333660488,439.75294006347656,472.9565870666504,433.02236312726956,360.62664505144136,396.82450408935546,0.18243761998005648,22.637153298828164,0.03273054370951608,0.793341030694325,46.0,0.0687978949899083
2022-02-15,432.4093933105469,436.24810791015625,403.0949401855469,403.6642150878906,2538883559,0.0687978949899083,0.07667078522690533,0.07121968840318438,55.22276830368578,65.5148926460977,85.82386850938629,61.05328889809869,-4.67354231178831,-10.12697708591846,5.45343477413015,408.9857029020011,413.6592452137894,437.14829833984373,473.5040872192383,437.6396213859119,361.67477985920533,399.6572006225586,0.1900749977940438,23.388297186383966,0.03529922542211096,1.5718059344353432,46.0,-0.010440937193707776
2022-02-16,427.9181213378906,433.4287414550781,423.0782470703125,432.491943359375,1670788158,-0.010440937193707776,0.02418802539234537,-0.01038661981477984,53.81346254824802,61.877249673431365,80.46418092050276,72.60153343076455,-2.817075598650433,-8.664996788464855,5.847921189814421,411.8983826613687,414.71545826001915,435.00809997558594,473.97592987060546,441.16909655188476,361.92828809166997,401.54869232177737,0.1973379816082576,22.45702555769694,0.034747262629948115,1.0434844603653528,51.0,-0.06136090029428152
2022-02-17,402.4500427246094,431.01837158203125,400.8066711425781,427.5499267578125,1644013199,-0.06136090029428152,0.07506944274354704,-0.0595162423448089,46.55759856155867,45.25414838977765,43.81897048066501,70.03567330351802,-3.3621170592326735,-7.604420842618419,4.242303783385745,410.44479190186723,413.8069089610999,432.7770849609375,474.3207600402832,441.3468623289486,363.3870884767155,402.36697540283205,0.1937529136783236,23.01093090639381,0.03765562176120416,1.0251244454280204,52.0,-0.007184046645148911
2022-02-18,399.5691833496094,410.94293212890625,393.8162841796875,402.64984130859375,1554511893,-0.007184046645148911,0.04286278487656421,-0.00715830306662768,45.80524161458019,43.70468365122117,15.472121708201886,46.58509103645656,-3.9806412641419797,-6.879664926923131,2.8990236627811514,408.77162135536605,412.75226261950803,430.39027404785156,474.6630903625488,441.4229251877778,364.35466575460504,402.88879547119143,0.1912891604320715,22.590624980881305,0.03768420032715829,0.9625963357432458,30.0,0.0011865638716388987
2022-02-19,400.0435791015625,406.3809509277344,393.93365478515625,399.52142333984375,1192395484,0.0011865638716388987,0.0311148504633742,0.0011872681170661536,45.96010589854292,44.07257001070255,16.36881636881637,25.219969519227764,-4.3820330312041165,-6.380138547779328,1.9981055165752117,407.4288456240117,411.8108786552158,428.1569793701172,475.04956954956054,440.8028935621575,367.21776378647525,404.0103286743164,0.182136753822948,21.866101492431078,0.0369557078763337,0.7405866111986046,25.0,-0.04923110079040423
2022-02-20,380.825927734375,400.1314392089844,376.0079650878906,400.0033874511719,1431745519,-0.04923110079040423,0.0633451463365693,-0.048038894688292366,40.86566261086407,33.67274098095393,7.056118207578372,12.965685428198887,-6.179608079917898,-6.3400324542070425,0.16042437428914447,403.336089025606,409.5156971055239,425.2264434814453,475.2791052246094,440.2845788965453,368.29093990228284,404.2877593994141,0.17807523804631623,22.02734239447841,0.03872282428592867,0.8880048190735608,27.0,-0.06555592269014024
2022-02-21,356.6612548828125,393.62408447265625,356.1849670410156,380.7365417480469,2164511484,-0.06555592269014024,0.10497108087600354,-0.0634533289141418,35.53226569978298,25.013798282021313,0.5405995192207774,7.988511365205182,-9.44520792584484,-6.9610675485346025,-2.484140377310238,396.15534531133005,405.6005532371749,421.7317352294922,475.3730421447754,443.71649146814536,361.9787722037296,402.8476318359375,0.20289983806508768,23.128183468561424,0.04089730203219645,1.3111016688850186,25.0,0.04829109209012563
2022-02-22,374.3074645996094,374.8593444824219,350.1475830078125,356.7254638671875,2037210077,0.04829109209012563,0.0660199536791048,0.04947610505827127,41.53308737318857,38.489539959590424,28.06008629935683,11.885601342052004,-10.488413777287064,-7.666536794285095,-2.821876983001969,392.79413289414225,403.2825466714293,418.97516479492185,475.5338945007324,442.96897662427455,363.40986553881135,403.18942108154295,0.19732440120092531,23.241296183279136,0.04111016077623469,1.206714661214531,20.0,-0.020971293730795867
2022-02-23,366.53948974609375,383.24761962890625,366.53948974609375,374.2992858886719,1644707704,-0.020971293730795867,0.04558343739275247,-0.020752925303867187,39.77779263414592,35.23733751438313,19.038103143823047,15.879596320800227,-11.805881725822417,-8.49440578059256,-3.3114759452298568,388.7549570252117,400.5608387510341,416.15583251953126,475.58788513183595,443.4948411691281,362.4501753103641,402.9725082397461,0.2011171089878592,22.77464144753152,0.041342979001444013,0.9616336600689888,25.0,-0.01457851757811062
2022-02-24,361.2346496582031,368.16851806640625,324.4836730957031,366.34918212890625,2972951900,-0.01457851757811062,0.12093204517351068,-0.014472765517203445,38.578700379052734,33.01477268062415,32.88253246528067,26.66024063615352,-13.126724122987241,-9.420869449071496,-3.705854673915745,384.52106358413346,397.6477877071207,413.8793865966797,475.68373458862305,445.5020733987689,356.6634478414655,401.0827606201172,0.22149699333860506,24.268227413472346,0.03758997544165137,1.676394672101551,23.0,0.037171447377082674
2022-02-25,374.9149475097656,376.8026123046875,357.3665466308594,361.21600341796875,1839035023,0.037171447377082674,0.05184126640702119,0.037870945836748104,43.32355045499984,43.69888394373638,45.122828650980516,32.34782142002809,-12.920674045735439,-10.120830368404285,-2.799843677331154,383.0431995726923,395.9638736184277,411.91217346191405,475.78347518920896,444.50771992966577,353.72929484084204,399.1185073852539,0.22744729550012766,23.92307300349776,0.03758158436110506,1.0428790252261582,27.0,-0.003409736134697205
2022-02-26,373.6387634277344,385.2103271484375,371.47503662109375,374.8885803222656,1319208551,-0.003409736134697205,0.0367608820919361,-0.00340392958591762,42.98991474332145,42.95325964314073,43.98097696609532,40.66211269411884,-12.713798509751655,-10.63942399667376,-2.0743745130778954,381.59636324269877,394.3101617524504,410.42917907714843,475.79189712524413,442.4904075973575,351.15592724150974,396.8231674194336,0.2301641835828329,23.195374255201045,0.03735138374001367,0.7504022026065866,26.0,-0.03571141186615474
2022-02-27,360.5310363769531,380.9590759277344,359.6255187988281,373.5999755859375,1600855952,-0.03571141186615474,0.0591725953562593,-0.03508128260176202,39.61540032601405,35.661809095378175,32.25298221307556,40.452262610050475,-13.452460592336706,-11.20203131580635,-2.2504292765303564,378.35554372489173,391.80800431722844,409.03487670898437,475.63576705932616,438.2547534065037,348.1217572136135,393.1882553100586,0.22923623728743772,23.06238731760856,0.03680458049427607,0.9146383933926011,26.0,0.09285696608205429
2022-02-28,395.6124267578125,396.45733642578125,356.6175842285156,360.3821716308594,1868349380,0.09285696608205429,0.10070399588750753,0.09730477224207701,50.75649265706625,57.950173962860745,63.64167078748665,46.62520998888585,-11.079364580021775,-11.177497968649437,0.0981333886276623,381.01044880687954,392.0898133869013,408.17106384277344,475.6847343444824,437.0478018087993,348.0122750954976,392.53003845214846,0.22682474713118192,24.26077052329835,0.04143322006476338,1.0791421817842748,20.0,0.03201357194333827
2022-03-01,408.4822998046875,418.4899597167969,391.3292236328125,395.6241149902344,2885318336,0.03201357194333827,0.06649183109518102,0.03253151866929027,54.10211132709457,63.379848035263954,77.10181651536509,57.66548983864245,-8.06718421814378,-10.555435218548306,2.488251000404526,385.2368874219269,393.3040716400707,407.8420343017578,475.6724214172363,434.86044683839805,348.8013054809379,391.830876159668,0.21963338418075995,24.46791092049021,0.04139308528257386,1.6069658477077438,51.0,0.0012673185637672893
2022-03-02,409.00030517578125,414.912841796875,404.5347900390625,408.5185241699219,2045870796,0.0012673185637672893,0.025374190743824,0.0012681219512851172,54.23687963447056,63.6005525100786,79.33249286937661,73.35866005740947,-5.573957760082067,-9.559139726855058,3.9851819667729913,388.8927978455968,394.4667556056789,406.7516741943359,475.6722505187988,433.97087064567745,349.0789889734632,391.5249298095703,0.21682369424982445,23.461492408870374,0.0412271401934055,1.139185868600304,52.0,-0.015894876128311395
2022-03-03,402.5506896972656,412.80059814453125,397.9063415527344,409.0327453613281,1598018507,-0.015894876128311395,0.03699970456639376,-0.01576921923259611,52.18239309013606,58.48078174927926,83.044463734881,79.82625770654091,-4.071553561766166,-8.461622493837279,4.390068932071113,390.9940119766228,395.06556553838897,405.0625396728516,475.6120288085938,434.17653352357195,349.08615568541245,391.6313446044922,0.21727162294451205,22.849546993365124,0.04055978834071426,0.8927107298328004,39.0,-0.07281448435580398
2022-03-04,374.2808837890625,402.9167175292969,372.868408203125,402.5751953125,1740563403,-0.07281448435580398,0.0802827785965861,-0.07022669847979435,44.267156222601045,41.42732811734007,52.97221333087478,71.78305664504414,-5.103197996654387,-7.789937594400701,2.686739597746314,388.4227614862289,393.5259594828833,403.0475750732422,475.3960789489746,433.0031778081944,347.34862578067276,390.17590179443357,0.21952804269457218,23.363744302851323,0.04366450989654081,0.9624472804809636,33.0,0.027907782748266427
2022-03-05,384.87335205078125,386.84405517578125,368.17572021484375,374.441650390625,1321262776,0.027907782748266427,0.048505137758860346,0.02830085297032814,47.481632114146606,48.04962972954542,64.24004300742956,66.75224002439512,-5.008327102863859,-7.233615496093334,2.2252883932294747,387.87669849616003,392.8850255990239,400.9476934814453,475.310901184082,432.16784495488355,346.7826158605461,389.47523040771483,0.2192314746305009,23.028357921286048,0.044185348029721724,0.7271814857125868,22.0,-0.025958432396855774
2022-03-06,375.0111999511719,387.1640930175781,373.0179443359375,384.91180419921875,1305295273,-0.025958432396855774,0.03772193652744909,-0.025624408775144603,44.88585341479721,42.79407159280078,53.74909346129948,56.98711659986795,-5.663647486297464,-6.91962189413416,1.2559744078366961,385.89739102770034,391.5610385139978,398.5481561279297,475.19469985961916,430.6578525381531,345.42764856047967,388.0427505493164,0.21964127369219216,22.39391440416852,0.044378641013879755,0.7176783173205753,22.0,0.01674762803495697
2022-03-07,381.3446350097656,384.4175720214844,364.4313659667969,375.07159423828125,2058321705,0.01674762803495697,0.052409826230217414,0.016888655750597392,46.89374389219008,47.126959925166396,60.486339752200855,59.49182540697664,-5.607300859113536,-6.657157687130035,1.049856828016499,385.19696702494116,390.8042678840547,396.2064904785156,474.94647872924804,422.9763633221052,348.00266194644945,385.48951263427733,0.19448960067244428,22.221935236348447,0.04132572410691891,1.1468591310271743,23.0,0.001608593434022324
2022-03-08,381.95855712890625,387.6297912597656,377.70556640625,381.2547607421875,1684540144,0.001608593434022324,0.02598246503001194,0.0016098879144448297,47.09494609762917,47.57600231733338,61.13940471328705,58.45827930892914,-5.45027993248118,-6.4157821362002645,0.9655022037190841,384.6987501178588,390.14903005034,394.33146423339844,474.5815899658203,415.2320918646722,351.150976982984,383.1915344238281,0.1672299858556151,21.343527351860388,0.0413497498401313,0.9382354409267887,21.0,0.02991063581568284
2022-03-09,393.5557556152344,402.028076171875,381.8405456542969,382.0426330566406,2425559108,0.02991063581568284,0.051295223686970454,0.03036245233907464,50.88079173192477,55.8412589530679,73.47602485133415,65.03392310560736,-4.340013743959787,-6.000628457752169,1.6606147137923823,386.0613663482243,390.40138009218407,392.7624780273438,474.30476745605466,413.94155721222427,351.5520829244945,382.7468200683594,0.1630045529224432,21.26095614941166,0.0398921050087317,1.322182449486414,22.0,-0.055901494217896454
2022-03-10,372.1590270996094,394.40411376953125,364.087890625,393.4803771972656,2105808203,-0.055901494217896454,0.08146039982100725,-0.05436771844989563,44.547007745699055,41.69233282841327,25.118548865215836,53.244659476612355,-5.1275497599662,-5.826012718194976,0.6984629582287756,383.92254492536046,389.05009468532666,390.9492169189453,473.9202951049805,411.89549228309613,350.8571322286226,381.3763122558594,0.16004759103529176,21.907760934777343,0.04172721124544936,1.1308924424789315,28.0,6.72389246060325e-05
2022-03-11,372.1840515136719,379.57171630859375,365.6082763671875,372.1961364746094,1550840418,6.72389246060325e-05,0.037517566603450535,6.724118519318978e-05,44.555700702288064,41.71248431798159,25.158994078228933,41.25118926492631,-5.684135292069186,-5.7976372329698185,0.11350194090063237,382.11662286202375,387.80075815409293,389.5927893066406,473.2817623901367,409.49375739113356,350.4729143617961,379.9833358764648,0.15532481942451695,21.340309435250838,0.04172126959341166,0.8249156806955994,22.0,0.0014668148729321292
2022-03-12,372.7303771972656,379.1956481933594,372.1268615722656,372.1861877441406,1211417865,0.0014668148729321292,0.01896487931637681,0.0014678911720473753,44.75929897545866,42.221094776988345,26.0419821311076,25.43984169151746,-6.01184857132688,-5.840479500641231,-0.17136907068564877,380.67258506744554,386.6844336387724,389.38591857910154,472.78743698120115,409.2532729784152,349.9038437208035,379.57855834960935,0.15635611641411049,20.32091494852533,0.040320114870135315,0.6481697795601725,22.0,-0.02962603677152129
2022-03-13,361.8498229980469,376.92840576171875,361.15087890625,372.60888671875,1242011950,-0.02962603677152129,0.043602416949514194,-0.029191487640569447,41.49146459058348,35.10386665572608,8.456502159873022,19.88582612306986,-7.0680573322632085,-6.085995066965626,-0.9820622652975821,377.7767755183073,384.8448328505705,389.46099182128904,472.08275482177737,408.7886435303995,350.8873299803427,379.8379867553711,0.152436869320675,19.99638722759272,0.038031358010327115,0.6813544392715052,21.0,0.031598115210145675
2022-03-14,373.4661560058594,373.6095275878906,360.3018493652344,361.83453369140625,1455465550,0.031598115210145675,0.035632889376052225,0.03210263559497495,46.022449877043634,46.365265872595835,22.62370536023345,19.040729883738035,-6.88836461348734,-6.24646897626997,-0.6418956372173703,377.11360328562307,384.0019678991104,389.2516357421875,471.5550550842285,408.7810237070969,350.8108189442703,379.7959213256836,0.15263514300122205,19.518622298668685,0.03710432485052207,0.8114002613433644,23.0,-0.004931759069553948
2022-03-15,371.62884521484375,374.3332824707031,362.68475341796875,373.472412109375,1360640456,-0.004931759069553948,0.03134452344785077,-0.004919617913080154,45.42327972697695,44.9266721999492,20.741237881344045,17.27381513381685,-6.8156459412114145,-6.360304369258259,-0.4553415719531557,376.269794351657,383.08544029286844,389.25683349609375,470.94070587158205,408.6523256675655,351.4484525306767,380.0503890991211,0.15051654932517228,18.956472781101947,0.036801859543311194,0.7645908447570486,21.0,0.03671878838299287
2022-03-16,385.5282287597656,386.3632507324219,368.4816589355469,371.54278564453125,1788844135,0.03671878838299287,0.046382055743102446,0.037401250532332675,50.65692456051464,56.766074203974725,48.05139166379407,30.472111635123866,-5.5722187107311925,-6.202687237552846,0.6304685268216534,377.69416887598146,383.26638758671265,389.27501098632814,470.43736236572266,408.6030257492706,353.9271103591278,381.2650680541992,0.14340656926474646,18.87969556794288,0.037463378814480544,1.0398071936416842,24.0,0.016200225045346062
2022-03-17,391.8247375488281,392.87042236328125,382.1614685058594,385.4595642089844,1635657390,0.016200225045346062,0.027330979469072838,0.016332160187901623,52.862162358809805,61.17698953160746,73.97157269672674,47.58806741395497,-4.032236917800333,-5.768597173602344,1.736360255802011,379.8681025179579,383.9003394357582,389.596396484375,469.9950709533691,409.6558119337625,354.5653031785422,382.11055755615234,0.14417426492363947,18.29607116004852,0.036750815371218465,0.9564171254860065,27.0,0.014746282779076855
2022-03-18,397.6455078125,399.92352294921875,384.2483215332031,391.7787780761719,1666543771,0.014746282779076855,0.03942003897453025,0.014855545619925303,54.87013847299675,65.0254227641027,89.49684959609738,70.50660465220606,-2.3154121083701398,-5.077960160555904,2.762548052185764,382.60308794788745,384.9185000562576,389.7475408935547,469.6858447265625,411.36246296168406,355.2593265890972,383.31089477539064,0.1463645754328525,18.108866178331883,0.0368289607093242,0.9646811044590115,25.0,0.005537420919110331
2022-03-19,399.8535461425781,406.00372314453125,395.414794921875,397.5616455078125,1532550954,0.005537420919110331,0.026482016540327228,0.005552780772565047,55.64205639350807,66.4952752161046,86.54283403859213,83.33708544380542,-0.7677951731309349,-4.21592716307091,3.4481319899399754,385.25700459322445,386.0247997663554,390.0229241943359,469.36301879882814,412.15406163894744,358.39997888839633,385.2770202636719,0.1395206044569267,17.57172775292648,0.03567727925166028,0.8888764213817067,28.0,-0.022983361019600246
2022-03-20,390.76837158203125,400.6107177734375,386.7667236328125,399.91973876953125,1334193471,-0.022983361019600246,0.035427621955629096,-0.02272125544012893,51.72198767464728,55.3324392893617,66.66361725982081,80.9011002981701,-0.271268249518414,-3.4269953803604114,3.1557271308419974,386.104907206887,386.3761754564054,390.0556359863281,468.8665170288086,411.62067026087544,358.4489647488902,385.0348175048828,0.13809583729739178,17.305461066333518,0.029574659356582003,0.7860050720655342,31.0,0.01442943374045242
2022-03-21,396.44781494140625,398.96173095703125,386.5613708496094,390.73895263671875,1657341491,0.01442943374045242,0.031278669323110304,0.014534040552928396,53.908099165209784,60.204743017103965,79.09077371909888,77.4324083391706,0.5739009557636905,-2.626816113135591,3.2007170688992814,387.6961237814284,387.1222228256647,390.432333984375,468.42915084838864,409.3620662722814,359.50412025115605,384.43309326171874,0.12969212821431716,16.955096712125542,0.0288049383673013,1.0130217824560677,30.0,0.019649714058321686
2022-03-22,404.31494140625,409.6425476074219,395.57574462890625,396.3555908203125,1795119554,0.019649714058321686,0.03479169711015329,0.019844040421830744,56.8245511392462,66.16850678349707,89.20241019893666,78.31893372595214,1.8571074191402204,-1.7300314066804288,3.587138825820649,390.2528649544779,388.3957575353377,391.0130865478516,468.0077020263672,408.2733378597387,360.12431228674563,384.1988250732422,0.12532319838254097,16.74879001686769,0.029188449026839883,1.105709743324021,26.0,0.010566465043269111
2022-03-23,408.6097717285156,411.0295715332031,398.8558654785156,404.3272705078125,1645651129,0.010566465043269111,0.02979298807072052,0.010622487280157689,58.373079131064245,69.11628821027634,95.22982759471222,87.8410038375826,3.183912538158495,-0.7472426177126441,3.931155155871139,393.077004458176,389.8930919200175,391.476005859375,467.5603587341309,409.6222034833668,359.38135486624265,384.5017791748047,0.13066480140858674,16.42199830528339,0.029056955586782438,1.0121593686024428,31.0,0.013412053326320889
2022-03-24,414.1269836425781,416.5054016113281,406.0115661621094,408.55426025390625,1831451218,0.013412053326320889,0.02533965634626624,0.013502398365862422,60.340890629934826,72.68343254153821,95.76820703727796,93.40014827697563,4.6272677836602725,0.32765946256193923,4.299608321098333,396.3154627942379,391.6881950105776,392.40911193847654,467.1078942871094,414.2392784930036,358.74888984195735,386.4940841674805,0.14357370765602837,15.998558101278775,0.023417482441603975,1.1232962496616161,40.0,-0.008039013130880365
2022-03-25,410.8111572265625,421.1537170410156,406.2960510253906,414.14825439453125,1678265707,-0.008039013130880365,0.03616665651422654,-0.008006786678931843,58.54950438628726,67.23808691497429,83.00371014155509,91.3339149245151,5.440858899699947,1.3502993499895408,4.090559549710406,398.5455696299801,393.10471073028015,393.20778015136716,466.6823249816895,417.4693632757504,358.11258557678866,387.79097442626954,0.1530638452500839,15.917065809446362,0.022946188455598527,1.0181946062808311,47.0,0.012358815305391771
2022-03-26,415.9197998046875,416.3175354003906,407.98126220703125,410.8162536621094,1082240527,0.012358815305391771,0.02004298231840374,0.01243550105263469,60.49541735187049,71.12632307925855,91.3989209596418,90.0569460461583,6.423810790012226,2.365001637994078,4.0588091520181475,401.2185281183966,394.79471732838437,393.5455841064453,466.6743800354004,421.2951594100168,358.37764942787385,389.83640441894534,0.16139464982990004,15.375580622583005,0.02195642910376899,0.6610623454254234,51.0,0.03446245618407434
2022-03-27,430.5032653808594,431.02557373046875,412.3829040527344,415.9313659667969,1499505093,0.03446245618407434,0.043304363002314286,0.035063167425595454,65.4777496270828,79.30591479139194,99.26148070637224,91.22137060252305,8.284077350720622,3.548816780539387,4.735260570181236,405.72387231262167,397.43979496190104,393.87164916992185,466.75133056640624,428.0969090677658,356.49176280723424,392.2943359375,0.1825291361635658,15.608944126522388,0.022789291861526433,0.9318428332031552,49.0,-0.0002611151275538417
2022-03-28,430.390869140625,440.7283935546875,428.5652160644531,430.54681396484375,2128699500,-0.0002611151275538417,0.02826077029589632,-0.0002610810399659158,65.40927963113411,79.10441801343399,86.75417446450092,92.47152537683833,9.63817963010905,4.76668935045332,4.87149027965573,409.5187949015452,399.88061527143617,394.08855529785154,466.79693481445315,433.7962644588308,355.6356386173411,394.71595153808596,0.19801739842770968,15.3628179382161,0.022812347696617163,1.3048375994325814,60.0,0.00951521473100974
2022-03-29,434.50567626953125,441.5075378417969,430.07489013671875,430.07489013671875,1987696098,0.00951521473100974,0.026311848911235534,0.009560628312404562,66.7789083068237,81.15000628896107,90.4118078725837,92.1424876811523,10.91749589199162,5.99685065876098,4.9206452332306405,413.36293049662,402.44543460462836,394.1140832519531,466.9613542175293,439.5054307476768,354.02146439392476,396.7634475708008,0.2154532300723035,15.08209149299196,0.022131472495432,1.2349795130805394,56.0,0.018649097439393688
2022-03-30,442.6848449707031,448.9471740722656,427.69207763671875,434.4297180175781,2181737151,0.018649097439393688,0.04801405938564158,0.018824077907093173,69.3746896012064,84.6376223120355,90.62324931891938,89.263077218668,12.447862593081538,7.287053045625092,5.160809547456446,417.8739942618636,405.42613166878203,394.79224487304685,467.1471415710449,445.8728237319828,354.70665319672815,400.2897384643555,0.22775045616956954,15.523020417460168,0.01703435112441444,1.3523496618608255,55.0,-0.03159676053045896
2022-03-31,428.9161071777344,451.9610900878906,424.9502868652344,442.65887451171875,2632534284,-0.03159676053045896,0.06297456022434594,-0.03110279908922553,60.766912430154235,62.07971064155676,65.96656228648484,82.33387315932931,12.406651009674931,8.31097263843506,4.09567837123987,419.5727808643053,407.16612985463036,394.92125610351565,467.20830596923827,448.42027318624065,357.8324093088765,403.12634124755857,0.22471333328658483,16.34357633211703,0.019209263983944277,1.5788463732847187,52.0,0.040411574225190774
2022-04-01,446.6042785644531,446.7965393066406,414.7493896484375,429.1240234375,2718206274,0.040411574225190774,0.07175737268172665,0.04123923324564993,66.51489135175697,72.90358727837179,91.80912152861059,82.79964437800494,13.643998614668135,9.377577833681677,4.266420780986458,423.7314728181742,410.0874742035061,395.55095703125,467.4460101318359,453.62014334561263,360.01992928622326,406.82003631591795,0.23007768965121397,17.46526014112318,0.020536885044302754,1.5597512673378937,50.0,-0.02184189733373084
2022-04-02,436.9553527832031,453.5584716796875,436.7767028808594,446.8442077636719,2272901729,-0.02184189733373084,0.038406140792042104,-0.02160509033246416,61.2437443745477,61.69602429956278,75.21815318756232,77.66461233421926,13.688228458085348,10.239707958562413,3.4485204995229353,425.7659158897171,412.0776874316318,396.2816162109375,467.55960571289063,454.2903566058343,366.86026900451725,410.57531280517577,0.212945310822436,17.416439330959246,0.019827008602919107,1.2667611428992929,52.0,0.030191542174506866
2022-04-03,450.348876953125,455.22845458984375,432.82171630859375,436.8658142089844,2128734028,0.030191542174506866,0.049754178211445226,0.030651928359754166,65.34868215992495,69.33123838245004,92.89386213753004,86.64037895123433,14.635319540322428,11.118830274914417,3.51648926540801,429.5479098994722,414.91259035914976,397.22079895019533,467.6542349243164,457.92651614080705,370.9123815642711,414.41944885253906,0.20996633921854815,17.772889255980015,0.01974656899971287,1.1645626681265684,48.0,-0.006290312452406902
2022-04-04,447.5249328613281,450.4326171875,434.1780090332031,450.2645568847656,2248856403,-0.006290312452406902,0.036321123049771156,-0.006270569854425978,63.81397169358615,66.09063907337105,87.08604901007827,85.06602144505688,14.98528630637253,11.89212148120604,3.0931648251664896,432.31360573975775,417.3283194333852,398.19356201171877,467.7686134338379,459.30257523979554,377.12593122993104,418.2142532348633,0.196494125616793,17.66444060585979,0.019800581759034753,1.2010962818836772,52.0,-0.005270163247639773
2022-04-05,445.172607421875,459.8055725097656,445.0386047363281,447.6300354003906,2268650039,-0.005270163247639773,0.03317133068666856,-0.005256300301333172,62.49730186532081,63.21898579422361,75.99173843380733,85.32388319380522,14.901054406468234,12.493908066258479,2.4071463402097546,434.2919136908527,419.3908592843845,399.02379821777345,467.96131240844727,461.00037925029216,381.39256508564534,421.19647216796875,0.18900399083328515,17.45747826068677,0.018947097847404233,1.1963391807284511,53.0,-0.057858956556829357
2022-04-06,420.1463623046875,445.02764892578125,418.8811340332031,445.0011291503906,2323241738,-0.057858956556829357,0.06223192020312397,-0.05621694753889239,50.54787705549815,41.06973535755358,26.27578256809639,63.11785667066067,12.668852544984532,12.528896962003689,0.13995558298084276,432.1156750160581,419.4468224710736,398.7785375976562,468.0079977416992,460.0826836693151,385.1424231422084,422.61255340576173,0.17732615825813994,18.088477912685708,0.023727793330779734,1.2033120156220933,48.0,0.03886492825119717
2022-04-07,436.7967834472656,438.293701171875,417.6010437011719,420.1826477050781,2125042415,0.03886492825119717,0.047373648925236066,0.039630049517133115,56.50623932728183,53.66932624462307,57.00057032052013,53.0893637741413,12.103840778329811,12.443885725268915,-0.3400449469391038,432.83584554393616,420.73200476560635,398.95611083984375,468.1496234130859,460.68452208876084,388.45571228623913,424.5701171875,0.170122217458427,18.274490738258383,0.024913301566273752,1.0877399468483229,34.0,-0.03522785877163282
2022-04-08,421.67724609375,440.6429748535156,419.43328857421875,436.93450927734375,1951923760,-0.03522785877163282,0.050298389291276585,-0.03461458034143472,50.55013559848988,43.757929038609106,26.427720517095075,36.56802446857054,10.317115294450105,12.018531639105152,-1.7014163446550477,431.1191379362152,420.8020226417651,399.34065490722656,468.4481800842285,459.997572605212,391.32503176490525,425.6613021850586,0.1613314165224514,18.48414756261828,0.026460340702635567,0.9885162436604831,37.0,0.01290216801814633
2022-04-09,427.1530456542969,428.0207824707031,420.2725524902344,421.66534423828125,1399108286,0.01290216801814633,0.018139236180793945,0.012985760107457889,52.50279987583968,47.82887006193492,31.145741229103198,38.19134402223948,9.236501102001682,11.462125531684459,-2.2256244296827763,430.5089698928432,421.2724687908415,399.8923321533203,468.86127227783203,457.85622945761787,397.10484231972583,427.48053588867185,0.14211497843193832,17.717296306750455,0.02583956890753657,0.7073901437100915,30.0,-0.02024885400063082
2022-04-10,418.5906677246094,429.3641052246094,418.5906677246094,427.1497497558594,1410282903,-0.02024885400063082,0.02573740489381345,-0.020045222706002175,49.22926224718066,42.24991360355931,8.525529310803773,22.032997019000693,7.601568083874611,10.69001404212249,-3.0884459582478794,428.6753849438841,421.0738168600095,400.2632739257813,469.05702392578127,455.80862079325385,401.36673626241026,428.58767852783205,0.12702624750633887,17.221306391982566,0.02629427912767973,0.717521425615116,34.0,-0.06032211414748753
2022-04-11,394.0868835449219,419.49078369140625,392.10992431640625,418.658447265625,2192782724,-0.06032211414748753,0.06947924561381363,-0.058538773243288156,41.294245345522775,30.407717901245036,2.9203638361934696,14.197211458700155,4.279292273755857,9.407869688449164,-5.128577414693307,423.3540770363515,419.07478476259564,400.5284930419922,469.10835632324216,457.4047836697332,398.74776759979807,428.07627563476564,0.1370246832365484,17.946988747912382,0.029472470990153477,1.104467476527884,32.0,0.04899001349717756
2022-04-12,413.8739318847656,416.63580322265625,393.16680908203125,394.2887878417969,2140526232,0.04899001349717756,0.05670565921788822,0.05020986276390049,48.51143118551151,44.94538671264766,32.149788279144246,14.531893808713837,3.2060567656018293,8.167507103879696,-4.961450338277867,421.8955931668767,418.6895364012749,401.67274658203127,469.4011445617676,457.0524881608774,399.62647912427883,428.3394836425781,0.13406657856579215,18.341417704534713,0.031470043221813,1.0648752172054814,20.0,0.02211841749606482
2022-04-13,423.1301574707031,424.3359375,411.05926513671875,413.8126525878906,1932053164,0.02211841749606482,0.031377277485121126,0.022364843187356653,51.51431381949825,50.5796741879117,45.82308314072664,26.96441175202146,3.0670548413895062,7.147416651381659,-4.080361809992152,422.08552613669616,419.01847129530665,402.6492004394531,469.76739486694333,456.8726343693974,400.70665029857133,428.7896423339844,0.13098726864087445,17.979650180159464,0.03171527534031853,0.9587642292742158,25.0,-0.02021193768115227
2022-04-14,414.6637268066406,426.8072204589844,412.047119140625,423.0670166015625,1615484732,-0.02021193768115227,0.035595352002520515,-0.020009045714612483,48.71567184474545,45.59976828502244,33.31647320343821,37.096448207769704,2.2478132256696313,6.167495966239254,-3.9196827405696224,420.94371085514916,418.69589762947953,403.61168518066404,470.1198046875,456.6186441510902,401.3458974748864,428.9822708129883,0.12884622614229105,17.749682404316598,0.03201478550430005,0.8029206851686013,28.0,0.006322471460182064
2022-04-15,417.2937316894531,419.7969665527344,413.2726135253906,414.6671142578125,1242920077,0.006322471460182064,0.015634917402016297,0.006342500471566259,49.631096909417316,47.47399643456167,37.201515969112606,38.78035743775916,1.7901421131143707,5.292025195614277,-3.5018830824999068,420.38217559888824,418.59203348577387,404.73286682128906,470.52531723022463,456.56367381707753,401.5382609973756,429.05096740722655,0.12824912889073037,16.94787316310425,0.031925100884204506,0.615293465404821,22.0,0.00044257081498859385
2022-04-16,417.47845458984375,418.6585998535156,411.91290283203125,417.29388427734375,1022481382,0.00044257081498859385,0.01615819199127715,0.0004426687639009774,49.699011567043236,47.62186732633223,37.474388606158634,35.99745925956983,1.4259031296551257,4.5188007824224465,-3.092897652767321,419.9354492898045,418.5095461601494,405.5841369628906,470.94754653930664,456.3571111110934,400.4423426242582,428.3997268676758,0.130520084351282,16.21914629584569,0.030891078664340526,0.5122156561224916,28.0,-0.024492132816951603
2022-04-17,407.3777160644531,417.88067626953125,406.1683044433594,417.4115295410156,1088306780,-0.024492132816951603,0.02875064433892306,-0.02419463427235835,46.04320161744367,40.37146619287364,22.553579374020345,32.409827983097195,0.3185241789973361,3.678745461737425,-3.360221282740089,418.00349033205816,417.6849661530608,406.258916015625,471.1444871520996,456.6414379466006,397.85670048113377,427.2490692138672,0.13758891873920287,15.897233833726132,0.03131076231124189,0.559778628003212,28.0,0.023269669492485316
2022-04-18,416.9684143066406,417.94696044921875,397.149658203125,407.43292236328125,1925668122,0.023269669492485316,0.049877404456826105,0.023542520525767108,49.81777241883227,48.97679105942138,36.720957186540204,32.24964172223974,0.21235962809811326,2.9854682950095626,-2.7731086669114493,417.8442478666093,417.6318882385112,407.3876635742188,471.29404251098634,455.8924108579268,396.8520013735185,426.37220611572263,0.13847152473251043,16.247238720323818,0.031742364759557676,0.9920641850132637,24.0,0.012911610435790203
2022-04-19,422.3870544433594,424.2740173339844,415.0993957519531,417.0076599121094,1854452731,0.012911610435790203,0.0217208872419681,0.012995325187230788,51.86654252504906,53.408830570429956,57.21547997471753,38.83000551175937,0.5590184139057328,2.5001783187887967,-1.941159904883064,418.5431411861093,417.9841227722036,407.9231561279297,471.2977618408203,453.9453968765396,396.7692363021714,425.3573165893555,0.13441913032747158,15.742051781874348,0.03157081763375269,0.963498274460482,27.0,-0.009593527318556028
2022-04-20,418.354248046875,430.97515869140625,415.7283935546875,422.3642883300781,2035166767,-0.009593527318556028,0.03644462846475126,-0.00954765624102516,50.22312185523554,49.66312407917218,54.075157938819025,49.33719836669226,0.5025412439339334,2.100650903817824,-1.5981096598838906,418.5140807031502,418.0115394592163,408.12059509277344,471.2490414428711,453.52484004952737,396.13360721609763,424.8292236328125,0.13509247867334573,15.706674164363234,0.030873563716948403,1.0740575925512301,27.0,-0.03238851878821707
2022-04-21,405.0214538574219,425.47412109375,402.0796813964844,418.3168640136719,2190281843,-0.03238851878821707,0.057760988891963926,-0.03186962783740932,45.13167322060481,39.08916434153537,26.603581267044408,45.96473972686033,-0.6110189384668274,1.5583169353608939,-2.1693358738277215,416.4382919576536,417.0493108961204,408.04101806640625,471.1216046142578,450.85321449459326,394.64695030032857,422.7500823974609,0.13295388110988166,16.255800273856263,0.029982257037329138,1.172249568129153,27.0,0.004842479239674558
2022-04-22,406.9875183105469,413.28125,404.1090393066406,404.96697998046875,1895749713,0.004842479239674558,0.022536835359065314,0.004854222990906321,46.001003113089745,41.24144111096385,38.2799543946932,39.652897866852214,-1.319666145642998,0.9827203191601155,-2.3023864648031136,414.98432678117564,416.30399292681864,408.1297546386719,471.0277976989746,449.36110309407417,393.1422782535821,421.25169067382814,0.13345661533266545,15.749829589535056,0.0297810885185799,1.0249591144930028,26.0,-0.013195315603233882
2022-04-23,401.6524658203125,407.8970642089844,399.2784118652344,406.99334716796875,1354484386,-0.013195315603233882,0.021457984394911523,-0.013108639086478191,43.965371113562064,37.09215517882293,24.55289838685361,29.812144682863746,-2.2854233738977996,0.3290915805485325,-2.614514954446332,412.9332712487352,415.218694622633,408.67718627929685,470.822529296875,444.77688427621,392.85685595816494,418.8168701171875,0.12396833084473778,15.240459786264694,0.028756290350326758,0.7479730654981616,24.0,-0.006361716555417255
2022-04-24,399.1053771972656,405.4305725097656,398.34661865234375,401.5250244140625,1222468479,-0.006361716555417255,0.017749582596880153,-0.006341523679793237,42.98731817633662,35.12384416918144,17.999255615860093,26.944036132468977,-3.2192126209627645,-0.38056925975372696,-2.8386433612090376,410.8059029331245,414.0251155540873,408.9618267822266,470.6410493469238,440.13101017131004,392.6607744966587,416.39589233398436,0.11400265119948937,14.657852219918778,0.028756369084857496,0.694760495255399,24.0,0.013056048622764488
2022-04-25,404.35028076171875,404.8739013671875,383.190673828125,399.1299133300781,1910707893,0.013056048622764488,0.05362486084643107,0.013141650962674722,45.66764811762334,42.45929893962958,44.28133314429283,28.94449571566885,-3.4957308336531128,-1.0036015745336042,-2.4921292591195083,409.8127302913698,413.3084611250229,409.5486083984375,470.4689920043945,434.6054718061166,394.10408019583656,414.3547760009766,0.09774568547554184,15.159664742714758,0.02906199118917856,1.0970634373775539,23.0,-0.047784277669482594
2022-04-26,385.4830627441406,407.0845031738281,382.08099365234375,404.26885986328125,1671963898,-0.047784277669482594,0.0648627966777366,-0.0466605785014812,38.63179562067283,28.795238690637248,6.958026768795205,23.07953850964938,-5.177615989343792,-1.838404457495642,-3.33921153184815,406.069704514873,411.2473205042168,409.631376953125,470.300897064209,436.24536830502456,388.99785374087384,412.6216110229492,0.11450567130261848,15.862796512626874,0.028167627468731117,0.9782756582683775,27.0,0.015349887688402708
2022-04-27,391.4458312988281,394.4585266113281,384.07769775390625,385.5621643066406,1512587369,0.015349887688402708,0.026519196341874423,0.015468302322390715,41.6893937554197,36.34800182899688,19.15328268516831,23.464214199418787,-5.960665659789129,-2.6628566979543393,-3.2978089618347894,403.81987786625075,409.7805435260399,409.8211224365234,470.15037887573243,432.94410008106945,387.7640267499852,410.3540634155273,0.11010022163551628,15.471227394397944,0.02672461878791564,0.9011702997863429,21.0,0.03827342010923992
2022-04-28,406.71820068359375,408.2324523925781,388.8776550292969,391.43865966796875,2116381172,0.03827342010923992,0.047587733548069826,0.039015281716224814,48.73475372017944,51.66741448412331,50.38884908161711,25.500052845193547,-5.287929631184795,-3.1878712846004307,-2.1000583465843645,404.2657736843035,409.5537033154883,410.0843713378906,470.15862335205077,431.6304847461671,387.581737543872,409.60611114501955,0.10753928226109838,15.74862524931818,0.027462278672007887,1.2547519059529746,24.0,-0.03415278576535315
2022-04-29,393.0621643066406,410.17578125,390.53997802734375,406.6417236328125,1928209754,-0.03415278576535315,0.04995597390375564,-0.03357616244859629,43.65552494882365,41.29857455158215,22.459061619160085,30.667064461981838,-5.789966360996004,-3.708290299879546,-2.0816760611164584,402.5421414723554,408.3321078333514,410.50243408203124,470.05665313720704,429.5027847256302,386.3003494296433,407.90156707763674,0.1059138742846852,16.02628081884233,0.028143089140670107,1.1255359999197427,23.0,-0.03968799816309815
2022-04-30,377.767822265625,399.59307861328125,377.767822265625,392.99853515625,1467605770,-0.03968799816309815,0.05777425990588993,-0.03891074600882727,38.78063584357472,32.71899008751396,0.0,24.282636900259067,-7.3373789319434195,-4.434108026292321,-2.903270905651098,398.73070774824305,406.06808668018647,410.61410949707033,469.72615463256835,430.53236630739826,381.18848330197676,405.8604248046875,0.12157845404406525,16.440493356614756,0.02904912234141085,0.855241065764606,20.0,0.03258972961854622
2022-05-01,390.281982421875,391.0769958496094,377.2899475097656,377.7656555175781,1553846706,0.03258972961854622,0.035325864274566104,0.03312659103996096,44.264802729895614,43.85351015708543,24.200398258938797,15.553153292699633,-7.467841772136524,-5.040854775461162,-2.426986996675361,397.4309038518787,404.89874562401525,410.9651416015625,469.32381607055663,430.75751207868655,380.5828474183837,405.67017974853513,0.12368339396157946,16.250961569702543,0.02712377505419663,0.9226749199692117,22.0,-0.0015676035220822345
2022-05-02,389.670654296875,392.2167053222656,382.7744140625,390.2612609863281,1388077917,-0.0015676035220822345,0.024231466125678298,-0.0015663754734626112,44.05717000871128,43.443753704808735,23.061671016287914,15.75402309174224,-7.533719554086815,-5.539427731186293,-1.9942918229005224,396.2370193049551,403.7707388590419,411.52155822753906,468.9120573425293,430.17485419444665,378.74517754383464,404.46001586914065,0.12715639280212956,15.76462797613562,0.024499050640686835,0.8430758231807617,28.0,-0.01602539151940559
2022-05-03,383.4757995605469,391.7547607421875,380.3462219238281,389.6341552734375,1295877765,-0.01602539151940559,0.029750348865386706,-0.015897668115414487,41.911739826745006,39.122125316406475,11.522450810246044,19.594840028490925,-7.9936552932240375,-6.030273243593841,-1.9633820496301961,394.2737547288923,402.26741002211634,411.7217510986328,468.46092315673826,428.2431835283088,376.7114124189568,402.4772979736328,0.12803646657538426,15.453478750580173,0.023917461927712554,0.8025819035000249,27.0,0.04842517851137837
2022-05-04,402.5026550292969,402.8627014160156,383.42803955078125,383.4835510253906,1714496792,0.04842517851137837,0.0482845556977004,0.04961683498816427,49.97012117200014,55.11981849789749,52.325702910699164,28.969941579077712,-6.745096187710772,-6.173237832417228,-0.5718583552935437,395.539739390493,402.2848355782038,412.3392272949219,468.14522415161133,427.0227781485251,376.71571062100617,401.86924438476564,0.1251826762820221,15.737848973055474,0.026402939943822958,1.0586013841333897,21.0,-0.0607629736690546
2022-05-05,378.77362060546875,412.4003601074219,372.5527648925781,402.4652099609375,2389487319,-0.0607629736690546,0.1052016113243247,-0.05895373391288805,42.12199297462084,39.87408184627181,15.2739678298445,26.374040516929906,-7.5829275982525814,-6.4551757855842995,-1.127751812668282,392.96033650048935,400.54326409874193,412.2041351318359,467.68596450805666,425.9617106737367,373.92476698739614,399.94323883056643,0.13011082232192883,17.45997370461178,0.029444545650677733,1.4249303851127837,27.0,0.0014000414594141214
2022-05-06,379.3042907714844,382.68109130859375,371.97332763671875,378.7567443847656,1834770716,0.0014000414594141214,0.028230009341829454,0.001401021974992256,42.34009459944608,40.30487707189416,18.133814645134457,28.57782846189271,-8.110600426906672,-6.786260713848774,-1.3243397130578973,390.8594063883347,398.9700068152414,411.95372619628904,467.156930847168,424.22774896565335,371.8413123136435,398.03453063964844,0.13161279391469857,16.977672987987724,0.02945436771601575,1.0682614854315244,22.0,-0.03656888070800831
2022-05-07,365.6841125488281,380.3874206542969,361.1955871582031,379.2881774902344,1527960119,-0.03656888070800831,0.05248199973011174,-0.035908315708618965,38.34608449693467,33.18522414259998,8.765833987929993,14.05787215430299,-9.518100758549394,-7.332628722788899,-2.1854720357604958,386.98628425917985,396.50438501772925,411.31449829101564,466.54460708618166,425.28501720766303,366.6146837200713,395.94985046386716,0.14817617286345144,17.135827309995296,0.02999820421708834,0.878384218826089,23.0,-0.028529502323140235
2022-05-08,355.39874267578125,366.50958251953125,351.1437683105469,365.7330017089844,1875845651,-0.028529502323140235,0.04323542084953888,-0.02812637880644464,35.613966291168765,28.71620530769752,6.9461493700853305,11.281932667716598,-11.332860144910853,-8.13267500721329,-3.200185137697563,382.12666247711854,393.4595226220294,410.4254022216797,465.8164991760254,425.4775967564548,360.2651370081936,392.8713668823242,0.1659893421751809,17.00939780278023,0.02962659695749334,1.079921026844752,18.0,-0.1716304683028863
2022-05-09,299.34893798828125,358.9507141113281,299.34893798828125,355.3774108886719,2943374129,-0.1716304683028863,0.19910468540022058,-0.15770963134394766,25.113227349822495,15.470538277244302,0.0,5.237327786005113,-17.09674026434044,-9.92548805863872,-7.17125220570172,369.3916279403743,386.48836820471473,408.5970135498047,464.95695922851564,436.58764956090533,336.85127255823534,386.71946105957034,0.2579036925873937,20.05171053994214,0.04663184938304883,1.6429963752729206,11.0,0.06460563791568665
2022-05-10,319.32696533203125,332.4388427734375,290.5867919921875,298.8207092285156,3210603809,0.06460563791568665,0.1310633154257201,0.0667382602991966,32.727056571241874,29.074738597496264,23.593573182796717,10.179907517627354,-19.824077318929483,-11.905205910696873,-7.91887140823261,361.6893721544754,381.5134494734049,407.0545965576172,464.16037826538087,437.4185231909888,326.1176706566674,381.7680969238281,0.29154047556920026,21.608877700035556,0.05009328278992502,1.7352372882020985,10.0,-0.16793149230676127
2022-05-11,269.9627685546875,322.7668151855469,262.6204528808594,319.1227722167969,3870618668,-0.16793149230676127,0.2227950269835205,-0.15458825009035992,25.75824853979759,19.860472461957244,4.902069850211532,9.498547677669421,-25.67284908674111,-14.658734545905721,-11.014114540835388,347.57758698527726,373.2504360720184,404.36755310058595,463.08065994262694,447.8609177002155,302.1694076171673,375.0151626586914,0.38849498524315645,24.361555171796407,0.06080581069012557,2.001089238243315,12.0,-0.0020598536983032407
2022-05-12,269.4072570800781,283.4751281738281,216.3614959716797,269.88800048828125,4739990237,-0.0020598536983032407,0.24911590329654595,-0.0020577336555831494,25.691948431416208,19.778180197830622,27.05879843889946,18.518147157302575,-30.00696635480466,-17.728380907685512,-12.278585447119148,335.5513823844774,365.55834873928205,401.5835028076172,462.0445306396484,452.65467054803315,283.61762864630276,368.13614959716796,0.4591699078905963,27.415274959678694,0.06067514867884605,2.2827177700841883,12.0,0.07566917095035933
2022-05-13,290.5841979980469,312.68878173828125,265.7095947265625,269.1427307128906,2774121165,0.07566917095035933,0.16167151323223197,0.07860568103283927,32.7936599733835,32.26130328201879,37.861218158749146,23.274028815953386,-31.371353926300742,-20.456975511408558,-10.914378414892184,328.6333540173342,360.00470794363497,399.1126470947266,461.0742262268066,452.0154546668283,273.15001774528105,362.5827362060547,0.49330930312109117,28.812697249110126,0.06438823045366927,1.2918212143562995,10.0,0.02314297861191367
2022-05-14,297.3876037597656,298.8028564453125,272.6511535644531,290.6180725097656,1884570404,0.02314297861191367,0.08793810686872185,0.02341285523641745,34.94474400502621,35.99431400848182,41.331655406849045,35.41722400149922,-31.54008841384524,-22.673598091895894,-8.866490321949346,323.8263155161698,355.36640393001505,396.84417602539065,460.1710389709473,449.5731554254959,265.42053964286345,357.49684753417966,0.5151167543233397,28.622626222806502,0.064960590743028,0.864261861180464,9.0,0.047991583016979575
2022-05-15,312.0077209472656,312.1765441894531,286.6437683105469,297.3973693847656,1611088257,0.047991583016979575,0.08183379501439231,0.049161824510043584,39.431217813648225,43.764072714792896,48.789420096495824,42.660764554031346,-30.14657943711967,-24.16819436094065,-5.97838507617902,322.00807019787686,352.15464963499653,394.7659344482422,459.48603759765626,444.3541874449004,261.4052516420137,352.87971954345704,0.5184455939819363,28.401922626813626,0.06620429353310386,0.7439544183861503,10.0,-0.0469076944795798
2022-05-16,297.7101135253906,312.1442565917969,290.4618225097656,312.0841369628906,1754184298,-0.0469076944795798,0.0728306936747113,-0.045824530811183095,36.76122599160037,38.44013265730603,41.49616858491035,43.87241469608508,-29.85179801679061,-25.304915092110644,-4.5468829246799665,318.26992301749436,348.121721034285,392.1100714111328,458.5145104980469,441.6934264507008,255.28871771433816,348.4910720825195,0.5348909159205769,27.92195915932917,0.06618031313487369,0.8084972602762629,14.0,0.02734537784917064
2022-05-17,305.96343994140625,310.1944580078125,296.9617919921875,297.6993103027344,1584497815,0.02734537784917064,0.043249173882210015,0.027722694127795267,39.31567141888204,43.101652354447296,45.70621461450825,45.33060109863815,-28.622267468910024,-25.96838556747052,-2.6538819014395045,316.3766179288654,344.99888539777544,389.62152282714845,457.39621704101563,436.9871206652452,251.44678436405167,344.2169525146484,0.5390214948617259,26.872723934778872,0.06650355551651929,0.7290811614192862,8.0,-0.06245571301903375
2022-05-18,287.43878173828125,307.7114562988281,287.43878173828125,305.9898681640625,1520090732,-0.06245571301903375,0.07052866853229829,-0.0605453324968257,35.81843010942839,35.96934089804412,36.256732092359954,41.15303843059285,-28.810530885276705,-26.536814631031756,-2.273716254244949,311.924643130314,340.7351740155907,386.68018493652346,456.1938049316406,429.5081141992384,246.9978489355272,338.2529815673828,0.5395673510932634,26.401291836619443,0.06628427564656053,0.7091742076160156,12.0,0.0651586709633664
2022-05-19,306.79156494140625,307.9598083496094,287.214599609375,287.4504699707031,1646882950,0.0651586709633664,0.06761987978449302,0.0673283649690184,41.65724549233465,46.71599474150398,54.371265626604085,45.44473744449076,-27.085893809129175,-26.646630466651242,-0.43926334247793264,311.13493879355894,338.2208326026881,383.9623193359375,455.10594055175784,422.54096351185757,245.33793968638457,333.93945159912107,0.5306441721003874,25.997285901163366,0.0686378009403538,0.7734025028469845,13.0,-0.014552786751098406
2022-05-20,302.3592224121094,315.27386474609375,294.76080322265625,306.78106689453125,1756670714,-0.014552786751098406,0.06784334659876397,-0.014447406760167647,40.74304292582593,44.71089790060289,52.42935018158345,47.685782633515835,-25.779588451987365,-26.473222063718467,0.6936336117311015,309.78482858102825,335.5644170330156,381.431181640625,453.86145706176757,417.39654194233975,242.94150127055087,330.1690216064453,0.5283810086814738,25.60555558846866,0.06834113835329672,0.8193989378943828,13.0,0.032879983170901086
2022-05-21,312.4660339355469,313.66015625,300.13006591796875,302.3659362792969,1318736979,0.032879983170901086,0.043300995508593856,0.03342650322622576,43.7731711851856,50.37695332168181,64.00650196313963,56.93570592377572,-23.65610397996977,-25.90979844696873,2.253694466998958,310.1973217124926,333.8534256924624,378.74841674804685,452.65154907226565,409.2725169284156,243.2839314358422,326.2782241821289,0.5087332625664849,24.743022355865985,0.06835094198822088,0.6185163151401882,13.0,0.02260262933243253
2022-05-22,319.6090087890625,322.8570251464844,311.82733154296875,312.488037109375,1604297406,0.02260262933243253,0.03450995841858472,0.022860004217255314,45.87953237313875,54.24335687002728,72.40906021117578,62.94830411863296,-21.1530101291915,-24.958440783413288,3.8054306542217873,311.64527357042647,332.79828369961797,376.40148986816405,451.40670013427734,400.51922164510137,245.03106216837517,322.77514190673827,0.48172284444894614,23.763498873555246,0.06874126475010908,0.7486542512376537,14.0,-0.008952246852652708
2022-05-23,316.76055908203125,336.3075256347656,316.3497314453125,319.5171203613281,2228144099,-0.008952246852652708,0.06300593182210122,-0.008912294799897746,45.1531069897337,52.34585472459868,83.70353182373817,73.37303133268453,-19.178063526103358,-23.802365331951304,4.624301805847946,312.43224057221187,331.6103040983152,373.7297235107422,450.19181640625,392.0338271541706,246.8449326114544,319.4393798828125,0.45451157147869264,23.49166282469081,0.06872634077015853,1.0176396916210217,10.0,0.03544451633428696
2022-05-24,328.1893310546875,329.81866455078125,313.5509033203125,316.850830078125,2002782969,0.03544451633428696,0.04956822081385086,0.036080161007976175,48.6651514785249,59.051114461929366,93.2317938302075,83.11479528837383,-16.50049034892959,-22.34199033534696,5.841499986417372,314.8564083387466,331.35689868767616,371.3430114746094,448.7895227050781,377.7732089835797,253.6742183845844,315.72371368408204,0.3930619881253856,22.97566985367495,0.06820930615559515,0.9087301264930995,12.0,-0.007507110415464524
2022-05-25,325.73480224609375,336.6660461425781,324.5485534667969,328.1956787109375,2008481372,-0.007507110415464524,0.03720048515610083,-0.007479002442601468,47.95492889317603,57.04012074877195,90.91369039578635,89.28300534991068,-14.4104396979954,-20.75568020787665,6.3452405098812505,316.5300074014154,330.9404470994108,368.9542553710937,447.237626953125,368.27136452794593,257.8721810042806,313.07177276611327,0.3526321857388955,22.200085769539687,0.06716323349547218,0.9192615620351267,11.0,-0.06589005877072217
2022-05-26,304.96392822265625,330.892333984375,298.7865905761719,325.7552795410156,2686414043,-0.06589005877072217,0.10527718342073067,-0.0637662106726472,42.32566611377053,42.687857285785796,55.32172580890035,79.82240334496474,-14.265649911264347,-19.45767414855419,5.192024237289843,314.7506106046832,329.0162605159475,366.6506066894531,445.5101763916016,355.47989069262735,263.2296185847164,309.35475463867186,0.2982022119416261,22.90763274372993,0.06836632547049609,1.2060394561463752,12.0,-0.013176111823939038
2022-05-27,300.9720458984375,308.86492919921875,292.1418762207031,304.79083251953125,2593113824,-0.013176111823939038,0.05556347576598124,-0.013089686860618621,41.32173376510963,40.4081520344252,44.24109952136687,63.49217190868453,-14.308079865913896,-18.427755292026134,4.119675426112238,312.6308314191069,326.9389112850208,363.9341119384766,443.7434616088867,344.395858439145,267.84244417315966,306.11915130615233,0.25007718053361394,22.465877046214622,0.06810379179373299,1.136968851021486,12.0,0.0224829594208037
2022-05-28,307.8154296875,309.20904541015625,297.7169189453125,302.4350280761719,1471633413,0.0224829594208037,0.037334471753124175,0.022737605974781472,43.78347550183183,46.158946531230654,42.32446480755035,47.29576337927253,-13.632356709136786,-17.468675575448266,3.83631886631148,311.8900003834751,325.5223570926119,361.65687561035156,442.10658569335936,334.68096882071325,272.7990024927633,303.73998565673827,0.2037333550080687,21.682037718973845,0.06831787947893612,0.6510169149245406,13.0,-0.00599673039388242
2022-05-29,305.9750671386719,307.94439697265625,299.3061828613281,307.7525329589844,1208835000,-0.00599673039388242,0.028231758202092897,-0.005978785893535288,43.2578848057032,44.80243984003752,37.9371461190737,41.50090348266365,-13.09439903511094,-16.593820267380803,3.4994212322698637,310.9800106535054,324.07440968861636,359.2333160400391,440.56007064819335,334.95896346059027,273.18362076792533,304.0712921142578,0.2031607201822007,20.750336032713438,0.056320210763738415,0.5560961102589908,14.0,0.05028023837103895
2022-05-30,321.7528991699219,323.2577819824219,304.3365783691406,305.944091796875,2064357375,0.05028023837103895,0.058806629752506806,0.051565744159471905,48.91927529819752,57.3414414755882,69.84284986963297,50.03482026541902,-11.26506782892136,-15.528069779688915,4.2630019507675545,312.6373781175695,323.90244594649084,357.2965606689453,439.0193734741211,335.3369321480479,273.0482454642568,304.19258880615234,0.20476727236600997,20.619683717039713,0.05555588620502514,0.9753750001442256,10.0,-0.003948048486072382
2022-05-31,320.485107421875,323.70135498046875,314.2755126953125,321.7203063964844,1711532960,-0.003948048486072382,0.02941117096198923,-0.003940265188962067,48.50053056720538,56.14578177188696,67.27913973186047,58.353045240189054,-9.804588672019634,-14.383373558155059,4.578784886135425,313.84472108746263,323.64930975948226,355.82452514648435,437.48858642578125,334.34474724356164,279.09266425546184,306.71870574951174,0.180139267519023,19.82012361476232,0.03906043771069072,0.852135827232063,16.0,-0.06437454774659637
2022-06-01,300.5040588378906,323.88507080078125,297.9685974121094,320.4720153808594,1763624947,-0.06437454774659637,0.08624333890495878,-0.062346262341863024,42.347956661688826,40.58525201472834,26.8737522563525,54.66524728594865,-10.142535217647833,-13.535205890053614,3.3926706724057816,311.79231151060543,321.93484672825326,353.5571276855469,435.7405860900879,330.24679286009297,286.30029881471177,308.27354583740237,0.14255681241153467,20.255577170041573,0.04230424946720817,0.948336864953726,17.0,0.024968909515499665
2022-06-02,308.1017761230469,309.0408935546875,298.67120361328125,300.4664611816406,1228180850,0.024968909515499665,0.033656702898281564,0.02528324347610522,45.194912695883325,47.090349121819855,35.84547433528357,43.33278877449885,-9.685637995974844,-12.765292311237861,3.079654315263017,311.22453683559644,320.9101748315713,351.2565600585938,434.02650451660156,329.57436598854053,288.72448349876413,309.14942474365233,0.13213636908316828,19.549442367996193,0.03928725042132529,0.6890578442721091,13.0,-0.03200237917576531
2022-06-03,298.39788818359375,309.8567199707031,293.8630676269531,308.1941833496094,1115211127,-0.03200237917576531,0.05359840996565521,-0.031495722165449935,42.32040672172818,40.48542725299365,14.050822225024811,25.5900162722203,-9.991391769082384,-12.210512202806767,2.219120433724383,309.25120627374986,319.24259804283224,348.9312432861328,432.3532507324219,329.51296530805564,288.88691262163184,309.19993896484374,0.13139088197246707,19.295457366264323,0.039726419966272006,0.6394786344866946,10.0,0.010777069187224136
2022-06-04,301.6311340332031,302.6377868652344,295.2839050292969,298.5028381347656,805954970,0.010777069187224136,0.024380380558221802,0.01083535097815469,43.60739172231719,43.56253711504757,21.31259904261094,23.736298534306446,-9.859157685718174,-11.740241299389048,1.8810836136708744,308.0788874675119,317.93804515323006,346.6179913330078,430.91229202270506,329.2096979131918,288.1525213250894,308.6811096191406,0.1330083873248994,18.44248768552669,0.038211260864682385,0.4730667211096944,14.0,-0.008979628862122434
2022-06-05,298.9347229003906,301.9407653808594,295.4252624511719,301.597900390625,779603321,-0.008979628862122434,0.021795738101185923,-0.008939432401284142,42.75069609000659,41.476070416098025,15.256537497738128,16.873319588457964,-9.858298734295715,-11.363852786370384,1.5055540520746682,306.67209291872405,316.53039165301976,344.24711669921874,429.51650177001954,329.14659945749065,288.3380807182906,308.7423400878906,0.1321766192728311,17.59056020296675,0.036762801624009106,0.4710729732830005,10.0,-0.01190831236578652
2022-06-06,295.3960266113281,311.69970703125,289.42828369140625,298.9845886230469,1470941103,-0.01190831236578652,0.07539513511854957,-0.011837689026984122,41.5957615131451,38.64229655573644,12.633415746756707,16.400850762368595,-10.027569644596042,-11.096596158015515,1.0690265134194732,304.93731348681695,314.964883131413,342.0074829101562,428.3322938537598,329.4106073070311,287.0173315357423,308.2139694213867,0.1375449524590795,17.924907569886535,0.03628228311552166,0.8918716054438413,13.0,-0.01726039265610962
2022-06-07,290.34112548828125,295.3734130859375,274.4277648925781,295.3734130859375,1752763456,-0.01726039265610962,0.0721415133944047,-0.017112285432660634,39.93604724252139,34.692135649512835,25.568444815791125,17.819466020095323,-10.449154981346737,-10.967107922681759,0.5179529413350217,302.69174610242686,313.1409010837736,339.47493713378907,426.87634536743167,329.01772274635914,287.70045047141434,308.35908660888674,0.13399077267131215,18.142290009091067,0.03361203354260947,1.0553042697980355,15.0,-0.005959133708577199
2022-06-08,288.6160888671875,294.0399475097656,284.3733215332031,290.298828125,1136631692,-0.005959133708577199,0.03349302533515653,-0.005941413288223174,39.35888570608971,33.33541580329445,25.127835389202755,21.10989865058353,-10.797987953060954,-10.9332839287576,0.1352959756966463,300.5262603739285,311.32424832698945,336.7995178222656,425.30022567749023,329.83203603832703,285.0685895720245,307.45031280517577,0.14559570962176285,17.536885435339027,0.029977209162580537,0.6950194223375488,17.0,0.004506413257931055
2022-06-09,289.9196472167969,292.98065185546875,286.4792785644531,288.6175537109375,800984464,0.004506413257931055,0.02242474200499427,0.004516582407882552,40.063803258490374,35.55725250471126,31.323748917850423,27.340009707614772,-10.844248584457205,-10.91547685989752,0.07122827544031551,298.8944737343698,309.738722318827,334.23082580566404,423.8233526611328,330.40109611291564,283.25557197790465,306.82833404541014,0.15365440183902154,16.748634567887354,0.02989524395010208,0.5045217805469362,11.0,-0.013448750157251504
2022-06-10,286.04669189453125,297.2312927246094,283.4785461425781,289.8885803222656,1362797648,-0.013448750157251504,0.04807867726399733,-0.013358719767513683,38.62712272975695,31.874905827668925,23.492842540834758,26.64814228262932,-11.065865189356316,-10.94555452578928,-0.1203106635670359,296.9178919128562,307.9837571022125,331.85133056640626,422.4579510498047,330.58153479076,280.4331990959588,305.5073669433594,0.16414771334826306,16.53464256889763,0.028817582738221655,0.8572055530815449,13.0,-0.05963490597025493
2022-06-11,269.48699951171875,290.3717956542969,265.6297912597656,286.1053771972656,1220361307,-0.05963490597025493,0.09181149532022355,-0.05789157103385856,33.15288320253045,21.017367635414104,6.621216621640948,20.479269360108713,-12.434390808469061,-11.243321782325237,-1.1910690261438237,292.69775462037353,305.1321454288426,329.1013201904297,420.8481881713867,331.69471256972037,274.307820389264,303.0012664794922,0.18939489213105462,17.120882699300033,0.03057295734389704,0.7769945956485165,12.0,-0.05153459117775137
2022-06-12,255.9508819580078,271.3798828125,251.99143981933594,269.6625671386719,1380200465,-0.05153459117775137,0.07575063951662803,-0.05022920429644817,29.475648564926914,15.864065625307177,5.507361479202168,11.873806880559295,-14.444699280053214,-11.883597281870832,-2.561101998182382,287.0443895953942,301.4890888754474,326.1872885131836,419.2209659576416,334.4748346941942,265.44673055238786,299.96078262329104,0.23012376330707215,17.28285129171889,0.032050991505234,0.9031423356841434,14.0,-0.14003246607508374
2022-06-13,222.5057830810547,256.85430908203125,214.6053009033203,255.667724609375,2471570710,-0.14003246607508374,0.18987824762882866,-0.13066998879277247,22.758717705533527,9.294661236370459,7.229592618238061,6.452723573027064,-18.52310042284563,-13.211497910065791,-5.311602512779839,277.1153732085727,295.6384736314183,322.65529663085937,417.31484375,340.7202244213983,248.6329860278204,294.6766052246094,0.31250271233234433,19.066148212218327,0.041416209967371255,1.5928561567054864,11.0,0.00321035036164038
2022-06-14,223.22125244140625,230.36563110351562,205.39317321777344,222.5522003173828,2027226914,0.00321035036164038,0.11187311966317927,0.003215509055290111,23.162108687529127,10.222525034499625,15.045821349213861,9.260925148884702,-21.45026501112676,-14.859251330277985,-6.591013680848775,268.82397001362403,290.2742350247508,319.0327160644531,415.5052133178711,342.8723658023106,236.22948966643946,289.550927734375,0.3683043842073335,19.48802747461289,0.04164731226397827,1.3057006685135606,8.0,0.044576194728913235
2022-06-15,233.39671325683594,234.01708984375,199.29222106933594,223.18943786621094,2244407305,0.044576194728913235,0.14878045320287736,0.04558464171372156,28.853008986477064,23.24947054854144,30.340054219391842,17.538489395614594,-22.687462443892514,-16.424893553000892,-6.262568890891622,263.37362282027203,286.06108526416455,315.99098907470704,413.6705129241943,344.0682134577483,227.87692051441962,285.97256698608396,0.4063022343992275,20.576373281741546,0.042405072523399305,1.4664568628262622,7.0,-0.10783098914254492
2022-06-16,209.5387420654297,236.3285369873047,208.0655975341797,233.46786499023438,1483212957,-0.10783098914254492,0.13488168905919906,-0.10222068193887679,24.307258218225883,16.64339709231183,9.115514779474278,18.167130116026666,-25.301430072366514,-18.200200856874016,-7.1012292154924985,255.09133347337323,280.39276354573974,312.35284729003905,411.6613725280762,347.84586167352643,214.9559419153408,281.4009017944336,0.47224411475149847,21.125413722554647,0.04737308089656122,1.0055670162015102,7.0,0.02986870732161856
2022-06-17,215.8917999267578,221.64134216308594,208.10292053222656,209.70867919921875,1108538874,0.02986870732161856,0.06270929065139269,0.030319251698782912,27.579245011853686,23.40467354033315,14.767325072145239,18.07429802367046,-26.554278384114895,-19.87101636232219,-6.683262021792704,249.06063600466317,275.61491438877806,308.5363192749023,409.6192812347412,347.86227574555835,205.7471648672346,276.80472030639646,0.5134128880497987,20.583485716004986,0.04773354784942897,0.7609165349601484,9.0,-0.09135538059940959
2022-06-18,197.04299926757812,218.55020141601562,184.54005432128906,215.81561279296875,1579731402,-0.09135538059940959,0.17260266653037423,-0.08730670023397935,24.232374760742232,18.274040353318398,9.832478054031093,11.23843930188354,-28.736849867452207,-21.644183063348194,-7.092666804104013,241.05792266049625,269.79477252794845,304.6159359741211,407.4911469268799,349.02869585129616,193.68753797438745,271.3581169128418,0.5724581215560364,21.542532957342242,0.05037178223076165,1.0707200062132707,6.0,0.08684636693711767
2022-06-19,214.9205322265625,216.0824737548828,190.12149047851562,196.95579528808594,1333254615,0.08684636693711767,0.1207934067881422,0.09072909479370672,32.5883990507735,34.228342731135484,23.891601823235877,16.163801649804075,-28.69322831644476,-23.05399211396751,-5.6392362024772495,237.0367856706603,265.73001398710505,301.35899017333986,405.4258917999268,343.78346239777915,188.2495347335685,266.0164985656738,0.5846777493231782,21.85813655155831,0.05368796574148237,0.9266199214700263,6.0,0.009326039760592821
2022-06-20,216.93426513671875,218.0797119140625,205.1668243408203,214.87974548339844,1235838900,0.009326039760592821,0.05952442582136152,0.009369662773929033,33.47833366992573,35.87345928579151,28.745988840313633,20.82335623919354,-28.171423868361614,-24.077478464846333,-4.093945403515281,233.94409020390003,262.11551407226165,297.89203582763673,403.4132123565674,337.1863215127805,184.49159139005152,260.83895645141604,0.5853984857172589,21.219190195964302,0.05398038803647264,0.8733523784453371,9.0,0.011751594032578158
2022-06-21,219.49862670898438,227.6422119140625,213.55081176757812,216.90110778808594,1165714518,0.011751594032578158,0.06419812441545264,0.011820915292701573,34.66125623501674,38.17105649643274,31.021553124280246,27.886381262609927,-27.23699639622552,-24.709382051122173,-2.5276143451033484,231.72171120468224,258.95870760090776,294.4885952758789,401.53752555847166,332.8836377304681,180.69373195947333,256.7886848449707,0.5926659341040488,20.710062335287166,0.053330537843620095,0.8415761404231951,9.0,-0.024146797643259707
2022-06-22,214.2619171142578,220.5269317626953,211.59193420410156,219.67340087890625,1050984086,-0.024146797643259707,0.0417012863458561,-0.023857596164688077,33.35676537461711,35.16897923018804,26.37459949334715,28.714047152647016,-26.612245194601655,-25.08995467981807,-1.5222905147835846,229.03558903692462,255.64783423152628,291.1043176269531,399.7634487915039,326.5109458428183,177.68243794624422,252.09669189453126,0.590362796029227,19.868986279809064,0.05248307165296788,0.7636320315703381,11.0,0.0663208423555777
2022-06-23,228.95375061035156,229.77142333984375,214.2310333251953,214.2310333251953,1148541185,0.0663208423555777,0.0678756734633978,0.06856950452963195,40.16105597595894,48.44147186618712,39.41184507184713,32.26933256315818,-24.64749619427232,-25.001462982708922,0.3539667884366011,229.02299850975953,253.67049470403185,287.6333395385742,398.11930213928224,320.5106123211023,176.73835771063597,248.62448501586914,0.5782706984844622,19.55980083229759,0.05562908959988473,0.8335065524262519,11.0,0.04811137561902379
2022-06-24,240.23831176757812,242.81625366210938,228.63003540039062,228.92286682128906,1127877901,0.04811137561902379,0.05905060752942438,0.04928751386314412,44.821131311205036,56.43382293093477,52.62906642632871,39.471836997174336,-21.92708687156579,-24.386587760480296,2.459500888914505,230.7484313186547,252.6755181902205,284.8626333618164,396.3742128753662,313.24567876985424,177.86400903532154,245.5548439025879,0.5513296646196028,19.175973505827674,0.05708497732792438,0.8090602957271817,11.0,-0.002282227036908204
2022-06-25,239.69065856933594,241.4977264404297,230.4462127685547,240.26217651367188,915553554,-0.002282227036908204,0.046107402507211605,-0.002279624736840513,44.63944031983764,55.94281769715416,63.508421430874506,51.849777643016786,-19.58951814883136,-23.42717383815051,3.837655689319149,232.12415858799028,251.71367673682164,282.07036071777344,394.6742167663574,305.71114804325526,179.47413332881507,242.59264068603517,0.5203662170354825,18.59565494625963,0.05711942487066458,0.6535669100546532,14.0,-0.02463187132927175
2022-06-26,233.85874938964844,244.66546630859375,233.63218688964844,239.61257934570312,823875890,-0.02463187132927175,0.047179245795768765,-0.02433098233571951,42.65643035358592,50.48565888869836,68.20051624888404,61.44600136869576,-18.00007081459765,-22.34175323343994,4.341682418842289,232.3910187113223,250.39108952591994,279.43385345458984,392.80554664611816,297.8569652301012,181.17458841980113,239.51577682495116,0.4871594612975193,18.05548526573718,0.057200358403206975,0.6020269257101672,14.0,-0.0008758143022892069
2022-06-27,233.65402221679688,240.6182098388672,230.507080078125,233.8336639404297,841135242,-0.0008758143022892069,0.04327393838467943,-0.0008754308888843099,42.584913015577236,50.284763395941845,81.68587336395814,71.1316036812389,-16.565979819347433,-21.186598550621436,4.6206187312740035,232.58532694293376,249.1513067622812,276.9989590454102,391.1155718231201,290.1771112804438,183.18573204231012,236.68142166137696,0.4520480673434841,17.48803130109468,0.0572335498466256,0.6358162112311918,12.0,-0.029211615942117002
2022-06-28,226.92733764648438,241.42324829101562,226.1501007080078,233.57284545898438,1082126615,-0.029211615942117002,0.06730413242145764,-0.028789080994595984,40.200048737076294,43.62963939828404,70.49811705929811,73.46150222404677,-15.790219776605397,-20.10732279581823,4.3171030192128335,231.71486705117232,247.50508682777772,275.5505270385742,389.48537422180175,281.5899032341693,185.60406496651427,233.59698410034179,0.4109035852381734,17.329825321231333,0.057364760765275344,0.8196707296549733,10.0,-0.034260032886158205
2022-06-29,219.2844696044922,229.43470764160156,215.94781494140625,226.90460205078125,1062609997,-0.034260032886158205,0.061504094314205934,-0.03367980306497287,37.62200754698316,37.11779521828655,57.78657332200786,69.99018791508804,-15.612172523942434,-19.20829274144307,3.596120217500637,229.80249821322155,245.414670737164,273.54967712402345,387.7601840209961,270.8076863868646,189.32276405258855,230.06522521972656,0.35418182933319403,17.055330134014476,0.057431741116293185,0.7969905703182608,13.0,7.125193762718771e-05
2022-06-30,219.3000946044922,219.88706970214844,205.92666625976562,219.3875732421875,1088852065,7.125193762718771e-05,0.06365890296381498,7.12544761067857e-05,37.63081360817688,37.140172432330985,57.8125606699254,62.03241701707713,-15.293513878420839,-18.425336968838625,3.131823090417786,228.18674381187859,243.48025769029942,272.5364236450195,386.00256462097167,258.5365379650238,194.91925274542538,226.7278953552246,0.280588699153787,16.834263941755072,0.05751760093362184,0.8251500224948232,11.0,-0.015091120797974929
2022-07-01,216.0154571533203,226.37962341308594,213.66563415527344,219.52899169921875,1234215934,-0.015091120797974929,0.05885684952993225,-0.014977820493400684,36.46539141822336,34.15893363781255,52.349583631422256,55.98290587445185,-15.131589848793197,-17.76658754482954,2.6349976960363435,226.31423817210037,241.44582802089357,271.46858764648437,384.47758392333986,249.36203949088315,198.74659698372625,224.0543182373047,0.22590701623321582,16.539958607187746,0.05648149067963382,0.9348184105121717,11.0,0.009306700885693896
2022-07-02,218.0352325439453,219.42201232910156,214.21044921875,216.2319793701172,767361243,0.009306700885693896,0.023902389763090993,0.009350142889040791,37.74222296374273,37.74399444402376,51.176581172575126,53.77957515797427,-14.671164838877871,-17.14750300363921,2.476338164761337,225.04054499853805,239.71170983741592,270.01760833740235,383.01161323547365,242.89190291771718,201.42516861548597,222.15853576660157,0.18665379729454062,15.730787500270877,0.05582131380636424,0.595023652699907,14.0,0.0043251783341883
2022-07-03,218.98031616210938,219.78871154785156,214.46449279785156,218.04757690429688,724525676,0.0043251783341883,0.024313686468780706,0.004334545417899793,38.366378425122306,39.54110109709726,34.972067729719306,46.1660775112389,-14.067848946026515,-16.53157219211667,2.4637232460901544,224.10820210062596,238.17605104665247,268.4494625854492,381.4013799285889,242.7607205945514,201.20380424675722,221.9822624206543,0.1872082746370258,14.987461160965813,0.04638879837519623,0.6026267856046589,11.0,0.05591818090915616
2022-07-04,231.57412719726562,231.76820373535156,215.21372985839844,218.97860717773438,1039372640,0.05591818090915616,0.07148671605637211,0.057511155595524555,46.11834221035784,58.26888279480656,66.20613159202863,50.78492683144103,-12.43021368875415,-15.711300491444167,3.281086802690016,225.25680596164744,237.6870196504016,266.8407907104492,379.92801795959474,243.592838320887,201.20697399600752,222.39990615844727,0.19058400274090934,15.099390640679191,0.04809437186466577,0.9015394082582238,14.0,-0.0031476483699827184
2022-07-05,230.8463592529297,235.7591552734375,223.22837829589844,231.48411560058594,1310031377,-0.0031476483699827184,0.05428189128947691,-0.003142699718418851,45.76016163419603,57.07690259434139,64.32747777874937,55.168559033499115,-11.063566828174345,-14.781753758790202,3.7181869306158575,226.11673723722933,237.18030406540367,265.503515625,378.45371826171873,243.22848282933992,201.31629408716398,222.27238845825195,0.18856228177009063,14.915918236169182,0.04703448728148403,1.18429722479406,19.0,0.03261667663789504
2022-07-06,238.49993896484375,239.4906005859375,229.2979278564453,230.9110870361328,1266715664,0.03261667663789504,0.04273658422610601,0.033154431097301096,50.145369788864194,65.68860799796113,84.0843615806925,71.53932365049018,-9.256209603371644,-13.676644927706493,4.420435324334848,228.02184519532386,237.2780547986955,264.15424560546876,376.9767611694336,244.95739514189944,202.4835014645459,223.72044830322267,0.18985253247743342,14.578543557120824,0.040155604195964964,1.1564558458960903,18.0,0.012684707647803216
2022-07-07,241.5445098876953,243.30288696289062,235.4365997314453,238.50296020507812,1108137930,0.012684707647803216,0.032566615714439945,0.012765499798724766,51.81429253966313,68.61127946320627,91.94359036169256,80.11847657371148,-7.4918333609954,-12.439682614364276,4.947849253368876,230.1022551479964,237.5940885089918,263.23636016845705,375.5346234893799,247.26761125950065,202.7385563430384,225.00308380126953,0.19790419830775233,14.099096676715432,0.039811027839074586,1.0116998459687987,18.0,-0.0032917325192090576
2022-07-08,240.75071716308594,246.68301391601562,237.14039611816406,241.54443359375,1341618380,-0.0032917325192090576,0.039636923662359595,-0.0032863207074275147,51.3318084431858,66.87845059958832,85.44448388024297,87.15747860754267,-6.087432780344727,-11.169232647560367,5.08179986721564,231.7404800733948,237.82791285373952,261.9155432128906,374.1225646972656,246.41995073041642,207.95698866167345,227.18846969604493,0.16929979818167049,13.773633899653728,0.03276869772032445,1.2383211346530603,20.0,0.01029099448008221
2022-07-09,243.24107360839844,244.69346618652344,240.6688232421875,240.75657653808594,851653424,0.01029099448008221,0.016545901909705178,0.010344128875950709,52.816256169455094,69.6811355076859,91.55483622662305,89.64763682285286,-4.71908556875195,-9.879203231798684,5.160117663046734,233.50980215570306,238.228887724455,260.7331802368164,372.6952150726318,248.18167972531097,209.0273138049625,228.60449676513673,0.1712755718911987,13.077277402845313,0.02734405647630658,0.8039493897800419,24.0,-0.03593420787832366
2022-07-10,234.65557861328125,243.32713317871094,232.1019744873047,243.2509307861328,881096013,-0.03593420787832366,0.04783674335697604,-0.035296238697495874,47.44363558094923,51.98761841991039,70.48941822712624,82.49624611133076,-4.278122703795418,-8.758987126198031,4.480864422402613,233.68607545686893,237.96419816066435,259.1769711303711,371.20026817321775,248.4697589498077,210.511365928122,229.49056243896484,0.1654028497654717,12.944983209171095,0.02889943669048012,0.8459063375275355,24.0,-0.0382100959145322
2022-07-11,225.85850524902344,234.64993286132812,225.5014190673828,234.599365234375,1021066311,-0.0382100959145322,0.04050550934027696,-0.037489299918821106,42.65565151822412,39.88181688305881,48.904870371035955,70.31637494159509,-4.58564628077832,-7.924318957114089,3.3386726763357686,232.48183388643116,237.06748016720948,257.3019610595703,369.58593154907226,248.31466432000556,211.30244841192805,229.8085563659668,0.16105673562970427,12.674210090365905,0.030312231044523696,0.9871406974548423,22.0,-0.02417179185872273
2022-07-12,220.4645538330078,228.1908416748047,220.4645538330078,225.86839294433594,1140033692,-0.02417179185872273,0.03504548784585661,-0.023881993773351318,39.990711918788385,34.18710721650997,35.67024134708694,51.68817664841638,-5.204612201563549,-7.380377606003981,2.1757654044404324,230.63302157051987,235.83763377208342,255.37604095458985,367.97874412536623,247.75994050570972,212.47743589809886,230.1186882019043,0.15332307377249724,12.320787072610974,0.0303133414360694,1.097431366145377,16.0,0.04462136870316202
2022-07-13,230.52476501464844,230.53871154785156,216.81680297851562,220.49241638183594,1431776142,0.04462136870316202,0.05952466134588184,0.04563187599427332,46.68144783808882,49.78804321712392,60.35403113730846,48.30971428514379,-4.82772122242892,-6.869846329288969,2.042125106860049,230.61636671577043,235.44408793819935,253.42274963378907,366.39473678588865,247.83103221060537,212.5634456336329,230.19723892211914,0.15320594956790196,12.4208671795199,0.028181805611614746,1.359734957504386,15.0,0.03260320719143097
2022-07-14,238.1644744873047,239.66015625,227.5799102783203,230.5123291015625,1609361574,0.03260320719143097,0.05072228340387358,0.03314051517272243,51.136891300612824,58.50312725434481,74.19983205681416,56.741368180403185,-3.8679839877106588,-6.269473860973308,2.4014898732626495,231.77761406523723,235.6455980529479,251.6713430786133,364.8505841827393,247.51303033009378,212.67406378611713,230.09354705810546,0.15141218425903435,12.3965370932456,0.026986267061122993,1.4942227902643834,18.0,0.0017179880047487742
2022-07-15,238.57398986816406,241.8334197998047,235.6831512451172,238.22662353515625,1151260376,0.0017179880047487742,0.025779292026285587,0.0017194645916061013,51.37146635256875,58.94871308644227,75.02807639787568,69.8606465306661,-3.0393056225755117,-5.623440213293749,2.5841345907182376,232.8232103426106,235.8625159651861,250.34354431152343,363.23024673461913,247.34056310376351,212.73486414233022,230.03771362304687,0.15043489355028192,11.950375054777165,0.026986667827096102,1.0573261376288108,15.0,0.04515559292134365
2022-07-16,249.5938720703125,250.75875854492188,234.11767578125,238.55906677246094,1030985968,0.04515559292134365,0.06667264154219281,0.04619062710163013,57.31046911800602,69.29845926512297,96.79043934177562,82.00611593215517,-1.4763413075823166,-4.794020432151464,3.317679124569147,235.40331214687242,236.87965345445474,249.31598083496092,361.8035758972168,250.07235959133357,211.57657992282657,230.82446975708007,0.16677512444421513,12.2854256054125,0.028152495484878793,0.9379448299576795,21.0,-0.007017492581104707
2022-07-17,247.84848022460938,255.29649353027344,246.9508056640625,249.64080810546875,1050861669,-0.007017492581104707,0.03367254000770055,-0.006992927475444777,56.14096197835233,66.21375237673413,81.41841374353602,84.41230982772912,-0.3742057515316617,-3.9100574960275036,3.535851744495842,237.3179533896012,237.69215914113286,248.11664184570313,360.4728143310547,252.14556208663413,210.92282322830727,231.5341926574707,0.17804168958885205,12.004015766898103,0.028233315920284465,0.9469925570000631,24.0,0.06648213094311228
2022-07-18,264.88604736328125,264.88604736328125,247.8218231201172,247.83447265625,1632324536,0.06648213094311228,0.06442100070209104,0.06874186649533542,63.887766316290254,77.5794832734416,100.0,92.73628436177056,1.852677384658847,-2.7575105198902334,4.610187904549081,241.55919861632123,239.70652123166238,247.2948614501953,359.20269592285155,258.5049128541649,208.35934343245614,233.43212814331054,0.21481862766946538,12.365459229488527,0.030512817422911516,1.4353979422565852,20.0,0.014732324153156283
2022-07-19,268.81732177734375,274.24365234375,256.6991882324219,264.49493408203125,1925805446,0.014732324153156283,0.06526537797240563,0.014841379729868986,65.4061209221153,79.44125557706329,90.55088233746757,90.6564320270012,3.8898791980705596,-1.4280325762980746,5.317911774368634,245.75275602570932,241.86287682763876,246.23614990234375,357.98824096679687,264.4482282799173,207.36931322398894,235.9087707519531,0.24195334015768388,12.735388149619926,0.028887370582246635,1.6315507034043957,30.0,-0.039760122142022264
2022-07-20,258.33880615234375,271.7902526855469,256.9964904785156,268.772705078125,1675018362,-0.039760122142022264,0.05726496312097723,-0.038980061090256535,58.36238624828558,63.13768294062185,72.30416370180517,87.6183486797576,4.605755392930746,-0.2212749824523106,4.827030375383057,247.68907142980692,243.08331603687617,244.99322387695312,356.64317138671873,266.9246375661142,208.7967750925772,237.8607063293457,0.244377742631657,12.88241486800645,0.030922546109791525,1.3847005060203192,31.0,0.02720186912977479
2022-07-21,265.4625549316406,265.90753173828125,251.545654296875,258.3401184082031,1220055525,0.02720186912977479,0.05410133058165052,0.027575217542407993,61.405404795056796,68.2980263469332,84.70907335302054,82.52137313076445,5.682416070523772,0.9594632281429059,4.722952842380866,250.4234535070121,244.74103743648834,244.29239379882813,355.3135008239746,269.95047790319364,210.7156445333298,240.33306121826172,0.2464697660388428,12.988090766106435,0.030691802957093433,1.0091835056495384,34.0,-0.00978587338909374
2022-07-22,262.87744140625,271.1519775390625,261.6124572753906,265.4770202636719,1173778496,-0.00978587338909374,0.036288850852475886,-0.009738147536688668,59.70030033332437,64.47667956272737,80.20749690582714,79.07357798688429,6.254976877774624,2.0185659580692494,4.236410919705374,252.3394516453564,246.08447476758178,243.3879071044922,354.06720809936525,271.88889399455473,213.26144932819915,242.57517166137694,0.241687738546452,12.741764301646823,0.031019700339806788,0.9548550885697256,33.0,-0.013073761826249754
2022-07-23,259.4630126953125,271.6138610839844,253.22386169433594,262.72015380859375,1108172504,-0.013073761826249754,0.07087715200179157,-0.012988671422972553,57.43189504090055,59.35892402400714,74.26179598599823,79.7261220816153,6.359906537537086,2.8868340739628167,3.473072463574269,253.43538411458042,247.07547757704333,242.60920959472656,352.82699264526366,272.6813687982001,216.51724417787415,244.59930648803712,0.22961685961719117,13.14520966507551,0.03140961037923964,0.8876341948956726,31.0,0.00921444085852089
2022-07-24,261.8648681640625,265.8866882324219,257.4329528808594,259.473876953125,913146574,0.00921444085852089,0.03228281598380009,0.009257024513048773,58.62291098021098,61.844406452147425,78.44425679535627,77.63784989572723,6.561239823604126,3.6217152238910786,2.9395245997130472,254.73222781450073,248.1709879908966,241.81388427734376,351.7610322570801,274.4884060633142,217.7392810094397,246.11384353637695,0.23058079236199752,12.81010435696744,0.029366966948744074,0.7351368603182423,30.0,-0.06596445693927964
2022-07-25,245.14849853515625,262.4361267089844,245.14849853515625,261.84100341796875,1005244476,-0.06596445693927964,0.07051900491794748,-0.06383586216091108,48.460419298028604,41.32388069309584,49.33527760934825,67.34711013023424,5.310708042306857,3.9595137875742346,1.3511942547326221,253.25780792537083,247.94709988306397,240.73815979003905,350.62039672851563,274.3359941373425,219.32190686363407,246.82895050048828,0.22288344686536105,13.129927486743203,0.033483899191265334,0.8193331520317535,30.0,0.015421566492819479
2022-07-26,248.9583740234375,248.9583740234375,240.11329650878906,245.12367248535156,926779355,0.015421566492819479,0.03552833902191112,0.01554109248494906,50.56386280434547,46.08101459587581,55.9695880937185,61.24970749947435,4.5743474771954595,4.08248052549848,0.4918669516969798,252.59635655584265,248.0220090786472,239.80940673828124,349.62624618530276,274.6021211197474,220.10162338708855,247.35187225341798,0.22033590138675704,12.82386677445072,0.03289922008882127,0.7659910616076488,26.0,0.08669250306681613
2022-07-27,271.5043640136719,271.5043640136719,247.80410766601562,249.01580810546875,1405510237,0.08669250306681613,0.08729235875730823,0.0905612839040788,60.76795042622216,65.43087102100344,94.12972854547922,66.47819808284866,5.7438380025861875,4.414752020916021,1.3290859816701666,255.50528078012408,249.7614427775379,239.43267150878907,348.8325372314453,277.8933429677111,219.80638695172252,248.8498649597168,0.23342168992292414,13.6007517439654,0.03792515402701109,1.1475637745921177,28.0,0.02109979493816588
2022-07-28,277.2939147949219,280.12738037109375,264.7391052246094,271.5153503417969,1648592412,0.02109979493816588,0.05549445669539872,0.021323969514384977,62.88642235010241,68.786687785238,93.84159146112549,81.31363603344107,7.056493171666261,4.9431002510660695,2.113392920600192,258.8573783208622,251.80088514919595,239.20622802734374,348.0249914550781,281.9638130604345,219.39023662218267,250.6770248413086,0.24961831455381334,13.72843198700247,0.038007929068121234,1.3293747623053318,32.0,0.05834303467790875
2022-07-29,293.9533386230469,301.2096862792969,275.3043518066406,277.3141174316406,2562325488,0.05834303467790875,0.0881273694457886,0.060078577059456295,68.20651969914533,76.45860484021631,89.184483215835,92.38526774081323,9.333467718668686,5.821173744586593,3.512293974082093,264.2567568288906,254.92328911022193,239.28690185546876,347.37008926391604,289.4983787018,216.926897482282,253.212638092041,0.28660291905785046,14.59821073597774,0.03970347582645368,1.9328681231542473,39.0,-0.022072510887822076
2022-07-30,287.5361328125,299.7239685058594,285.4088134765625,293.91510009765625,1578905327,-0.022072510887822076,0.04978558656011303,-0.021830695445089088,64.37829930935936,68.85322183576088,77.61970303293221,86.88192590329759,10.499143977516724,6.756767791172619,3.7423761863441047,267.8381992879074,257.3390553103907,239.31669067382813,346.4901783752441,294.0068821597104,217.70644944429347,255.85666580200194,0.2982155359378561,14.577992471214822,0.038983652957919245,1.1604902926246148,42.0,-0.013856138193353015
2022-07-31,283.5794677734375,296.210205078125,282.60931396484375,287.5772399902344,1313531523,-0.013856138193353015,0.047961480498113926,-0.013760583758155365,62.0652363362317,64.25557466448558,71.14360018311629,79.31592881062784,10.977143334153254,7.600842899768747,3.3763004343845076,270.2599329010659,259.28278956691264,239.5985400390625,345.4730386352539,296.10385330471297,221.38157455173234,258.74271392822266,0.28878988559155794,14.50819951707671,0.03775416278471993,0.9551751384005617,39.0,-0.00014098639052672737
2022-08-01,283.53948974609375,290.08477783203125,278.3435363769531,283.6294860839844,1314157614,-0.00014098639052672737,0.04140954568829995,-0.00014097645241262224,62.0409812192672,64.20503651506905,71.07816583013093,73.28048968205981,11.223359473676851,8.325346214550368,2.8980132591264827,272.30294164645477,261.0795821727779,240.1503121948242,344.5155905151367,296.3348516596116,227.45806978814224,261.89646072387694,0.26299241189092526,14.310559655505383,0.03693673668433,0.9496184045495026,33.0,0.000992293883006227
2022-08-02,283.82098388671875,290.5367736816406,274.8204650878906,283.4763488769531,1768344106,0.000992293883006227,0.05537401913884858,0.0009927863694649819,62.153135935817296,64.43482499979727,71.53890359496835,71.25355653607187,11.310817697072252,8.922440511054745,2.3883771860175074,274.0749481449569,262.76413044788467,241.3766162109375,343.4853582763672,297.0712422246956,232.0513011102653,264.56127166748047,0.24576515188569245,14.410970293951426,0.0362263656576168,1.2624644158688247,31.0,0.04994632108127356
2022-08-03,298.3567810058594,305.1868591308594,278.81182861328125,283.87384033203125,2133584480,0.04994632108127356,0.08840097559927806,0.05121466679483522,67.49409239866404,74.35345166954909,89.50406609106797,77.37371183872243,12.409991657133219,9.61995074027044,2.790040916862779,277.8106147389419,265.4006230818087,242.87932678222657,342.50220184326173,300.8835896457684,234.25818434104795,267.5708869934082,0.24900095093814073,15.265546024210476,0.03698545734268107,1.4952384441689823,34.0,0.040557281387024115
2022-08-04,310.7060546875,312.74810791015625,297.4320373535156,298.3701171875,1926587001,0.040557281387024115,0.049294406483469166,0.04139096031270739,71.21116068244567,79.90750269282093,97.18860256775196,86.07719075126276,14.114870675578118,10.518934727331976,3.595935948246142,282.8714516541047,268.7565809785266,244.42551361083986,341.5635925292969,306.69748939083087,235.65749107791913,271.177490234375,0.2619686399911469,15.269154919384059,0.03747414129929501,1.3144613416523185,30.0,0.014314199653767892
2022-08-05,315.185546875,320.95660400390625,308.6068115234375,310.693603515625,1585061398,0.014314199653767892,0.03918261037955074,0.01441713838504155,72.44215364093674,81.59431615116151,92.86142872215513,93.18469912699169,15.6470872813332,11.544565238132222,4.1025220432009775,287.84285091885783,272.19576363752464,246.53844970703125,340.760970916748,313.3520473938605,235.56210055535826,274.4570739746094,0.2834321072944863,15.060629030890109,0.036717236418709685,1.0613852462491598,31.0,-0.00037013045729441884
2022-08-06,315.06890869140625,321.8396911621094,313.733642578125,315.1969909667969,1151509385,-0.00037013045729441884,0.02572785939955704,-0.000370061967467028,72.35539774566432,81.38675521226172,91.71530507441999,93.92177878810902,16.65992303152325,12.567636796810428,4.092286234712821,292.0314751915576,275.37155216003435,248.52199188232422,339.9762901306152,318.5107712597553,237.12541953614314,277.8180953979492,0.2929447471988282,14.563873284682556,0.03656899424253202,0.7684815133057012,31.0,0.024616780138341312
2022-08-07,322.921142578125,325.1716613769531,309.0248718261719,315.12310791015625,1012978419,0.024616780138341312,0.05000226811372322,0.024922274683756962,74.56388821941025,84.48631464076925,97.35414758758141,93.97696046138553,17.88998766971207,13.632106971390757,4.257880698321314,296.78373171256794,278.8937440428559,251.03955474853515,339.2767854309082,325.3922414730288,236.04745884435408,280.71985015869143,0.31827027044282025,14.676938732261034,0.034421283850616366,0.6902963489578302,30.0,0.005802733325849751
2022-08-08,324.8004150390625,332.881103515625,322.53936767578125,322.9548034667969,1318773332,0.005802733325849751,0.031840279017500604,0.005819601794833984,75.07706335295136,85.17559888040027,91.28933976420609,93.45293080873584,18.79975249515178,14.665636076142963,4.134116419008816,301.0939906858748,282.29423819072304,253.23715240478515,338.700760345459,331.73276511995914,235.30524452359558,283.51900482177734,0.3401095480600279,14.367281382802657,0.03441329075968384,0.9176610965879666,30.0,0.0003444844268534594
2022-08-09,324.9123229980469,327.8254699707031,313.4969177246094,324.83636474609375,1139003043,0.0003444844268534594,0.04409975009221144,0.00034454376842751877,75.10926725297486,85.22121728036453,90.63344863320687,93.09231199499813,19.307216141496156,15.593952089213603,3.713264052282552,304.7583495031321,285.4511333616359,255.3967135620117,338.40995239257813,336.80885786757136,236.8865034605537,286.8476806640625,0.3483463912822787,14.36451501589488,0.032510204982533375,0.807630574823575,42.0,0.010893673234449798
2022-08-10,328.4711608886719,336.28369140625,314.41259765625,324.8590393066406,1738218767,0.010893673234449798,0.06658451746822526,0.01095322534333798,76.16407469719093,86.73562777941783,89.08019329688578,90.33432723143294,19.76867226433444,16.428896124237774,3.3397761400966672,308.4064743316767,288.63780206734225,257.57616424560547,338.26182739257814,342.0697585640142,237.9264633598139,289.99811096191405,0.3591171503109467,14.900699211188101,0.032298531525573757,1.210281594443757,31.0,-0.014322286247779982
2022-08-11,323.80023193359375,334.09722900390625,322.30755615234375,328.460205078125,1511577808,-0.014322286247779982,0.03641032861885156,-0.014220210207925188,71.85978814598815,74.97189193645904,79.68954735959349,86.46772976322872,19.532318230092187,17.04958054540866,2.482737684683528,310.7747447319716,291.24242650187944,259.76693054199217,337.9611587524414,345.53949934899447,240.54900162756806,293.04425048828125,0.35827523504210484,14.678483042643416,0.032465088629421185,1.040243368668684,41.0,0.011406117777889095
2022-08-12,327.5146789550781,327.5146789550781,318.2651672363281,323.7721252441406,980643843,0.011406117777889095,0.028241518054275248,0.011471415567874343,73.15884396512075,77.76920130600753,85.73291222014402,84.8342176255411,19.42085921090296,17.52383627850752,1.8970229323954406,313.35011922783417,293.9292600169312,261.7381491088867,337.7418873596191,348.6152441808874,244.27842342165167,296.4468338012695,0.35195795286914916,14.29069937665103,0.03199063588503908,0.6778376707809324,42.0,-0.011190218536688817
2022-08-13,323.8701477050781,332.5167541503906,323.4788818359375,327.57415771484375,991712327,-0.011190218536688817,0.027905851707836844,-0.011127840931062116,69.7562078564599,68.94798707040172,79.80329955854614,81.74191971276122,18.821481598023638,17.783365342410743,1.038116255612895,314.9685851474102,296.14710354938654,263.41078582763674,337.4381413269043,350.4815817185094,248.61261383813124,299.54709777832034,0.3400766311405435,13.915497443636895,0.032395073677536225,0.6836321291006198,46.0,-0.018333308519659454
2022-08-14,317.98663330078125,330.8052978515625,316.6592712402344,323.9740905761719,936178150,-0.018333308519659454,0.04448623033140988,-0.018166275731144266,64.5377484657601,56.81136364355372,70.23088568326045,78.58903248731689,17.668053753994457,17.760303024727488,-0.09224927073303135,315.4329002479288,297.76484649393433,264.9767053222656,337.1492971801758,348.10480896921223,258.27320006399094,303.1890045166016,0.2962891383493507,13.931963812757697,0.027908224239240893,0.646889849690186,47.0,0.005959393583185201
2022-08-15,319.8872985839844,326.8336486816406,314.85809326171875,318.032470703125,1141553086,0.005959393583185201,0.03743679562437447,0.005977186095760478,65.43728902347794,59.49834507532251,73.32324740432973,74.45247754871211,16.714645650876832,17.551171549957356,-0.8365258990805238,316.11819229962964,299.4035466487528,266.69727630615233,336.7982922363281,344.61281488796556,268.85808660129226,306.7354507446289,0.24697089333095223,13.792220356126567,0.027945320234848896,0.7829918458391948,45.0,-0.010886680873577782
2022-08-16,316.4236755371094,322.1582946777344,312.8060607910156,319.7127685546875,963072351,-0.010886680873577782,0.029556049719869786,-0.010827635427249183,62.33422545348993,52.54776302533195,65.44393220612584,69.66602176457201,15.500892784001167,17.14111579676612,-1.6402230127649524,316.1651897207804,300.66429693677924,268.3526693725586,336.4499887084961,343.4058802156329,274.5569524259687,308.9814163208008,0.22282546506998221,13.475078465454581,0.02225553388488142,0.6707493794956564,44.0,-0.03141933584081295
2022-08-17,306.63641357421875,323.2359924316406,305.33489990234375,316.401611328125,1111784114,-0.03141933584081295,0.058378886971178545,-0.030930877552943437,54.47344778368368,37.9373945000348,23.691079427943485,54.152753012799685,13.592548212810982,16.431402279975092,-2.8388540671641103,314.69922415977095,301.10667594695997,269.9468508911133,336.0375068664551,341.70096755095534,279.19611496857596,310.44854125976565,0.20133724039656184,13.791222327157602,0.023640971845806578,0.7890729447814213,41.0,-0.028095406758073253
2022-08-18,298.1412353515625,310.1879577636719,297.02642822265625,306.7964782714844,1041814513,-0.028095406758073253,0.04414528411507988,-0.027704401195000505,48.72930616644434,29.602600454410563,2.839747446714895,30.658253026928076,11.264827585566195,15.398087341093314,-4.133259755527119,312.15184126620045,300.88701368063425,271.5239862060547,335.64014846801757,341.5191476413413,279.7967245510415,310.6579360961914,0.19868291106906796,13.746244271004603,0.021151478787353153,0.7815858665766819,30.0,-0.06378279339184968
2022-08-19,279.7187194824219,298.1907043457031,278.5794372558594,298.15277099609375,1598319492,-0.06378279339184968,0.07011067091302112,-0.06179123745635906,39.10029950965727,19.02675129502137,1.9743470275055754,9.501724634054657,7.8431383343681205,13.887097539748275,-6.043959205380155,307.1621302225422,299.3189918881741,272.7323587036133,335.16235549926756,342.45909435051766,278.0750365088573,310.2670654296875,0.20751173751714566,14.165174472350257,0.025187070797213267,1.1982121921140572,33.0,0.014108656355118517
2022-08-20,283.6931457519531,288.905517578125,278.3320617675781,279.6201171875,1315367730,0.014108656355118517,0.03727074823228816,0.014208653167315122,41.773444688450695,25.70718267523081,9.25096329093993,4.688352588386805,5.389995423057428,12.187677116410107,-6.797681693352679,303.551517227067,298.16152180400957,274.0859124755859,334.65350219726565,342.4459627908725,278.099535866354,310.27274932861326,0.20738665275553567,13.9086231393643,0.025234087723824298,0.9860238758872897,29.0,0.06272015780991796
2022-08-21,302.0562744140625,303.6579284667969,283.63909912109375,283.63909912109375,1249205607,0.06272015780991796,0.06627516473391003,0.06472884148623437,52.21087095754087,48.5761499972137,40.93795600642247,17.387755441622662,4.8714578738732826,10.724433267902743,-5.85297539402946,303.3214798712201,298.4500219973468,275.7663333129883,334.32642517089846,341.2361585330781,281.16101859094533,311.1985885620117,0.19304438435832347,14.345066439817073,0.02886641394759856,0.9387127896698103,27.0,-0.00496889053289316
2022-08-22,300.5591125488281,303.82379150390625,289.30670166015625,302.0341796875,1463703478,-0.00496889053289316,0.04830028183354976,-0.004956566017834341,51.401853551952364,47.194308526195314,38.354487906268645,29.51446906787702,4.290249356073673,9.43759648553693,-5.147347129463258,302.8965002831598,298.60625092708614,277.39790924072264,333.9748320007324,339.823747956959,284.24724203327537,312.0354949951172,0.17810956386405108,14.357353825812282,0.02892073311476879,1.1126320111730896,29.0,-0.005100753989437897
2022-08-23,299.0299377441406,301.19500732421875,294.3196716308594,300.5709228515625,1034959891,-0.005100753989437897,0.022992131641488445,-0.005087767233938334,50.54044525267085,45.64698063374928,35.71577901365959,38.33607430878357,3.6640093721692324,8.28287906286339,-4.618869690694158,302.3016445079261,298.63763513575685,278.74702545166014,333.4748336791992,339.792607376389,284.3456982876735,312.06915283203125,0.17767507164849256,13.822923959208504,0.02674151592718153,0.8210050108458697,28.0,-0.00866621566048955
2022-08-24,296.4496765136719,299.95867919921875,294.7120361328125,299.0151062011719,935405757,-0.00866621566048955,0.017698258699784013,-0.008628772255828476,49.04685102100977,42.87943306431539,32.48912474217608,35.51979722070144,2.9257776128657724,7.2114587728638675,-4.285681159998095,301.40134173957927,298.4755641267135,280.059091796875,332.8860820007324,339.90417954202627,282.8084883046534,311.35633392333983,0.1833773237175596,13.210332466865486,0.02503389361315667,0.772397374160357,25.0,0.017169940465067722
2022-08-25,301.5836486816406,306.1381530761719,296.20208740234375,296.4873046875,973529233,0.017169940465067722,0.03294630102548062,0.017318191162647434,52.08125576538813,49.92677329996576,42.91172634106889,37.03887669896819,2.7235963491712596,6.313886288125346,-3.5902899389540863,301.4293889614349,298.7057926122636,281.3207659912109,332.29627243041995,339.47377144484665,281.8787065824971,310.6762390136719,0.1853861275171899,12.976456267362817,0.025141846962262137,0.8246994254024361,25.0,-0.07569393608625002
2022-08-26,279.5981750488281,301.5559997558594,277.8516540527344,301.5559997558594,1210077085,-0.07569393608625002,0.08478004442977981,-0.07290008503087286,40.859465244098686,30.8876566002822,3.1949470374584235,26.198599373567806,0.7803271336970852,5.207174457239694,-4.426847323542609,298.0707406671877,297.2904135334906,282.0818392944336,331.5281169128418,340.62061914923754,277.1847855138484,308.90270233154297,0.20535862314115963,13.744709007473062,0.03002069813803394,1.0225480152218864,27.0,-0.006446384535291001
2022-08-27,277.80157470703125,283.85009765625,274.54437255859375,279.57183837890625,962669292,-0.006446384535291001,0.03349774063545191,-0.006425651174164937,40.09911131713057,29.804099642967174,5.789457125840359,17.298710168122565,-0.8943884000935327,3.9868618857730493,-4.881250285866582,294.95240744254824,295.84679584264177,282.8228564453125,330.87324096679686,340.4079618850674,272.88548599090916,306.64672393798827,0.2201963061174362,13.427638728200433,0.02914565611219841,0.8152145516050644,28.0,-0.005597642313919622
2022-08-28,276.2508850097656,283.6283264160156,276.2508850097656,277.8034362792969,758285305,-0.005597642313919622,0.026705584693381898,-0.005582004705700361,39.417293998660035,28.787181165016207,3.2635993031460564,4.082667822148284,-2.3199967468613067,2.7254901592461787,-5.045486906107485,292.07525014519706,294.39524689205837,283.48305267333984,330.14216766357424,339.363531804968,269.07496306807894,304.21924743652346,0.23104576495132848,12.995481776632545,0.028982301982794046,0.6577461467993936,28.0,0.035456198302351784
2022-08-29,286.2214050292969,286.3310241699219,272.80596923828125,276.2806091308594,1009161525,0.035456198302351784,0.04725382062273168,0.03609226453402603,45.798755198685946,43.29949753822112,26.60208134265179,11.885045923879408,-2.615118535541683,1.6573684202886065,-4.272486955830289,291.1746585889047,293.7897771244464,284.51436920166014,329.497678527832,336.91553524825736,267.6538678279145,302.2847015380859,0.22912726667252903,13.033308430561693,0.030541902285843518,0.8803166481741611,24.0,-0.016898414646502737
2022-08-30,281.42535400390625,291.6630859375,277.074462890625,286.21527099609375,979620743,-0.016898414646502737,0.05183833950750758,-0.016756437293359405,43.42900787283145,38.85577521260163,17.091772360636156,15.652484335478007,-3.199128354504296,0.686069065330026,-3.885197419834322,289.674765575828,292.8738939303323,285.62570617675783,328.9026933288574,333.50379646841634,266.361025919279,299.93241119384766,0.2238596698565621,13.144402331726928,0.030348187590757632,0.8837896093111629,27.0,-0.0078024238864248035
2022-08-31,279.23809814453125,289.7711181640625,278.07879638671875,281.45648193359375,952486877,-0.0078024238864248035,0.04187222966721362,-0.0077720639887500775,42.3527158792692,36.84393867688153,17.20649211018072,20.300115271156226,-3.7947105506843855,-0.21008685787285641,-3.584623692811529,288.0691244325516,291.86383498323596,286.8011770629883,328.2819351196289,330.5508631783087,264.8577458304804,297.70430450439454,0.22066566171151414,13.040682292128128,0.030308629155165953,0.8815425211660832,23.0,-0.0029439776095754417
2022-09-01,278.417236328125,280.2213134765625,271.4728088378906,279.2513427734375,954919263,-0.0029439776095754417,0.031422281012664886,-0.0029396483569422704,41.9327072122657,36.02719677011156,20.032766565074468,18.110343678630453,-4.283572068080844,-1.0247838999144538,-3.2587881681663897,286.5842185703321,290.86779063841294,287.7590264892578,327.67958740234377,326.0951345498988,264.403730196195,295.2494323730469,0.20894673313294249,12.73409817402411,0.030008286527052154,0.8848470804090675,20.0,-0.003602267638921733
2022-09-02,277.4161071777344,282.9059143066406,274.4879150390625,278.3879699707031,807053745,-0.003602267638921733,0.030344306079476843,-0.0035957872565430815,41.39355125170462,34.9255831480766,17.144783848073004,18.128014174442736,-4.697629746777807,-1.7593530692871244,-2.9382766774906823,285.17373989454785,289.87136964132566,288.5440591430664,327.0483639526367,321.7304452503308,264.1230154430286,292.9267303466797,0.19666156700388396,12.425805394992254,0.030015401215786754,0.7542851888222757,25.0,0.001294927915263326
2022-09-03,277.77557373046875,278.4322814941406,274.77545166015625,277.4311218261719,490102253,0.001294927915263326,0.013164691858516944,0.0012957666964308334,41.68348989230125,35.748577290109026,18.181746153317945,18.453098855488477,-4.939824274350428,-2.3954473102997853,-2.544376964050643,284.03556048468954,288.97538475903997,289.3280908203125,326.27519485473636,318.00485510040386,263.8274996359243,290.9161773681641,0.18623012289865304,11.799449997777405,0.029971703780511165,0.46780901686271176,21.0,0.0038313046749798314
2022-09-04,278.84185791015625,279.8131408691406,275.4532165527344,277.78192138671875,512014471,0.0038313046749798314,0.01563583153936319,0.0038386535049410586,42.59077038538219,38.442758943403256,21.257683240104445,18.861404413831803,-4.98822382122745,-2.9140026124853184,-2.0742212087421317,283.2365293193767,288.22475314060415,289.91305053710937,325.52981353759765,312.91056507038024,264.817245598565,288.86390533447263,0.16649127351556245,11.268055306250895,0.029927917550605056,0.5038631561401871,20.0,-0.007761828519427159
2022-09-05,276.6859130859375,280.6126403808594,273.7195129394531,278.8544921875,665273781,-0.007761828519427159,0.02491318536793477,-0.00773178331394353,41.19521778549114,34.982515699100944,15.038374383976251,18.15926792579955,-5.141282041125976,-3.35945849821345,-1.7818235429125258,282.2287422065399,287.37002424766587,290.48979919433594,324.9009928894043,307.8580433814063,265.8959910424218,286.87701721191405,0.14627192079310897,10.955560458761992,0.029913976982235014,0.6644182045287872,23.0,-0.05199059016426375
2022-09-06,262.66839599609375,285.7541809082031,262.5975646972656,276.7518615722656,1173656468,-0.05199059016426375,0.08815912596992397,-0.050662200086384446,33.50759439081652,20.788690422552378,0.16267878194875304,12.152912135343152,-6.32081583264511,-3.951729965099782,-2.3690858675453277,279.21945817416355,285.54027400680866,290.4454461669922,324.2164889526367,306.1261409626966,263.23109170331907,284.6786163330078,0.15067885959232102,11.827064441060243,0.03113696228138269,1.1685367282930699,22.0,0.05946355415733811
2022-09-07,278.7613220214844,279.76385498046875,259.99395751953125,262.6126403808594,963734560,0.05946355415733811,0.07092051837598122,0.061267081501612974,45.97296126153408,48.679037559133725,40.67112726868701,18.624060144870676,-5.889153726167137,-4.339214717313253,-1.549939008853884,279.148975689136,285.03812941530316,290.644326171875,323.61007766723634,304.3734769029469,263.0457644300609,283.7096206665039,0.1456690554793207,12.394409656765761,0.0341352455676882,0.9632747621769746,24.0,0.006493983510408907
2022-09-08,280.5774841308594,282.0633239746094,276.0489196777344,278.7602233886719,870477242,0.006493983510408907,0.02143580521261615,0.006515115139377192,47.1765119178256,50.95281122252645,49.524820013143355,30.119542021259708,-5.338965027453185,-4.53916477934124,-0.7998002481119446,279.36874621863194,284.7077112460851,291.0890997314453,323.10883544921876,304.3866127225575,263.118505075294,283.75255889892577,0.14543695326449343,11.938694988202135,0.03106733818874313,0.9029048762345439,20.0,0.044711261205903005
2022-09-09,293.4071350097656,294.9559326171875,280.2208251953125,280.5370178222656,1139680146,0.044711261205903005,0.050220685401479975,0.0457258746853777,54.83133828553972,64.07167953773497,95.57005116817413,61.92199948333484,-3.8236146660129293,-4.3960547566755785,0.5724400906626492,281.5284983403448,285.35211300635774,291.64799133300784,322.79256484985353,305.29679637648195,263.17972034715086,284.2382583618164,0.148175253648363,12.138438733464483,0.032510926380838814,1.1930065409057167,22.0,0.012066758263849878
2022-09-10,296.96905517578125,298.4418640136719,291.24749755859375,293.39508056640625,851195253,0.012066758263849878,0.02422598021473871,0.012139855310257186,56.70710540544197,66.93619527408698,96.16933931600391,80.42140349910714,-2.3086586184101634,-3.978575529022496,1.6699169106123324,283.9039686227197,286.21262724112984,292.32982360839844,322.4058728027344,304.2846738287832,263.6831209710215,283.98389739990233,0.14297132066113996,11.785290713579743,0.029322423915859538,0.9099796485594184,28.0,-0.006104040475953669
2022-09-11,295.161865234375,297.8752136230469,291.3034973144531,296.91973876953125,700835025,-0.006104040475953669,0.022264787842343522,-0.00608544866850369,55.44893573075529,63.919615203376324,91.46897951440675,94.40278999952825,-1.2395810423274725,-3.4307766316834916,2.191195589356019,285.6359527168205,286.87553375914797,293.0438006591797,322.0489846801758,303.2555821163515,264.1724879520079,283.7140350341797,0.1377552370986341,11.41289254179503,0.029331914766223356,0.7810862511278727,26.0,-0.0051056182768520406
2022-09-12,293.6587219238281,299.1763000488281,291.15069580078125,295.1741027832031,998624528,-0.0051056182768520406,0.027329698213862788,-0.00509260676121992,54.36842335875932,61.241418604692655,85.91820251462894,91.18550711501321,-0.5077672392029058,-2.8461747531873747,2.338407513984469,286.870224902514,287.3779921417169,293.679677734375,321.7111050415039,302.2722516379623,264.61869684836586,283.4454742431641,0.13284232140285993,11.170943377955876,0.029331951398824503,1.115233165478701,25.0,-0.05632014595779036
2022-09-13,277.5769348144531,297.6877136230469,275.9689636230469,293.64923095703125,1136956066,-0.05632014595779036,0.0782440731774704,-0.05476352619128555,44.39978202357471,40.21144613539523,44.874747551846795,74.08730986029417,-1.2114999293636401,-2.519239788422628,1.3077398590589877,285.44048796588925,286.6519878952529,294.32824645996095,321.22441497802737,300.500499301475,264.50317501493123,282.5018371582031,0.12742332810524337,11.924358136673314,0.03182504811988885,1.2555868731286781,34.0,0.006495714998964838
2022-09-14,279.3858642578125,282.1502685546875,274.83056640625,277.4132995605469,956413768,0.006495714998964838,0.02619925731705239,0.00651685791028922,45.60786656644647,42.78956434037367,49.49144304933225,60.09479770526934,-1.6047491192858274,-2.3363416545952678,0.7315925353094404,284.5090073954159,286.1137565147017,294.9367962646484,320.7531504821777,297.1445088029275,265.63938707109594,281.3919479370117,0.11196170310773716,11.595454137513613,0.03155222589512106,1.057205791387495,27.0,-0.031187887818338166
2022-09-15,270.806884765625,280.2467956542969,268.0102233886719,279.383056640625,1080164338,-0.031187887818338166,0.045185602560346184,-0.03070656246327108,41.05216199841458,34.54709864681486,27.596428768925335,40.654206456701466,-2.578925633624067,-2.3848584504010275,-0.1940671832230394,282.4009885292942,284.97991416291825,294.9228466796875,320.3045297241211,297.35773298387954,264.54703386182354,280.95238342285154,0.11678384330583798,11.64124828952157,0.027529557134295078,1.2026329859379696,28.0,0.014108240074576383
2022-09-16,274.6545715332031,276.26324462890625,269.1295166015625,270.812255859375,803452434,0.014108240074576383,0.02597345453789889,0.01420823097207502,43.76528246174918,40.540224757234824,37.416379591674605,38.168083803310736,-3.0058418997674607,-2.509055140274314,-0.49678675949314677,281.2092320683571,284.21507396812456,294.8700598144531,319.69974044799807,297.37765747556,264.21240905276034,280.79503326416017,0.1181119481967446,11.319282556508869,0.027722005950645248,0.9025472586794226,20.0,0.01659082910507837
2022-09-17,279.24932861328125,279.5317077636719,274.7300109863281,274.7300109863281,560951664,0.01659082910507837,0.017195016371886734,0.016729221197480326,46.90781186290486,47.267133406102054,49.14298087040774,38.051929743669234,-2.939532518993019,-2.595150616018055,-0.34438190297496396,280.9077084598839,283.8472409788769,294.5759796142578,319.053575592041,297.41436657521837,264.47554431345355,280.94495544433596,0.1172429745523266,10.859129247506003,0.027953219712011337,0.637199817775819,22.0,-0.04743208139133979
2022-09-18,266.31317138671875,279.6207580566406,264.74365234375,279.2207336425781,789437105,-0.04743208139133979,0.055863199087841126,-0.0463247567713122,40.11152879055975,34.461179719883404,16.12770819524786,34.229022885776736,-3.8860259450751187,-2.8533256818294683,-1.0327002632456503,278.66239506401234,282.54842100908746,294.1515203857422,318.3401399230957,297.4002675932573,262.4988199311568,279.94954376220704,0.12467049309337784,11.146127566462047,0.028640132899008026,0.9080748226513528,27.0,0.02138578773363865
2022-09-19,272.06982421875,272.6191101074219,257.18682861328125,266.2519226074219,1074224923,0.02138578773363865,0.05672176816541308,0.02161610258349511,43.99987325668896,42.542966776251866,35.44458907589226,33.57175938051596,-4.124075258737207,-3.107475597211016,-1.016599661526191,277.64815339551046,281.77222865424767,293.92132751464845,317.68773559570315,297.2478837786684,261.7156507672301,279.48176727294924,0.1271361397136743,11.452281418439087,0.02898220841717677,1.2289740187403126,21.0,-0.021173928047664742
2022-09-20,266.3695983886719,273.203125,265.6932067871094,272.13055419921875,845702947,-0.021173928047664742,0.0281936011403695,-0.020951334262983234,41.150782345476536,37.23820020300999,21.86921973877671,24.480505669972285,-4.718301992253771,-3.429640876219567,-1.2886611160342039,275.91299108676606,280.6312930790198,293.5779296875,317.1481791687012,297.5025548985043,260.17412967180826,278.8383422851563,0.133871206236486,11.170684046614197,0.029283289823009036,0.9734783028287156,23.0,-0.005939883616214904
2022-09-21,264.7920837402344,275.83355712890625,261.2751770019531,266.3947448730469,1057177278,-0.005939883616214904,0.05498042056738806,-0.005922277384432073,40.37167434244998,35.79703524530963,18.11229069322071,25.142033169296564,-5.255936048961132,-3.7948999107678807,-1.4610361381932515,274.2020822642227,279.45801831318386,293.1973516845703,316.54777282714844,297.8019413470837,258.5122279644397,278.1570846557617,0.14125009050647647,11.412662338066978,0.029294100312323886,1.2097837565788223,23.0,0.03964369716177349
2022-09-22,275.5002746582031,275.90765380859375,264.0281066894531,264.6077575683594,843345381,0.03964369716177349,0.04311991025736318,0.040439996417996005,47.62109605012111,50.858385982713195,43.614376220554966,27.865295550850803,-4.763047945529706,-3.988529517720246,-0.7745184278094603,274.40180417098895,279.16485211651866,292.7402215576172,316.0502182006836,297.7383255455937,258.3842605139766,278.06129302978513,0.14153018064043024,11.44601125100081,0.030768121090129167,0.963084764447965,22.0,0.00407869598970494
2022-09-23,276.6262512207031,277.3817138671875,269.6694641113281,275.4934997558594,869618433,0.00407869598970494,0.02787967418792168,0.004087025190435689,48.33241897693954,52.2330494471181,46.295945013885344,36.007537309220346,-4.232780811695591,-4.037379776515316,-0.19540103518027507,274.7440267940219,278.9768076057175,292.0586254882812,315.5266262817383,297.6905722193822,258.31708158921157,278.0038269042969,0.14162931161276784,11.17931400134785,0.0307822307110782,0.9720243141602136,20.0,-0.005404068709889073
2022-09-24,275.1353759765625,284.6324462890625,275.1353759765625,276.6270446777344,818302597,-0.005404068709889073,0.03451780883789008,-0.005389492998447043,47.41426388119514,50.06944200028269,42.74535198860973,44.21855774101669,-3.8880227541023373,-4.00750837203272,0.11948561793038248,274.8042343605666,278.69225711466896,291.2576220703125,314.99251037597656,297.53995569449654,258.0970499207378,277.81850280761716,0.14197364601403833,11.059153737858718,0.030787728357465394,0.8992719687748298,24.0,-0.0039116357182091424
2022-09-25,274.0612487792969,279.2016906738281,271.6731262207031,275.1043395996094,640533920,-0.0039116357182091424,0.027470371994063988,-0.003903995236719804,46.72556219553363,48.384816448959654,40.18726501932174,43.07618734060562,-3.6592905736718535,-3.9378648123605466,0.27857423868869313,274.6899288865251,278.34921946019693,290.4374688720703,314.39503784179686,297.4719519251737,257.90258725939657,277.68726959228513,0.1424961422389832,10.806968788949167,0.030753062319652368,0.7048716401758507,24.0,0.006787824759459039
2022-09-26,275.9278564453125,276.4469909667969,271.1883239746094,274.14178466796875,716989161,0.006787824759459039,0.019058122872888484,0.006810914254860023,48.135419056262094,51.680867162552964,46.2731316303641,43.06858287943186,-3.289479956687444,-3.8081878412259265,0.5187078845384825,274.8803792801847,278.1698592368721,289.4976031494141,313.9138819885254,296.92929846276854,259.77118676672364,278.3502426147461,0.13349408768963789,10.410661517751905,0.02828017513379777,0.8093425621767135,21.0,-0.012862176361814874
2022-09-27,272.40155029296875,286.0679931640625,270.82208251953125,275.92596435546875,927431127,-0.012862176361814874,0.05596851643514592,-0.01277981207759149,45.67619704350762,45.30452324903118,52.680430018449286,46.380275556045056,-3.2435561184201447,-3.6952614966647706,0.45170537824462587,274.49902097445914,277.7425770928793,288.4496258544922,313.4149694824219,296.78913116849634,259.2753768881443,278.0322540283203,0.1349259078284165,10.756036455379002,0.02504706253007256,1.0490404405732934,20.0,0.03385368690160224
2022-09-28,281.7812194824219,283.3424377441406,266.9765625,272.3344421386719,857467325,0.03385368690160224,0.05808007813367265,0.03443324452215957,52.61139824597626,60.44797708417079,85.15719934318,61.3702536639978,-2.4223765819475602,-3.4406845137213287,1.0183079317737684,275.6193592064534,278.04173578840096,287.5870037841797,312.96022369384764,296.88928253603996,259.2955990557569,278.0924407958984,0.13518412572700728,11.156739226004833,0.026207036699884896,0.9706168141868926,20.0,0.00710016458492748
2022-09-29,283.7890319824219,285.2337646484375,277.5006408691406,281.76666259765625,800888080,0.00710016458492748,0.02724955127855636,0.007125430515518172,53.96617058082187,63.00590529408902,92.10917836213437,76.64893590792123,-1.5912294911847198,-3.070793509214007,1.4795640180292873,276.8762319412178,278.4674614324025,286.6933612060547,312.56991973876956,295.2744470354064,259.94862425365613,277.6115356445313,0.12724911700709496,10.912195265525693,0.0241116414674843,0.9242947717780144,22.0,0.001419973962525138
2022-09-30,284.1922912597656,289.537109375,280.89300537109375,283.83428955078125,905481572,0.001419973962525138,0.03041639154105386,0.0014209826029101258,54.24907400930363,63.558145627488116,83.4782945019782,86.91489073576419,-0.8897433724093844,-2.6345834818530824,1.744840109443698,278.0017795286867,278.8915229010961,285.9012023925781,312.12355041503906,292.5952624831029,261.35013241435803,276.97269744873046,0.1128094225768536,10.750188746838589,0.023909159220435315,1.041741478668555,21.0,-0.004656883296221792
2022-10-01,282.8719177246094,285.19287109375,278.36090087890625,284.2734069824219,593375648,-0.004656883296221792,0.02415216847893339,-0.004646056827591338,53.09843276727564,60.12935103890208,79.3968043137425,84.99475905928504,-0.4353354032683683,-2.19473386613614,1.7593984628677717,278.7510315588287,279.18636696209705,285.00834716796874,311.6797657775879,289.89869877827795,262.81770136820643,276.3582000732422,0.09799237874213373,10.470315994553244,0.023898906249167247,0.6869149801516994,20.0,0.0055038881073569985
2022-10-02,284.43310546875,287.3795166015625,279.9544372558594,282.8950500488281,556343468,0.0055038881073569985,0.026104835207091958,0.005519062325799684,54.33183346142178,62.89091797135996,84.22269054217993,82.36592978596688,0.050182516853510606,-1.74575058953821,1.7959331063917205,279.62519677573965,279.57501425888614,284.2196063232422,311.17429016113283,287.5448028934543,264.2490356075223,275.8969192504883,0.08443648935703289,10.25279909106395,0.02394699843752015,0.6609658629230278,24.0,0.009095550804606965
2022-10-03,287.031982421875,288.6329040527344,283.8986511230469,284.4148864746094,700566674,0.009095550804606965,0.016493816785647153,0.009137041023554504,56.38790875004141,67.29087620351507,91.1360379748339,84.91851094358546,0.6373199888010959,-1.2691364738703488,1.9064564626714446,280.7647022597605,280.1273822709594,283.60051330566404,310.65032638549803,288.9796934395086,263.7596498222102,276.3696716308594,0.09125474393942996,9.858617222394203,0.02026318104425103,0.8544606905086887,24.0,0.031773617029898366
2022-10-04,296.2984619140625,297.9946594238281,286.5289611816406,287.024169921875,794566055,0.031773617029898366,0.03869644873658837,0.032283787381462536,62.81616714929619,78.0949648306848,95.38066062512051,90.24646304737813,1.8292714150450706,-0.649454896087265,2.478726311132336,283.15451143734543,281.32524002230036,283.1287365722656,310.14359115600587,292.5046488920783,261.92595413526544,277.2153015136719,0.11030666269085715,9.97340872380801,0.021339466529864605,0.9787694873965397,20.0,-0.00731935824413615
2022-10-05,294.1376647949219,296.33306884765625,289.90374755859375,296.2894592285156,656837388,-0.00731935824413615,0.021858204706782926,-0.007292636975507971,60.57405681204982,71.65597621166003,88.64472747920965,91.72047535972136,2.569918814535015,-0.005580153962809087,2.575498968497824,284.8442273385111,282.27430852397606,282.6830163574219,309.6150117492676,295.0365877378061,261.7270932924674,278.38184051513673,0.11965397737043679,9.72025962132619,0.01995284392955616,0.8307723175591268,25.0,-0.02584122303576931
2022-10-06,286.6341552734375,297.6993713378906,279.8035583496094,294.1552734375,1010110227,-0.02584122303576931,0.062434335402943734,-0.02551019614137473,53.44071642212528,53.71371887998925,63.37459329536276,82.4666604665643,2.5223407319140847,0.5000040232125698,2.022336708701515,285.1196008669613,282.59726013504724,282.28297119140626,309.0943406677246,295.91561033405156,262.0460290702453,278.98081970214844,0.12140469477423871,10.304227718965835,0.020879708284869507,1.261112549069562,26.0,-0.012114486830068478
2022-10-07,283.18267822265625,286.9586181640625,280.19146728515625,286.7719421386719,952606066,-0.012114486830068478,0.023896768408926076,-0.012041401861158763,50.495070728924766,47.35102033402501,52.247292161263125,68.08887097861185,2.180988330004368,0.8362008845709294,1.3447874454334385,284.82161276783745,282.6406244378331,281.98380004882813,308.52801498413083,296.2112514451957,262.14372292003867,279.1774871826172,0.1220282081802413,10.051579373247293,0.02082020485247011,1.1609356577887295,23.0,-0.02399142044819286
2022-10-08,276.4695739746094,282.99420166015625,276.04986572265625,282.99420166015625,604706997,-0.02399142044819286,0.02511790298536706,-0.02370591411233358,45.26860148705243,37.31967521446333,30.604751471122125,48.742212309249346,1.353174134020037,0.9395955344607511,0.4135785995592859,283.53668372272546,282.1835095887054,281.9188171386719,307.8887881469727,295.73167869082886,263.6389359331946,279.68530731201173,0.11474590162089633,9.843096025158202,0.01849845444599193,0.7453429540047504,24.0,0.006376330562617286
2022-10-09,278.2380676269531,279.280029296875,275.4630432128906,276.4495544433594,570350814,0.006376330562617286,0.013718417887742047,0.006396702635010909,46.82992005520116,41.151388082202054,36.306241335850714,39.71942832274533,0.830257387107963,0.9177279049901935,-0.08747051788223048,282.7215120156836,281.8912546285756,281.80971557617187,307.23692962646487,295.67572656544354,264.31171239940016,279.99371948242185,0.11201684889225676,9.412659600788642,0.01796177540071434,0.7255263471124314,22.0,-0.023388305410889397
2022-10-10,271.8060607910156,279.0643005371094,271.8060607910156,278.24456787109375,655201928,-0.023388305410889397,0.026703745034127167,-0.023116918870214387,42.123339962168245,32.675677757565325,15.569937455787628,27.493643420920165,-0.10199140592766298,0.7137840428066223,-0.8157754487342853,281.04221182727315,281.1442032332008,281.20471130371095,306.525325012207,295.16232113923553,265.36876406584264,280.2655426025391,0.10630474512396577,9.258772468310436,0.018112628387775373,0.8436854758740218,22.0,-0.0016004418086128483
2022-10-11,271.37139892578125,273.662841796875,268.44683837890625,271.7315368652344,584301468,-0.0016004418086128483,0.019220903303060692,-0.0015991617845805273,41.81747511288115,32.15355521078075,14.168620455902738,22.014933082513704,-0.8658973452087366,0.3978477652035506,-1.2637451104122872,279.55439445781286,280.4202918030216,280.62095703125,305.8281262207031,294.357382676586,266.8316340470468,280.5945083618164,0.09809795918758941,8.970003250428887,0.018050877061215574,0.7760150395331763,24.0,-0.0014765236588790468
2022-10-12,270.97100830078125,272.7352294921875,269.66015625,271.4066162109375,546926291,-0.0014765236588790468,0.01134834778624778,-0.0014754341341237653,41.51841083808819,31.610728145403556,8.542660110325823,12.760406007338739,-1.4864713663524753,0.0209839388923454,-1.5074553052448207,278.2338735105772,279.7203448769297,280.0597784423828,305.1033822631836,294.5998289850514,266.1362611028392,280.3680450439453,0.10152215413047776,8.548936821268788,0.01562350790598557,0.7409617505115216,20.0,0.003243795222044124
2022-10-13,271.8514099121094,273.4926452636719,257.9745178222656,270.9587097167969,1124480167,0.003243795222044124,0.057083122895788256,0.003249062019029303,42.49231060104392,34.449636145740456,34.67477008952401,19.128683551917533,-1.885504771571675,-0.36031380320045875,-1.5251909683712164,277.2519560338899,279.13746080546156,279.56781311035155,304.3101229858398,294.7587969424823,265.49980901454893,280.1293029785156,0.10444815168150186,9.046736151278607,0.015610815384555655,1.497563029799513,20.0,-0.008438034319667687
2022-10-14,269.5671691894531,276.52886962890625,268.343017578125,271.8459167480469,809144930,-0.008438034319667687,0.03036665063996793,-0.008402534029140263,40.603018370538756,30.604148109167028,28.96704235233113,24.061490850726997,-2.3588691806410793,-0.7600248786885828,-1.5988443019524965,276.06968113474574,278.4285503153868,278.9274835205078,303.506004486084,295.0507583303083,264.65102694801203,279.8508926391602,0.10862831665680522,8.985244429814509,0.015671810348330994,1.0782625990743957,24.0,-0.004323977329214604
2022-10-15,268.4040832519531,271.364501953125,267.88482666015625,269.55902099609375,491674298,-0.004323977329214604,0.012964315783908362,-0.004314642398765445,39.63665511639315,28.7009671597865,26.060790922539613,29.900867788131595,-2.7956388160300776,-1.1671476661568818,-1.6284911498731958,274.89035838354687,277.68599719957695,278.7036016845703,302.6754965209961,295.38630783480966,263.74976089077626,279.56803436279296,0.11316224695051842,8.591989491468384,0.015676082145867503,0.6617664966817892,24.0,0.01521823531859496
2022-10-16,272.51995849609375,273.7430419921875,268.3623046875,268.4115905761719,563344666,0.01521823531859496,0.019744378849832486,0.015334622313763369,44.65643103922977,43.266771516945,36.34530037060196,30.457711215157577,-2.7776461882008334,-1.4892473705656721,-1.2883988176351613,274.5256814777848,277.30332766598565,278.59796936035156,301.82467208862306,295.44091012880807,263.35436880185597,279.397639465332,0.11484184830034484,8.36261433526975,0.016007567547409472,0.7661527658769531,24.0,0.010921411845547952
2022-10-17,275.5125732421875,275.8415222167969,270.4273376464844,272.5019226074219,594844795,0.010921411845547952,0.019651315751579863,0.010981268170626945,48.03984227558046,51.64624018315641,43.82307187847916,35.40972105720692,-2.4931682101481556,-1.690031538482169,-0.8031366716659867,274.6775109800006,277.17067919014875,278.583203125,301.05765441894533,295.3809966551273,263.7253845704586,279.55319061279295,0.11323645426932258,8.152012209201375,0.015933609171847753,0.8277127078049056,20.0,-0.008375811610695415
2022-10-18,273.2145690917969,275.81524658203125,270.533203125,275.5345153808594,599934776,-0.008375811610695415,0.01933294946382067,-0.008340832228990847,45.7280186898818,45.610990115058726,38.36402131360125,39.51079785422747,-2.4251910004782644,-1.837063430881388,-0.5881275695968764,274.4524429972,276.8776339976783,278.32306640625,300.19070587158205,295.1507237844846,263.0989924020388,279.1248580932617,0.11482936919841319,7.947014441189224,0.013967235189603472,0.850025656435833,22.0,-0.004523942251198849
2022-10-19,271.9813537597656,273.647705078125,270.6843566894531,273.22344970703125,497761035,-0.004523942251198849,0.010895410099654577,-0.004513724638223415,44.49066237526073,42.50145641542945,35.25962891717318,39.14890736975121,-2.4426711504376044,-1.9581849747926314,-0.484486175644973,274.0722754222101,276.5149465726477,278.1341864013672,299.36583587646487,294.6989161991579,262.37003216509993,278.5344741821289,0.11606780140586359,7.591038294580842,0.013829791559118341,0.7207368678350047,23.0,-0.010014198668958824
2022-10-20,269.2712707519531,273.28515625,267.8604736328125,271.9537353515625,539795617,-0.010014198668958824,0.020145790533237392,-0.009964223540876449,41.813021626645366,36.177922411183765,38.97568941754207,37.53311321610551,-2.644718674243336,-2.0954917146827725,-0.5492269595605634,273.33365931909367,275.978377993337,277.93484985351563,298.460447845459,294.2146834107619,261.3621629027147,277.7884231567383,0.11826454153386584,7.43629860333846,0.0139116344624081,0.8028567007898518,23.0,0.0028449382874581593
2022-10-21,270.0384216308594,271.04791259765625,264.5229797363281,269.2449035644531,593811687,0.0028449382874581593,0.0241629795564709,0.0028489889647860256,42.86134750879731,39.167020174233244,48.217650897425735,40.817656410713674,-2.7116815509961043,-2.218729681945439,-0.49295186905066535,272.82669967474993,275.53838122574604,277.7672735595703,297.5730152893066,293.73045002082625,260.56304668327533,277.1467483520508,0.11967451732617629,7.371201050337722,0.013957057822232615,0.8831680326183248,23.0,0.0016320297376449377
2022-10-22,270.4794921875,271.0074157714844,268.56689453125,270.0330810546875,391459296,0.0016320297376449377,0.009022943737792043,0.0016333622229638411,43.49171612861517,41.01990622202627,58.69361259004296,48.628984301670265,-2.698057873836831,-2.3145953203237175,-0.3834625535131133,272.46559083055763,275.16364870439446,277.6285412597656,296.6995497131348,292.9216020634042,259.9765333125724,276.4490676879883,0.1191722910348712,7.01900963533034,0.013869379276646962,0.5894394899160423,20.0,0.02023421734022537
2022-10-23,276.0081787109375,276.5697937011719,269.1025390625,270.47998046875,483765500,0.02023421734022537,0.0270544687246109,0.020440316856277452,50.81632075188433,59.19520356154851,85.50899330024455,64.14008559590442,-2.2156021320408286,-2.29479668266714,0.07919455062631142,273.01060435061606,275.2262064826569,277.593193359375,295.978858795166,291.63853841714774,260.1572165877351,275.8978775024414,0.11410498012669225,7.051027135569021,0.014566281314484014,0.7405164880957453,23.0,-0.0073848150339090495
2022-10-24,273.9774169921875,276.8754577636719,271.8848876953125,276.0007629394531,535946814,-0.0073848150339090495,0.018215260670559872,-0.007357614286049197,48.337864736605006,52.289971723996274,84.66721348002571,76.28993979010441,-1.974358800425307,-2.2307091062187734,0.2563503057934664,273.15934475701164,275.13370355743695,277.49590454101565,295.1647619628906,287.4422747118323,262.121375800863,274.78182525634764,0.09214910370199,6.903851630768332,0.01223949891702284,0.8369588737468385,22.0,0.03745037393936046
2022-10-25,284.4325256347656,289.601806640625,272.36651611328125,273.95135498046875,940035659,0.03745037393936046,0.060595357330811235,0.0381604759887062,59.33447129087414,71.9461900705528,83.65563031486072,84.61061236504366,-0.9288249161285194,-1.9703322682007225,1.0415073520722031,274.8936802766661,275.8225051927946,277.65083679199216,294.4785383605957,284.4475575045156,264.14557909216404,274.2965682983398,0.07401470072447289,7.64181155195229,0.015296518378793282,1.436243054097516,20.0,0.02068396518627071
2022-10-26,290.3769836425781,291.702392578125,284.163818359375,284.356201171875,1017326051,0.02068396518627071,0.02596133524146373,0.020899360910100917,64.02341164596001,77.96743024502643,96.07028623907998,88.13104334465548,0.3751122407514913,-1.5012433664102798,1.876355607161771,277.27572694834487,276.9006147075934,278.2050085449219,293.7946580505371,285.6271039607833,263.3403154728104,274.48370971679685,0.08119530485422127,7.634437456723554,0.014962434666224435,1.5534756309814908,33.0,-0.01224110327055615
2022-10-27,286.8441162109375,293.0694580078125,285.2253112792969,290.3919982910156,874526054,-0.01224110327055615,0.027346374860787625,-0.012166485743199229,59.623296607041524,67.86751123626232,78.19225987293287,85.97272547562453,1.1106164603897923,-0.9788714010502654,2.0894878614400576,278.74778683489757,277.6371703745078,278.3666644287109,293.13592529296875,286.4762139955584,262.85734923686346,274.6667816162109,0.0859909764832696,7.649416690422988,0.014968144862783396,1.3434262131831667,32.0,0.03820218597254456
2022-10-28,298.0141906738281,300.7218017578125,286.1366882324219,286.8411560058594,1072756219,0.03820218597254456,0.04894100342139011,0.038941270995694666,67.28014429981758,78.25708863856043,92.52016797016937,88.92757136072741,2.565269678395282,-0.2700431851611559,2.835312863556438,281.7118489639638,279.1465792855685,278.7153985595703,292.65556182861326,291.33860375451974,260.14942114782406,275.7440124511719,0.11310919257845567,8.14482360720639,0.0160055581936112,1.5907545832151453,30.0,0.0206033017414674
2022-10-29,304.21795654296875,307.91497802734375,295.94525146484375,298.0037841796875,1397370727,0.0206033017414674,0.039345891013535084,0.020817014972050574,70.61328885628278,82.02333528153702,91.47994646482904,87.39745810264377,4.170608711369255,0.6180871941449262,3.5525215172243287,285.1743270530415,281.00371834167225,278.9316149902344,292.10728195190427,296.97666606487616,257.10934772906916,277.04300689697266,0.14390299463733783,8.418030961155933,0.016438623362719385,1.9523975132574638,34.0,0.030867354452931886
2022-10-30,313.7547912597656,318.06927490234375,302.53436279296875,304.22991943359375,1451550019,0.030867354452931886,0.04951290798460906,0.031348691001577444,74.85405455651058,86.28427565485869,91.94251697675546,91.9808771372513,6.141597803371155,1.7227893159901722,4.418808487380983,289.5713215463837,283.4297237430125,279.26732971191404,291.5604051208496,304.51404602743924,253.76684081338112,279.1404434204102,0.18179811062930903,8.926379614600153,0.016073203754092026,1.921214282557154,34.0,0.03939150461162925
2022-10-31,326.3607177734375,336.7953186035156,307.6253356933594,313.6713562011719,2168405759,0.03939150461162925,0.08937957701884426,0.04017763828580101,79.13931365952848,89.95569217050398,85.56210993911039,89.66152446023163,8.621431283342247,3.102517709460587,5.51891357388166,295.23122865823814,286.6097973748959,279.8913067626953,291.11889007568357,314.2544070247257,249.52541170086027,281.889909362793,0.22962508828423178,10.372351278568447,0.017449767581610775,2.597692597891247,31.0,-0.005472960763235821
2022-11-01,324.5794372558594,334.20623779296875,317.9355163574219,326.2778625488281,1329110451,-0.005472960763235821,0.05012862667181531,-0.005458011398340901,77.1388776523463,86.15385124392652,83.09743182643504,86.86735291410031,10.323974381252526,4.546809043818975,5.777165337433551,299.7463376732568,289.42236329200426,280.5097210693359,290.65531860351564,321.439786334396,247.7008752866977,284.57033081054686,0.2591236789782912,10.793663432638334,0.017600999087351077,1.520978503521029,30.0,-0.013738972416941862
2022-11-02,320.1505432128906,329.0394592285156,316.2809143066406,324.4679870605469,1411029750,-0.013738972416941862,0.03985170474438628,-0.01364502348150154,72.24885355273446,76.74522112027398,76.96936939980239,81.8763037217826,11.186921450190368,5.874831525093254,5.312089925097115,302.88544621781585,291.6985247676255,281.3611932373047,290.16867904663087,326.44241358740567,247.52816136376626,286.98528747558595,0.2749766474713541,10.934012110440955,0.01829077272134142,1.5886759648056794,30.0,0.02944331734887055
2022-11-03,329.71697998046875,338.642578125,318.4955749511719,320.1744384765625,1514834239,0.02944331734887055,0.06110392972488575,0.029881057428713165,75.81517318142912,81.76386339882657,87.95784335240624,82.67488152621456,12.498667853749623,7.199598790824528,5.299069062925096,307.0133744889932,294.51470663524356,282.3678155517578,289.78037536621093,332.7152094014998,247.27034662877364,289.9927780151367,0.29464479549303196,11.592082900682897,0.018440456516996728,1.6403822554542322,30.0,0.07220954839448496
2022-11-04,354.4063720703125,358.1820068359375,328.7398376464844,329.67095947265625,1938879952,0.07220954839448496,0.08307460449275428,0.07488055996177767,82.18005742491744,88.94646921454215,95.78683252352795,86.90468175857887,15.353478589018778,8.830374750463378,6.5231038385554,314.30460488611925,298.9511262971005,284.03980529785156,289.4675651550293,344.17124525812625,244.41453965398316,294.2928924560547,0.33897082859056565,12.867089064166484,0.02273658729455515,1.9470097822712304,30.0,-0.014645539971895011
2022-11-05,349.25372314453125,360.309326171875,347.0196228027344,354.4194641113281,1231594445,-0.014645539971895011,0.038051715668156134,-0.014538815698152852,77.59059868064077,81.16298329798228,87.878530339978,90.5410687386374,17.004147728395026,10.465129346049707,6.5390183823453185,319.68139231049037,302.67724458209534,285.53178833007814,289.10189849853515,352.3356303806021,243.923530996351,298.12958068847655,0.3636408676183453,12.897275800236065,0.02360917072281597,1.1966092494772187,38.0,-0.028650615010972002
2022-11-06,339.3893737792969,354.48809814453125,339.1924133300781,349.28814697265625,1143505730,-0.028650615010972002,0.045068249026558586,-0.028244077905369203,69.57938705785682,67.89339014131434,76.34143597290347,86.6689329454698,17.316727899871694,11.835449056814106,5.481278843057588,322.7133894595375,305.3966615596658,286.7345892333984,288.70707412719725,357.32039980144833,245.3264416292157,301.323420715332,0.37167359213685613,13.068590729822997,0.025335100376857093,1.0821786763170766,40.0,-0.007021918545576058
2022-11-07,337.0145568847656,344.0419006347656,327.68377685546875,338.89715576171875,1811518274,-0.007021918545576058,0.04853833000718173,-0.006997322479741497,67.76536220313987,64.91256270405304,73.51145673922775,79.24380768403641,17.17484118337518,12.903327482126322,4.271513701248857,324.9135690634187,307.73872788004354,288.1486169433594,288.36703964233396,361.00861649052564,248.01822371943527,304.51342010498047,0.37105226013401027,13.303557376213988,0.025283976315790293,1.6214093798705593,33.0,-0.028057239784922795
2022-11-08,327.6902770996094,388.71551513671875,302.75189208984375,336.9876403808594,5390603525,-0.028057239784922795,0.2623319306503082,-0.027667290906797426,61.036772514733094,54.043652740466484,41.63151826500679,63.82813699237934,16.124134500314142,13.547488885763887,2.576645614550255,325.34075491514034,309.2166204148262,289.2610260009766,287.9705534362793,362.5839333799762,252.0137991639691,307.29886627197266,0.35981302357994316,18.49356206697549,0.026536223249481204,3.9581746141669494,31.0,-0.20537049460020806
2022-11-09,266.8531188964844,332.0610046386719,261.7302551269531,327.8196716308594,3191459132,-0.20537049460020806,0.26355603338104855,-0.18565445011550363,35.95310651643952,23.760127924494327,4.034219222874595,39.72573140903639,10.26407380079695,12.8908058687705,-2.626732067973549,316.3426570661163,306.07858326531937,289.2706964111328,287.29655670166017,362.8046812367795,251.55123612161887,307.1779586791992,0.3621791276741571,22.196218313028577,0.05486249909864292,2.1355059645098584,29.0,0.1305925907050545
2022-11-10,304.0800476074219,311.0740051269531,264.4677429199219,266.8857727050781,2461275687,0.1305925907050545,0.15326971491138935,0.13950344243635504,49.60171010436512,45.54426748094346,33.350164008966,26.338633832282472,8.525558177822063,12.017756330580813,-3.49219815275875,314.4561017647787,305.9305435869566,290.05645568847655,286.8214300537109,361.8780994488745,255.88198050718023,308.88003997802736,0.3431627338213063,23.93979287688591,0.06221083864088743,1.5500704145429214,22.0,-0.048029019984654225
2022-11-11,289.820556640625,304.91278076171875,280.6268615722656,303.98687744140625,1625174426,-0.048029019984654225,0.08379639964451334,-0.04689387244902821,45.59371969500583,40.387275953544574,22.120915066450728,19.835099432763784,5.928806678962587,10.799966400257167,-4.87115972129458,310.66601789952426,304.7372112205617,290.342861328125,286.2487814331055,360.6682099419445,259.02597645942274,309.8470932006836,0.3280399775017076,23.964516184926424,0.06337191894084007,0.9852327971382348,25.0,-0.026145416085429335
2022-11-12,282.3412780761719,290.3691711425781,272.0461120605469,289.8576354980469,1189401392,-0.026145416085429335,0.06489684826420576,-0.0258065840848114,43.60354064896062,37.77021053905612,16.231035749845052,23.900704941753933,3.2301124091423503,9.285995602034205,-6.055883192891855,306.3083656190085,303.07825320986615,290.45716186523435,285.73307250976563,360.2105699633116,260.11692637457895,310.1637481689453,0.322712258217269,23.561554963291055,0.0635737995930401,0.7059536151111453,21.0,-0.020618469790943096
2022-11-13,276.5794372558594,286.08447265625,274.0527038574219,282.3652648925781,956106804,-0.020618469790943096,0.04350203658740444,-0.020407362535059592,42.07967820747397,35.69154913860335,11.693626589231139,16.68185913517565,0.6193063783563844,7.5526577572986415,-6.933351378942257,301.7346843323702,301.1153779540138,290.4860430908203,285.15874053955076,359.97591578283607,260.6117825814217,310.2938491821289,0.3202259196027181,22.737998808686562,0.06373579641687566,0.5604958331746728,22.0,0.007201560768854127
2022-11-14,278.57843017578125,290.7196350097656,268.2330322265625,276.62225341796875,1541330420,0.007201560768854127,0.08071910940489621,0.0072275543683049115,42.8262225004203,37.09284923096201,13.267819467812595,13.730827268962939,-1.2737907219905082,5.787368061440812,-7.0611587834313205,298.172183692895,299.4459744148855,290.57638671875,284.5180416870117,360.35367152357617,259.6486172947832,310.0011444091797,0.3248538143971152,22.72004194972346,0.06316851228917297,0.8879204544935189,24.0,-0.0061370224458256175
2022-11-15,276.8740234375,281.8825378417969,274.0931091308594,278.6280212402344,1116291060,-0.0061370224458256175,0.028133476063332614,-0.006118229387701679,42.32529910060991,36.305895795325654,11.92561113737316,12.29568573147231,-2.8784343925868257,4.054207570635286,-6.932641963222111,294.89554365360345,297.7739780461903,290.5953100585937,283.93710098266604,361.05619434054216,257.5957984573094,309.3259963989258,0.3344704198408332,21.653569575524465,0.06296743028463499,0.6412384220387738,22.0,-0.01746057768431982
2022-11-16,272.08160400390625,279.7919921875,269.6501770019531,276.8630065917969,908816092,-0.01746057768431982,0.037274902221619034,-0.01730902514469934,40.87748764719759,33.94354490761562,8.151614507193251,11.11501503745968,-4.485132443824,2.3463395677434287,-6.831472011567429,291.3857067844193,295.8708392282433,290.5889111328125,283.4086698913574,361.9749106674588,255.20083090968959,308.5878707885742,0.34600867326676094,20.83130140481178,0.06302124098473545,0.5215435564164937,23.0,-0.01544602102686018
2022-11-17,267.91131591796875,273.22247314453125,264.39849853515625,272.08831787109375,854777255,-0.01544602102686018,0.03293617732845893,-0.015327343063875842,39.607823460042205,31.840242851758134,4.8675419419074935,8.314922528824644,-6.025501391747582,0.6719713758452264,-6.697472767592808,287.77426203573464,293.7997634274822,290.31151306152344,282.7968165588379,363.20464859075025,250.96080551081226,307.0827270507813,0.3655166285578042,19.97363520513772,0.062329204581935235,0.4936196042705144,20.0,0.022180015569503036
2022-11-18,273.91998291015625,274.5059509277344,267.9135437011719,267.91412353515625,685307608,0.022180015569503036,0.024066908724672202,0.022427820831678824,42.38459442061998,38.270067379504354,9.59932497855711,7.5394938092192945,-6.684352614912143,-0.7992934223062476,-5.885059192605896,285.64283447795333,292.3271870928655,290.11413208007815,282.2180632019043,363.52300538595875,247.61265135232247,305.5678283691406,0.3793277409217668,19.017992334039715,0.06236471148376378,0.40406130319375205,23.0,-0.005572993180103462
2022-11-19,272.3976745605469,274.262451171875,269.6495361328125,273.88720703125,551451228,-0.005572993180103462,0.0169344875887961,-0.005557492861368529,41.85946992349715,37.23192281187466,8.400517849688528,7.622461590051053,-7.2458093377032355,-2.0885966053856455,-5.15721273231759,283.6051175675831,290.8509269052863,289.87823974609375,281.6626725769043,363.06795873899165,243.93198632936767,303.4999725341797,0.3925403070545816,17.98905824154134,0.06178373465728567,0.3340016020628417,23.0,-0.030423656638699254
2022-11-20,264.2351379394531,273.6504821777344,262.5552978515625,272.4302978515625,720361905,-0.030423656638699254,0.041989814120460496,-0.029965515066390336,39.06470074338118,31.830465993350956,1.972577614368286,6.657473480871317,-8.254266280174306,-3.3217305403433777,-4.932535739830929,280.6251207017169,288.87938698189123,289.5055041503906,280.9713349914551,361.3327763741986,239.45461071076238,300.3936935424805,0.40572811042120194,17.496638676157808,0.06098780702618548,0.4563176118579965,24.0,-0.03884289734298527
2022-11-21,254.1682586669922,264.7425537109375,250.6569366455078,264.23577880859375,1094850661,-0.03884289734298527,0.05541847412144595,-0.03809818539261667,35.88275747901595,26.333526333496536,2.5433566387965616,4.3054840342844685,-9.753358057062485,-4.608056043687199,-5.145302013375286,276.5548342348362,286.3081922918987,288.9002072143555,280.3483081817627,359.9156805781236,233.8305886479506,296.8731346130371,0.42471034670927754,17.25299427539151,0.06129704496483463,0.6987240805809102,21.0,0.046718408997475834
2022-11-22,266.3243408203125,266.89215087890625,252.38995361328125,254.0190887451172,800429058,0.046718408997475834,0.05445314243886386,0.0478269089030785,42.023787488690175,40.7487409345318,19.246463427503848,7.920799226889575,-9.846994826643822,-5.655843800278523,-4.191151026365299,274.9809121710633,284.82790699770715,288.4860543823242,279.7834084320068,357.6142153622157,230.74943362460073,294.1818244934082,0.431246158582641,17.056508774693903,0.06269336814909132,0.5209775242790889,22.0,0.11186652552806527
2022-11-23,297.8474426269531,300.02020263671875,265.03497314453125,266.42034912109375,1920236928,0.11186652552806527,0.11746023126344474,0.11836357769457151,54.25856708323582,62.782243132147535,78.10790421905027,33.29924142845024,-7.293477110810045,-5.983370462384828,-1.3101066484252168,278.4988399335079,285.79231704431794,288.51703399658203,279.44422508239745,353.93693712365155,231.23975812781327,292.5883476257324,0.4193508729636346,18.3371316830863,0.06786343027248046,1.233555397585143,22.0,0.008626127259237412
2022-11-24,300.4278259277344,303.06463623046875,294.53155517578125,297.94586181640625,1219177799,0.008626127259237412,0.028403098242770854,0.008663439504542403,55.09396045622863,64.05863090145026,91.73369264262477,63.02935342972631,-5.003898726994066,-5.787476115306676,0.7835773883126098,281.8725300864658,286.8764288134599,288.6428372192383,279.1693704986572,344.50178571061815,235.27705492658887,289.8894203186035,0.3767806726578211,17.636842352486386,0.0655001650426907,0.8017301574518274,20.0,0.0004987369445803269
2022-11-25,300.57769775390625,304.16326904296875,294.9123229980469,300.3338317871094,949045515,0.0004987369445803269,0.030777220379457283,0.0004988613345286996,55.145200635284986,64.14196093214042,93.29879076288053,87.71346254151854,-3.141089434714331,-5.258198779188207,2.117109344473876,284.750248189149,287.8913376238633,288.92170806884764,279.17551429748534,335.1718706216524,239.7393674764921,287.45561904907225,0.33199039024131494,17.03784975908892,0.06551001899929025,0.6299437254791087,20.0,0.03533491252273255
2022-11-26,311.3884582519531,316.9621276855469,300.38946533203125,300.5717468261719,1221554861,0.03533491252273255,0.053221826032184595,0.035966608896239594,58.797376516953804,69.99615229044659,91.5939169374717,92.20880011432568,-0.7834307251386008,-4.3632451683782865,3.5798144432396857,288.8484343526573,289.6318650777959,289.4858236694336,279.13582176208496,328.99894684559104,243.11219969981917,286.0555732727051,0.3002449704550714,17.004622087262256,0.06598367186389453,0.8087311739855989,22.0,-0.012796082560075944
2022-11-27,307.4292907714844,316.2198791503906,307.1563720703125,311.3720397949219,793779029,-0.012796082560075944,0.02948159902829536,-0.012714560785889062,56.967987962302225,65.43195221869041,85.62278946107553,90.1718323871426,0.7568347409034573,-3.339229186521938,4.096063927425395,291.7070276478615,290.950192906958,290.1050180053711,279.32315437316896,322.0914270786693,247.06119285541274,284.576309967041,0.26365593900611894,16.437399586749102,0.06600881118765303,0.5438438737197907,26.0,-0.04627462467519509
2022-11-28,293.5272521972656,309.0960998535156,289.4936828613281,307.3995666503906,1154829072,-0.04627462467519509,0.06678227266957022,-0.045220279887228765,50.971033544760196,51.63818530646764,64.65604710477365,80.62425116777364,0.8459760062020791,-2.502188147977135,3.348164154179214,291.98706219392363,291.14108618772156,290.41080169677736,279.4437543487549,315.1167855170998,250.61953192674784,282.8681587219238,0.2280117135904172,16.66347225856613,0.06647368109383175,0.9255048836598138,28.0,0.006692152945892007
2022-11-29,295.4981689453125,304.82281494140625,289.7636413574219,293.4918212890625,986451640,0.006692152945892007,0.05096198611901165,0.006714595436345672,51.746570550796164,53.267658161800604,67.6285394800037,72.6357920152843,1.0633994047138913,-1.7890706374389298,2.852470042152821,292.5272324633681,291.4638330586542,290.8846438598633,279.4683242034912,316.11826270396756,252.4825597447629,284.30041122436523,0.22383260961583484,16.548879496096003,0.04696597177505662,0.8671855157021625,26.0,0.01776414183031827
2022-11-30,300.7943420410156,304.6509704589844,294.38226318359375,295.5482177734375,1009620336,0.01776414183031827,0.03413863174989644,0.017922862651251315,53.858689099310126,57.73236707239838,75.61610879792478,69.30023179423405,1.644113603151368,-1.1024337893208702,2.7465473924722383,293.79909547531383,292.15498187216247,291.473102722168,279.48535789489745,315.57544626050213,252.69680563158767,284.1361259460449,0.2212975925520101,16.10029576604562,0.0367676355463581,0.9480451322569091,29.0,-0.02961748545947847
2022-12-01,292.0162048339844,301.47967529296875,290.5537109375,300.7543640136719,1433086340,-0.02961748545947847,0.03741560973193363,-0.02918318591855118,49.95567754625007,48.729960073875546,62.3771194075911,68.54058922850653,1.380102515860301,-0.605926528284636,1.986029044144937,293.52480460741697,292.14470209155667,291.89400665283205,279.38540031433104,315.7790533196534,252.71276339177243,284.2459083557129,0.22187228760020763,15.73070066529013,0.035732031598811546,1.3579312929075205,27.0,0.005162022430649781
2022-12-02,293.5274963378906,293.5274963378906,286.14068603515625,292.028564453125,854253818,0.005162022430649781,0.02516565021980475,0.005175368623003163,50.619165500393606,50.287007536306966,64.6564153121812,67.5498811725657,1.2780874248086889,-0.229123737665971,1.5072111624746598,293.5252187197975,292.24713129498883,292.32752838134763,279.36448722839356,316.57929625493216,253.03114228266554,284.80521926879885,0.22312847403365155,15.134708496536147,0.03519061679304468,0.822514725506426,27.0,-0.010150414102054748
2022-12-03,290.5631408691406,294.04302978515625,289.7044677734375,293.5003662109375,634607105,-0.010150414102054748,0.014931563579403504,-0.01009907250848352,49.24016491469734,47.01929996963166,60.18564096970182,62.406391896491385,0.9471231716365764,0.006125644194538482,0.9409975274420379,293.0695144350811,292.1223912634445,292.7474478149414,279.2874857330322,317.1387933789101,253.87001552001558,285.50440444946287,0.22160350899277892,14.363555176192047,0.0349141563069207,0.620634823657061,27.0,0.005919737379624415
2022-12-04,292.2882995605469,292.3376159667969,288.5040588378906,290.5531005859375,633441009,0.005919737379624415,0.01311567084508676,0.005937293650687847,50.0922846275896,49.25802284164809,62.787486563306246,62.54318094839643,0.8146467643730375,0.16782986823023832,0.6468168961427991,292.9493275313066,292.13468076693357,293.2251321411133,279.31173332214354,317.78840073769175,254.59139509971055,286.18989791870115,0.22082193011555482,13.611412458528775,0.0349061816853064,0.6482745577813506,26.0,-0.013134733152037819
2022-12-05,288.4742736816406,296.91217041015625,286.5386962890625,292.2088928222656,705616866,-0.013134733152037819,0.0359597893729057,-0.013048848977672445,48.167109409188726,44.4170391096418,55.88215138609982,59.618426306369315,0.3973182069247514,0.21372753596914096,0.18359067095561044,292.2608577082811,291.86353950135634,293.5442184448242,279.22014686584475,318.0877375170879,255.45208334472858,286.7699104309082,0.21841780428860638,13.380131148711987,0.03503112627682181,0.7376418014941476,26.0,0.006496548931475139
2022-12-06,290.3544616699219,290.60162353515625,287.1078796386719,288.4617614746094,610280514,0.006496548931475139,0.01203268541626924,0.0065176972777691855,49.20352823428522,47.390649175627985,48.75963019578043,55.80975604839551,0.21581005178484247,0.21414403913228125,0.0016660126525612218,291.967566010072,291.75175595828716,293.8410562133789,279.1601230621338,318.29217713994376,257.07492948847425,287.683553314209,0.21279369969616516,12.67396063069573,0.03473715180313414,0.6480915163295471,25.0,-0.021127228868018388
2022-12-07,284.284423828125,290.4856872558594,282.02081298828125,290.3846130371094,759320494,-0.021127228868018388,0.029776074797175266,-0.020905612425881626,46.00527875174724,39.44283997953265,6.478321893311278,37.04003449173052,-0.41307610901549197,0.08870000950272662,-0.5017761185182186,290.78554413592633,291.1986202449418,294.0624533081055,279.01921501159666,317.7994715136193,259.20494590581427,288.5022087097168,0.20309905379879187,12.373311604758758,0.03492082707713168,0.8104734536519643,29.0,0.021756291970908094
2022-12-08,290.53717041015625,291.51171875,282.8092041015625,284.295166015625,646645162,0.021756291970908094,0.0299531885581181,0.02199468580737851,49.636838466547765,49.60076372900483,24.373317076536498,26.537089721876082,-0.40229116738345283,-0.00949822587450927,-0.39279294150894356,290.74733279350016,291.1496239608836,294.4335696411133,278.87385581970216,317.86144431904535,260.8046918503882,289.3330680847168,0.19720093816566758,12.111111822164384,0.03490868296369891,0.6916346345309096,25.0,-0.015423594098413991
2022-12-09,286.0904235839844,291.5705871582031,285.57562255859375,290.5220031738281,644239750,-0.015423594098413991,0.02095478948406499,-0.015305259633024981,47.20525866202919,43.54099359852532,11.646987616128815,14.166208861992212,-0.743983154604166,-0.15639521162044062,-0.5875879429837254,290.0308852228054,290.7748683774096,294.7699526977539,278.7205051422119,317.52651820959625,262.50889286218114,290.0177055358887,0.18970436734458912,11.674244163410455,0.03510413055729161,0.6856594842513996,26.0,0.007087227948166072
2022-12-10,288.1252136230469,289.49261474609375,286.10650634765625,286.10650634765625,439735200,0.007087227948166072,0.011752211324578947,0.007112401783924582,48.44970857867831,46.997879313537425,17.84961205031076,17.95663891432537,-0.8408926781755213,-0.29329470493145676,-0.5475979732440646,289.7377049766887,290.5785976548642,295.13168853759765,278.52018455505373,316.08781110797554,266.3366075321612,291.2122093200684,0.17084175039217972,11.083383234746092,0.034246785892085116,0.47510174652682047,27.0,-0.01304717308572663
2022-12-11,284.3904113769531,290.9364318847656,284.18829345703125,288.1442565917969,496833486,-0.01304717308572663,0.02372843161294165,-0.012962427685971223,46.29279449458541,41.55010935815258,8.751886546821867,12.749495404420495,-1.2051690632468421,-0.47566957659453385,-0.7294994866523083,288.9150444228832,290.12021348613007,295.4099069213867,278.313462600708,311.28452135086644,274.1621125602664,292.7233169555664,0.12681739595153263,10.773722891388113,0.032998337061651,0.5547126479572156,26.0,-0.028939659382305773
2022-12-12,276.2781982421875,285.5374450683594,273.5308532714844,284.43438720703125,974762447,-0.028939659382305773,0.04345833972157996,-0.028524917895396462,41.92673959064385,32.11634298735477,8.7797147385103,11.793737778547657,-2.1239647823780956,-0.8053286177512462,-1.3186361646268494,286.9709142412377,289.0948790236158,295.4153073120117,278.17003395080565,309.2906928829571,277.15132677036326,293.2210098266602,0.1096079920452947,10.861784956065748,0.03236927673065149,1.0778288993522704,27.0,-0.015783880002444316
2022-12-13,271.9516906738281,280.6873474121094,257.44036865234375,276.28448486328125,1925504273,-0.015783880002444316,0.08548201594983815,-0.015659967365816985,39.77227657058591,28.14081735590011,30.73742224451631,16.089674509949507,-3.16474875829158,-1.2772126458593132,-1.887536112432267,284.66026446163625,287.8250132199278,295.37479278564456,278.0249321746826,310.30351324785505,273.5489312101527,291.9262222290039,0.125903667567314,11.746441656330024,0.019596326997097218,2.128477515456444,27.0,-0.0137738916516017
2022-12-14,268.2315368652344,277.8570861816406,266.146240234375,271.95806884765625,1026628081,-0.0137738916516017,0.04365946705643871,-0.013679465641034061,37.965735329159294,25.032388201528335,24.503492529866673,21.340209837631107,-4.240876692717961,-1.869945455231043,-2.3709312374869183,282.1327679083437,286.37364460106164,295.0507730102539,277.8270127105713,310.9365674431839,269.69624810857397,290.31640777587893,0.14205300916525185,11.743899105682567,0.01944328159523211,1.1470554225849052,30.0,-0.03783062865036944
2022-12-15,258.2737121582031,268.1503601074219,257.0812072753906,268.1503601074219,709349174,-0.03783062865036944,0.042858224863593336,-0.037123989309408745,33.57021926291604,18.612149569132768,2.993914254038329,19.41160967614045,-5.830024177029259,-2.6619611995906864,-3.1680629774385722,278.4621439467836,284.29216812381287,294.4087075805664,277.58850593566893,312.52368301697913,263.8787339752083,288.2012084960937,0.16878815080482268,11.701501283122653,0.020654734807950118,0.8033154455556083,31.0,-0.11059649642426755
2022-12-16,231.23243713378906,264.2475891113281,227.34523010253906,258.2687683105469,1264053277,-0.11059649642426755,0.1595898891444788,-0.10470006722112768,25.078918385277632,10.268401264504973,5.5877217167539746,11.02837616688634,-9.165782473784532,-3.9627254544294557,-5.203057019355076,271.1960352063229,280.36181768010744,293.2964739990234,277.13590362548825,316.88731148149236,251.4995033988787,284.1934074401855,0.2300820721760617,13.501562549241681,0.02884659341641299,1.428063751759167,29.0,0.04769902604198684
2022-12-17,242.52928161621094,243.5819549560547,221.00318908691406,231.2207489013672,1196953526,0.04769902604198684,0.09309707149040364,0.048854929794670765,32.73369137501824,26.358662741447333,28.357767623876555,12.313134531556301,-10.773642178071498,-5.324908799157864,-5.448733378913634,266.7857654232288,277.5594076013003,292.1867758178711,276.74612449645997,316.5288773401435,245.36793662470026,280.9484069824219,0.2532882869127482,14.149934214948749,0.03206843788141197,1.3221468459843033,28.0,0.03495335017955544
2022-12-18,251.15638732910156,253.33969116210938,240.03652954101562,242.51690673828125,925487110,0.03495335017955544,0.052967642043927066,0.03557139845300217,37.94777828462853,36.50303993923187,39.72283347313876,24.55610760458978,-11.222382605438156,-6.504403560413923,-4.717979045024233,264.38124571644,275.60362832187815,291.12554443359375,276.499386138916,316.1646248417303,241.49510263629702,278.82986373901366,0.2677960000558777,14.089450458244821,0.0326189365463724,1.0354017569002565,26.0,-0.042699768180421246
2022-12-19,240.65780639648438,252.93301391601562,238.65078735351562,251.24267578125,751196285,-0.042699768180421246,0.059346616577107804,-0.04180097127635629,34.44833418803219,30.531755383827843,27.852263009208155,31.977621368741172,-12.283563098934906,-7.66023546811812,-4.623327630816785,260.7314858210622,273.0150489199971,289.6636047363281,276.1621662902832,316.08365096181217,236.09204026133241,276.0878456115723,0.28973246005555736,14.103220179977333,0.033326470280087554,0.8516185358403437,29.0,0.045038798648244484
2022-12-20,251.74453735351562,252.628662109375,239.8014373779297,240.66822814941406,667866377,0.045038798648244484,0.05095333891369611,0.04606844516302888,40.67049228574489,42.18393033337291,43.56310294386345,37.04606647540347,-12.090577106111539,-8.546303795716804,-3.5442733103947344,259.34887836451657,271.4394554706281,288.17128112792966,275.9288995361328,313.28434969535374,233.98636105904075,273.63535537719724,0.2897943817494028,14.012077647939332,0.0350473846779204,0.7721060929395271,29.0,-0.0228923319970707
2022-12-21,246.04698181152344,251.69432067871094,245.7572479248047,251.69432067871094,479296549,-0.0228923319970707,0.02412983370165523,-0.022632290662145782,38.640609237129524,38.329294568006844,35.48918255326556,35.634849502112395,-12.25609875490045,-9.288262787553535,-2.9678359673469146,257.30243274097916,269.5585314958796,286.60063201904296,275.65097877502444,311.7789960710272,230.89479238112116,271.3368942260742,0.2980951186922426,13.438878489423018,0.03486997055620263,0.5864364146869849,26.0,-0.0006356774299163363
2022-12-22,245.890625,248.0320281982422,240.4832000732422,246.06832885742188,543367184,-0.0006356774299163363,0.03069994280993836,-0.0006354754298234511,38.583696648004974,38.21748642016832,35.2676116638791,38.10663238700271,-12.258583225327811,-9.88232687510839,-2.376256350219421,255.54677001159774,267.80535323692555,285.11543365478514,275.38575828552246,309.4999497910942,228.41015152726516,268.9550506591797,0.3014994441081762,13.018160606249946,0.03477381961815926,0.677718682166737,28.0,0.0010468813536059103
2022-12-23,246.14817810058594,248.27471923828125,244.45294189453125,245.89413452148438,388929772,0.0010468813536059103,0.015526327975453346,0.001047429525163679,38.743744365559316,38.56189755773188,35.95570290706491,35.57083237473654,-12.100285247122173,-10.325918549511147,-1.7743666976110255,254.100832794519,266.20111804164117,283.4440576171875,275.13951904296874,307.1670952899417,226.30150975156224,266.73430252075195,0.3031690516523952,12.361276087499949,0.03484192492030186,0.49264335286633815,27.0,-0.006164240195320619
2022-12-24,244.63552856445312,246.1817169189453,243.9530487060547,246.15164184570312,280627376,-0.006164240195320619,0.0091101575718322,-0.006145280244628459,38.115507043567895,37.14313884596034,33.79271220962898,35.005342260191014,-11.95903482551725,-10.652541804712369,-1.306493020804881,252.64463214373964,264.6036669692569,281.24864074707034,274.9109910583496,304.0904696199919,224.6128583219026,264.35166397094724,0.3006510725305063,11.637518382170711,0.034686893194831696,0.3635848400475238,29.0,-0.006125907594023067
2022-12-25,243.14149475097656,245.73098754882812,241.70050048828125,244.6363983154297,298063868,-0.006125907594023067,0.016576714166682514,-0.006107182477719797,37.469251982417624,35.63248435659307,34.30473525630734,34.68438345766709,-11.831265428177971,-10.888286529405491,-0.9429788987724805,251.18261100639148,263.01387643456945,279.1263961791992,274.68361808776854,301.22855912359654,222.94149092523156,262.08502502441405,0.2987086659799517,11.094159002054722,0.03467724634844201,0.39664793845034074,29.0,0.004336994051599248
2022-12-26,244.1982879638672,244.595947265625,242.22442626953125,243.14793395996094,276115280,0.004336994051599248,0.009711456275420948,0.004346412421182944,38.266579710097055,37.722707470245176,38.86307443689199,35.653507300942785,-11.512029371363298,-11.013035097797053,-0.49899427356624493,250.10809976908004,261.62012914044334,277.22257446289063,274.4550112915039,297.3945953140717,222.1598373641509,259.7772163391113,0.2896126111833837,10.471113430200367,0.03463126652331003,0.3757955167420649,28.0,0.009773575417175667
2022-12-27,246.5966796875,247.6796875,242.5621795654297,244.20265197753906,391342277,0.009773575417175667,0.020752541928202285,0.009821492786172614,40.13231694514021,42.653426580582256,45.01624674548447,39.39468547956128,-10.939399737827102,-10.998308025803063,0.05890828797596015,249.5678812949908,260.5072810328179,275.4142169189453,274.25776123046876,294.1624887095381,221.62316955462202,257.89282913208007,0.2812769916831033,10.088713037655364,0.03473474554116583,0.5463005149146105,27.0,-0.010004422543410434
2022-12-28,244.1419219970703,246.8400421142578,242.10928344726562,246.60711669921875,414698978,-0.010004422543410434,0.01937708455923828,-0.00995454477951807,38.838520328236875,38.969269755102836,49.0776697929373,44.318996991771265,-10.561913889275218,-10.911029198497495,0.3491153092222774,248.73311832607993,259.29503221535515,273.74324981689455,274.1310358428955,289.0192907288365,222.1268426940151,255.57306671142578,0.2617351229359055,9.706002011179422,0.03406507634689535,0.5884320666562617,28.0,0.009530018900575065
2022-12-29,246.47972106933594,246.6009979248047,243.5799102783203,244.17141723632812,345312528,0.009530018900575065,0.012256942004711733,0.00957557412976251,40.79603840834618,44.31343585398353,58.912904255900976,51.00227359810759,-9.959308083200227,-10.720684975438042,0.7613768922378146,248.3864418250424,258.3457499082426,273.3357818603516,274.08368003845214,284.1414398539388,223.04362331744792,253.59253158569337,0.24092908475833733,9.228508127986917,0.034262229060459434,0.5005935751639434,28.0,-0.002846066985705277
2022-12-30,245.7792205810547,246.4972381591797,243.12747192382812,246.4580078125,342300809,-0.002846066985705277,0.013710541629129542,-0.0028420207765660344,40.37900641839564,42.99724149400382,76.61939264960209,61.536655566146806,-9.429565019577552,-10.462460984265944,1.0328959646883913,247.9853308644289,257.41489588400646,272.1697653198242,274.2000472259522,277.7242758237436,225.22618804344393,251.47523193359376,0.208760470669981,8.810026564227249,0.03411205230178178,0.49975704619738914,28.0,0.002316375322719869
2022-12-31,246.3491973876953,247.5836181640625,245.10824584960938,245.78868103027344,307551853,0.002316375322719869,0.01004822561105192,0.002319060192693012,40.90831770838365,44.56039020559707,52.409697377660876,62.647331427721326,-8.861596492054844,-10.142288085823724,1.2806915937688803,247.7336180218545,256.59521451390935,271.30033813476564,274.3156869506836,271.09326426377874,228.05307820448297,249.57317123413085,0.17245517956302556,8.357551260671954,0.034164128879635755,0.4553151036957016,25.0,-0.009020577335043828
2023-01-01,244.13697814941406,246.48580932617188,243.57528686523438,246.33290100097656,278651737,-0.009020577335043828,0.011921678080066321,-0.008980013987217261,39.44460701371556,39.63842454253596,38.41271367521367,55.813934567492225,-8.492093379903594,-9.812249144639699,1.3201557647361053,247.1802888107098,255.6723821906134,270.5362521362305,274.3693882751465,265.7442588750865,230.1879615838979,247.9661102294922,0.1433917613107746,7.968477774976636,0.033784634249297105,0.434941532875566,26.0,0.005713731098064023
2023-01-02,245.53590393066406,247.71527099609375,241.69248962402344,244.1522216796875,357733262,0.005713731098064023,0.02452912700608976,0.005730085593153467,40.88503728097419,44.18664030525182,44.705434517543075,45.175948523472556,-7.994225427663679,-9.448644401244495,1.4544189735808164,246.92730652147202,254.9215319491357,269.9153814697266,274.5493740844727,260.61687048616506,232.67377129850294,246.64532089233398,0.11329263854091065,7.829499460483327,0.03380510490075148,0.636223301911146,27.0,0.002430325511224335
2023-01-03,246.13336181640625,246.83145141601562,244.78404235839844,245.55213928222656,377452410,0.002430325511224335,0.008318291525000068,0.002433281146169586,41.52478470825118,46.20626918036409,50.39783213471034,44.505326775822375,-7.465395201517197,-9.051994561299036,1.5865993597818395,246.80516118223113,254.27055638374833,269.26648010253905,274.7005818939209,255.3984231492872,235.68240113049794,245.54041213989257,0.08029644426741608,7.416493003135746,0.03378067924689497,0.7124196975534451,26.0,0.05141656803667855
2023-01-04,259.11968994140625,260.51605224609375,245.70497131347656,246.14089965820312,632924961,0.05141656803667855,0.05715922605482571,0.052761348681722664,53.34386416706172,71.94754734055238,93.02963805333799,62.71096823519715,-5.930047393835281,-8.427605127806286,2.4975577339710053,248.6997040682581,254.62975146209337,268.91139343261716,275.01096534729004,255.66364330380412,235.50177875430137,245.58271102905275,0.08209806164700893,7.944677855241563,0.03499107134473547,1.2032879241840946,29.0,-0.010462232545446846
2023-01-05,256.4228515625,259.07647705078125,255.5965576171875,259.07647705078125,342934041,-0.010462232545446846,0.013571019167710805,-0.010407693755407288,51.0368568371345,64.47289571284908,78.25490973321628,73.89412664042155,-4.874693085919375,-7.717022719428905,2.8423296335095296,249.88788060583374,254.76257369175312,268.59821838378906,275.21847694396973,255.65105022519725,238.0334132757793,246.84223175048828,0.07137205341436917,7.628853174454219,0.023627493671162413,0.7145347753918703,29.0,0.013342720027047375
2023-01-06,259.8671569824219,260.22174072265625,255.0677032470703,256.4501953125,417893264,0.013342720027047375,0.01983335460869559,0.013432131336712727,53.78583345357313,69.235251677868,96.55274999371768,89.27909926009066,-3.7175370780037724,-6.917125591143879,3.1995885131401067,251.4231538945396,255.14069097254338,268.4373352050781,275.43314140319825,257.9462487175088,237.47200232008885,247.70912551879883,0.08265438891094125,7.452080624535056,0.02152841864715011,0.9476310717862911,26.0,0.005432921156650504
2023-01-07,261.2828369140625,262.9636535644531,259.5932922363281,259.8548889160156,327712514,0.005432921156650504,0.012899283274521136,0.005447706236061167,54.90646826914235,71.09335533123952,92.09814444053092,88.96860138915497,-2.655636540753818,-6.064827781065867,3.4091912403120492,252.94002820523545,255.59566474598927,268.18459228515627,275.6420624542236,259.97323890383456,236.4576570922592,248.21544799804687,0.09473859101533592,7.160529246220052,0.020227682348455418,0.7971628726155889,25.0,0.04892900075135684
2023-01-08,274.38507080078125,274.38507080078125,260.51690673828125,261.2529296875,491734030,0.04892900075135684,0.05054270635798933,0.05014578853117757,63.683666987566234,82.50355824358337,100.0,96.21696481141622,-0.7482070742727274,-5.00150363970724,4.253296565434512,256.2392655276271,256.9874726018998,268.2243402099609,275.94267822265624,265.78943550744305,234.01418692908035,249.9018112182617,0.1271509334944776,7.639646018811477,0.0199510210380333,1.2351233152190306,25.0,-0.00615455762084391
2023-01-09,272.7015380859375,283.0254211425781,271.8993835449219,274.44244384765625,783671054,-0.00615455762084391,0.040799321029682124,-0.0061356571256971915,62.01339167954024,77.89436689920969,75.02262075941516,89.0402550666487,0.6204453917209207,-3.8771138334216078,4.4975592251425285,258.7719228442902,258.1514774525693,268.39366821289065,276.1614171600342,269.6929541321604,232.2063683776052,250.9496612548828,0.14937890558250685,7.888673988728961,0.017936441418067755,1.9401847428642585,25.0,0.016684670033213254
2023-01-10,277.2896423339844,278.2676696777344,271.14984130859375,272.6551818847656,470259383,0.016684670033213254,0.025669290454662864,0.01682463648811905,64.72846033725077,81.22867347655927,86.12298088264339,87.0485338806862,2.051683470144553,-2.6913543727083757,4.743037842852929,261.6208027657816,259.56911929563705,268.8560958862305,276.3466738128662,274.3177947630474,230.7057937989643,252.51179428100585,0.1727127284817034,7.833613587329793,0.016970772262867778,1.165555247188521,26.0,0.027589755607061114
2023-01-11,285.0465087890625,285.1723937988281,274.5263977050781,277.29351806640625,466458216,0.027589755607061114,0.037348277440676016,0.027973877386070045,68.78992625548446,85.53281416669492,99.710475420416,86.95202568749153,3.768424206406962,-1.3993986568853085,5.167822863292271,265.224757538594,261.45633333218706,269.2305392456055,276.57345306396485,280.2203822012231,228.71879473969483,254.46958847045897,0.20238798581429324,8.034498052074094,0.017555453165097813,1.1672591617064298,26.0,0.009656340596891601
2023-01-12,287.8123474121094,287.9513854980469,279.74102783203125,286.9006652832031,655903255,0.009656340596891601,0.028526773572571832,0.009703113484170522,70.11148927313513,86.7925984571907,99.69943492314182,95.17763040873376,5.291140693848149,-0.06129078673861699,5.352431480586766,268.6997713652887,263.40863067144056,269.0298373413086,276.84322105407716,285.7802341890615,227.32535968300886,256.5527969360352,0.22784734839833715,8.047059453069917,0.017497232054214856,1.5882701716185423,30.0,0.020362500976168735
2023-01-13,293.7330017089844,295.2747802734375,285.19122314453125,287.8114929199219,561853825,0.020362500976168735,0.034328989491267725,0.020571231047281646,72.76960883860089,89.151775122457,97.12259676514971,98.84416903623587,6.896157194085845,1.3301988094262756,5.565958384659569,272.5510375720111,265.6548803779253,268.8959408569336,277.1436159515381,291.8437290959417,226.17161209058173,259.0076705932617,0.25355278805039555,8.192523572772512,0.017386546156144427,1.315729480598587,31.0,0.03843082238157542
2023-01-14,305.2411193847656,314.00335693359375,293.6006164550781,293.71966552734375,1087358891,0.03843082238157542,0.06684138925855974,0.03917883795428234,77.04326544240712,92.27919937623707,87.88254397320934,94.90152522050032,8.993086549387499,2.8627763574185203,6.130310191968979,277.5802809278195,268.587194378432,268.9892092895508,277.5351848602295,299.75308692411664,224.47221672578567,262.1126518249512,0.28720807513178115,9.064681923182734,0.018164067624966748,2.3309215609016034,46.0,-0.010441095211427689
2023-01-15,302.0706481933594,305.76385498046875,292.9245910644531,305.3287353515625,562889882,-0.010441095211427689,0.042504175737713666,-0.010386776191217417,73.61543881024983,84.4536827265372,83.49804229404522,89.50106101080144,10.280579521327809,4.346336990200378,5.934242531127431,281.34802973790255,271.06745021657474,268.8028530883789,277.9491157531738,305.4840867478556,224.52845292499592,265.00626983642576,0.30548573010302466,9.334294922670798,0.018756277831063095,1.1706584579399286,52.0,-0.010219902681114255
2023-01-16,298.9992370605469,307.5973815917969,294.18194580078125,302.0799865722656,602126315,-0.010219902681114255,0.04486779271714001,-0.010167856927451147,70.34996015926592,77.0671685198696,78.32379594463134,83.23479407062865,10.927128630956076,5.662495318351517,5.264633312604559,284.06360009523246,273.1364714642764,268.63425201416015,278.3476114654541,309.7490180410997,225.50377736905662,267.62639770507815,0.31478673776000443,9.62580498469543,0.019328626055395922,1.2254004428137055,45.0,0.00275636152575746
2023-01-17,299.82452392578125,304.78814697265625,296.97479248046875,299.0591125488281,529752305,0.00275636152575746,0.026059757853969353,0.0027601637828502668,70.72572466883953,77.67915982450442,79.23987092948776,80.35390305605479,11.37499336842194,6.804994928365602,4.569998440056338,286.4883576076246,275.11336423920267,268.7601974487305,278.7666567993164,313.309821140285,227.51123446274238,270.4105278015137,0.3172901120940098,9.496344235230579,0.018850943728874688,1.0656347232977852,51.0,-0.04374632357821936
2023-01-18,286.9910583496094,304.8897705078125,282.63104248046875,299.8314514160156,844268123,-0.04374632357821936,0.07755896004337672,-0.04280325507778904,58.343312382448005,52.33941478743729,54.16645630561461,70.57670772657792,10.572502750748413,7.558496492842164,3.0140062579062485,286.56569618331457,275.99319343256616,268.5900552368164,279.11143592834475,314.4406632380561,230.4315260929985,272.4360946655273,0.30836272722304486,10.407943077524376,0.022392849818139555,1.6171503567778027,52.0,0.027023165568276927
2023-01-19,294.8522033691406,295.1185302734375,286.8704528808594,286.885498046875,431382130,0.027023165568276927,0.027973599309522312,0.02739160259813711,62.6562423976614,61.349711771867476,67.50497811338887,66.97043511616376,10.450386311100772,8.136874456493887,2.313511854606885,287.8405434426724,277.39015713157164,268.4712124633789,279.4907953643799,316.1047993460615,233.67468826380178,274.88974380493164,0.2998660842754253,10.253666957171072,0.022653422488565205,0.8192994841841894,45.0,0.03374959681366677
2023-01-20,304.9731750488281,305.02093505859375,287.2264404296875,294.84552001953125,669836014,0.03374959681366677,0.058347737062635886,0.03432557587849039,67.34406232604809,69.89767992735386,83.40347151761532,68.35830197887294,11.042989276581523,8.718097420511414,2.324891856070108,290.4763329205425,279.433343643961,268.7303518676758,279.8577906036377,318.83805015319894,236.80383522277765,277.8209426879883,0.2952772895258341,10.792297505152158,0.023240650212533583,1.2298697925848863,51.0,-0.01890715358120903
2023-01-21,299.26116943359375,309.6165771484375,299.0642395019531,305.0204772949219,755028964,-0.01890715358120903,0.03526129924058172,-0.018729534537979764,62.57018306700912,61.01292933480111,72.43752867096798,74.44865943399073,10.925774750012636,9.159632886411659,1.7661418636009767,291.8278462302427,280.90207148023006,268.8450253295898,280.199864654541,319.5262358272788,241.62806867711572,280.57715225219727,0.27763546149382895,10.775157515247317,0.023780469138566518,1.3282038626592119,53.0,0.012569418179656287
2023-01-22,303.04644775390625,310.6024169921875,299.10357666015625,299.2391052246094,571771274,0.012569418179656287,0.03794415152283543,0.012648745333304845,64.37257972036905,64.50150687008417,74.43171459824073,76.75757159560801,11.011389277540388,9.529984164637405,1.4814051129029835,293.55378492619093,282.54239564865054,269.09469146728514,280.5225971984863,320.04984485425666,246.8555140324621,283.4526794433594,0.25822416272632387,10.826849145017599,0.023762114960704555,0.9872414157955831,53.0,0.00807707762261697
2023-01-23,305.50408935546875,307.42926025390625,302.3316955566406,303.02032470703125,520678637,0.00807707762261697,0.0166857494707194,0.008109785215361764,65.533067880785,66.75483184704873,80.16669705118272,75.67864677346383,11.149031450770451,9.853793621864014,1.295237828906437,295.392293299926,284.24326184915554,269.35900726318357,280.84239509582517,319.9295778426716,252.9128537979534,286.4212158203125,0.23397960885258384,10.417614541606744,0.023694359267644807,0.8880423500107234,50.0,-0.016141652544358648
2023-01-24,300.6123352050781,322.7462158203125,299.6996154785156,305.3908996582031,887528741,-0.016141652544358648,0.07666551782073232,-0.016012074210564275,61.25609588561231,58.17905559282314,54.09795913717583,69.56545692886644,10.739590868503285,10.030953071191869,0.7086377973114164,296.1953766699494,285.4557858014461,269.60176849365234,281.14170318603516,320.0679376584183,256.9237585085738,288.49584808349607,0.21887378819943845,11.31968495590604,0.022379005236563183,1.4815553198074238,52.0,0.02202784384225572
2023-01-25,307.3076477050781,313.20074462890625,294.71466064453125,300.6381530761719,667706772,0.02202784384225572,0.06015497538842905,0.022272248061385946,64.65611319553771,65.297764136833,64.10068450475946,66.12178023103935,10.83051459044782,10.190865375043058,0.639649215404761,297.9049568292,287.07444223875217,269.94083221435545,281.46203605651857,319.95281095808315,262.12736482316683,291.040087890625,0.1986855025849482,11.83157060079668,0.0221905447047052,1.0851891541683258,51.0,-0.007975226775286365
2023-01-26,304.8665466308594,309.2630920410156,302.3926696777344,307.0964050292969,540954388,-0.007975226775286365,0.02253583556217515,-0.007943509028976226,62.50246632383486,60.88908470337095,55.42916133508407,57.8759349923398,10.583594747413144,10.269411249517077,0.31418349789606737,298.9759706448399,288.39237589742675,270.3524746704102,281.81309089660647,318.9723464545473,267.60776829154645,293.29005737304686,0.17513235403567826,11.477202869545577,0.022483607156841907,0.870480072398168,54.0,0.010625275297786575
2023-01-27,308.12310791015625,309.89447021484375,300.3205871582031,304.87445068359375,484897937,0.010625275297786575,0.03107161654176296,0.010681923993582698,64.21494347281556,64.60814964532642,63.547190021407474,61.02567862041701,10.529310929738301,10.321391185561323,0.20791974417697823,300.38322253181167,289.85391160207337,270.70419342041015,282.22441390991213,317.4667064348346,273.7974354108685,295.63207092285154,0.14771493122396065,11.34125145433808,0.022482563179122443,0.7705317339348203,55.0,-0.006116177191893996
2023-01-28,306.24432373046875,313.0773620605469,304.09332275390625,308.1571350097656,434715822,-0.006116177191893996,0.029336182291325154,-0.006097511453880711,62.443165431210154,60.721774950891245,58.86371485910168,59.280022071864416,10.216914204351383,10.300495789319335,-0.08358158496795198,301.2849304085281,291.06801620417673,271.10727142333985,282.6533127593994,317.19596662369946,277.25410051497244,297.22503356933595,0.13438257750052363,11.172879158073977,0.020523903565300802,0.6939330628760907,52.0,0.035578591079703785
2023-01-29,317.3362121582031,320.1185607910156,305.1980895996094,306.2362976074219,664644693,0.035578591079703785,0.04701786502691309,0.036219082504518774,68.04823870763467,72.22813199998221,86.5138220486362,69.64157564304845,10.740549872948975,10.388506606045263,0.3520432669037117,303.7543583700166,293.0138084970676,271.69149139404294,283.0873699951172,317.8830300646358,281.0305044812626,299.4567672729492,0.12306459432851233,11.440564303311998,0.021381023052476755,1.0711424001229861,55.0,-0.032889736714303064
2023-01-30,307.0688781738281,320.25482177734375,303.58074951171875,317.3753967285156,630938594,-0.032889736714303064,0.05430075611956351,-0.032354750548469924,59.235493664885645,54.86948526903334,60.91918259041122,68.76557316604972,10.20935972425957,10.352677229688126,-0.1433175054285556,304.26428449367984,294.05492476942027,272.14506072998046,283.4318920135498,316.56532228812614,285.3261358417567,300.9457290649414,0.10380338854926333,11.81438630062007,0.023076256192363517,1.0038245381698505,61.0,0.01708766009855039
2023-01-31,312.3610534667969,313.8247985839844,305.6813659667969,307.0965576171875,487472184,0.01708766009855039,0.026070576106739646,0.01723448929257132,61.96942982203696,60.568228524264185,74.11163535170188,73.84821333024978,10.099006956215476,10.301943174993598,-0.20293621877812207,305.50994125877475,295.41093430255927,272.86671783447264,283.80082733154296,316.8722163789877,287.7506962186686,302.31145629882815,0.09632952888008675,11.55217532323203,0.0226531844414015,0.77427487219295,51.0,0.016231758930033577
2023-02-01,317.47259521484375,319.2076721191406,306.1482849121094,312.2771301269531,616638893,0.016231758930033577,0.04113547879051907,0.016364209594363688,64.44944821584345,65.48005861049302,85.30032486174873,73.44371426795395,10.305218152535474,10.302598170501973,0.0026199820335008894,307.35034955970843,297.04513140717296,273.77713592529295,284.1402209472656,318.18702322452674,289.40191415340297,303.79446868896486,0.09475191959664989,11.659833314931975,0.022778177327797744,0.9825000997988886,56.0,0.018343185788996623
2023-02-02,323.34979248046875,333.49554443359375,316.7110595703125,317.34619140625,909077028,0.018343185788996623,0.05190813556589829,0.018512455418861373,67.10556709034549,70.42232572468359,78.0722964674906,79.16141889364708,10.818177496738826,10.405714035749345,0.41246346098948194,309.8118023167485,298.9936248200097,274.87950103759766,284.5177275085449,321.2317989840733,289.3188174710049,305.2753082275391,0.10453836472513477,12.02587985409978,0.022710425419465264,1.4094580683864253,60.0,0.027209222866546763
2023-02-03,332.2686767578125,334.545166015625,318.9032287597656,323.2913513183594,861598551,0.027209222866546763,0.047076171634621564,0.027582774087855588,70.68501306251304,76.40354777666013,94.28455843930963,85.88572658951632,11.808262594843029,10.686223747568082,1.122038847274947,313.2667060769122,301.4584434820692,276.35940032958985,284.8546406555176,326.45174256104565,286.80162963133716,306.6266860961914,0.1293107049308484,12.284169668511181,0.021962193732355178,1.3596415599521547,60.0,-0.004983013049923784
2023-02-04,330.6170959472656,333.8709411621094,327.7414245605469,332.24969482421875,440935963,-0.004983013049923784,0.018539623863069003,-0.00497061843644897,69.18370029788088,73.20535354843307,90.1380360812341,87.49829699601146,12.31765316152098,11.012509630358661,1.3051435311623187,315.9359968261973,303.61834366467633,278.3470935058594,285.1636395263672,330.3214808085823,285.78653615919114,308.0540084838867,0.14456862570486767,11.844551592300562,0.0218034740516961,0.7025774418972569,58.0,-0.008345677110928474
2023-02-05,327.8693542480469,337.3205261230469,324.8794860839844,330.5582580566406,662969265,-0.008345677110928474,0.03794511404579256,-0.00831094862576931,66.64747238685136,67.70448092647291,77.8172048171024,87.41326644588206,12.357183149020273,11.281444334090985,1.075738814929288,317.7718979680203,305.41471481900004,280.0538949584961,285.5112922668457,332.9418589813986,286.0531697051249,309.49751434326174,0.151499405013863,11.887157909926414,0.02174074777406408,1.051264525942421,58.0,-0.009937874239001035
2023-02-06,324.6271667480469,330.9574279785156,321.9461364746094,327.8618469238281,521894604,-0.009937874239001035,0.027758895209470225,-0.009888656740840607,63.68099372515125,61.35752356016897,70.20748379961736,79.38757489931795,11.988695297072184,11.422894526687225,0.5658007703849588,318.82655470340904,306.83785940633686,281.523310546875,285.8071153259277,334.6239084827838,286.85138448596615,310.737646484375,0.15373909321032278,11.681738880924973,0.021981639342009522,0.8280795670869694,56.0,0.0261492199450576
2023-02-07,333.2278747558594,333.5267333984375,324.2054748535156,324.5574035644531,521804212,0.0261492199450576,0.027972625494644257,0.026494110440509644,67.77820229226893,70.0475854957478,90.39415976832754,79.47294946168245,12.249467045632684,11.588209030476317,0.661258015156367,321.04214240378604,308.79267535815336,283.3747119140625,286.15886749267577,336.2347641905697,289.86421041880527,313.0494873046875,0.14812531453416022,11.513133142639036,0.019400079913749497,0.8496727674015787,54.0,-0.015542707403102197
2023-02-08,328.0886535644531,334.7283935546875,324.49053955078125,333.2173156738281,515127902,-0.015542707403102197,0.0312045353982198,-0.015422542892522206,63.190909006542256,60.55437061203742,75.04895192566235,78.55019849786909,11.904213966750149,11.651410017731084,0.25280394901906433,322.1262210438887,310.2220070771385,284.90159423828123,286.50199569702147,337.19502667556736,292.22759295333884,314.7113098144531,0.1428847083657093,11.422041775586694,0.019476653213907666,0.8331210082865256,58.0,-0.06982811418504417
2023-02-09,305.9604187011719,329.0126037597656,303.3585510253906,328.1722106933594,778492045,-0.06982811418504417,0.08384761938579717,-0.06744590104800485,48.09655377260051,36.027218421706145,15.242813098496057,60.22864159749533,9.732840665520655,11.267696147289,-1.5348554817683446,319.6391745296246,309.90633386410394,286.09986297607423,286.722473449707,337.1628402560373,292.35850373810325,314.7606719970703,0.1423441379561901,12.438613986928715,0.024617370034253228,1.2480957978775156,55.0,-2.0547382264185748e-05
2023-02-10,305.9541320800781,309.0569152832031,303.0165710449219,306.00726318359375,492880078,-2.0547382264185748e-05,0.01974264638040677,-2.0547171168172618e-05,48.09303899879326,36.02238236520849,8.563330462817328,32.95169849565859,7.920205207142146,10.598197959259629,-2.6779927521174827,317.5337833835405,309.61357817639833,287.30113311767576,287.0265016174316,336.7488024897925,293.4418377689965,315.0953201293945,0.13744083759483303,11.981594719168182,0.024206201912974144,0.807158064650659,48.0,0.01512231663694294
2023-02-11,310.61602783203125,311.1468811035156,305.4541015625,305.97991943359375,348569462,0.01512231663694294,0.018327385037883663,0.015237237425945072,50.9552765034372,42.67917636281872,22.153296230134725,15.319813263816046,6.7816795922477695,9.834894285857258,-3.0532146936094886,316.46951329869296,309.6878337064452,288.5904901123047,287.3347898864746,336.5279687844496,294.4196294821519,315.47379913330076,0.13347650238460917,11.532393635014428,0.02427646217309049,0.5814566291572801,49.0,0.007420915016660579
2023-02-12,312.9296569824219,320.23486328125,306.5174865722656,310.6056213378906,520994815,0.007420915016660579,0.04383533616232135,0.007448518244659752,52.35929904700371,45.93620488251484,28.89779302393441,19.871473238962164,5.996951255341742,9.067305679754154,-3.070354424412413,315.92492001926666,309.9279687639249,289.95637268066406,287.5419163513184,336.4397899039844,295.2503651253125,315.84507751464844,0.1304102159919259,11.688463854583711,0.024267168434965253,0.8690603549506388,50.0,-0.060783156664138076
2023-02-13,294.475341796875,315.123046875,283.6963806152344,312.9018249511719,1322505522,-0.060783156664138076,0.10672087539826443,-0.05897272685338195,42.02505046599226,30.047979557403437,20.100947212427354,23.717345488832176,3.8416551788008633,8.022175579563497,-4.180520400762633,312.6249849081295,308.7833297293286,290.98304962158204,287.6278234863281,337.18750923633274,293.88894645214384,315.5382278442383,0.13722129036473743,13.09833545495385,0.027749459503182486,2.1288125818798163,48.0,0.0055707272392988266
2023-02-14,296.120361328125,301.1332702636719,290.1734924316406,294.47039794921875,662196432,0.0055707272392988266,0.0370112267284685,0.005586272593189445,43.103082403544526,32.47678811790557,23.168631584219046,24.05579060686028,2.240479979686995,6.865836459588197,-4.6253564799012015,310.0858120496672,307.8453320699802,292.0214910888672,287.6386585998535,337.98542887425094,291.97229817653033,314.97886352539064,0.14608323295957115,12.945581339030808,0.02726954921102266,1.0663982424869958,50.0,0.06866945060738404
2023-02-15,317.1692199707031,317.3873291015625,294.3832702636719,296.1449279785156,667519216,0.06866945060738404,0.07252929158767521,0.07108210508785073,54.70827359128096,55.52765751705417,62.421207906412405,35.23026223435294,2.6395766814452486,6.020584503959608,-3.381007822514359,311.17556711444195,308.5359904329967,293.43294189453127,287.78682403564454,338.13942318336217,293.04857120140343,315.5939971923828,0.1428761395435282,13.664044017520794,0.031431907225597744,1.0641255565093501,53.0,-0.03989871830739182
2023-02-16,304.7637023925781,326.6348876953125,304.50274658203125,317.150390625,1036335164,-0.03989871830739182,0.07262065967676153,-0.03911324553899298,48.43756161876413,44.971522523537196,39.28700695897234,41.62561548320127,1.932564698739327,5.202980542915552,-3.2704158441762248,310.18912638800134,308.256561689262,294.6453775024414,287.8927452087402,338.24004885076823,292.6120049822396,315.42602691650393,0.14465529149440404,14.268908095789397,0.0327048911371304,1.5825159957105988,62.0,0.0278733699407732
2023-02-17,313.37799072265625,316.4135437011719,303.5519104003906,304.74273681640625,701575686,0.0278733699407732,0.041041916412579114,0.028265466859900945,52.5082789842609,52.31539427308938,55.35120387717425,52.353139580853004,2.0437940981784095,4.571143253968123,-2.5273491557897136,310.6797209010252,308.63592680284677,295.9833428955078,288.04193771362304,338.23151559157566,293.3339049406509,315.78271026611327,0.14217881217464093,14.16838846757453,0.03327841285185532,1.049935266879275,61.0,0.010490253799666992
2023-02-18,316.6827087402344,318.6784973144531,313.300537109375,313.3858642578125,467884011,0.010490253799666992,0.016982171923663535,0.01054546941844059,54.00836458904592,55.003101511537466,61.51394639975051,52.050719078632376,2.3712727675380165,4.131169156682102,-1.7598963891440853,311.60325749167276,309.23198472413475,297.4014126586914,288.2062463378906,338.19160178959413,293.3084684008356,315.75003509521486,0.14214767505955772,13.540500734539071,0.03237291844224053,0.7106697889015251,60.0,-0.015102789553962463
2023-02-19,311.93585205078125,318.42645263671875,311.3098449707031,316.6196594238281,522437732,-0.015102789553962463,0.022814330636342132,-0.014989314409795673,51.49243788509525,50.25618309414275,55.33677746369042,57.400642580205066,2.22215469260658,3.7493662638669973,-1.5272115712604175,311.6544258853818,309.4322711927752,298.7131457519531,288.2741416931152,338.156960727626,293.829806850499,315.9933837890625,0.14027874047741784,13.081651229644539,0.03166129841824767,0.800124637366666,60.0,0.010972583942411176
2023-02-20,315.37744140625,319.30078125,309.4282531738281,312.0279235839844,676396150,0.010972583942411176,0.03130384986367711,0.011033003525700691,53.194863280242686,53.64044210178642,62.08075865751873,59.64382750698656,2.3545433324258056,3.470401677578759,-1.1158583451529536,312.2271975039769,309.8726541715511,300.13795501708984,288.297498626709,338.24782888498754,294.04057748708277,316.14420318603516,0.13983255410788284,12.852428147253635,0.03152482275801848,1.0211423464265659,58.0,-0.012460652283364683
2023-02-21,311.4720153808594,316.9972839355469,309.95526123046875,315.39935302734375,579359973,-0.012460652283364683,0.0226088456019631,-0.01238333981015427,51.00718214375971,49.208250111055925,54.42786432622082,57.28180014914333,2.1198902666412778,3.200299395391263,-1.0804091287499853,312.1110156388819,309.9911253722406,301.45667724609376,288.2789309692383,338.0302766496316,293.6580717390403,315.84417419433595,0.14048764718797546,12.43739918709824,0.03142299213306818,0.8771168586703546,60.0,0.00419417821734703
2023-02-22,312.7811279296875,312.80938720703125,304.2212219238281,311.4826354980469,549179249,0.00419417821734703,0.027457427946655802,0.004202986092433969,51.723886229727725,50.798125988728714,64.18175500127279,60.23012599500413,2.0163176091195965,2.9635030381369303,-0.9471854290173338,312.2141098374674,310.1977922283478,302.78963256835937,288.2674920654297,337.2637651322077,293.367716801386,315.31574096679685,0.13921299392231745,12.16245390824859,0.031123517982134943,0.8547100593657847,59.0,-0.013671835077080854
2023-02-23,308.533935546875,314.8948974609375,306.1802062988281,312.8053283691406,472852406,-0.013671835077080854,0.02824548666474119,-0.013578800009210412,49.2087615016179,45.417143290612465,57.84447718529164,58.818032170928426,1.5733855921005215,2.685479548929649,-1.1120939568291273,311.6479291773763,310.07454358527576,303.7779174804688,288.19555603027345,334.8123439635483,293.44566384895165,314.12900390625,0.13168691715885714,11.916185140667219,0.030463054748826726,0.7588763043348108,56.0,-0.021226986720664275
2023-02-24,302.0537109375,311.7994384765625,300.0581359863281,308.459716796875,479926281,-0.021226986720664275,0.038871571727399995,-0.021003279907893524,45.5679307089467,38.21191670999843,42.752604993997906,54.926279060187454,0.6914877684220642,2.286681192828132,-1.5951934244060677,310.1718956020107,309.48040783358863,304.69053466796873,288.08182250976563,332.5611717757432,292.8404975357802,312.7008346557617,0.12702452260381636,11.90369352277916,0.0307144147102676,0.7678267534813906,53.0,0.001094907849294596
2023-02-25,302.3846130371094,303.02923583984375,297.22412109375,302.1002502441406,310503640,0.001094907849294596,0.019197784860109042,0.0010955074797205366,45.78849928414666,38.79041689674672,43.52324683068836,48.04010966999264,0.019058726267644488,1.8331566995160344,-1.81409797324839,308.97385213048744,308.9547934042198,305.5408837890625,287.96918395996096,330.4845712164098,292.3686239740199,311.42659759521484,0.1223914319994342,11.468080753015915,0.030725031629499154,0.5111829642827941,52.0,0.02163203546646633
2023-02-26,308.9970703125,309.5875549316406,300.96624755859375,302.3690185546875,312320211,0.02163203546646633,0.02790093564423712,0.02186770420947015,50.13677612708326,49.757272673108446,58.923077251105006,48.399643025263764,0.01949913143403137,1.4704251858996338,-1.4509260544656024,308.9774241584894,308.95792502705535,306.49516845703124,287.8718135070801,328.73080190446336,292.55938364241166,310.6450927734375,0.11643968986959845,11.264739797303841,0.03121346186501582,0.5231993776760693,51.0,-0.013492903164989196
2023-02-27,304.8558044433594,309.325439453125,300.93609619140625,308.9851989746094,404806423,-0.013492903164989196,0.027519053727833635,-0.013402281985885556,47.563679371878564,43.997471956671646,40.26810248358048,47.571475521791285,-0.31073542537768617,1.11419306364417,-1.424928489021856,308.3433288177002,308.65406424307787,307.1045831298828,287.7770913696289,324.18476103280517,294.2682174828198,309.2264892578125,0.096746380369254,11.059354330476335,0.030552292905360053,0.6848437401343538,50.0,-0.01115238562884317
2023-02-28,301.4748229980469,305.6327209472656,300.56927490234375,304.85498046875,337673265,-0.01115238562884317,0.016795585099173203,-0.011090428314087353,45.510143584483515,39.62817623388275,21.98820803144525,40.39312925537693,-0.8356329806211988,0.7242278547910962,-1.559860835412295,307.2866356146766,308.1222685952978,307.680048828125,287.64689208984373,320.44682765594814,295.34476780303623,307.8957977294922,0.08152777672843008,10.631075167222445,0.03048408911190506,0.5799749921691187,53.0,0.004740874785196582
2023-03-01,302.907470703125,306.1851501464844,301.0980224609375,301.5103454589844,377974810,0.004740874785196582,0.01679432888775692,0.004752130512362562,46.562954967348176,42.45336245842255,19.32404444389104,27.193451652972268,-1.1230693339753088,0.35476841703781514,-1.477837751013124,306.6129179359763,307.73598726995164,308.1924053955078,287.542078704834,320.45781470611786,295.0284859530619,307.74315032958987,0.08263166450925528,10.235078918531332,0.026313526275260343,0.6723203309850512,50.0,-0.009824366459902376
2023-03-02,299.9461669921875,303.5541687011719,296.5191650390625,302.9161071777344,370516889,-0.009824366459902376,0.023454220911223084,-0.00977626502266038,44.6428920698972,38.14831025182497,15.042839460528219,18.785030645288177,-1.5716996010486923,-0.030525186579486385,-1.5411744144692059,305.58726394462417,307.15896354567286,308.49039855957034,287.45187637329104,320.5888620068864,294.2966421435042,307.4427520751953,0.08551907529422452,10.006502114501192,0.026395286683013604,0.6663057649776831,51.0,-0.03274726780650057
2023-03-03,290.2828369140625,300.087646484375,287.979248046875,299.9775695800781,450262903,-0.03274726780650057,0.04171241595342635,-0.03221688136583756,38.992432204486555,27.522803503416213,7.354649123490759,13.907177675970013,-2.676143382326302,-0.5596488257288496,-2.1164945565974524,303.2327367091532,305.9088800914795,308.53980834960936,287.3038540649414,321.4448948007404,291.4072902578533,306.42609252929685,0.0980256096827502,10.156637566143965,0.027020168326870174,0.8023773423091081,50.0,-0.002687062788244383
2023-03-04,289.5038757324219,291.3275451660156,286.61907958984375,290.2898864746094,289197235,-0.002687062788244383,0.016263912060796526,-0.002683455866428819,38.56865301154144,26.820260160641453,8.826945954577118,10.408144846198708,-3.573090332206675,-1.1623371270244147,-2.41075320518226,301.1206042511945,304.69369458340117,308.4552258300781,287.169255065918,321.65266197154966,288.8569449620441,305.2548034667969,0.10743718571187956,9.767482424003102,0.0269016820098438,0.5262234558535102,50.0,-0.0027816127179309713
2023-03-05,288.69970703125,292.4590759277344,287.87591552734375,289.5206298828125,287599378,-0.0027816127179309713,0.015875182027443226,-0.002777747617842441,38.10819114215409,26.020295472277425,6.366337539709071,7.515977539258993,-4.299257778135711,-1.7897212572466743,-2.509536520889037,299.20969698658763,303.50895476472334,308.1243975830078,287.07957153320314,322.29031302114356,287.64173043588767,304.9660217285156,0.11361456725202153,9.397173708030781,0.023335712641213164,0.5777108128076933,47.0,-0.0022357691270184286
2023-03-06,288.0549621582031,289.7183837890625,283.9531555175781,288.7044982910156,374160712,-0.0022357691270184286,0.02001433416834543,-0.0022332716568260746,37.71937073187032,25.314047929586152,12.413117963778756,9.20213381935499,-4.870630635580824,-2.4059031329135045,-2.464727502667319,297.49358393606695,302.3642145716478,307.8440838623047,287.02914016723633,323.02970083391335,286.0958027061257,304.56275177001953,0.1212685987145173,9.137749033991751,0.02328542522948859,0.7739803161934719,48.0,0.004463913949645818
2023-03-07,289.34368896484375,290.21673583984375,284.37408447265625,287.99554443359375,373176525,0.004463913949645818,0.020192772782050908,0.004473892055130824,39.05783338558882,29.759847949997337,17.421557768574583,12.067004424020814,-5.15997725287184,-2.956717956905172,-2.2032592959666686,296.23975394049415,301.399731193366,307.6509729003906,287.07726501464845,321.8215415039381,284.52140893551507,303.1714752197266,0.12303312025443476,8.902384914934304,0.016579987043692714,0.7961830717719629,49.0,-0.008596507670108904
2023-03-08,286.86700439453125,293.6416320800781,285.5854797363281,289.32745361328125,436665040,-0.008596507670108904,0.028083230975808872,-0.008559663351127789,37.3945872265484,26.25563739350764,9.417210195492846,13.083961975948739,-5.525440440086413,-3.4704624535414204,-2.054977986544993,294.79779247188446,300.3232329119709,307.39182250976563,287.0931343078613,322.208578778416,282.3447018612324,302.2766403198242,0.13187878783820525,8.841939731278282,0.014406580846994949,0.9953082378823451,50.0,-0.033932777208972704
2023-03-09,277.2961120605469,291.3664855957031,272.7283630371094,286.9457702636719,505668979,-0.033932777208972704,0.06721378969252971,-0.033363517544253485,31.7651420048428,17.150797315090415,11.690870988478311,12.843212984181925,-6.51229400155421,-4.078828763143979,-2.433465238410231,292.1052262547556,298.61752025630983,307.1979235839844,286.9693334960937,322.4821014323903,278.4629913410472,300.47254638671876,0.1464996074373097,9.54166707608653,0.01405424063535643,1.1789131793458714,44.0,0.0004451798408598686
2023-03-10,277.4195861816406,278.1007385253906,265.7124328613281,277.3235168457031,558776711,0.0004451798408598686,0.04465548317829027,0.00044527894811152713,31.907559698569926,17.580974658226395,26.682896292689712,15.930325825553632,-7.201405904707485,-4.70334419145668,-2.498061713250805,289.84589701273796,297.04730291744545,306.8492712402344,286.8536358642578,321.3728656620575,275.6459148555206,298.50939025878904,0.15318429603468928,9.7449984037991,0.013601749055508611,1.2890700567759088,34.0,0.0019512362138832467
2023-03-11,277.96142578125,281.64410400390625,272.2830810546875,277.4346618652344,523623578,0.0019512362138832467,0.03367741737152293,0.001953141114032997,32.57263880075982,19.715170536009296,27.917854907143354,22.0972073961038,-7.616017417411911,-5.2858788366477265,-2.330138580764184,288.0175168232783,295.6335342406902,306.3090362548828,286.74829330444334,320.46623244940406,273.15510544122094,296.8106689453125,0.15939833691389382,9.717571585614788,0.013576407356297823,1.2078083195248128,33.0,0.04127995398693948
2023-03-12,289.67578125,289.7134094238281,276.63861083984375,277.94403076171875,483074620,0.04127995398693948,0.04513597418315196,0.042143817027219255,45.065265744487085,51.4347259907601,54.9454171159553,36.51538943859614,-6.919584776953457,-5.612620024708873,-1.3069647522445837,288.27263442738933,295.1922192043428,306.1173284912109,286.714423828125,317.7565609028482,273.2946109721518,295.5255859375,0.15045042475645254,9.957373514069758,0.016841768502748974,1.1396872756618233,33.0,0.06429479526256159
2023-03-13,308.9122009277344,313.75372314453125,287.5561828613281,289.7408142089844,1122664621,0.06429479526256159,0.08480578042733788,0.0664067240786439,58.62253016579899,72.35761768133122,89.92216447922999,57.595145500776226,-4.760561796296884,-5.442208379026475,0.6816465827295914,291.44795235051936,296.20851414681624,306.2346435546875,286.75106658935545,317.28670874624424,273.5084816834433,295.39759521484376,0.14820102726618645,11.117385426150713,0.022624768210429306,2.489106488009233,49.0,0.001483423410852708
2023-03-14,309.37078857421875,319.8389587402344,304.01312255859375,308.93798828125,866173920,0.001483423410852708,0.05115491431681815,0.0014845242276191328,58.88304280450825,72.68491564789775,80.65981513493887,75.1757989100414,-2.978185668184949,-4.94940383685817,1.9712181686732206,294.20531176955,297.18349743773496,306.3119775390625,286.8999296569824,316.6193565653663,273.8347999287744,295.2270782470703,0.14492084157939694,11.453703337257137,0.022603827780736434,1.8552352567089825,56.0,-0.007285888430251363
2023-03-15,307.12493896484375,313.9241638183594,301.69415283203125,309.4461364746094,596861029,-0.007285888430251363,0.039820963506086625,-0.007259410688789769,56.99064918956829,68.07929665774239,76.51055638812868,82.36417866743254,-1.7269537911450357,-4.304913827715543,2.5779600365705075,296.1929467226721,297.91990051381714,306.4422296142578,287.04654647827147,316.3817796924871,273.9314771434504,295.15662841796876,0.14382296876261633,11.50915388361935,0.022453290308639667,1.2616456842125046,50.0,0.07141632848383596
2023-03-16,329.8608703613281,333.0071716308594,304.4295349121094,307.21343994140625,1337194824,0.07141632848383596,0.08663542507314125,0.07402828136690953,68.15016171535578,81.74270446753036,95.32459546309171,84.16498899538644,1.0867290021658391,-3.226585261739267,4.313314263905106,301.3726272824653,300.2858982802995,306.89329406738284,287.3145964050293,322.51114625984263,270.5828265184777,296.54698638916017,0.17510992228806238,12.728331228985825,0.026991058214233764,2.591740265676247,52.0,0.027568487581884127
2023-03-17,339.0811462402344,340.2700500488281,327.1355895996094,329.8863220214844,934568148,0.027568487581884127,0.03873544900639555,0.02795201464425401,71.39196202403541,84.81745044095791,98.40538920979213,90.08018035367085,4.014317539947058,-1.7784047014020024,5.79272224134906,307.17393789135286,303.1596203514058,307.5775860595703,287.57889511108397,330.2516517086232,266.5119743900096,298.3818130493164,0.21361783637958787,12.757340459002462,0.02746525546392938,1.7080719719111543,51.0,-0.022538362224110854
2023-03-18,331.5242919921875,346.44512939453125,330.7912292480469,339.0407409667969,828471428,-0.022538362224110854,0.04721795815449103,-0.0222862707992999,65.50693923366207,73.05339367597475,81.51822242651437,91.74940236646609,5.659439074946363,-0.2908359461323293,5.950275021078692,310.9201462145582,305.26070713961184,308.0456097412109,287.8293898010254,334.2610143589169,264.75533390768464,299.50817413330077,0.23206605513309853,12.964237579536885,0.027891587927219994,1.4459610789225692,64.0,0.016317275451462533
2023-03-19,336.9782409667969,341.81658935546875,331.5301818847656,331.5301818847656,705888292,0.016317275451462533,0.03052543523638568,0.016451129242553097,67.58383712425103,75.87127724830081,88.27378641584095,89.39913268404916,7.318929778975075,1.2311171988891518,6.087812580085924,314.92908386874876,307.6101540897737,308.6602880859375,288.1180905151367,339.48776526027854,262.7408266586668,301.11429595947266,0.2548764360624752,12.773384706947196,0.027730719673462235,1.2004706004096841,63.0,-0.0121071169260601
2023-03-20,332.9230041503906,339.79803466796875,332.8540954589844,337.0009460449219,682276624,-0.0121071169260601,0.020857492941063344,-0.012034120674295434,64.47522789851843,69.56115607616836,83.25074495860628,84.34758460032054,8.212199276503895,2.6273336144121004,5.584865662091795,317.69737929669367,309.4851800201898,308.97202392578123,288.39061935424803,343.4907005641911,261.8827094699885,302.6867050170898,0.26961207658458264,12.356995742806996,0.02776081003808234,1.1272831182072538,66.0,0.007141949978636775
2023-03-21,335.3092346191406,339.5476989746094,328.9939880371094,333.01580810546875,638610697,0.007141949978636775,0.031474560936227663,0.007167514527389285,65.48136631638495,71.20521399882284,86.20646249464647,85.91033128969792,9.008822546701651,3.903631400870011,5.105191145831641,320.406895500147,311.39807295344536,309.5368310546875,288.6800849914551,347.51909990425895,261.0944865215223,304.3067932128906,0.28400487701986554,12.228189685285068,0.02776499841005707,1.0328966898986471,68.0,-0.04085038726038694
2023-03-22,321.8877258300781,339.685791015625,317.6002502441406,335.29412841796875,1280612242,-0.04085038726038694,0.06861255959521473,-0.04002725664357931,55.89275743344713,52.57227143971743,69.58183658048218,79.67968134457833,8.459631273265245,4.814831375349058,3.6447998979161866,320.63471555090564,312.1750842776404,309.7273645019531,288.9006457519531,349.22742595899047,261.5803163505799,305.4038711547852,0.28698755283291466,12.932286191442161,0.02945685276390476,1.9292826464654083,62.0,0.024395802866692462
2023-03-23,329.8370056152344,331.968505859375,319.8922119140625,321.863525390625,547390925,0.024395802866692462,0.036612914074898834,0.024695815177968594,59.66048640676956,59.83487027185868,79.42825584617205,78.40551830710025,8.567077736787553,5.565280647636758,3.001797089150795,322.0504524838793,313.4833747470918,309.97465270996094,289.1556214904785,351.86219457740236,262.9009646022851,307.38157958984374,0.2894162691655861,12.871143888147186,0.02850899539699544,0.8186719890508796,57.0,-0.022931710103769994
2023-03-24,322.3593444824219,330.1739807128906,317.77679443359375,329.8080749511719,468651735,-0.022931710103769994,0.03845766065569378,-0.02267077679432805,54.9089348420316,51.22619009260787,67.5227620443579,72.17761815700406,7.957120343063082,6.043648586722023,1.9134717563410586,322.09797432980895,314.14085398674587,309.95484375,289.3839886474609,353.1681467088606,264.8805593458269,309.02435302734375,0.28569783092538875,12.837289773229307,0.02919918456609482,0.6916291766104602,61.0,0.000972728573509529
2023-03-25,322.6730651855469,325.0028381347656,319.9109191894531,322.3198547363281,439062620,0.000972728573509529,0.015780427605212387,0.0009732018273851395,55.07060924627273,51.56726159474051,65.94578171039862,70.9655998669762,7.413580214974843,6.317634912372587,1.0959453026022556,322.1864498460763,314.77286963110146,309.7629315185547,289.6840119934082,354.2175246303039,267.22851723981324,310.72302093505857,0.2799567509633329,12.284048999806677,0.02915602383000751,0.6408001932768883,64.0,0.019077640227824957
2023-03-26,328.88800048828125,329.5675354003906,322.0966491699219,322.6365051269531,363216136,0.019077640227824957,0.02271559381727868,0.019260781184697207,58.26323269109212,58.30591904019692,70.18603670155514,67.88486015210391,7.399022757403316,6.533912481378733,0.8651102760245823,323.21745763718474,315.8184348797814,309.728349609375,289.9346453857422,355.64034894179633,269.8889967613287,312.7646728515625,0.27417211604702246,11.940251659139681,0.029245357958175334,0.5305279857024946,64.0,-0.05608794810514471
2023-03-27,310.9491271972656,329.33050537109375,306.4544372558594,328.90447998046875,656817420,-0.05608794810514471,0.07356852331899885,-0.05454401882824189,47.722245746656945,39.703527277889535,20.681055646481177,52.270958019478336,5.87227676307225,6.401585337717437,-0.5293085746451869,321.3300221848895,315.45774542181726,309.3899450683594,290.08650360107424,355.37332535456557,272.31656417180164,313.8449447631836,0.2646426605514887,12.721381406003587,0.0324409138066374,0.9399037644736719,64.0,0.007406175554234999
2023-03-28,313.2606201171875,314.98614501953125,307.37127685546875,310.9465637207031,478328374,0.007406175554234999,0.024308411830423683,0.007433669104513818,49.002561673385095,42.463130023343176,25.846290234588107,38.90446086087482,4.793580313683265,6.079984332910603,-1.286404019227338,320.0885757129354,315.2949953992521,309.16261413574216,290.18577102661135,354.8149294420356,275.5143216565972,315.1646255493164,0.2516164612294966,12.356630460150653,0.03232137161055395,0.6824520799570671,59.0,0.001853433886179469
2023-03-29,313.8417663574219,319.5325012207031,312.7904052734375,313.2275390625,482942200,0.001853433886179469,0.02148246877882825,0.0018551525564145521,49.33849712853475,43.225295370704735,22.401757160071384,22.976367680380235,3.9401793162184617,5.652023329572175,-1.711844013353713,319.12752811977947,315.187348803561,308.77489196777344,290.2701345825195,352.6617257408953,281.322090787425,316.99190826416014,0.22505191171637273,11.955592280658864,0.031053214651133396,0.6901537498353264,57.0,0.008647767119315648
2023-03-30,316.56756591796875,317.79571533203125,311.0036315917969,313.86260986328125,594180917,0.008647767119315648,0.02145539995715919,0.008685267076411263,50.969908018766596,47.062555272035446,25.288706249546898,24.512251214735475,3.444100672707407,5.210438798199221,-1.7663381254918145,318.73368778103935,315.28958710833194,308.5444702148437,290.3771630859375,349.67149001740864,288.2271244845445,318.9493072509766,0.1926461796153533,11.586770242057115,0.03102750201329036,0.8469780033482293,60.0,0.0014912786196076746
2023-03-31,317.0400085449219,319.6335754394531,313.7864990234375,316.6324157714844,419430009,0.0014912786196076746,0.0184427083599045,0.0014923911285198432,51.26285244385939,47.77628865843375,26.470087720302345,24.720183709973554,3.0538737892268273,4.779125796404743,-1.7252520071779154,318.4731217447136,315.41924795548675,308.76606201171876,290.49406951904297,345.26117054746663,296.5453022308537,320.90323638916016,0.15180859147688713,11.176792111625579,0.03103129952226968,0.602351653832785,63.0,-0.005765683846129682
2023-04-01,315.2173156738281,318.4306335449219,313.5613098144531,317.0597839355469,463135728,-0.005765683846129682,0.015447513471967048,-0.005749094189907211,50.02112832700726,45.04284539187853,24.78038778093924,25.51306058359617,2.5679384943416608,4.336888335992127,-1.7689498416504659,317.9722285030389,315.4042900086972,308.9513256835937,290.68227142333984,342.1357736321163,302.2248525885868,322.18031311035156,0.12387759096211252,10.726258655828662,0.030029194702377825,0.666071929494584,61.0,-0.004096658722747818
2023-04-02,313.9286193847656,316.18841552734375,311.53656005859375,314.94207763671875,442429679,-0.004096658722747818,0.014818194906430203,-0.004088278863449202,49.11526924390436,43.01291831634645,22.415644108610355,24.555373203283995,2.0551537189441547,3.8805414125825326,-1.825387693638378,317.3501347925353,315.29498107359115,309.01757751464845,290.8549851989746,341.8316054136728,303.0306626527335,322.43113403320314,0.12033869767968393,10.292372713894471,0.02651742052979704,0.6690179225845124,63.0,-0.01724161285616893
2023-04-03,308.5623779296875,314.0332336425781,300.5087585449219,313.9376525878906,701865645,-0.01724161285616893,0.04383060303203293,-0.01709382682469296,45.42619154242365,35.28720919466954,20.556991882394822,22.584341257314822,1.2019024686528041,3.344813623796587,-2.142911155143783,315.99817219825104,314.79626972959824,308.93023193359375,291.04376266479494,341.9029073544846,302.8785196474685,322.3907135009766,0.12104687285571547,10.523237169877456,0.02682104716701387,1.0746733353437186,63.0,0.00785230812532089
2023-04-04,310.9948425292969,312.0874938964844,308.4649658203125,308.58984375,575672802,0.00785230812532089,0.01164819341282362,0.00788321834933381,47.35641561384522,40.900840152609376,26.765896554866863,23.246177515290697,0.7137466426821675,2.8186002275737034,-2.104853584891536,315.22842917225813,314.51468252957596,309.2606219482422,291.2254640197754,341.5563026080179,303.6121147503805,322.5842086791992,0.11762568295886991,10.030329377469915,0.026822104085432372,0.8828832067672335,62.0,0.009817819899324225
2023-04-05,314.06317138671875,316.3108215332031,310.514404296875,311.00091552734375,592856922,0.009817819899324225,0.018456214432066475,0.00986617280359825,49.769810250168824,47.59134526169682,43.08493868788881,30.135942375050178,0.5679214839789211,2.3684644788547473,-1.8005429948758263,315.04915874371363,314.4812372597347,309.6194781494141,291.39953323364256,340.804224555453,302.7844229054845,321.79432373046876,0.11814938563619114,9.727907081674074,0.021216417013302565,0.9642765526646344,62.0,-0.00513480697552818
2023-04-06,312.45465087890625,314.5912170410156,311.0617370605469,314.0839538574219,530706217,-0.00513480697552818,0.01129597517764785,-0.005121646389515289,48.51418226106295,44.509559905578286,40.26901354840701,36.70661626372091,0.31888393754570643,1.9585483705929392,-1.6396644330472327,314.6500036875894,314.3311197500437,309.52518676757813,291.6302406311035,338.1255491214674,302.80044880333736,320.46299896240237,0.11023144772565288,9.285162288730836,0.020006528912938023,0.8925022273438031,63.0,-0.005633155546111441
2023-04-07,310.6994934082031,312.8652648925781,309.9834289550781,312.4539489746094,478098163,-0.005633155546111441,0.009275315855484152,-0.005617319075795546,47.11733197369447,41.1198523827172,35.06938682920989,39.47444635516859,-0.019877516012741125,1.5628631932718033,-1.5827407092845445,314.0422328753761,314.06211039138884,309.64390258789064,291.8233889770508,336.8063419503765,302.0371761160297,319.4217590332031,0.10885033611856312,8.827781835071491,0.019537654755264127,0.8284369825796553,64.0,-0.0002084491664670004
2023-04-08,310.6347351074219,312.6832580566406,310.3880310058594,310.6653137207031,461767801,-0.0002084491664670004,0.007388829359303711,-0.00020842744244897737,47.06348896662679,40.98549385174151,34.846534019185086,36.728311465600676,-0.2902282911876455,1.1922448963799137,-1.4824731875675592,313.518002449537,313.80823074072464,309.58903747558594,292.04471466064456,333.8868607151193,302.3223067653494,318.1045837402344,0.0992269698809045,8.36117077905076,0.019009144107512192,0.8174289975192873,61.0,0.00717723443928066
2023-04-09,312.87225341796875,313.6131591796875,309.88458251953125,310.6590576171875,465627007,0.00717723443928066,0.011917249354723738,0.007203052516883135,49.222599694052064,47.853865172471174,42.896410643022094,37.60411049713904,-0.3202426425068552,0.88974738860256,-1.2099900311094152,313.4186564446803,313.7388990871872,309.5128283691406,292.2851155090332,331.47626896146994,302.7278234457566,317.10204620361327,0.09065991802920685,8.030271199129723,0.019069009803157212,0.8403755317941461,61.0,0.017447710640647974
2023-04-10,318.3790588378906,318.3790588378906,311.8117980957031,312.8681335449219,565754261,0.017447710640647974,0.020627175562860617,0.017600811065100475,54.17627778568216,60.91509276891988,93.4403732674626,57.06110597655661,0.09918065012863053,0.7316340409077742,-0.6324533907791436,314.181795274405,314.08261462427635,309.6416925048828,292.49950942993166,327.9934154862708,304.5176593428307,316.25553741455076,0.0742303402348584,7.9257704522052785,0.019494986979279677,1.027845493368522,62.0,0.013660971937256216
2023-04-11,322.7582702636719,332.8777770996094,318.14306640625,318.4115295410156,896643000,0.013660971937256216,0.04565246517563161,0.013754709376193608,57.70957547257533,68.28510382910085,68.73706004140787,68.35794798396421,0.7759971823113574,0.7405066691884908,0.03549051312286655,315.50125296506144,314.7252557827501,309.78930908203125,292.7301695251465,328.1262790497035,304.47185022275744,316.29906463623047,0.0747850103640065,8.412123326573427,0.0175810238256647,1.6878656960279308,68.0,-0.011857496061727894
2023-04-12,318.9537658691406,323.48980712890625,317.3410339355469,322.7652282714844,639928192,-0.011857496061727894,0.0192779451172308,-0.011787472994644665,53.82652472348911,57.328444070066915,56.98352359079372,73.05365229988809,0.993930044345916,0.7911913442199758,0.2027387001259402,316.03240879645824,315.0384787521123,309.9389440917969,292.9492614746094,325.92608105880345,305.58372423904814,315.7549026489258,0.06442451613292319,8.250455459915282,0.016799556647333992,1.1942172912584565,65.0,0.018619287562240492
2023-04-13,324.9480895996094,325.2355041503906,318.1626281738281,320.0234680175781,684442464,0.018619287562240492,0.021766171899263883,0.018793707339163745,58.55796191793696,67.04759301424531,75.50223066972889,67.07427143397685,1.6315279968679874,0.9592586747495782,0.6722693221184093,317.40405199694305,315.77252400007507,310.1822833251953,293.2036956787109,326.4467762292503,305.32190358032005,315.8843399047852,0.06687534005420394,8.166342639675797,0.016600857658658884,1.2520778862152937,61.0,0.012920611645666713
2023-04-14,329.1738586425781,335.52276611328125,324.037109375,324.9757080078125,941862415,0.012920611645666713,0.034892372029920356,0.013004443411794187,61.54923298737202,72.24657888727496,81.86752128185306,71.45109184745856,2.4495760258116093,1.2573221449619845,1.1922538808496248,319.2147914808869,316.7652154550753,310.5950817871094,293.4699256896973,327.9246414791722,304.4941176761012,316.2093795776367,0.07409813027800535,8.4034365038619,0.016835868454267083,1.647230994518894,68.0,0.012778771589862157
2023-04-15,333.40728759765625,335.97052001953125,327.572021484375,329.1726989746094,730957108,0.012778771589862157,0.025189906902368768,0.012860768994644944,64.32717615464568,76.56755956713734,92.77184123041864,83.38053106066688,3.400290882217405,1.6859158924130686,1.7143749898043363,321.3982524219283,317.9979615397109,311.2221533203125,293.7749543762207,329.24343685420973,303.6272510120012,316.43534393310546,0.08095235356396795,8.403083791811497,0.016536090860790713,1.2385486203529246,68.0,0.043472268105037556
2023-04-16,348.2209167480469,349.9566345214844,331.2898254394531,333.39019775390625,936315454,0.043472268105037556,0.05360622577286908,0.04443102985879288,71.96089791522499,85.67346256863738,96.48980317322386,90.37638856183189,5.288117201857517,2.4063561543019585,2.8817610475555586,325.5248161644081,320.2366989625506,312.1388793945313,294.10715286254884,336.90538912721564,299.6924776940734,318.2989334106445,0.1169118320140051,9.136207026827194,0.01319468923727193,1.549813400208327,68.0,-0.023908802357430547
2023-04-17,339.9941101074219,350.0722961425781,338.2606201171875,348.1757507324219,856381072,-0.023908802357430547,0.0347408254268249,-0.02362525122687409,63.79606612677463,68.4412817267759,75.77785943703522,88.34650128022592,6.0506504872025175,3.1352150208820704,2.915435466320447,327.75086138641024,321.7002108992077,312.7588201904297,294.3881782531738,340.32649038709303,298.94472543321945,319.63560791015624,0.12946544105156535,9.327311955296011,0.014743695457932625,1.3744984741612638,69.0,0.009365990806646633
2023-04-18,343.1934509277344,346.4930419921875,337.85931396484375,340.0447692871094,741280408,0.009365990806646633,0.02515703025219365,0.009409988953342996,65.43838901803693,71.08041870430088,82.88321331398444,85.05029197474785,6.834341639595152,3.8750403446246873,2.959301294970465,330.1266443927678,323.29230275317263,313.5255731201172,294.68318405151365,343.9893905417223,298.2169937356215,321.1031921386719,0.14254731166401327,9.277770246156564,0.014779247131582386,1.1655961457326673,58.0,-0.06154788434174674
2023-04-19,322.70751953125,343.5299072265625,321.0520324707031,343.16961669921875,826810466,-0.06154788434174674,0.06965401608400602,-0.05969208136433246,49.84599111002533,43.74936693538475,31.907605224809416,63.52289265860971,5.736255090444274,4.2472832937886045,1.4889717966556697,328.98524056791894,323.24898547747466,313.9502270507812,294.8823620605469,344.2093450509181,298.61103458775375,321.4101898193359,0.14186952345473267,10.220634853992479,0.02083098678699848,1.2767336507432805,63.0,-0.015041231643564912
2023-04-20,317.8899230957031,326.5525207519531,315.9021911621094,322.5877380371094,663981561,-0.015041231643564912,0.03350319974325638,-0.014928677343945096,47.00922957283987,39.57449427385429,19.91987066310975,44.903563067301214,4.426250755476758,4.2830767861262355,0.1431739693505225,327.2782686491165,322.85201789363975,314.2498760986328,295.04964614868163,344.2222488807029,298.68312221304706,321.452685546875,0.14166665489256036,10.251327335124712,0.021134627615607235,1.0062982421042903,52.0,0.011836512054687975
2023-04-21,321.67498779296875,331.41717529296875,316.116943359375,317.9211120605469,1057530805,0.011836512054687975,0.0475642574468396,0.011906840771816807,49.443651583712416,44.43480446580299,29.338333063754916,27.055269650558042,3.651394961703147,4.156740421241619,-0.5053454595384714,326.4162254404784,322.76483047877525,314.68445251464846,295.2228611755371,344.3647239685439,299.18641433712014,321.775569152832,0.14040316904844213,10.6119633778725,0.02124225282799623,1.533663397734985,50.0,0.0315784884972809
2023-04-22,331.9950866699219,332.9909973144531,320.3104553222656,321.65673828125,670641138,0.0315784884972809,0.03819496884541193,0.03208237901168487,55.45277985967379,55.75523464597107,55.01806934771895,34.75875769152788,3.8259586238687575,4.090584061767046,-0.26462543789828885,327.2745117834697,323.4485531596009,315.5186975097656,295.4013442993164,345.3852512390525,299.97253379512716,322.6788925170898,0.14073656039190774,10.759718993180714,0.02226381096650724,0.9567519205529791,53.0,-0.00415401232539606
2023-04-23,330.61883544921875,332.220703125,327.779541015625,332.0133361816406,639990072,-0.00415401232539606,0.013432876875694937,-0.004145396350613506,54.522086139375396,54.04224738506057,49.15523402354593,44.50387881167328,3.8093379356077435,4.034334836535185,-0.22499690092744196,327.78902311666184,323.9796851810541,316.34099670410154,295.58375015258787,345.76960285778574,301.79382792834707,323.7817153930664,0.13581920423163088,10.308393501480307,0.021831960606390362,0.9170720514726413,56.0,0.001894782575891987
2023-04-24,331.2458801269531,333.4481201171875,328.1448669433594,330.6213073730469,662758378,0.001894782575891987,0.01601002002438673,0.0018965788107092596,54.89354235965247,54.78072885389994,44.90383911203677,49.69238082776723,3.802925428377989,3.9880529549037464,-0.18512752652575726,328.32084727209127,324.5179218437133,317.1919201660156,295.80680877685546,346.19071738579316,303.3978171601053,324.79426727294924,0.13175386556230603,9.950883478076578,0.02180939495346718,0.9438089833533327,53.0,0.02114769180676335
2023-04-25,338.3255615234375,339.701171875,328.8067932128906,331.20050048828125,682400159,0.02114769180676335,0.032200873658653976,0.021372888905881737,58.968511156107425,62.679961717992235,65.62277281309224,53.22728198289166,4.319324111853348,4.054307186293667,0.2650169255596806,329.86003407999067,325.5407099681373,318.1973321533203,296.08252319335935,347.58305230172715,304.4317212578432,326.0073867797852,0.1323630469546147,10.01827599122178,0.022136285264862287,0.9656235164258612,53.0,-0.022428838337410252
2023-04-26,330.82177734375,344.81683349609375,325.43853759765625,338.3247985839844,910334786,-0.022428838337410252,0.0585762402161993,-0.02217918192730961,53.45618586379829,51.545578022009416,43.66268757490939,51.39643316667948,4.076094437998904,4.058664636634715,0.017429801364189146,330.00799458210753,325.9319001441086,319.02689392089843,296.3542842102051,347.66305658837643,306.18842961767825,326.92574310302734,0.126862530240171,10.686848841737188,0.0228273985796513,1.2544658291567123,56.0,0.0011278309849333768
2023-04-27,331.1950988769531,336.4452819824219,329.1021728515625,330.84637451171875,750494420,0.0011278309849333768,0.022171551317513655,0.0011284672254667782,53.688135837524555,52.040077039790454,44.75522601872311,51.34689546890826,3.8688592951718306,4.020703568342138,-0.15184427317030735,330.1906260120838,326.32176671691195,319.91345581054685,296.61906936645505,347.36244538505133,308.53860136787836,327.95052337646484,0.11838323542666175,10.4480102909602,0.022744979025073414,1.0151487172475933,59.0,-0.02042133582151897
2023-04-28,324.500244140625,331.1993103027344,319.5908508300781,331.1993103027344,1069178743,-0.02042133582151897,0.03577334588267867,-0.020214232514399133,48.97460749465159,42.88360436220047,25.16250091543522,37.86013816968926,3.128343528575556,3.842231560388822,-0.7138880318132661,329.315182647244,326.18683911866844,320.85753845214845,296.8825402832031,346.45710209689946,310.83049555935054,328.643798828125,0.10840492552905591,10.530899518224203,0.023345268471252848,1.3891471170344878,64.0,-0.0073163984664865
2023-04-29,322.1347351074219,324.7434387207031,321.87060546875,324.4894714355469,536818146,-0.0073163984664865,0.00891811077434765,-0.007289698778094045,47.39140834055071,39.98357660170769,18.239756503162493,29.385827812440283,2.3238151443648007,3.538548277184018,-1.2147331328192172,328.2104984103483,325.8866832659835,321.75184143066406,297.1363569641113,345.6955060604728,312.51833976472255,329.10692291259767,0.10080968823788987,9.983894784919126,0.02340696585292062,0.694258514914808,64.0,0.04702675200688097
2023-04-30,337.6455383300781,337.9449157714844,320.7230529785156,322.10662841796875,865228956,0.04702675200688097,0.05100574667192216,0.04815004882191265,57.16872990384728,60.44602124477986,63.63266129968581,35.678306239427855,2.904333446356077,3.41170531101843,-0.5073718646623533,329.6620430133836,326.7577095670275,322.9455236816406,297.4697296142578,346.2885481441877,313.85194563022634,330.070246887207,0.09827181583272403,10.500892499779813,0.02532617239818461,1.0977292281248052,60.0,-0.02677750224736608
2023-05-01,328.7242126464844,339.39166259765625,326.6700439453125,337.605224609375,912601797,-0.02677750224736608,0.0386999745164035,-0.02642216369189032,51.26698066202537,49.19166148465918,41.91456313391547,41.26232697892127,2.614384956673973,3.252241240149539,-0.6378562834755659,329.517761418476,326.90337646180205,323.7264923095703,297.7540936279297,346.25396915595707,314.4831188567382,330.36854400634763,0.09616790362041377,10.659515796391522,0.0260294632367554,1.1566609215273815,63.0,-0.02081450642833053
2023-05-02,321.95269775390625,328.75897216796875,321.95269775390625,328.738037109375,686766524,-0.02081450642833053,0.02114060376429916,-0.02059937975989723,47.27748750159126,42.22911252122718,20.925407002823295,42.15754381214154,1.8172459496042848,2.9652421820404884,-1.1479962324362036,328.3539054700807,326.5366595204764,323.98730224609375,298.01602127075193,346.022124300592,315.0148569005799,330.51849060058595,0.09381401731464015,10.384284269082306,0.0263360503718373,0.867854037925308,55.0,0.013145573588739494
2023-05-03,326.212890625,327.4369201660156,320.9884948730469,321.9757080078125,822037855,0.013145573588739494,0.019767536716939788,0.013232356494649267,49.918008820928215,47.66600645254203,35.65909390749096,32.83302134807659,1.511841931507547,2.6745621319339,-1.162720200426353,328.02451857083753,326.51267663933,324.3241442871094,298.3050653076172,346.0040659307697,315.1593953729413,330.5817306518555,0.09330422010014752,10.103151485074195,0.026165381060610535,1.0298406281708528,64.0,-0.007062449869719098
2023-05-04,323.9171447753906,327.4441223144531,323.5232238769531,326.2037353515625,467074893,-0.007062449869719098,0.012104633856966153,-0.007037569377503439,48.50811247279471,45.00327552851388,27.17850618541573,27.921002365243343,1.072199890220645,2.354089683591249,-1.281889793370604,327.39261490999957,326.3204150197789,324.6599884033203,298.56205123901367,346.0051633264185,314.63262659057375,330.3188949584961,0.09497651274168445,9.661561981676039,0.026035046171174536,0.6030826017845925,64.0,0.009289851633626101
2023-05-05,326.9403076171875,328.9045715332031,323.9261779785156,323.9261779785156,519090054,0.009289851633626101,0.015227224782930931,0.009333136237333672,50.491168677756576,49.35018781228597,29.13447172470527,30.657357272537336,0.9566961826865281,2.074610983410305,-1.117914800723777,327.3230291726438,326.3663329899573,324.6015771484375,298.81918991088867,345.6804474151928,314.31064450375254,329.9955459594727,0.09506129187359655,9.3276951799715,0.02595079158870064,0.6795388324207398,61.0,-0.012825167094836304
2023-05-06,322.7740173339844,328.7369079589844,320.5791015625,326.94537353515625,494274153,-0.012825167094836304,0.02527404920589763,-0.012743275105990937,47.76128059612681,43.78585996314907,12.618602597371176,22.977193502497403,0.5229456635061638,1.7642779194294769,-1.241332255923313,326.62318119746544,326.1002355339593,324.2754345703125,299.0669871520996,342.27081900225477,315.17558297528427,328.7232009887695,0.08242568807273258,9.244131695436705,0.023843054632777753,0.6663318972091116,60.0,-0.0036095346790231027
2023-05-07,321.6110534667969,325.81414794921875,321.512939453125,322.7579650878906,437921018,-0.0036095346790231027,0.01337394486205931,-0.003603028139604336,46.99743608110363,42.23504374352324,8.008419982942275,16.587164768339587,0.08438109453214793,1.428298554450011,-1.3439174599178632,325.8520846235164,325.76770352898427,324.07716979980466,299.3151356506348,340.644158597364,314.9639377161126,327.8040481567383,0.07834015786459275,8.891065752626494,0.023369085538983477,0.6074974095765562,64.0,-0.024041575162717575
2023-05-08,313.9712219238281,322.4250183105469,311.8853454589844,321.4257507324219,636404503,-0.024041575162717575,0.033568913695279715,-0.023754878635592336,42.22044873536731,33.2179982752742,6.333987891750432,8.987003490687973,-0.8696304839553477,0.9687127467689395,-1.8383432307242873,324.02425959279515,324.8938900767505,323.6170294189453,299.53863540649417,338.47684466054915,314.20902875253677,326.34293670654296,0.07436292678163495,9.008823402550494,0.023647570309861674,0.8893089081787403,60.0,-0.004653015912602384
2023-05-09,312.5137023925781,315.7340393066406,311.5994567871094,314.0020751953125,461175016,-0.004653015912602384,0.013230083954326613,-0.0046422074046124084,41.35679026964042,31.711113008008027,2.752311278155424,5.6982397176160555,-1.723434498266613,0.430283297761829,-2.153717796028442,322.2534046389156,323.9768391371822,323.2088433837891,299.7510118103027,339.31652719697274,312.34996450224605,325.8332458496094,0.08276185146304345,8.66066333947769,0.019470524921740777,0.6613391233190238,51.0,0.006582005348201616
2023-05-10,314.57745361328125,316.6778869628906,308.8152770996094,312.4984436035156,545212280,0.006582005348201616,0.02499419387171648,0.006603714348853318,43.13067306352621,36.47173269873298,18.84518532787319,9.310494832593028,-2.208099261123664,-0.09739321401526957,-2.110706047108394,321.0724890965103,323.280588357634,322.79420776367186,299.9715016174316,339.61066536654187,311.7245793844347,325.6676223754883,0.08562744364545716,8.603659519749373,0.019284624158190728,0.7885665233667027,52.0,-0.02211858692351543
2023-05-11,307.6958312988281,314.5896301269531,304.9615173339844,314.5896301269531,484941644,-0.02211858692351543,0.03129100824124626,-0.021875764570568612,38.904693781131606,28.690733289021452,7.941627733208533,9.846374779745728,-3.1116201658128375,-0.7002386043747832,-2.4113815614380543,319.01454174302074,322.1261619088336,322.5103698730469,300.12993988037107,340.90174675122864,309.0355823503338,324.9686645507812,0.09805919116830807,8.676834753550757,0.01963073829284968,0.7316922509551352,52.0,0.002944312180984118
2023-05-12,308.6031188964844,308.8200988769531,301.5823974609375,307.68902587890625,509746023,0.002944312180984118,0.023453105211303414,0.0029486509252545368,39.742971006129416,30.956436977924653,18.56878574645623,15.118532935845996,-3.7116706370148336,-1.3025250109027935,-2.40914562611204,317.4127843820151,321.12445501902994,322.0856921386719,300.3030683898926,340.8895126804538,306.708619643765,323.7990661621094,0.1055620494580925,8.574039515155391,0.0180134490329479,0.7785680888902926,49.0,0.008016194997723686
2023-05-13,311.0868835449219,311.89794921875,307.83953857421875,308.6343078613281,385073781,0.008016194997723686,0.013045907298580153,0.008048410713796583,42.08566749659898,37.31731395846591,25.137981522825267,17.216131667496686,-3.941362337516864,-1.8302924762256079,-2.111069861291256,316.43956886861616,320.380931206133,321.86024291992186,300.43634017944333,340.4657805433105,305.1791565904786,322.82246856689454,0.10930659228733283,8.251494595825095,0.018200232783893506,0.5998252072425491,48.0,0.003366411683397288
2023-05-14,312.1358947753906,314.6377258300781,310.005859375,311.0894470214844,404468149,0.003366411683397288,0.014839262425781445,0.0033720844110010084,43.091987510131624,40.0392465662857,27.912463456487593,23.87307690858971,-3.992722604852645,-2.2627785019510154,-1.7299441029016296,315.7774651619661,319.77018776681876,321.6494995117188,300.5451347351074,339.6513540655658,304.082584533067,321.8669692993164,0.11050767219118411,7.992949728628884,0.018224212584635965,0.6429700979702093,48.0,0.004454542847954549
2023-05-15,313.5294189453125,316.3658142089844,311.0141296386719,312.13360595703125,432273711,0.004454542847954549,0.017069162403691277,0.004464479072247229,44.472304259325085,43.82011670031595,43.72646720124026,32.258970726851054,-3.8762966969898116,-2.5854821409587747,-1.290814556031037,315.43161189786554,319.30790859485535,321.3423278808594,300.6785612487793,337.054631611185,304.1996927296353,320.62716217041014,0.10247085324632499,7.804287931606285,0.017426246200300602,0.7011104188054098,50.0,-0.006879051055939217
2023-05-16,311.3800354003906,314.0379333496094,309.6927490234375,313.54290771484375,402988974,-0.006879051055939217,0.013954601554928154,-0.006855444545370681,42.749940222128586,39.35464924316885,35.8596571178374,35.8328625918551,-3.9123662918831315,-2.850858971143646,-1.0615073207394854,314.8082924367156,318.7206587285987,321.3509460449219,300.7453904724121,335.85377174684345,303.4563783996409,319.6550750732422,0.10135109958688861,7.557209102646683,0.01689027082053313,0.6816589838721703,54.0,0.008644813900413568
2023-05-17,314.0835266113281,314.2699890136719,307.6412048339844,311.36981201171875,437721579,0.008644813900413568,0.02110516349331012,0.008682288212412903,45.603593800469795,47.24371279660933,45.754518353209505,41.78021422409574,-3.6803774586121563,-3.016762668637348,-0.6636147899748082,314.6967900020406,318.37716746065274,321.3674041748047,300.7947183227539,334.26053508755564,303.33845783236626,318.79949645996095,0.09699537671344152,7.490893036721027,0.01707029794529807,0.76052760437158,50.0,-0.014840793941391215
2023-05-18,309.4566955566406,314.6662902832031,306.6496276855469,314.0912170410156,383049498,-0.014840793941391215,0.025905603959339572,-0.014731212122478188,41.76654582833819,37.50284539622784,28.82017395422504,36.811449808423994,-3.8257701382339633,-3.1785641625566714,-0.6472059756772919,313.89062162582525,317.7163917640592,321.2797027587891,300.7732278442383,333.78703036306035,302.30760769846313,318.04731903076174,0.09897716717289012,7.528448005359257,0.0168081613674207,0.7077212921138996,51.0,-0.0015924466829974537
2023-05-19,308.96429443359375,311.1976013183594,307.9300537109375,309.44677734375,334636708,-0.0015924466829974537,0.01057580978220179,-0.0015911794125544887,41.36763217599458,36.56674569886393,27.18479117193883,33.9198278264578,-3.9353631233860824,-3.329923954722554,-0.6054391686635285,313.1327251347127,317.0680882580988,321.12763732910156,300.6862457275391,333.48733049793515,301.29026349620545,317.3887969970703,0.10144361523266648,7.224097976935158,0.016768250114740025,0.630041540988187,48.0,0.005666372589639415
2023-05-20,310.719970703125,311.8423156738281,308.0879821777344,308.982421875,277393160,0.005666372589639415,0.012082691330068382,0.005682456844244177,43.44185581021678,42.533583039178936,37.709092649359086,31.238019258507663,-3.8363251828630496,-3.431204200350653,-0.4051209825123965,312.76153214523765,316.5978573281007,321.0012365722656,300.61694839477536,329.4119035641571,302.6731336672882,316.04251861572266,0.08460497661512656,6.976257656875057,0.01236445004326595,0.5528595315550724,48.0,-0.013652430729499647
2023-05-21,306.5067138671875,311.5177001953125,306.478515625,310.7096252441406,302803530,-0.013652430729499647,0.016440698824287517,-0.01355965896367517,39.80279054289514,33.66707071211178,23.626186177744003,29.50668999968065,-4.051112809731876,-3.5551859222268978,-0.49592688750497826,311.79925241015303,315.8503652198849,320.8270245361328,300.54872924804687,327.57385563202166,302.28943172149394,314.9316436767578,0.0802854346909622,6.83789529354916,0.011412202733793925,0.6425502929208817,52.0,0.008896239482194535
2023-05-22,309.2456359863281,310.83538818359375,305.0476379394531,306.5234680175781,355156561,0.008896239482194535,0.01871570548014622,0.008935928628067247,43.13746994552892,42.722579258299724,50.76508797147068,37.366788932857936,-3.954737672449994,-3.635096272271517,-0.31964140017847686,311.4063883449492,315.3611260173992,320.7333648681641,300.44637252807615,326.7388757520194,301.8537054247384,314.2962905883789,0.07917742293647398,6.762884932877122,0.010964551219629628,0.7811267030209126,49.0,0.013683318635559173
2023-05-23,313.5062255859375,315.2126770019531,309.2388916015625,309.2491760253906,361568579,0.013683318635559173,0.019054758447701405,0.013777363699960965,47.96625134793256,54.095578208530256,78.98934395904975,51.12687270275482,-3.4942857572609114,-3.606934169269396,0.11264841200848474,311.72944022817813,315.22372598543905,320.8322418212891,300.2418717956543,324.83803662599684,302.4838780468547,313.6609573364258,0.07126854030215031,6.7065206805566575,0.011004267980968704,0.8376454899322135,50.0,-0.02445384700717483
2023-05-24,305.9327697753906,313.5504150390625,304.16552734375,313.5191345214844,418835791,-0.02445384700717483,0.030676307419446065,-0.02415727405856849,41.25907228581329,38.317350996596026,29.427380615701566,53.06060418207401,-3.6978622330138364,-3.6251197820182846,-0.07274245099555188,310.8376447739031,314.53550700691693,320.73100036621094,300.02526702880857,323.3730450301691,302.15043214268246,312.7617385864258,0.06785552792808189,6.897832610182074,0.012062722094611924,0.975768745455905,50.0,-0.003927279163345951
2023-05-25,304.733642578125,306.6758728027344,302.9423522949219,305.9226989746094,401117895,-0.003927279163345951,0.012251750335886633,-0.003919577488040948,40.29824334033312,36.35841893138987,21.316081193502374,43.244268589417906,-3.9108754621404387,-3.6822709180427156,-0.22860454409772313,309.89856751301414,313.8094429751546,320.5444097900391,299.85198837280274,320.615342297278,302.6874683716673,311.65140533447266,0.05752540697312121,6.671810317155676,0.011719448901758085,0.9475118558931909,51.0,0.007039300405595547
2023-05-26,306.8863220214844,308.41436767578125,301.8935546875,304.7257080078125,475658791,0.007039300405595547,0.021248301147239607,0.0070641345180897375,42.87033868001997,42.513716206788814,34.498879228723794,28.414113679309253,-3.861474071106727,-3.7181115486555183,-0.14336252245120873,309.4351451297019,313.2966192008086,320.43304321289065,299.7013471984863,318.44824454837374,303.26579658932155,310.85702056884764,0.0488406146699512,6.661024793664645,0.0117308115632472,1.1260665332789892,49.0,0.0022960774654213196
2023-05-27,307.5917663574219,307.59844970703125,304.4021301269531,306.8948974609375,331579600,0.0022960774654213196,0.010391434133396143,0.0022987154699194434,43.725949366358634,44.56361832864425,39.37333808492557,31.72943283571725,-3.722489113200936,-3.7189870615646017,-0.0035020516363344356,309.15154839550496,312.8740375087059,320.370888671875,299.6008546447754,316.0436541697443,304.26845825701355,310.1560562133789,0.03796539089544562,6.413545849837036,0.011776280539266729,0.7949827867563802,48.0,0.021479178390626595
2023-05-28,314.2700500488281,314.45098876953125,306.99798583984375,307.5807189941406,405623337,0.021479178390626595,0.023715282218364515,0.02171151643781677,51.18010100949795,60.22753337641262,85.51874945964697,53.130322257765464,-3.0384356566873407,-3.58287678058915,0.5444411239018092,309.9390101883239,312.97744584501123,320.44359497070315,299.83793930053713,316.09862850298356,304.24336673627425,310.1709976196289,0.03822169660506987,6.487792784112069,0.011737410135836145,1.0001777991153862,50.0,-0.007867632471759697
2023-05-29,311.80718994140625,316.79559326171875,310.7929382324219,314.2846374511719,543284868,-0.007867632471759697,0.01925117580009901,-0.007836763659277213,48.62219730058629,53.69929911613428,66.52536298662734,63.805816843733304,-2.664337764493098,-3.39916897736994,0.7348312128768422,310.2264224580289,312.890760222522,320.4222937011719,299.876575012207,316.01526281812176,304.2560811760188,310.1356719970703,0.037916249899218345,6.4531400873395555,0.011826836887856705,1.326195415731795,52.0,-0.0003935278233838737
2023-05-30,311.68450927734375,314.276611328125,311.3135070800781,311.8103332519531,392038878,-0.0003935278233838737,0.009506742105717675,-0.000393450401466211,48.49218756156281,53.36315515256445,65.70211545944174,72.58207596857203,-2.3506647935026876,-3.1894681405964898,0.8388033470938021,310.45074350715424,312.80140830065693,320.28840270996096,299.98589477539065,315.56056619340757,304.42148336713933,309.99102478027345,0.035933565606177775,6.2038518131043645,0.011721387870950119,0.975225813211299,51.0,-0.01557803920618833
2023-05-31,306.86669921875,311.8466491699219,305.37640380859375,311.6957092285156,474410245,-0.01557803920618833,0.02108487293603601,-0.015457329174825118,43.56563018575017,41.469702145951764,33.372243042329664,55.1999071627996,-2.462448142346716,-3.044064140946535,0.581615998599819,309.899352078169,312.3618002205157,319.9705712890625,300.1085218811035,315.5986049412391,304.3005314112999,309.9495681762695,0.036451328506171464,6.222879923691776,0.011163320864025683,1.181678563003111,51.0,-0.0062548721574704775
2023-06-01,304.9532775878906,307.61376953125,303.6445617675781,306.8828125,354897855,-0.0062548721574704775,0.013015789812352185,-0.006235351166257952,41.75141556723602,37.587989739353375,20.532243861481437,39.868867454417625,-2.674603225044109,-2.97017195776605,0.2955687327219412,309.13841754120307,311.8130207662472,319.6905615234375,300.25039108276366,315.8010136107066,303.7331386109731,309.76707611083987,0.038957900727369064,6.0619033408332115,0.011219146981458858,0.9013757885436525,52.0,0.008068667240680134
2023-06-02,307.4237976074219,308.3961486816406,303.7401428222656,304.95068359375,382256220,0.008068667240680134,0.015145235650626789,0.008101306662687824,44.93962059791793,45.30057049275906,37.11064692510905,30.338377942973395,-2.613263265769774,-2.898790219366795,0.28552695359702085,308.8746298590829,311.4878931248527,319.34007568359374,300.39461791992187,315.6686594634242,303.49918416450544,309.5839218139648,0.03930913216556398,5.961482092157625,0.011221272609752508,0.9712085460077065,50.0,-0.002291562613884208
2023-06-03,306.7201232910156,308.1976623535156,305.64898681640625,307.43389892578125,260995871,-0.002291562613884208,0.008309450028132635,-0.002288938988727285,44.197580509399735,43.51372133709383,32.388646556490755,30.01051244769376,-2.59155767886341,-2.837343711266118,0.24578603240270835,308.5431673101495,311.1347249890129,318.8910009765625,300.54384841918943,315.40152232487196,303.2247441546202,309.3131332397461,0.03936715535713647,5.717710195368464,0.011187488898914013,0.6754296623011853,53.0,-0.005109940638626998
2023-06-04,305.15679931640625,307.58392333984375,305.0121154785156,306.71844482421875,273449324,-0.005109940638626998,0.008427824210665904,-0.005096907101612258,42.517881166259436,39.47764362216816,21.89797464725277,30.465756042950872,-2.669728061126534,-2.8038205812382015,0.1340925201116674,308.02218761880437,310.6919156799309,318.3259912109375,300.70922439575196,314.9167180767224,302.8722864398792,308.8945022583008,0.038992055697940356,5.493002885794154,0.011152040490575797,0.7225061274800963,52.0,-0.09720812770892491
2023-06-05,276.8892517089844,305.1672668457031,272.8895568847656,305.1672668457031,928515688,-0.09720812770892491,0.11657263603305902,-0.09263286176400176,24.434961728660213,13.35202944274998,9.109669544933562,21.13209691622571,-4.955509473906204,-3.2341583597718024,-1.7213511141344018,303.2325051711398,308.188014645046,316.89935791015625,300.75411407470705,322.2697173535856,292.07020879387534,307.16996307373046,0.09831530484789427,7.406196248304393,0.024184190088573435,2.2940491136212184,53.0,0.016499115006451435
2023-06-06,281.4955749511719,285.5967102050781,273.72393798828125,276.9336242675781,691784529,0.016499115006451435,0.04217747372709614,0.016635977069376473,29.683126345164908,23.035257799315914,19.600990607577746,16.869544933254705,-6.322434829568749,-3.8518136537311918,-2.4706211758375574,299.88836206037547,306.2107968899442,315.72938720703127,300.7919920349121,323.9703837837455,287.1107471976998,305.54056549072266,0.12063745619782477,7.725237388910998,0.024494076847953197,1.6571560955105755,44.0,-0.08177842121458957
2023-06-07,259.3914489746094,281.4814453125,256.095703125,281.4814453125,958739195,-0.08177842121458957,0.09786653449005905,-0.0785238843644227,21.84327383774871,14.1699248402184,5.429574653572072,11.38007826869447,-9.084629304875477,-4.89837678396005,-4.186252520915428,293.6580677394884,302.74269704436387,314.05334716796875,300.7269609069824,330.19377364777927,275.8808326754629,303.0373031616211,0.17922856495112502,8.987711277286776,0.029832351940619322,2.1484961652902945,53.0,0.010572824791820905
2023-06-08,262.14849853515625,266.8072204589844,257.7645263671875,259.4009094238281,562863852,0.010572824791820905,0.03449454848044524,0.010628914605495643,24.521084178567733,18.72183696511091,9.97167440752051,11.66741322289012,-10.925277668962451,-6.10375696096053,-4.821520708001921,288.8104417080527,299.73571937701513,312.84216674804685,300.7165277099609,332.9906262273769,268.40240050602154,300.6965133666992,0.21479539286373447,8.991638621180353,0.0301102857128626,1.2299037803568298,50.0,-0.0054790749485424586
2023-06-09,260.7160949707031,263.9214172363281,256.5093994140625,262.1507873535156,491429998,-0.0054790749485424586,0.028429460111001278,-0.005464092193764869,24.05986001220829,18.13875519218135,7.611861957733832,7.6710370062754825,-12.357142310708184,-7.3544340309100615,-5.002708279798123,284.48823451769124,296.8453768283994,311.69869018554687,300.74926689147946,334.49368423929707,261.8989549208592,298.1963195800781,0.24344609423974858,8.878808564115015,0.029942508316867334,1.0492781926237014,50.0,-0.08659585100664667
2023-06-10,239.08908081054688,260.7160949707031,233.169189453125,260.69866943359375,1068424942,-0.08659585100664667,0.11521607521426781,-0.08295235536795875,18.424874740215074,11.712971955106426,7.078973969718312,8.220836778324228,-15.063383346952094,-8.896223894118469,-6.167159452833625,277.50374933197673,292.56713267892883,310.0469720458984,300.61309059143065,339.0630679845284,250.58780786996377,294.82543792724607,0.3000937121863875,10.212244060790953,0.03464183066022249,2.1088793908563237,49.0,-0.015385211226547952
2023-06-11,235.4387969970703,239.3482666015625,234.43069458007812,239.08741760253906,376213808,-0.015385211226547952,0.020886838041164334,-0.015267463495620803,17.672536182753348,10.949176769103033,2.713984388399683,5.8016067719506195,-17.303185906372732,-10.577616296569321,-6.7255696098034115,271.03221820352957,288.3354041099023,308.11584625244143,300.30104736328127,341.79335907523273,240.47683288033363,291.1350959777832,0.34800519619465825,9.834053200840483,0.03427903669633061,0.7410386474200381,47.0,-0.01881063595200775
2023-06-12,231.0514373779297,238.4732208251953,222.0713348388672,235.40391540527344,1014433334,-0.01881063595200775,0.0709880283475564,-0.01863482006831363,16.7853777600548,10.031869029673913,9.739250161143119,6.510736173087049,-19.210818469196397,-12.304256731094735,-6.9065617381016615,264.881328845745,284.09214731494137,306.12449829101564,299.9541654205322,342.87099437055474,231.15371876421088,287.0123565673828,0.3892420415011492,10.303184114089602,0.0336809704579097,1.877440916000951,47.0,0.05407913284862422
2023-06-13,243.89053344726562,245.64219665527344,229.3116912841797,231.07504272460938,864407068,0.05407913284862422,0.06695834044999846,0.05556812896314112,28.152032886395446,30.041965919704225,24.30422969942288,12.25248808298857,-19.462274283892498,-13.735860241654288,-5.7264140422382095,261.65197570751735,281.11424999140985,304.37739135742186,299.670729598999,342.0651838790352,225.75530562291797,283.9102447509766,0.4096712972021668,10.73370706101847,0.036969830305771764,1.536433420544372,45.0,-0.026239223875169356
2023-06-14,237.5742645263672,251.63015747070312,234.0425567626953,243.89053344726562,738634212,-0.026239223875169356,0.07402990699801094,-0.02589796672966871,26.252223710699937,26.64112715828304,17.95883361617907,17.33410449224837,-19.94135343400933,-14.976958880125299,-4.964394553884031,257.94771244887886,277.8890658828882,302.3623654174805,299.3016586303711,341.2117759917856,219.89277570499175,280.55227584838866,0.4324292145552048,11.223270892946278,0.03707111932608174,1.2746454748764895,46.0,-0.005459824003634814
2023-06-15,236.2806854248047,240.15533447265625,231.06581115722656,237.6096954345703,502420772,-0.005459824003634814,0.03846917617954172,-0.005444946253506888,25.86721814549317,25.939512473406822,16.460331570268444,19.57446496195681,-20.1926399507895,-16.02009509425814,-4.17254485653136,254.61432367594438,274.8069636267339,300.47154357910154,298.9459156036377,339.3358909004857,214.70809713662362,277.02199401855466,0.4498841119290862,11.070860351695092,0.03682987982727082,0.8650194836085137,41.0,0.011922783490980133
2023-06-16,239.1146697998047,242.80198669433594,232.82852172851562,236.27345275878906,488582672,0.011922783490980133,0.04170996691324063,0.011994143194162588,28.34650861818851,30.61032240393496,19.788763149152917,18.06930944520015,-19.93332846877064,-16.80274176916064,-3.1305866996099994,252.22976154115366,272.1630900099243,298.6299349975586,298.6738526916504,336.34064047008883,210.85563791125878,273.5981391906738,0.45864713455298045,10.99247496698975,0.03710320241070812,0.8299767191903135,47.0,0.022724251600404904
2023-06-17,244.61058044433594,249.13011169433594,237.41790771484375,239.1290283203125,451849200,0.022724251600404904,0.04788101952996853,0.022984414336153502,33.02450559985769,39.275170153897584,26.357810002689078,20.86896824070349,-19.064583541485348,-17.25511012362558,-1.809473417859767,251.05757983395094,270.1221633754363,297.03214172363283,298.4194147491455,331.15049888382816,209.07983253707027,270.1151657104492,0.45192081690671126,11.043884182168496,0.03716437078317271,0.7645740234561612,47.0,-0.0021416735701918193
2023-06-18,244.08726501464844,248.27256774902344,242.76914978027344,244.59580993652344,372246652,-0.0021416735701918193,0.02254692791293197,-0.00213938182370077,32.80488671446392,38.737802265218214,26.49459443329921,24.213722528380412,-18.208428677843898,-17.445773834469243,-0.762654843374655,249.9852237079044,268.1936523857483,295.4711923217773,298.13587936401365,325.6129308868982,207.84540804132448,266.72916946411135,0.4415247236820098,10.648136595495746,0.03722417896417244,0.6391271632160022,49.0,-0.0048621110241513135
2023-06-19,242.9033660888672,244.41200256347656,239.14566040039062,244.0900421142578,359118142,-0.0048621110241513135,0.021680811788994413,-0.004850310095900312,32.28185548893997,37.38765920863638,32.79324384926111,28.548549428416475,-17.424590694109156,-17.44153720639723,0.016946512288072313,248.89570715112944,266.3202978452386,293.57634887695315,297.8903151702881,319.2304927866174,207.34973182275763,263.2901123046875,0.42493339375535627,10.263722707466474,0.03716267224796405,0.6183337359776542,47.0,0.0194514418454986
2023-06-20,247.6744384765625,247.82269287109375,239.01873779296875,242.88185119628906,477391843,0.0194514418454986,0.03554648243992333,0.019641853731865444,36.664368772066474,46.20320806040042,43.095532786558934,34.12779035637309,-16.231303414454004,-17.199490448008582,0.9681870335545781,248.70781966273452,264.9391230771885,291.9553533935547,297.66104988098147,312.89736144852725,207.76363708662905,260.33049926757815,0.40384712762309705,10.15945359108494,0.03782781790731416,0.8217678134471759,49.0,0.006487085744585985
2023-06-21,249.28634643554688,253.54193115234375,245.54824829101562,247.6829376220703,717670519,0.006487085744585985,0.03206626827191635,0.006508172457760253,38.12139583001573,49.031734816289145,60.834855998561984,45.57454421146068,-14.98283435914189,-16.756159230235244,1.7733248710933545,248.79682378162872,263.7796581407706,290.5020263671875,297.45466590881347,306.1109573453312,208.98334807459065,257.5471527099609,0.37712554089123124,10.004755681816595,0.03801373113035143,1.197971608265516,59.0,-0.03466692587190701
2023-06-22,240.7924346923828,256.22003173828125,240.0522003173828,249.27647399902344,709030407,-0.03466692587190701,0.06714426656116987,-0.03407291199303675,33.71938284953585,37.05444580194326,44.73372280540944,49.554703863510134,-14.511521541937327,-16.307231692575662,1.7957101506383353,247.56537930636011,262.07690084829744,288.79361724853516,297.19718658447266,297.48975595254984,210.94141317586812,254.215584564209,0.3404525451303384,10.444975377465298,0.03814090504020169,1.152126696307101,65.0,0.015545587119919624
2023-06-23,244.56494140625,248.80978393554688,240.09481811523438,240.79205322265625,493157882,0.015545587119919624,0.03563456712234137,0.015667048338485534,37.18857330904444,44.126653701972295,58.20609699904013,54.59155860100386,-13.675945191831062,-15.780974392426742,2.1050292005956805,247.10377347557395,260.779718667405,287.20657318115235,296.9776399230957,287.1814017867948,215.03424915314656,251.1078254699707,0.28731542913335506,10.321403266240099,0.03859103873255422,0.7865128643256286,65.0,-0.03285783817931346
2023-06-24,236.65965270996094,248.42861938476562,231.9947509765625,244.5535125732422,558809140,-0.03285783817931346,0.06944093858002788,-0.03232388359032001,33.25998883741104,34.61787284098027,42.71998405697308,48.55326795380756,-13.496061449522102,-15.323991803845814,1.827930354323712,245.49698566547963,258.99304711500173,285.4009600830078,296.7091658782959,274.36397152789425,221.0019647514026,247.68296813964844,0.21544479694059998,10.758007919237457,0.038853816062253514,0.8713880734024271,62.0,0.009392667058796586
2023-06-25,238.8929901123047,241.8727569580078,235.63613891601562,236.6367645263672,414941211,0.009392667058796586,0.026106325007947385,0.009436916587893585,35.33822773797742,38.953649884774826,49.260021027994576,50.06203402800261,-13.023167654084318,-14.863826973893516,1.8406593198091983,244.48098634960655,257.50415400369087,283.72333953857424,296.4822087097168,269.0702786608113,222.49603145881758,245.78315505981445,0.18949324330489326,10.435051499434223,0.0336101472795655,0.6740353747517699,64.0,-0.011615161151136552
2023-06-26,236.13426208496094,241.17384338378906,234.2963409423828,238.87911987304688,427457532,-0.011615161151136552,0.02912538985524993,-0.011547965580935848,33.93261477795893,35.55568930835169,25.354855355791013,39.11162014691957,-12.724324122471444,-14.435926403609102,1.711602281137658,243.19687492427647,255.92119904674792,282.0138037109375,296.2101941680908,260.4046861786343,226.62549265437355,243.5150894165039,0.13871499135926396,10.180940852432226,0.03314354465024055,0.7096013179512362,55.0,0.005736233784421736
2023-06-27,237.49267578125,240.82284545898438,234.9900665283203,236.13107299804688,348181738,0.005736233784421736,0.024559826577711073,0.0057527174764682165,35.29735770456675,38.63100122729861,25.549846012179504,33.38824079865504,-12.236817423954307,-13.996104607678143,1.7592871837238366,242.31930582534932,254.55612324930362,280.48423278808593,295.9672054290771,257.8248594768604,227.0154420368115,242.42015075683594,0.12709099199823895,9.870357858020213,0.028443317606421027,0.6088548972392414,59.0,-0.029233812908617585
2023-06-28,230.65036010742188,237.5801544189453,226.9770965576172,237.5026397705078,480872336,-0.029233812908617585,0.045970263633622395,-0.028810638691571522,31.740744911015966,30.170365380116124,12.561199917556543,21.15530042850903,-12.261242572327944,-13.649132200608104,1.3878896282801598,240.52408340720666,252.7853259795346,278.84696594238284,295.679831161499,254.1586872922869,227.53180037861154,240.84524383544922,0.1105560005655227,9.922693572542206,0.02873099021907868,0.8469586221697076,62.0,0.011132634722717739
2023-06-29,233.23245239257812,236.42100524902344,230.5876922607422,230.6324005126953,332343168,0.011132634722717739,0.025010726116546533,0.011194833096959789,34.42596350034526,36.31143402793092,21.390998531149798,19.83401482029529,-11.934670952752668,-13.306239951037018,1.3715689982843493,239.40229402034072,251.3369649730934,277.2200659179687,295.42404136657717,249.58615163829572,229.35597177479022,239.47106170654297,0.08447859929019873,9.63059495938071,0.028997901438039746,0.5936720787648168,54.0,0.030142887823031903
2023-06-30,240.36978149414062,241.3129425048828,232.2005157470703,233.19444274902344,626872820,0.030142887823031903,0.037910034702239095,0.030601783878466904,41.29990101373888,50.38307586195216,45.798018748059576,26.583405732255315,-10.973442764610326,-12.839680513751679,1.8662377491413533,239.55113824707917,250.5245810116895,275.873544921875,295.2444992828369,249.6559168633895,229.4142766180558,239.53509674072265,0.0845038598550076,9.59358294498298,0.022947848426532164,1.1657724352504948,56.0,0.0302797409523813
2023-07-01,247.75942993164062,248.4702606201172,240.38690185546875,240.38690185546875,603755323,0.0302797409523813,0.03262583695352673,0.030742834609100544,47.442866440005844,60.83538048475014,71.06787757668415,46.08563161863119,-9.505802653363645,-12.172904941674073,2.667102288310428,240.8139523523963,250.31975500575996,274.65667114257815,295.12353797912596,250.6908160946543,229.61144068024802,240.15112838745117,0.08777545854541055,9.486932672196806,0.023571804367496577,1.0995185737221875,59.0,-0.0060787955971013255
2023-07-02,246.25791931152344,248.056396484375,243.24127197265625,247.78602600097656,519491311,-0.0060787955971013255,0.01955317630060651,-0.0060603570993502665,46.3807638961883,57.94186309557645,65.93326776121661,60.93305469532012,-8.367392556944822,-11.411802464728224,3.044409907783402,241.65148573072355,250.01887828766837,273.36009185791016,295.01366989135744,250.89495636912588,230.92794859913582,240.91145248413085,0.08288110658128764,9.153232089305517,0.023132381496690647,0.9907117807724146,63.0,0.0005046202656917714
2023-07-03,246.38221740722656,251.37985229492188,245.88482666015625,246.254638671875,669962148,0.0005046202656917714,0.022302849988898803,0.0005047476079169666,46.48756383436755,58.13417773717925,66.35832117988066,67.78648883926049,-7.370205396196525,-10.603483051021884,3.2332776548253594,242.37929060403172,249.74949600022825,272.0450183105469,294.95421241760255,251.2252041664683,230.8468691977895,241.0360366821289,0.08454476454719155,8.891931628266953,0.019789290074202246,1.301808763742204,62.0,-0.015911545688617284
2023-07-04,242.492919921875,246.8387908935547,241.22853088378906,246.3452911376953,439591635,-0.015911545688617284,0.023135768300258444,-0.015785625790205593,43.56364091506898,49.818355710199064,53.05836527147639,61.78331807085789,-6.815199808730057,-9.84582640256352,3.0306265938334622,242.39677203754607,249.21197184627613,270.6242883300781,295.010514831543,251.3618965735699,231.2020423302387,241.2819694519043,0.08355309055677182,8.657526512659715,0.019179970037317213,0.8797334156021405,64.0,-0.014169750719453573
2023-07-05,239.08108520507812,243.86111450195312,237.1201171875,242.49948120117188,455501209,-0.014169750719453573,0.02819544385399981,-0.014069832298180374,41.12028490079873,43.45639530697126,41.39115506935947,53.60261384023885,-6.574869427767453,-9.191635007604306,2.616765579836853,241.88666637101252,248.46153579877998,269.17830932617187,294.9932738494873,251.2958295398074,231.54814934202855,241.42198944091797,0.08179735509391778,8.520631569930673,0.019432178108267265,0.9158723965519566,61.0,-0.028689495715469696
2023-07-06,232.31942749023438,244.10267639160156,232.17181396484375,239.0685272216797,536134671,-0.028689495715469696,0.051355422814389165,-0.02828185972572339,36.724211425926235,33.55016851677706,21.89232638365643,38.78061557483077,-6.851040605943638,-8.723516127272173,1.8724755213285356,240.4147834662774,247.26582407222105,267.54302734375,294.89908905029296,251.69059888501135,230.47385576586754,241.08222732543945,0.08800625145421072,8.764219488275469,0.020288574172934042,1.0728724157083278,56.0,0.014111971536980782
2023-07-07,235.62115478515625,236.07911682128906,231.64573669433594,232.3334197998047,418416864,0.014111971536980782,0.01881571343199452,0.014212015459019955,40.09215807779317,41.187770433114956,35.42246753027496,32.90198299443029,-6.725953846162611,-8.324003671050262,1.5980498248876511,239.6773021307203,246.40325597688292,266.0663165283203,294.8739057922363,251.36608064023858,229.89943144472238,240.63275604248048,0.0892091731340456,8.454873819609587,0.019834999622357262,0.8401146655244209,55.0,0.002823554294392787
2023-07-08,236.28738403320312,237.4119110107422,234.63714599609375,235.61026000976562,319300746,0.002823554294392787,0.011743178866708039,0.002827544278247718,40.77714792411213,42.73717623966026,38.15260692608264,31.82246694667135,-6.498155859639098,-7.958834108768029,1.4606782491289305,239.15577626956383,245.65393212920293,264.6127783203125,294.79662002563475,251.0124231124796,229.4731008743368,240.2427619934082,0.08965648771026782,8.049151762112361,0.01986250227288597,0.6445311368871031,58.0,-0.008752243267594651
2023-07-09,234.22836303710938,237.01951599121094,233.47604370117188,236.2945556640625,289327973,-0.008752243267594651,0.015128280128387617,-0.008714053881964445,39.282226658530305,39.02971370379184,29.71494923586486,34.43000789740749,-6.409880982596661,-7.649043483533756,1.2391625009370948,238.39771269534006,244.80759367793672,263.0829461669922,294.7375269317627,250.81136976858795,228.80665391305268,239.80901184082032,0.09175933667639433,7.727317514107126,0.01991486079524623,0.5881719520146602,55.0,0.04852374798473139
2023-07-10,245.874267578125,246.29969787597656,232.007568359375,234.2329559326172,834091613,0.04852374798473139,0.05812779701340779,0.04972030026598673,50.36579654325145,61.22569044195047,77.4386762869554,48.43541081630098,-5.338654651355938,-7.186965717098193,1.848311065742255,239.54795190807621,244.88660655943215,261.87029724121095,294.7374451446533,250.48951637640712,228.94849021538974,239.71900329589843,0.08985948491713068,8.196232657142442,0.02244888367055208,1.63629025243701,56.0,0.010776781562794612
2023-07-11,248.538330078125,249.2053985595703,244.9390106201172,245.89627075195312,536228377,0.010776781562794612,0.01716591536650318,0.010835060237255334,52.50177597137485,64.65928730193276,88.35573224849759,65.16978592377262,-4.226017586693189,-6.594776091017193,2.3687585043240045,240.93108701116066,245.15710459785385,260.65615112304687,294.749395904541,250.32339042745969,229.039814528595,239.68160247802734,0.08879937249591713,7.915529463021777,0.022538109376921002,1.0710143008011324,57.0,-0.01834737302068819
2023-07-12,244.01988220214844,250.3406524658203,242.80335998535156,248.5380859375,505389150,-0.01834737302068819,0.030888026059387997,-0.01818008463546139,48.67566588828281,55.01862974167571,64.6021862054035,76.79886491361884,-3.666579630563035,-6.009136798926362,2.342557168363327,241.40628627131264,245.07286590187567,259.2664242553711,294.7463176727295,250.6439392149814,229.04201049204983,239.8429748535156,0.09006696458849786,7.888512535696561,0.021493915082477624,1.0303732326418298,64.0,0.049838743197135944
2023-07-13,256.48968505859375,257.265625,243.0497283935547,244.00222778320312,761150982,0.049838743197135944,0.05542482772045108,0.051101585427843155,57.81295846706738,69.60835358924538,96.97133753219875,83.30975199536663,-2.191747048117122,-5.245658848764514,3.053911800647392,243.7268091616636,245.91855620978072,258.27756256103515,294.81305862426757,253.3311488390826,227.547275233183,240.4392120361328,0.10723655841138276,8.340468540750043,0.02396878894444119,1.5105468960607538,57.0,-0.03288734101096677
2023-07-14,248.19161987304688,261.10260009765625,244.27566528320312,256.4642028808594,799468588,-0.03288734101096677,0.06779815862864473,-0.03235243235474061,51.271532313971306,55.60602447094481,56.169874409798574,72.58113271580028,-1.673228178687566,-4.531172714749125,2.8579445360615594,244.41370311726104,246.0869312959486,257.14672210693357,294.83302528381347,254.20804764119495,227.82357314737928,241.01581039428712,0.10947196555550563,8.946644703157407,0.023971072596422546,1.549586053129876,60.0,0.011648966519651284
2023-07-15,251.09970092773438,252.53726196289062,247.50807189941406,248.17552185058594,422767368,0.011648966519651284,0.02002865811825059,0.01171707995690996,53.26717873429092,58.979778206674155,66.04221219020091,73.06114137739942,-1.0159293999435874,-3.8281240517880177,2.8121946518444303,245.44231816502617,246.45824756496975,256.0309896850586,294.85554039001465,255.48185891409994,227.77043295601723,241.6261459350586,0.11468719931298603,8.666826514608776,0.02401109475258363,0.8188163053496288,56.0,-0.034201852805842425
2023-07-16,242.65682983398438,251.88241577148438,242.58013916015625,251.09823608398438,441487283,-0.034201852805842425,0.03833511143161457,-0.03362358084281358,47.220711498162395,46.905889744732036,37.38039922610121,53.19749527536691,-1.1628795676662094,-3.295075154963656,2.1321955872974465,245.01378149871204,246.17666106637824,254.73229095458984,294.8481149291992,255.58076093960983,228.3237877054097,241.95227432250977,0.11265433776360377,8.712215807231585,0.02521071924096379,0.853912895594233,57.0,0.006965665814397609
2023-07-17,244.35299682617188,244.68203735351562,240.59759521484375,242.65809631347656,671028354,0.006965665814397609,0.01671533474818592,0.006989982492344948,48.485831821695,49.33676237031885,43.13853772497585,48.85371638042599,-1.1294525080417372,-2.861950625579272,1.732498117537535,244.91212231832122,246.04157482636296,253.33394989013672,294.8374813079834,255.80232918058437,228.78825156892736,242.29529037475587,0.11149237597592004,8.381660545191606,0.025223441018312035,1.2585893387120033,54.0,-0.01687166383095181
2023-07-18,240.2649383544922,246.53085327148438,238.7042236328125,244.33457946777344,751858394,-0.01687166383095181,0.03257499696907209,-0.016730134374361105,45.64592870991705,43.70961696546899,29.260419013874753,36.59311865498395,-1.416504889176025,-2.5728614782986226,1.1563565891225975,244.1971709392706,245.61367582844662,251.90310485839845,294.80990989685057,255.23472234290483,230.3173162313139,242.77601928710936,0.10263536812556169,8.342015480440196,0.024575779503211166,1.3752457353527632,56.0,0.0037217579498931776
2023-07-19,241.1608123779297,243.92770385742188,239.99359130859375,240.27418518066406,499664149,0.0037217579498931776,0.016313233107968096,0.003728692290989599,46.38702242339677,45.30456024969309,32.3017272861483,34.900228008332974,-1.5537952384608502,-2.3690482303310683,0.815252991870218,243.73003885291047,245.28383409137132,250.49263092041016,294.78396797180176,254.87271667490978,231.4721578978441,243.17243728637695,0.09623030898648899,8.027165271039333,0.02448720951244391,0.9001750141631768,50.0,0.006498664383700428
2023-07-20,242.73313903808594,243.14259338378906,240.3877410888672,241.13888549804688,485038743,0.006498664383700428,0.011349304449482796,0.006519826520123839,47.733940936180794,48.30380719163018,37.63945329800542,33.0671998660095,-1.5182240664241249,-2.1988833975496798,0.6806593311255549,243.57666965062975,245.09489371705388,249.20995971679687,294.7769487762451,254.92281492239303,231.6583954047554,243.2906051635742,0.09562399461333912,7.650571487030944,0.023594792524814095,0.8851350672380721,56.0,0.0043403938722504365
2023-07-21,243.7889862060547,245.16334533691406,242.3674774169922,242.75428771972656,413015398,0.0043403938722504365,0.01146839306989348,0.004349827024661357,48.66658201631684,50.433205998953,40.492885358081615,36.811355314078455,-1.388826091270488,-2.0368719362938417,0.6480458450233537,243.60933373607975,244.99815982735024,247.98667388916016,294.76821418762205,254.5466129724778,231.63755298211206,243.09208297729492,0.09424025542002315,7.303806946523153,0.02256135928799361,0.7670510904534253,50.0,-0.011378536472602917
2023-07-22,241.03074645996094,244.85873413085938,240.5126190185547,243.80908203125,310128851,-0.011378536472602917,0.018031372246638446,-0.01131404576153594,46.340264806419945,44.80807690569153,31.01277971356827,36.38170612321844,-1.4916493543995557,-1.9278274199149845,0.4361780655154288,243.21262800129222,244.70427735569177,246.65881286621095,294.74270111083985,254.2227540818189,231.4386945876147,242.8307243347168,0.09382692225881085,7.092543244078977,0.022657445464839443,0.5873901400982249,52.0,0.0058955945413317265
2023-07-23,242.45596313476562,243.9764862060547,240.76121520996094,241.05465698242188,279600847,0.0058955945413317265,0.013261257650761875,0.005913007762440969,47.73059891631395,48.2852478104889,35.91126783904945,35.80564430356646,-1.441517539722497,-1.8305654438764871,0.38904790415399004,243.0962180218266,244.53773556154908,245.37352966308595,294.6593824768066,253.9095903609329,231.35923288125463,242.63441162109376,0.0929396507651754,6.815595226365746,0.022709206837293664,0.5498979056219819,54.0,-0.014581623140458294
2023-07-24,238.9462127685547,242.89187622070312,236.29238891601562,242.44943237304688,451906472,-0.014581623140458294,0.027619133311310603,-0.014475826128723002,44.66167794707305,40.88485034986838,10.696498442153015,25.873515331590255,-1.6657930128245653,-1.797610957666103,0.13181794484153775,242.45775567516938,244.12354868799395,244.0493179321289,294.57199928283694,253.84656363002995,231.0675888968255,242.45707626342772,0.09395054615133308,6.800158946245872,0.02266454200692413,0.887700641888693,55.0,-0.004772481588914461
2023-07-25,237.80856323242188,239.63720703125,236.99940490722656,238.96409606933594,366519529,-0.004772481588914461,0.011092124220293048,-0.004761111393863149,43.681282797161145,38.645029516613754,6.111089927070866,17.572952069424453,-1.9132766882191277,-1.820744103776708,-0.09253258444241963,241.74249529936208,243.6557719875812,243.26770416259765,294.46170631408694,253.87153802414494,230.91536230544492,242.39345016479493,0.09470625424528968,6.502847744658554,0.02246795742637203,0.7263188399983759,50.0,0.004840041787120171
2023-07-26,238.9623565673828,240.2377166748047,236.64112854003906,237.81907653808594,417581395,0.004840041787120171,0.015050856488149238,0.00485177370939871,44.99994470175972,42.38002640007829,10.761567613511263,9.189718660911725,-1.9933299377966875,-1.855261270580704,-0.13806866721598365,241.31478164828835,243.30811158608503,242.41703979492186,294.3501039123535,253.37277981070105,232.07841342660362,242.72559661865233,0.08773020514005837,6.295257772523345,0.021464038950715806,0.8373423019138501,51.0,0.006409041666389017
2023-07-27,240.49879455566406,243.16351318359375,238.63844299316406,238.96011352539062,433186880,0.006409041666389017,0.01881535497419031,0.006429623520422645,46.786729907754896,47.358566397562754,16.95433226606772,11.275663268883292,-1.9107688557760696,-1.866362787619777,-0.044406068156292555,241.1892451725,243.10001402827606,242.03918670654298,294.1806725311279,253.16858185011898,232.7703753642365,242.96947860717773,0.08395378136717085,6.168815802373798,0.021292539344720113,0.8673503017250894,51.0,0.006127749827936266
2023-07-28,241.97703552246094,242.7969970703125,239.9878692626953,240.505126953125,388148322,0.006127749827936266,0.011609067784270946,0.006146562894537633,48.5196000345198,52.012635539871674,34.99348126662559,20.903127048734866,-1.7063867473741254,-1.8343675795706469,0.12798083219652145,241.3104436878786,243.01683043525273,241.63575744628906,294.02705001831055,252.9989545985524,233.50896776472885,243.25396118164062,0.0801219710427249,5.928838088462611,0.02132003398537403,0.7718516531402058,52.0,0.002473762500917543
2023-07-29,242.5763702392578,242.7262725830078,241.32313537597656,241.97134399414062,317500344,0.002473762500917543,0.0057843111662001885,0.0024768247759661133,49.24131434922093,53.93887661591608,40.30770043887295,30.75183799052209,-1.4790021352078782,-1.7632944906980934,0.28429235549021525,241.50520161886004,242.98420375406792,241.27296295166016,293.85348365783693,252.50694561847476,234.83577746502132,243.67136154174804,0.07252049662974386,5.605573739788943,0.02119190326488057,0.6296011630104614,52.0,-0.0002077273839090638
2023-07-30,242.52598571777344,243.7857208251953,240.92518615722656,242.58221435546875,425584373,-0.0002077273839090638,0.011794755351690615,-0.00020770581006990252,49.178895671302314,53.727355514649574,60.88409926854131,45.39509365801329,-1.2880163509201736,-1.6682388627425095,0.3802225118223359,241.66224532638518,242.95026167730535,241.3417010498047,293.6408810424805,252.29298916084855,234.71490573661237,243.50394744873046,0.07218808404712714,5.409499520373215,0.018108223682483687,0.8795560844833434,52.0,-0.005811426444058292
2023-07-31,241.1206512451172,244.20257568359375,240.7644500732422,242.51959228515625,1092564922,-0.005811426444058292,0.01425894295074896,-0.005794572769169726,47.37504009109425,47.647152206537555,47.15807138130637,49.44995702957355,-1.2358118185884734,-1.5817534539117024,0.34594163532322897,241.57892316003625,242.81473497862473,241.4553381347656,293.4074225616455,251.66324832873892,234.60287868542122,243.13306350708007,0.07016885896648482,5.268687098228811,0.017934644426433322,2.1352524095134915,50.0,0.026133429411870062
2023-08-01,247.50502014160156,247.50502014160156,238.53024291992188,241.1280517578125,830645013,0.026133429411870062,0.036260990652008086,0.02647790167916475,55.38181858262816,67.27541453084174,100.0,69.3473902166159,-0.6715331212462274,-1.3997093873786075,0.7281762661323801,242.49063038796936,243.1621635092156,241.78440979003906,293.1762826538086,252.0427713203095,234.571869487796,243.30732040405275,0.07180590293584317,5.533407821332445,0.018486917332057793,1.5733632192678833,53.0,-0.028733045489642152
2023-08-02,240.49464416503906,248.5115509033203,236.8917694091797,247.4903106689453,650256385,-0.028733045489642152,0.04831617574887268,-0.02832417690983302,46.93701548484032,45.44718003744338,34.39069924262764,60.516256874644675,-0.7810138992794009,-1.2759702897587664,0.49495639047936546,242.18355558444162,242.96456948372102,241.71649200439452,292.85255027770995,248.877573958,236.13756276075,242.507568359375,0.05253448906126681,5.968148797961601,0.015623853757347742,1.2447538221322219,53.0,0.0023543651704672946
2023-08-03,241.0615234375,241.583251953125,238.5096435546875,240.50997924804688,400525696,0.0023543651704672946,0.012750306870247563,0.0023571388644809677,47.63239039384982,47.06742726844973,39.029963973301534,57.80688773864306,-0.8126678557839568,-1.1833098029638045,0.37064194717984766,242.0109352541429,242.82360310992686,241.78623718261719,292.5475046539307,247.9841681514302,236.3179589237651,242.15106353759765,0.048177402391849235,5.7613959122813085,0.014005228024211273,0.7971446880776804,52.0,0.0017179589838308181
2023-08-04,241.47601318359375,243.1554718017578,240.45228576660156,241.04286193847656,370373499,0.0017179589838308181,0.011194428794470045,0.0017194355207881262,48.167249623075634,48.375376782622425,42.4220930450365,38.614252086988564,-0.7951420829207052,-1.1056762589551847,0.3105341760344795,241.9286395509815,242.7237816339022,241.89014373779298,292.2598885345459,245.8140886221726,237.52566967860864,241.6698791503906,0.03429645006941924,5.542952349629518,0.01368855789307699,0.7409978369568773,54.0,0.006124003939973375
2023-08-05,242.9593505859375,243.02772521972656,240.09039306640625,241.4896697998047,300760369,0.006124003939973375,0.012089809041045096,0.006142793989297735,50.13026909853077,53.2032576579006,54.56152948007917,45.337862166139075,-0.6540207064685433,-1.0153451484578566,0.36132444198931335,242.08721047943627,242.7412311859048,241.96703735351562,291.9755626678467,245.84568901930768,237.52432135666888,241.68500518798828,0.0344306327823948,5.356836621321718,0.011480365046341073,0.6103161297764897,50.0,-0.0006618578190976523
2023-08-06,242.79859924316406,245.17901611328125,242.61473083496094,242.96029663085938,417704185,-0.0006618578190976523,0.01056136767804071,-0.0006616388395250805,49.90966966411747,52.58153830046217,53.24596182543597,50.07652811685055,-0.5488257670025689,-0.9220412721667992,0.3732155051642303,242.19665490462515,242.74548067162772,241.93079772949218,291.7546003723144,245.62119996829486,237.59337064938094,241.6072853088379,0.03322676842567984,5.1573686682501885,0.01136507990261336,0.8699847148716138,49.0,-0.004131688460754826
2023-08-07,241.79750061035156,244.32424926757812,239.93536376953125,242.79168701171875,425652309,-0.004131688460754826,0.018151078844770255,-0.004123164779092914,48.47891812931526,48.46656122687683,43.438825616371446,50.4154389739622,-0.5400133746880158,-0.8456356926710425,0.30562231798302675,242.13524655165998,242.675259926348,241.88500244140624,291.4893268585205,245.65063508135694,237.71719176190476,241.68391342163085,0.032825698686912,5.102477013235665,0.010727653354662598,0.91771430908023,49.0,0.013769268215886813
2023-08-08,245.14990234375,247.64736938476562,241.3302001953125,241.7918701171875,504987528,0.013769268215886813,0.025768597617449464,0.01386450118357807,53.306199566395094,60.533321572518425,71.68046378898116,56.12175041026287,-0.25952702163840513,-0.7284139584645151,0.46888693682610993,242.59903975044307,242.85856677208147,241.9299331665039,291.19021049499514,246.1170000767644,237.64973576307935,241.88336791992188,0.03500556646990397,5.189240740108341,0.011123406897734604,1.0881380748499885,54.0,-0.005137615537109753
2023-08-09,243.89364624023438,245.34027099609375,242.76649475097656,245.1363067626953,399576464,-0.005137615537109753,0.010552863040072915,-0.005124440562713772,51.36404549718495,54.912008060676804,60.25824869930165,58.459179368218095,-0.13702934563625035,-0.6101370358988621,0.4731076902626118,242.79820997964174,242.935239325278,241.85431732177733,290.9133728790283,246.25114908101838,237.63163747904022,241.9413932800293,0.03562644442574451,5.002421847608972,0.011115082435205259,0.8690016484287032,50.0,-0.010846840998984477
2023-08-10,241.26246643066406,243.9261016845703,240.39459228515625,243.8855438232422,365863690,-0.010846840998984477,0.014637624540860672,-0.010788226139268109,47.46352160268422,44.756177954503144,37.61427892330279,56.51766380386187,-0.2493884806357869,-0.5379873248462471,0.2885988442104602,242.56194174133748,242.81133022197326,241.6938397216797,290.6044529724121,246.04822573994832,237.5819088425712,241.81506729125977,0.03501153584933424,4.897356672737907,0.011336671153209677,0.7997835999688053,53.0,-0.006468511560072901
2023-08-11,239.70689392089844,241.91390991210938,238.35980224609375,241.26072692871094,386856576,-0.006468511560072901,0.01482688965628354,-0.006447635775176264,45.27453965981715,39.69273783279208,24.227000422841865,40.69984268181545,-0.45866836233312824,-0.5221235323436234,0.06345517001049517,242.12270361511608,242.5813719774492,241.67212890625,290.27546699523924,246.06951718074677,237.4282321478665,241.74887466430664,0.035744882142179905,4.801410315114887,0.011140637695885967,0.8386411891230534,51.0,0.0023614581458225566
2023-08-12,240.27362060546875,241.0026092529297,239.40377807617188,239.7035675048828,284512149,0.0023614581458225566,0.006654210198892813,0.0023642485841786076,46.24717842103062,42.4596500287947,29.104258096371176,30.315179147505287,-0.5721981254370121,-0.5321384509623012,-0.04005967447471093,241.83822930593956,242.41042743137658,241.58630249023437,289.9737734222412,245.99356112233332,237.2859539533503,241.6397575378418,0.03603549042470539,4.572654662375096,0.011065379482928649,0.6164472054851795,54.0,-0.001000527541310689
2023-08-13,240.03334045410156,241.6295928955078,239.902587890625,240.26968383789062,296580783,-0.001000527541310689,0.007194854688167976,-0.0010000271805190586,45.874901415797375,41.517440777540386,27.036403795596666,26.789220771603244,-0.6737928165769063,-0.5604693240852222,-0.11332349249168405,241.56055409796448,242.2343469145414,241.6537762451172,289.6374018859863,245.93779930994418,237.45042853429408,241.69411392211913,0.03511616662036289,4.369393972554219,0.010557722354191335,0.6535941625995605,54.0,0.0012736290596548107
2023-08-14,240.33924865722656,241.02493286132812,239.7473602294922,240.04127502441406,381157536,0.0012736290596548107,0.0053157053580458686,0.0012744404695874678,46.465742469126326,43.383535628056286,29.669054016078498,28.60323863601546,-0.7213083126158324,-0.5926371217913443,-0.12867119082448808,241.3726609532356,242.09396926585143,241.68270141601562,289.31476539611816,245.73120481977548,237.91009156694327,241.82064819335938,0.032342619669840894,4.1485495910743415,0.010493400826628382,0.8386287430292422,50.0,-0.015344215144210076
2023-08-15,236.67958068847656,240.41030883789062,235.36053466796875,240.3504638671875,482870297,-0.015344215144210076,0.021335909735992437,-0.015227092491952643,40.73657264783787,30.015868752102477,10.029993096366601,22.2451503026806,-1.042254840493996,-0.6825606655318747,-0.3596941749621213,240.65064860481112,241.69290344530512,241.69360778808593,288.9575477600098,246.05305875325803,237.35996004557012,241.70650939941407,0.03596551342075267,4.212922775277737,0.0110146611847451,1.0548423556359656,53.0,-0.02053579367052075
2023-08-16,231.86874389648438,237.01422119140625,231.20516967773438,236.689697265625,461572144,-0.02053579367052075,0.025053189214089465,-0.020326370268182625,34.682675607169955,20.383469010370703,4.035799531532468,14.578282214659199,-1.665601581178663,-0.8791688486612323,-0.7864327325174307,239.2995863419916,240.96518792317028,241.58112915039064,288.58566986083986,247.37519739880466,235.1748163341055,241.27500686645507,0.050566286260441566,4.326931970877318,0.011750947281358939,1.005199465853549,52.0,-0.05922141070323763
2023-08-17,218.5358428955078,232.1050567626953,214.5474395751953,231.87257385253906,786294218,-0.05922141070323763,0.08034204803600624,-0.057501933106296144,24.026017262110585,10.00361354786402,12.049582410773926,8.705125012891008,-3.198590684856441,-1.3430532159002744,-1.8555374689561668,236.1051642733018,239.30375495815824,241.33883880615235,288.09166801452636,251.7233076506018,228.48258681961303,240.10294723510742,0.0967948169675385,5.271980914921796,0.01723048321785774,1.6412178511278768,50.0,-0.011150710424817887
2023-08-18,216.112548828125,220.1370086669922,214.02224731445312,218.56573486328125,567051050,-0.011150710424817887,0.02829433730570709,-0.01108877168740463,22.663027711287086,9.028698824551043,6.216487509847272,7.43395648405123,-4.556510555678898,-1.9857446838559993,-2.5707658718228985,233.02937728173615,237.58588783741504,240.99644073486328,287.63688636779784,254.3333318506382,223.22618047846336,238.77975616455078,0.1302754968504863,5.332179517608743,0.01718477824909459,1.153552238187227,37.0,0.004095490755918281
2023-08-19,216.99945068359375,218.99758911132812,214.32884216308594,216.1444854736328,477267428,0.004095490755918281,0.02151501735849863,0.004103888738890893,24.354435543319894,12.663026613439982,8.854104270357986,9.040058063659737,-5.49773183858585,-2.6881421148019697,-2.80958972378388,230.5632347281758,236.06096656676164,240.52903411865233,287.16007835388183,255.59948342773737,219.40737539794623,237.5034294128418,0.15238562289085936,5.284791476939704,0.017284810903773474,0.9658280671470809,39.0,-0.0016772047148252052
2023-08-20,216.63580322265625,217.88243103027344,215.6808624267578,217.01585388183594,297744717,-0.0016772047148252052,0.010162533481378761,-0.0016757989930017425,24.121489693971967,12.425568108977146,7.772628758753635,7.614406846319642,-6.201512620213521,-3.39081621588428,-2.810696404329241,228.42055295809587,234.6220655783094,239.90656158447266,286.6558943939209,256.427308484677,216.13106553876054,236.27918701171876,0.1705450380778476,5.064561271695127,0.01730636203463362,0.6552298853961932,37.0,-0.028072103501473582
2023-08-21,210.63894653320312,216.74118041992188,207.5687713623047,216.63079833984375,582113967,-0.028072103501473582,0.043545646275682144,-0.027681743277170212,20.619031471363485,9.131223194414503,7.660385648165246,8.095706225758965,-7.160617041214806,-4.144776380950385,-3.0158406602644208,225.68492120042004,232.84553824163484,239.19418212890625,286.0923401641846,256.7660478072564,212.10571885534122,234.43588333129884,0.1905012505649673,5.35797897068956,0.01633278295313823,1.3170414940890571,38.0,0.0009272429265168274
2023-08-22,210.8343505859375,211.87425231933594,204.39913940429688,210.5799560546875,637832641,0.0009272429265168274,0.03545490995307312,0.0009276729491407565,21.021445026735748,10.037934265543015,15.718205460959974,10.383739955959628,-7.814861867807167,-4.878793478321742,-2.936068389485425,223.4002180289612,231.21507989676837,238.48322479248046,285.4851685333252,257.323007519189,208.5827297854985,232.95286865234374,0.20922806409578906,5.509202823857382,0.015691262109933782,1.4451368821618131,37.0,0.02605251837637004
2023-08-23,216.3992919921875,218.31671142578125,210.81869506835938,210.81869506835938,566160608,0.02605251837637004,0.034648987473085494,0.02639485164909927,31.648564446859908,32.43727409794661,30.35941012314901,17.912667077424754,-7.794461641216543,-5.461927110900703,-2.33253453031584,222.32315248484215,230.1176141260587,237.9613522338867,284.9140795135498,256.8091081150187,206.63040604513756,231.71975708007812,0.21654908801125797,5.651260933397702,0.017221675557517715,1.2591234939904459,37.0,0.010330505013940923
2023-08-24,218.64639282226562,220.38551330566406,215.8997344970703,216.44483947753906,394620698,0.010330505013940923,0.02051613452521109,0.010384048900489162,35.426933998055915,39.53016583272368,37.97771711012264,28.01844423141055,-7.510396877343368,-5.871621064189236,-1.6387758131541315,221.75749715213806,229.26789402948143,237.55265838623046,284.3679647064209,255.8648195914874,205.29173253253606,230.57827606201172,0.219331534274071,5.568012210197419,0.01751412628681668,0.8752641649379138,41.0,-0.0014432698588947585
2023-08-25,218.3310546875,219.25498962402344,214.26516723632812,218.68109130859375,423891092,-0.0014432698588947585,0.022854386861444462,-0.0014422288458331156,35.133428699998575,38.862215081849584,37.420750962628105,35.25262606529993,-7.227405624348876,-6.142777976221164,-1.0846276481277117,221.23035215757835,228.45775778192723,237.27289093017578,283.83648414611815,254.50008052597047,204.19364200820922,229.34686126708985,0.21934653144948,5.526712937161554,0.01734284365687282,0.9275201569529248,39.0,-0.009049214784822528
2023-08-26,216.36424255371094,218.78643798828125,216.2140350341797,218.33180236816406,273738258,-0.009049214784822528,0.011889224040626681,-0.009008393865930775,33.28137043308567,34.60707489092472,32.137946297749735,35.8454714568335,-7.080221928266866,-6.330266766630305,-0.749955161636561,220.48171991082953,227.5619418390964,236.88775268554687,283.2521659851074,252.98944822496986,203.06083864026454,228.0251434326172,0.21896098313149195,5.315690795514413,0.017325062004906914,0.6085544379907184,38.0,0.009172629929415118
2023-08-27,218.35800170898438,219.5391845703125,216.0803985595703,216.3699493408203,325410553,0.009172629929415118,0.0158399783093448,0.009214827421303307,36.9119480609193,42.10412707458336,38.112108946018594,35.89026873546549,-6.725174462502537,-6.409248305804752,-0.3159261566977847,220.1549940336226,226.88016849612512,236.5291650390625,282.7035127258301,251.31696978768937,202.38936718740828,226.85316848754883,0.21567960864944477,5.183054739459253,0.01764350377260987,0.7315800526525796,38.0,0.0016498952048229077
2023-08-28,218.71856689453125,218.9700164794922,215.85018920898438,218.35824584960938,332786869,0.0016498952048229077,0.014264117193179266,0.0016512570307700702,37.573544360728164,43.47149428356492,39.7638502594037,36.67130183439068,-6.341600171532434,-6.3957186789502884,0.05411850741785429,219.93400524299315,226.2756054145256,236.21896911621093,282.2673034667969,248.7215062808891,202.34169714928672,225.5316017150879,0.2056466090734086,5.035681348819865,0.017162967990667313,0.7629312640018184,39.0,0.03655998131871052
2023-08-29,226.86288452148438,233.0600128173828,217.04786682128906,218.7215118408203,593296661,0.03655998131871052,0.07058072116938709,0.037236516966026034,50.2615600013109,65.157038229813,68.87532971346391,48.91709630629541,-5.319120900143275,-6.180399123188886,0.8612782230456109,220.99998667045335,226.31910757059663,235.83874145507812,281.8718472290039,246.3085802744775,203.0515469838233,224.6800636291504,0.19252724336972257,5.819714537910857,0.019595632790266916,1.3306163130137227,39.0,-0.013595515201604168
2023-08-30,223.7994384765625,227.04901123046875,221.9781494140625,226.87014770507812,359750612,-0.013595515201604168,0.022658063178908727,-0.013503513593171146,46.438237179851086,55.768571757715605,67.68914119486627,58.776107055911304,-4.701793851782071,-5.884678068907523,1.1828842171254523,221.4306715637009,226.13246541548298,235.34396362304688,281.43776428222657,244.0529746244511,203.56084983843954,223.80691223144532,0.18092437084399554,5.766225057803385,0.01965852875129514,0.8073842887277511,49.0,-0.032708138933808126
2023-08-31,216.59779357910156,225.58888244628906,215.44842529296875,223.81857299804688,428616639,-0.032708138933808126,0.04681699192663759,-0.03217901236251375,38.93930607205993,39.97214036270626,42.56204617000627,59.70883902611215,-4.739041553840309,-5.655550765894081,0.9165092120537723,220.68715187376256,225.42619342760287,234.79552185058594,280.95610496521,241.7405937071134,203.56232072159756,222.65145721435547,0.1714710223017318,6.078670207483165,0.020697190677969695,0.9574528428215692,52.0,-0.013794007039538517
2023-09-01,213.63055419921875,217.9657440185547,211.5917205810547,216.59848022460938,438229562,-0.013794007039538517,0.029836665740032565,-0.013699305661667216,36.33577015967473,35.181908562310824,32.2091188983341,47.48676875440221,-4.950920911354217,-5.5146247949861085,0.5637038836318915,219.60152146229427,224.5524423736485,233.93833923339844,280.55188102722167,238.9676412630121,203.67096652507385,221.31930389404297,0.1594830370279702,6.099766866770081,0.020707197959854522,0.9624030298849467,40.0,0.0038216963017681477
2023-09-02,214.44854736328125,215.59950256347656,213.29054260253906,213.62692260742188,291979876,0.0038216963017681477,0.010766964800307383,0.0038290082948513326,37.574898795385785,37.58746114751089,35.06316019802813,36.61144175545617,-4.9952494899215765,-5.410749733973202,0.4155002440516258,218.8087562162923,223.80400570621387,233.26347778320311,280.14352195739747,235.67068872161133,204.4094397573926,220.04006423950196,0.14207071367781698,5.828994944924896,0.020794850345759692,0.6415458417438366,39.0,-0.00022664994227078437
2023-09-03,214.3999481201172,215.11489868164062,213.41195678710938,214.45481872558594,264565518,-0.00022664994227078437,0.007942827922594365,-0.00022662425911301742,37.5281637430113,37.49101775751347,34.89359368669539,34.05529092768588,-4.976930800334543,-5.323985947245471,0.347055146910928,218.13047804764994,223.1074088479845,232.52948272705078,279.62967559814456,231.45288886237117,206.0333095629218,218.74309921264648,0.11620745701668175,5.534276869896779,0.020771308109062477,0.5888528836295276,40.0,0.003713069280050729
2023-09-04,215.197509765625,216.26751708984375,213.28237915039062,214.3931121826172,364530693,0.003713069280050729,0.013871619344964939,0.003719971261658017,38.87187339999662,40.4180386029646,37.676347840808724,35.87770057517742,-4.842238239331692,-5.227636405662715,0.3853981663310231,217.67925215810766,222.52149039743935,231.98029632568358,279.1818446350098,227.42064817198812,207.91734316101972,217.66899566650392,0.08960074883999512,5.352195517722232,0.020743204933784145,0.8221766948152911,40.0,-0.003348461997684624
2023-09-05,214.47813415527344,215.7220001220703,213.6724395751953,215.2110137939453,298056096,-0.003348461997684624,0.009556034954086282,-0.003342862150844783,38.076350627235236,38.51998807385421,16.453337559438175,29.674426362314097,-4.738913765989054,-5.129891877727983,0.3909781117389297,217.18677246536393,221.92568623135298,231.3827990722656,278.6873453521728,224.1329597757333,209.46597058315342,216.79946517944336,0.06765233106290237,5.116293019804573,0.020408451276999095,0.6848764418025326,40.0,0.003056357631874095
2023-09-06,215.13465881347656,217.1808319091797,212.31671142578125,214.48904418945312,367874698,0.003056357631874095,0.022609655321115266,0.0030610330549025733,39.297320706223886,41.44763756610705,16.503120944229558,23.54426878149216,-4.551584490596298,-5.0142304003016465,0.4626459097053486,216.87106267276585,221.42264716336214,230.8801934814453,278.1796051025391,223.95168546979428,209.3071264808893,216.6294059753418,0.06760189791856751,5.098280695775563,0.015740281654939202,0.8879944199545903,42.0,0.008113142299239448
2023-09-07,216.88717651367188,217.6039581298828,213.5731201171875,215.13946533203125,414939879,0.008113142299239448,0.018584953142405915,0.008146143024377883,42.553498553279155,49.009557556710924,24.66640510723226,19.207621203633337,-4.213144649283265,-4.854013250097971,0.6408686008147058,216.87354172521293,221.0866863744962,230.39472076416016,277.7043617248535,223.9872655442001,209.3490091750382,216.66813735961915,0.06756072465267836,5.02203478984126,0.01566175338991983,1.0203347150435536,41.0,-0.010778427808106181
2023-09-08,214.56202697753906,218.2228240966797,213.61947631835938,216.8837432861328,350437594,-0.010778427808106181,0.021454624768259687,-0.010720548690375198,39.524236106685635,40.844543019379714,13.835783320752894,18.335103124071576,-4.085454199293281,-4.700301439937033,0.6148472406437522,216.51792407172462,220.6033782710179,229.83129852294923,277.20028465270997,223.9202348156704,209.1722975329624,216.5462661743164,0.06810524856076776,4.99212857473262,0.015818346256666966,0.8753742926332362,46.0,-0.0015815893861311837
2023-09-09,214.2229461669922,215.33013916015625,214.2229461669922,214.56703186035156,218159197,-0.0015815893861311837,0.005168414555838372,-0.0015803393327485926,39.08724390631797,39.71871895651965,12.25633393179269,16.919507453259286,-3.9659031228000856,-4.553421776509644,0.5875186537095587,216.16485054791963,220.1307536707197,229.23997772216796,276.71403930664064,223.86841544053289,208.98283120253353,216.4256233215332,0.0687792138913448,4.714633176049152,0.01581800680518139,0.550421155852272,41.0,-0.00893201490450822
2023-09-10,212.31802368164062,214.22784423828125,211.5386199951172,214.22056579589844,334977578,-0.00893201490450822,0.012666019570700265,-0.00889224296199631,36.63657920249741,33.64117004360543,3.6215299491075745,9.904549067217724,-3.9790019007573676,-4.438537801359189,0.45953590060182137,215.57303103003056,219.55203293078793,228.66572326660156,276.2117237854004,223.72375147929944,209.29540287861073,216.50957717895508,0.0666406945534932,4.5699611094145025,0.014597829223063066,0.8723538763560056,40.0,-0.030043038375937962
2023-09-11,206.03421020507812,212.61009216308594,204.3567352294922,212.32261657714844,466832593,-0.030043038375937962,0.04005818706213251,-0.02959623195242589,29.962924812424788,21.17289741135383,5.8441931255043595,7.240685668801547,-4.445192594999469,-4.439868760087245,-0.005323834912223546,214.10552013388403,218.5507127288835,227.9372882080078,275.69922515869143,224.47438098223154,208.0647593375927,216.26957015991212,0.07587577684879744,4.833060811141592,0.01610359852874434,1.2434188061033602,40.0,0.02378922435994704
2023-09-12,210.99436950683594,213.48744201660156,205.26248168945312,206.04315185546875,435525863,0.02378922435994704,0.03898189485517034,0.024074445194420147,39.35386260733861,41.23144004203827,29.2506325811395,12.905451885250484,-4.364102025447778,-4.424715413159352,0.060613387711573985,213.62688157587664,217.99098360132442,227.37825134277344,275.24392845153807,224.51924020862498,207.47940786266406,215.99932403564452,0.0788883595911114,5.075339347999224,0.015909144500644803,1.180571551875337,30.0,0.0077813426961816775
2023-09-13,212.64259338378906,213.15785217285156,209.4974365234375,211.02386474609375,329580406,0.0077813426961816775,0.017213934382410125,0.007811696022057779,42.13060240007585,46.508322229573054,39.02505982881413,24.706628511819332,-4.119353924925861,-4.363643115512654,0.24428919058679366,213.47545262324778,217.59480654817364,226.87493194580077,274.7952183532715,224.2478561330853,207.1504119943561,215.6991340637207,0.07926524236151251,4.974273369528855,0.015821327940062246,0.901332649597598,41.0,-0.0016932691245661934
2023-09-14,212.2828369140625,214.88356018066406,211.3829345703125,212.6405792236328,370840987,-0.0016932691245661934,0.016490384532446705,-0.001691836353205356,41.68200399571238,45.46868003554387,57.161768978176084,41.81248712937657,-3.90935403264416,-4.272785298938955,0.3634312662947954,213.2919732833731,217.20132731601726,226.34134155273438,274.3116471862793,223.9794765587755,206.81396979132217,215.39672317504883,0.07969251581187359,4.869012815301906,0.01582146921238116,1.0215822037830107,45.0,0.008876352518853036
2023-09-15,214.17552185058594,214.9447479248047,211.19467163085938,212.30435180664062,477731080,0.008876352518853036,0.01750935990043464,0.008915864155752073,45.00000924149287,52.047939318905534,70.81150795397522,55.66611225365515,-3.5492897456620938,-4.128086188283583,0.5787964426214893,213.42790383217508,216.97719357783717,225.81487609863282,273.85824577331545,223.87371820571184,206.70085607407333,215.28728713989258,0.07976719090003523,4.789088778062149,0.01587326815411746,1.2800729112962574,45.0,0.0036586055795483213
2023-09-16,214.96054077148438,215.70355224609375,213.56289672851562,214.1683807373047,483436741,0.0036586055795483213,0.009958364962682927,0.0036653064463925134,46.36309955519076,54.69305321105649,76.47293799684834,68.14873830966656,-3.1641177579473663,-3.93529250221634,0.7711747442689738,213.66369413053033,216.8278118884777,225.27454620361328,273.42567436218263,223.58776627487728,206.64706191115786,215.11741409301757,0.07875096693192024,4.599914973741862,0.01574362675882653,1.26850506856692,43.0,0.006977969673985816
2023-09-17,216.4657745361328,216.63502502441406,213.70974731445312,214.948974609375,432102186,0.006977969673985816,0.013513811669440821,0.007002372431918147,48.974410314197385,59.6697239943177,87.32844151385233,78.20429582155863,-2.706210883122594,-3.6894761783975913,0.9832652952749972,214.09478342369994,216.80099430682253,224.7523342895508,272.9934658813477,223.339405254417,206.67014369577834,215.00477447509766,0.07752972741807333,4.480298026328939,0.015831812685993665,1.119223401970981,46.0,-0.0021358870096525495
2023-09-18,216.00392150878906,221.00985717773438,215.3173065185547,216.47091674804688,572231452,-0.0021358870096525495,0.026353922740926076,-0.002133607626117584,48.19902483579944,57.41223719691912,69.9399566969861,77.9137787358956,-2.353454902086469,-3.422271923135367,1.0688170210488983,214.3884969752521,216.74195187733858,224.2218930053711,272.5737546539307,220.8150620067757,208.1085906421501,214.4618263244629,0.0592481728911595,4.566887500103993,0.013209401686252483,1.4862383973142692,46.0,0.005572451201981252
2023-09-19,217.21095275878906,219.7490234375,215.6417694091797,216.00177001953125,385547582,0.005572451201981252,0.018909055810281277,0.005588006187891681,50.408821334233544,61.8168201375415,77.1880345874348,78.15214426609107,-1.9539717414218671,-3.128611886792667,1.1746401453708,214.82272094195008,216.77669268337195,223.74369903564454,272.2083952331543,219.03167354403865,209.23313053310977,214.1324020385742,0.045759272850092785,4.53405653783373,0.013052804930511749,0.998026897121699,46.0,-0.013196648605899782
2023-09-20,214.3633270263672,217.75669860839844,213.76046752929688,217.21060180664062,372917826,-0.013196648605899782,0.018642326252988305,-0.013109954614416441,45.479582177671176,48.11909122928718,60.08838359543294,69.07212495995128,-1.8458799019898322,-2.8720654898321003,1.026185587842268,214.75204495493733,216.59792485692716,223.08086517333984,271.83269248962404,218.79016160291647,209.2511958189585,214.0206787109375,0.04457029966175168,4.495640433638576,0.011193832184618082,0.9723432685334847,47.0,-0.0167912714204869
2023-09-21,210.7939453125,215.109375,209.58688354492188,214.35374450683594,384479845,-0.0167912714204869,0.026198529786475053,-0.016651083762233898,40.17637207514089,36.34262330431655,38.65467449895957,58.64369756060912,-2.0248938978203626,-2.702631171429753,0.6777372736093903,214.1431065484085,216.16800044622886,222.48685119628905,271.4431636810303,218.85071168136955,208.90698485183356,213.87884826660155,0.046492333908311784,4.568986935169972,0.011399101046213285,1.009564345960369,47.0,0.0016917777515454298
2023-09-22,211.15086364746094,212.02658081054688,209.94168090820312,210.7893829345703,274805031,0.0016917777515454298,0.00987398235711086,0.001693209614876734,40.91825643879358,38.10965046813833,40.79792629324918,46.51366146254724,-2.11359919663289,-2.5848247764703807,0.47122557983749047,213.68276148672427,215.79636068335716,221.88863800048827,271.05864318847654,218.81633090812858,208.6115972534925,213.71396408081054,0.047749494042314475,4.391552147110956,0.01136484292182302,0.7232117820432578,43.0,-0.002799336335696347
2023-09-23,210.56060791015625,211.58322143554688,210.1420135498047,211.1380615234375,215040995,-0.002799336335696347,0.006844622553317922,-0.0027954218472446835,40.03405922801106,36.172382272748486,37.253511383304975,38.902037391837915,-2.2060969773492616,-2.509079216646157,0.3029822392968953,213.20243016725226,215.40852714460152,221.27032989501953,270.66472778320315,218.7927994869662,208.25119465365879,213.5219970703125,0.04937011164164075,4.180813271298901,0.011372868297254769,0.5696413740118575,47.0,-0.010876293328023806
2023-09-24,208.28289794921875,211.23727416992188,207.9329376220703,210.5747833251953,287192497,-0.010876293328023806,0.015864656101804334,-0.01081736030088487,36.735245071632455,29.43585046589314,23.576136245978713,33.87585797417763,-2.4351237029727884,-2.494288113911483,0.05916441093869462,212.44557905678556,214.88070275975835,220.57680084228517,270.27180725097656,218.85353720682122,207.49899575216318,213.1762664794922,0.05326362846189706,4.118207791052662,0.01152800357106084,0.7686434831742328,44.0,0.008561687828272442
2023-09-25,210.0738067626953,210.5183868408203,207.47808837890625,208.2601318359375,294180845,0.008561687828272442,0.014472525198481601,0.008598443900627917,40.86151960152581,39.73185893681964,30.553186953741207,30.4609448610083,-2.4439453780645977,-2.484219566742106,0.04027418867750843,212.08069101154092,214.52463638960552,219.92230499267578,269.9356957244873,218.75462763227327,207.15747258745327,212.95605010986327,0.054457974022513414,4.041214267542762,0.01174038812528484,0.7877556537893067,47.0,0.010910887838485405
2023-09-26,212.37844848632812,213.1878204345703,209.86691284179688,210.0501708984375,615780140,0.010910887838485405,0.01563674476597008,0.010970628652605896,45.76382095563527,50.56176057284031,36.21374397001414,30.11435572324469,-2.2391596540654177,-2.4352075842067684,0.1960479301413507,212.12649985381586,214.36565950788128,219.3339239501953,269.61049003601073,218.5335691448209,207.10291004219084,212.81823959350587,0.05371089961303698,3.9897637907735244,0.012012748230690406,1.5959592125795257,46.0,-0.0018523537798456361
2023-09-27,211.98541259765625,215.72874450683594,210.88600158691406,212.37139892578125,753741988,-0.0018523537798456361,0.022844698890264192,-0.0018506392313962783,45.077537547926276,48.8164276205534,33.30920211362422,33.35871101245986,-2.0845507998396897,-2.3650762273333528,0.28052542749366305,212.104794122099,214.1893449219387,218.67063415527343,269.28060997009277,217.981680737017,207.16462205839318,212.5731513977051,0.05088628835532521,4.050690871426978,0.011835737626129626,1.8713624685712753,44.0,0.01447393801820128
2023-09-28,215.07598876953125,216.77532958984375,211.6513214111328,211.99095153808594,358321830,0.01447393801820128,0.023824175855360896,0.014579192662378393,51.266283822926454,61.12656828119859,56.14861222934131,41.8905194376599,-1.693121253047849,-2.230685232476252,0.5375639794284028,212.56190099093473,214.25502224398258,218.0942810058594,268.90761100769043,218.04965326422703,207.14804571038232,212.59884948730468,0.051277829490303524,4.127356393375832,0.012097785302463818,0.8887582042226305,46.0,0.0009454055289486653
2023-09-29,215.2794189453125,217.25770568847656,214.50637817382812,215.09397888183594,335321479,0.0009454055289486653,0.012780262637866736,0.0009458525656216299,51.65246192803014,61.83152099536976,57.651964664677536,49.0365930025477,-1.350922804894509,-2.0547327469599033,0.7038099420653943,212.97998067622362,214.33090348111813,217.57462005615236,268.4394470977783,218.18427224291477,207.11907400952666,212.65167312622071,0.05203438125229468,4.029068616323875,0.012092277362238866,0.8197978930256344,48.0,-0.0021302675047335474
2023-09-30,214.82130432128906,216.31216430664062,214.4836883544922,215.2777862548828,243788424,-0.0021302675047335474,0.008511613677821028,-0.002128000095261373,50.678536627399005,59.01956400807508,54.26648985473908,56.02235558291932,-1.103968232276003,-1.8645798440231234,0.7606116117471204,213.26326123700292,214.36722946927893,217.07690826416015,267.96669967651366,218.3863098928355,207.16736442357077,212.77683715820314,0.05272634756255565,3.8718834260256294,0.011914913444016151,0.6027355065362643,47.0,0.014904712414416453
2023-10-01,218.04713439941406,219.1338348388672,213.5065155029297,214.80032348632812,387408083,0.014904712414416453,0.025807811469007878,0.01501634155102427,56.84849934889771,70.16578182715652,78.10542862233288,63.34129438058317,-0.6405732961315778,-1.6197785344448143,0.9792052383132366,213.99924172352772,214.6398150196593,216.63237854003907,267.5213106536865,218.52390774217568,208.23105899366416,213.37748336791992,0.04823774554864296,3.997271705305049,0.009902697297044476,0.9673140539330104,48.0,-0.015199744137084142
2023-10-02,214.7579345703125,221.18829345703125,213.54632568359375,218.04934692382812,466879383,-0.015199744137084142,0.035584099785311976,-0.015084811080692706,49.98257980689779,53.013169173037866,53.098010933632494,61.82330980356816,-0.5326009160478122,-1.402343010765414,0.8697420947176018,214.11596369995615,214.64856461600397,216.12687042236328,266.9457959747314,218.62425059327975,208.50707264890772,213.56566162109374,0.04737268092434184,4.257607138743081,0.009384336334280515,1.161199584327406,50.0,-0.006174750432154195
2023-10-03,213.43594360351562,215.72119140625,212.77056884765625,214.7349090576172,305437646,-0.006174750432154195,0.01382439390843609,-0.006155725838218329,47.49949469242609,47.56132003650575,43.45562441013587,58.21968798870042,-0.5473956137204254,-1.2313535313564163,0.6839579176359909,214.0113452235807,214.55874083730112,215.58880432128908,266.31756996154786,218.64675578556646,208.5639024785937,213.60532913208007,0.047203191736560866,4.164251097303843,0.009363320593934606,0.7619572365567807,50.0,-0.00010709953381897391
2023-10-04,213.4130859375,213.7624053955078,210.9364013671875,213.44146728515625,357560724,-0.00010709953381897391,0.013241943510192875,-0.00010709379886864046,47.455596316645284,47.46285905914745,43.28890432181206,46.61417988852681,-0.5545721779754729,-1.0959972606802277,0.5414250827047549,213.91930533341446,214.47387751138993,215.12347442626952,265.7270139312744,218.6679181337815,208.65576503272237,213.66184158325194,0.04685980906496105,4.068662020947877,0.009353275551672414,0.8934656003259944,49.0,-0.012890819261347827
2023-10-05,210.67967224121094,213.78359985351562,210.4712371826172,213.42274475097656,351872670,-0.012890819261347827,0.01572226990701815,-0.012808088521289451,42.40819935539392,36.82653854744122,23.35183058211799,36.698786438021976,-0.7719250268482654,-1.0311828139138353,0.2592577870655699,213.4209002423062,214.19282526915447,214.69969299316406,265.0955210876465,218.6508157607918,208.3232824447746,213.4870491027832,0.04837545583875213,4.014640638801489,0.009562655629332137,0.8932991986667753,48.0,0.013558038335329545
2023-10-06,213.55552673339844,214.39295959472656,210.5572509765625,210.66526794433594,271152975,0.013558038335329545,0.017961177014877917,0.013650365322834146,48.60219410052897,50.45497181365999,44.32784425806222,36.98952638733076,-0.7040059600430482,-0.9657474431396779,0.2617414830966297,213.44161201016652,214.14561797020957,214.60008666992186,264.4986837005615,218.53651008724586,208.29708671451198,213.41679840087892,0.04797852582110384,4.00185978018453,0.010050582263657551,0.7074389170170289,50.0,-0.005592873815167599
2023-10-07,212.36447143554688,213.85986328125,211.76080322265625,213.54396057128906,211771782,-0.005592873815167599,0.009884233668675694,-0.005577262813424966,46.37751512206208,45.69214677948951,35.64048115105864,34.44005199707962,-0.7377831142545404,-0.9201545773626504,0.18237146310811003,213.27589807560966,214.0136811898642,214.5251251220703,263.88395988464356,218.15192233069422,208.271544161005,213.21173324584962,0.04634068688094369,3.8659455143566173,0.009962332438211373,0.5688635607806662,49.0,-0.0039844986921491
2023-10-08,211.51998901367188,212.84677124023438,209.7017822265625,212.38101196289062,267193041,-0.0039844986921491,0.014868519180324818,-0.00397657110987748,44.81133143684536,42.382704545454914,29.480964082839183,36.48309649732002,-0.8232050309600822,-0.9007646680821368,0.0775596371220546,213.00575821992692,213.828963250887,214.41553588867188,263.3321212005615,217.80599574596894,208.16907749621853,212.98753662109374,0.04524639517707814,3.814448621450564,0.009982406960857802,0.7483985101884814,50.0,-0.0276529929841475
2023-10-09,205.75096130371094,212.1028594970703,203.6554412841797,211.52261352539062,416312027,-0.0276529929841475,0.04105651880975327,-0.027274149062044617,35.893689740336384,26.871082718686253,11.951963085481443,25.691136106459762,-1.340957118849218,-0.9888031582355531,-0.3521539606136649,211.88963561743216,213.23059273628138,214.19783905029297,262.7116909790039,217.78206813693106,207.04700595974862,212.41453704833984,0.05053826506582,4.14537502083914,0.011475517694283264,1.1610731642949346,50.0,0.013641160728024989
2023-10-10,208.57687377929688,210.45428466796875,205.75009155273438,205.75009155273438,441959353,0.013641160728024989,0.022553761737804455,0.013734625868476957,41.98414342296024,39.520718854917035,28.069776934169862,23.167568034163498,-1.5058928635150721,-1.092221099291457,-0.4136717642236152,211.37997995002672,212.8858728135418,214.15659759521483,262.1427786254883,217.66250027103956,206.58792850093312,212.12521438598634,0.052207710441979714,4.185290599010228,0.011750580262249377,1.220848337697434,50.0,-0.009845448712623448
2023-10-11,206.53341674804688,208.7305450439453,204.8092498779297,208.58229064941406,323117665,-0.009845448712623448,0.018986250398400517,-0.00979714094963502,39.091947824695225,34.48792089140764,16.414759193165036,18.81216640427212,-1.7809656703641963,-1.229970013506005,-0.5509956568581913,210.63435484202984,212.41532051239403,214.07057891845704,261.5620803833008,217.94370506640675,205.8806708491206,211.91218795776368,0.05692468344336303,4.166433782367757,0.01136714440307126,0.9001948197866276,47.0,-0.006333768424246127
2023-10-12,205.2294158935547,206.6591033935547,203.658447265625,206.53587341308594,302337006,-0.006333768424246127,0.014620984593582933,-0.00631375239428178,37.324939771644004,31.501349028906475,8.977287858573252,17.820607995302723,-2.08020550833524,-1.400017112471852,-0.6801883958633881,209.80282577303365,211.8830312813689,213.8471813964844,260.94378746032714,218.31272133330216,204.91950980683455,211.61611557006836,0.06329013029271381,4.083163949907894,0.011407924872838652,0.8390825972004385,45.0,0.003923026021645771
2023-10-13,206.03611755371094,207.94253540039062,204.61761474609375,205.22579956054688,296977151,0.003923026021645771,0.01613756216033391,0.003930731160754597,39.157171387696216,35.530749571836,13.578374163318198,12.990140405018835,-2.2265943599714717,-1.565332561971776,-0.6612617979996958,209.22333220083016,211.44992656080163,213.59497589111328,260.4192224121094,218.5063701611036,204.2734119433886,211.3898910522461,0.0673303635612228,4.029003714507107,0.011464108653010103,0.8149414201608074,44.0,0.002742263061634061
2023-10-14,206.60189819335938,207.02554321289062,205.82728576660156,206.040283203125,203846460,0.002742263061634061,0.005799837546350177,0.002746026504313992,40.4715781863236,38.49132880333975,16.805348497388675,13.120336839760048,-2.270778687179245,-1.7064217870132699,-0.5643569001659752,208.82003466121927,211.0908133483985,213.36039276123046,259.88592880249024,218.60449239191848,204.00718973698775,211.30584106445312,0.06908139681040912,3.8268075524915326,0.011254531846912622,0.5658503058654863,47.0,0.015086881270976
2023-10-15,209.7425079345703,210.2316131591797,206.47857666015625,206.60028076171875,352524312,0.015086881270976,0.017893542591729695,0.015201262760285106,47.279998915778975,52.59071368064457,34.71806292769659,21.700595196134497,-2.028985246949901,-1.7709344790005963,-0.2580507679493047,208.9619536263502,210.9909388733001,213.22795806884767,259.36543251037597,218.6005300511794,203.97802219491436,211.28927612304688,0.0692061051302454,3.821538191529526,0.011616901308436857,0.9706995748866851,45.0,0.02393827333010805
2023-10-16,214.82395935058594,217.12123107910156,209.74880981445312,209.74880981445312,521099239,0.02393827333010805,0.03431843117934941,0.02422709381162158,56.040572331765375,66.90907510646824,82.93994066815185,44.82111736441237,-1.4110656552139744,-1.698960714243272,0.2878950590292977,209.86380066084803,211.274866316062,213.1572772216797,258.8567144775391,218.87185773130713,203.95124560121238,211.41155166625975,0.07057614407773163,4.075622831029649,0.012590011620946267,1.4538335233960025,47.0,-0.01491689923525032
2023-10-17,211.6432342529297,215.01222229003906,210.38235473632812,214.81211853027344,352621995,-0.01491689923525032,0.021875811764329282,-0.014806193439836024,50.395471808392514,54.81860858580941,59.31915684412585,58.99238681332477,-1.1645931548896158,-1.592087202372541,0.4274940474829252,210.13755967501444,211.30215282990406,213.01577056884764,258.3297306060791,218.85097463821046,203.9379108598364,211.39444274902343,0.07054614863305322,4.115211739792598,0.01305285956781687,1.0421036599000553,52.0,-0.0054114174642337625
2023-10-18,210.50103759765625,213.57627868652344,210.09669494628906,211.63619995117188,275336939,-0.0054114174642337625,0.01653000754744554,-0.005396802119875144,48.50590118981368,50.9606750413791,50.83694620020079,64.36534790415949,-1.049331605427767,-1.4835360829835862,0.43420447755581915,210.1934793554209,211.24281096084866,212.6885336303711,257.80614921569827,218.43476970957505,203.89662067128432,211.1656951904297,0.06884711565095927,4.069809739824153,0.01263656035913805,0.8238048709530105,50.0,0.0030505644846746394
2023-10-19,211.1441650390625,211.41201782226562,208.53712463378906,210.4916229248047,281310969,0.0030505644846746394,0.013615783263272731,0.0030552221915196576,49.650639998650696,53.127614307391994,55.61295600876606,55.25635301769757,-0.8957651641653968,-1.3659818992199484,0.47021673505455164,210.33973869136577,211.23550385553116,212.4354281616211,257.29222694396975,217.9791881314444,203.93867685878996,210.95893249511718,0.06655566136304478,3.9844585575850395,0.012663015621789505,0.8485352121393253,52.0,0.005463189330263873
2023-10-20,212.30084228515625,216.1024169921875,210.74655151367188,211.14505004882812,335590168,0.005463189330263873,0.02522771657835339,0.00547813976237399,51.729065608464104,57.10477507376363,64.2027027945799,56.884201667848934,-0.6729708767168745,-1.2273796947193336,0.5544088180024591,210.6414469365643,211.31441781328118,212.34948913574217,256.8109192657471,217.659110610886,204.00670817573513,210.83290939331056,0.06475460816073164,4.082416194794368,0.012739992373613214,0.998437110361779,53.0,0.009398996529638588
2023-10-21,214.3056640625,215.61277770996094,211.6225128173828,212.29852294921875,267943731,0.009398996529638588,0.018619502709057684,0.009443305809644142,55.18239080956325,63.38685542488337,79.09096265810305,66.30220715381635,-0.33081896127288246,-1.0480675480300434,0.717248586757161,211.20517264824673,211.5359916095196,212.3629913330078,256.3274733734131,216.84745127656396,204.44422047636573,210.64583587646484,0.05888191783421827,4.075833958921779,0.012443594395480094,0.8116008218369818,63.0,0.015932230133417085
2023-10-22,217.74737548828125,218.00485229492188,213.83428955078125,214.3217315673828,286771903,0.015932230133417085,0.019153217046995255,0.016059824834016023,60.417634295394755,71.69055110581711,98.20566289133488,80.49977611467263,0.21557127380989982,-0.7953397836620548,1.0109110574719546,212.21166539286742,211.99609411905752,212.4289678955078,255.8458943939209,217.50911219704813,204.08150364767846,210.7953079223633,0.06369975063351555,4.082600300723125,0.012503145926154827,0.8929896062846505,53.0,0.0475560982634157
2023-10-23,228.35276794433594,229.98146057128906,218.3049774169922,218.45591735839844,611625206,0.0475560982634157,0.05113353019282506,0.048705030002189176,71.47498447082296,84.40534372587446,93.81266647537396,90.36976400827064,1.487212351650527,-0.3388293565995385,1.8260417082500653,214.6949119392472,213.20769958759666,212.7080242919922,255.42538497924804,221.6953768539645,201.3869214248441,211.5411491394043,0.09600238777060457,4.66484921374346,0.01618165208213869,1.8178986309914336,53.0,-0.014156084641588145
2023-10-24,225.14295959472656,236.7500762939453,223.1171417236328,228.3383026123047,658304834,-0.014156084641588145,0.06055234680601498,-0.014056358407671277,65.51019335806535,72.8517520503119,64.92431155539305,85.64754697403396,2.2105109647858967,0.17103870767754853,2.0394722571083483,216.30230388624403,214.09179292145814,212.9069332885742,254.99760231018067,223.87640706265637,200.37887858187486,212.1276428222656,0.11077070469532947,5.3054267392126775,0.01663935373890023,1.8729325494743398,66.0,-0.013248019937243949
2023-10-25,222.179931640625,228.8148193359375,222.0341796875,225.16864013671875,414309192,-0.013248019937243949,0.03051868635644894,-0.013160651167752335,60.491647339177305,63.49190286457148,55.97030100618206,71.56909301231636,2.515640001931871,0.639958966528413,1.875681035403458,217.20655430999497,214.6909143080631,213.06096923828125,254.55532829284667,225.21270294844507,200.1926086360276,212.70265579223633,0.11762944011783572,5.410799089871594,0.016657123386180167,1.1683671818716603,72.0,0.00474212250117825
2023-10-26,223.2360382080078,227.85787963867188,219.92672729492188,222.18551635742188,438534864,0.00474212250117825,0.035528100244996634,0.004753384158435514,61.62021662480122,65.3434426712958,57.94272385322103,59.61244547159871,2.810280768581805,1.0740233269390913,1.7362574416427137,218.13416721738156,215.32388644879975,213.22299682617188,254.10714721679688,226.5136880847084,199.85967464722518,213.1866813659668,0.12502663518518603,5.59082432229148,0.016469065413598542,1.2081702562125252,71.0,0.0055387011613691264
2023-10-27,224.4759063720703,229.85179138183594,220.20350646972656,223.21908569335938,554008090,0.0055387011613691264,0.04298138302699301,0.0055540681245525025,62.95800114934213,67.59445435800907,60.307043081957765,58.07335598045362,3.1080055445024755,1.4808197704517683,1.6271857740507072,219.10981939502597,216.0018138505235,213.37477142333984,253.63763145446777,227.98719425155488,199.59731197403104,213.79225311279296,0.13279191300980323,5.880642935849901,0.01637910122311175,1.4575853567756634,70.0,0.005766465911433708
2023-10-28,225.77407836914062,227.97061157226562,224.3576202392578,224.4715118408203,244363054,0.005766465911433708,0.016002684449454695,0.005783123979989924,64.35880496850615,69.97653602124966,63.741479419297505,60.66374878482544,3.4094047100812475,1.8665367583776642,1.5428679517035833,220.13509000642821,216.72568529634697,213.5990124511719,253.15271049499512,229.57627981077815,199.43363535035468,214.5049575805664,0.14052190122040478,5.71866782136118,0.01631235065991161,0.6448514754413331,65.0,0.006068934590789895
2023-10-29,227.14845275878906,228.14613342285156,224.25831604003906,225.78799438476562,207847188,0.006068934590789895,0.01711575551404265,0.006087387886050122,65.83199907856404,72.4755862855333,65.96732007762185,63.33861419295905,3.7163267459900737,2.2364947559001465,1.4798319900899273,221.2140688914068,217.49774214541674,213.8575225830078,252.69368392944335,231.0412904183038,200.1083738883368,215.5748321533203,0.1434903890263358,5.587892790036274,0.014601964037684323,0.5640029338974792,72.0,0.005001711410399466
2023-10-30,228.2874298095703,229.19149780273438,225.02120971679688,227.13491821289062,282899321,0.005001711410399466,0.018267707904093596,0.00501424084975266,67.04759554545129,74.5256790770194,70.00439164851235,66.57106371514391,4.0052999947445755,2.5902558036690326,1.415044191075543,222.30227826343196,218.29697826868738,214.1769107055664,252.21038063049318,232.61819338980496,200.502526519863,216.56035995483398,0.1482989171085605,5.486635311172075,0.014458306518417424,0.7845925225601332,68.0,-0.00812574164522693
2023-10-31,226.43994140625,229.24130249023438,224.33131408691406,228.28236389160156,319329197,-0.00812574164522693,0.02168340255181143,-0.008092817045868173,63.12458202166161,65.31889779002861,63.456021858727375,66.47591119495387,4.03868110054384,2.879940863043994,1.1587402374998463,222.9388418238655,218.90016072332165,214.58502532958985,251.6967110443115,233.47123284194976,201.6401395335385,217.55568618774413,0.14631239415614244,5.445446246325521,0.014373272505245182,0.886092587843655,66.0,0.006866347018098196
2023-11-01,228.00010681152344,229.14108276367188,222.8603973388672,226.4181671142578,384772000,0.006866347018098196,0.02754685299334804,0.006889974425820844,64.9876612554692,69.08202298193788,68.98598350211253,67.48213233645076,4.143267171883679,3.1326061248119315,1.0106610470717472,223.71749797581288,219.5742308039292,214.9251400756836,251.16967514038086,234.17160352963154,203.2168379376536,218.69422073364257,0.14154359218151966,5.5051061876454614,0.01414600936245951,1.0556136224392028,66.0,0.0161966923085652
2023-11-02,231.7230224609375,233.33607482910156,227.90748596191406,228.0166473388672,487639810,0.0161966923085652,0.023427058777047583,0.016328569760239775,69.01110308614538,76.25484591064634,80.66779840238662,71.03660125440886,4.474975830329612,3.401080065915468,1.0738957644141438,224.94911712737053,220.47414129704092,215.30674865722656,250.58718566894532,235.30356604567646,204.65356591233137,219.97856597900392,0.1393317571506967,5.499640664755607,0.014349678115739034,1.3037315046361746,72.0,-0.004832283318861586
2023-11-03,230.60597229003906,232.21131896972656,226.34674072265625,231.70326232910156,332547803,-0.004832283318861586,0.025431163767494634,-0.004820626621537927,66.54031431207481,70.52725131620286,75.54834948626393,75.06737713025437,4.594755240489576,3.63981510083029,0.954940139659286,225.81940253701183,221.22464729652225,215.6732113647461,250.0402449798584,235.8721347198528,206.48540464782297,221.17876968383788,0.1328641537975658,5.525707634920943,0.014535453177945877,0.8740470605619257,65.0,0.029265962379813992
2023-11-04,237.45460510253906,238.5099639892578,229.65533447265625,230.5974884033203,267965564,0.029265962379813992,0.03728977803053305,0.029698419102027085,72.93763692895146,80.82771370766247,95.72307987224399,83.97974258696486,5.182567307674816,3.9483655421991957,1.2342017654756203,227.60943370093906,222.42686639326425,216.13879302978515,249.51155075073243,237.89533406676986,207.23341501770278,222.56437454223632,0.13776651861795755,5.7634877693267015,0.01535078767872718,0.7122177700016264,68.0,0.02851252016779015
2023-11-05,244.32247924804688,245.59402465820312,236.7861785888672,237.44223022460938,419858434,0.02851252016779015,0.03605008469316418,0.028922893041144038,77.56917087873775,86.39187404128144,95.34045509571324,88.87062815140706,6.131907835650509,4.385074000889459,1.7468338347610501,230.18067147741718,224.04876364176667,216.72603179931642,249.1196255493164,241.61874625622823,206.4598548179905,224.03930053710937,0.15693180327714018,5.980941933613075,0.015659870189323962,1.131148096152961,70.0,0.04134135766676272
2023-11-06,254.63479614257812,255.34230041503906,242.1800994873047,244.32044982910156,524115628,0.04134135766676272,0.05169050391826434,0.04220781045718569,82.4312200306151,90.97844308514675,98.00227919491425,96.35527138762383,7.628448823962714,5.03374896550411,2.594699858458604,233.94284450282655,226.31439567886383,217.4894122314453,248.80334991455078,247.33216471154674,205.04559255163684,226.1888786315918,0.18695248155319222,6.49388900462174,0.016644689452518065,1.3801462243706057,74.0,-0.03289321341009411
2023-11-07,246.39529418945312,255.5460968017578,242.69497680664062,254.65328979492188,549207441,-0.03289321341009411,0.05215651555924592,-0.03235811475078776,69.4736509099019,69.22819847613667,74.30947616703743,89.21740348588833,8.05673635046557,5.6383464424964025,2.4183899079691678,235.85860599307676,227.8018696426112,218.09723968505858,248.4269514465332,249.5843494195085,206.3828335028548,227.98359146118165,0.18949397033255153,6.947976932514272,0.01890001664684423,1.3958859366432501,68.0,0.0029502327816164743
2023-11-08,247.123291015625,247.80906677246094,244.58038330078125,246.39012145996094,369346518,0.0029502327816164743,0.013065071521225192,0.0029545890012498965,69.92350557679619,69.96828266690824,76.35329905399831,82.88835147198334,8.358548417471951,6.182386837491512,2.1761615799804392,237.59163445808417,229.23308604061222,218.69548645019532,248.00259246826172,251.46664637340658,208.09844914661298,229.78254776000978,0.1887358184925704,6.682313113883231,0.018901377101454127,0.9283585493656339,66.0,0.017598759780950768
2023-11-09,251.51084899902344,255.45465087890625,243.3295440673828,247.0521697998047,1116630429,0.017598759780950768,0.04820908068093125,0.01775453040207786,72.54912415032257,74.31231752427442,88.58247863321665,79.74841795141747,8.849761375568875,6.715861745106985,2.1338996304618894,239.73305207976713,230.88329070419826,219.43843688964844,247.60705253601074,253.83666020633936,209.6494359850669,231.74304809570313,0.19067335389074722,7.071084092286102,0.019014588252915444,2.555797314603303,69.0,-0.0017050853289840072
2023-11-10,251.08236694335938,257.78802490234375,248.9433135986328,251.52682495117188,873515280,-0.0017050853289840072,0.03522633393728592,-0.0017036324968460193,71.88909684709625,73.10747175057092,80.80127845271574,81.91235204664358,9.099581946554025,7.192605785396394,1.9069761611576315,241.47910052031978,232.37951857376575,220.24420532226563,247.20623497009277,255.68599633349754,211.47777014599467,233.5818832397461,0.18926222177140337,7.1977717502450185,0.01914780718135618,1.8697633689722606,70.0,0.0013502329157681955
2023-11-11,251.42161560058594,255.07839965820312,246.72113037109375,251.09848022460938,872206327,0.0013502329157681955,0.03324005880379801,0.0013511448906449175,72.10547770467994,73.50427817660207,81.77256874894333,83.71877527829191,9.21867394552001,7.5978194174211175,1.6208545280988922,243.00871822497612,233.7900442794561,221.04962036132812,246.77171524047853,257.41863463468604,213.1125558560366,235.26559524536134,0.188323663442766,7.280593002878186,0.01910419304544064,1.7568819160873639,70.0,-0.015155135566076573
2023-11-12,247.6400146484375,251.6469268798828,245.83245849609375,251.43441772460938,758715918,-0.015155135566076573,0.023479518817036013,-0.015040874441583307,66.00629504674296,61.67037518949881,70.9456067823,77.83981799465303,8.905257356555325,7.85930700524796,1.045950351307365,243.7212253670471,234.8159680104918,221.79120849609376,246.35580642700197,258.77114189250096,213.68877326863185,236.2299575805664,0.19084103085652776,7.175869815800391,0.017179631450856787,1.5059688690241129,73.0,-0.0257898473060485
2023-11-13,241.33506774902344,250.1243133544922,241.12713623046875,247.64047241210938,888039233,-0.0257898473060485,0.0372808527494233,-0.02546012973050782,57.303218303018454,46.96329470735302,52.89414626453189,68.53744059859174,8.055259907623395,7.898497585723047,0.15676232190034778,243.35412419504345,235.29886428742006,222.45225189208983,245.9065062713623,259.0874942204538,214.99163175610875,237.03956298828126,0.18602743739670596,7.305963194959181,0.018005760810282434,1.7233690025694743,72.0,0.00384039572974143
2023-11-14,242.263671875,248.66522216796875,236.28573608398438,241.36984252929688,917236070,0.00384039572974143,0.0510992258483219,0.0038477794985942726,58.177854850646995,49.05105687426665,55.552798428320976,59.7975171583843,7.371586339078021,7.793115336394043,-0.4215289973160212,243.18636229965216,235.81477596057414,223.09604919433593,245.4953234100342,259.1002036276884,216.98729637231153,238.04375,0.1769124677937433,7.668357687032409,0.01757075720641327,1.6972058370680028,69.0,0.04634389051325488
2023-11-15,253.75534057617188,254.18177795410156,242.26116943359375,242.281005859375,921052035,0.04634389051325488,0.046976778866766364,0.047434551834503624,67.14689670124446,67.51397483851383,87.17391979562599,65.20695482949297,7.668652284737647,7.768222726062763,-0.09957044132511683,244.81235895757828,237.14370667284064,223.9235870361328,245.15342643737793,260.5358094420609,218.6036207947555,239.5697151184082,0.1750312581311885,7.9720898894235095,0.019926990020613766,1.6314373280754164,60.0,-0.0443018868589187
2023-11-16,242.75888061523438,255.5850372314453,240.67567443847656,253.74478149414062,950453378,-0.0443018868589187,0.06141634347292797,-0.04333489074936969,54.9933185739074,48.06774230691172,52.19933065959537,64.97534962784745,6.936793729213974,7.601936926693005,-0.665143197479031,244.4964392126023,237.55964548338832,224.53905639648437,244.6789931488037,260.3006239728187,220.6671036883141,240.4838638305664,0.1648073997697762,8.467609382533883,0.022931306136890605,1.6264107978628906,70.0,0.008149638655734516
2023-11-17,244.745361328125,245.9875946044922,238.99964904785156,242.83995056152344,788884171,0.008149638655734516,0.02855190193889735,0.008182937356838282,56.524201288772005,51.039838645012935,53.638761970468146,64.33733747522984,6.442814191536115,7.370112379661628,-0.9272981881255129,244.5347349226827,238.0919207311466,225.13244384765625,244.2590988922119,260.12631471414556,222.7385412428857,241.43242797851562,0.15485812649238193,8.361919109255792,0.022947619313309055,1.2898418746189118,63.0,0.0008388817583673488
2023-11-18,244.9507598876953,245.35305786132812,239.28082275390625,244.7462615966797,679630905,0.0008388817583673488,0.024789615309647805,0.0008392337180802567,56.68824832959994,51.37553017903099,40.29814628995425,48.71207964000593,5.998755872562924,7.095841078241888,-1.0970852056789635,244.59873876345387,238.59998289089094,225.7258706665039,243.87408920288087,259.8713758363701,224.77371083355177,242.32254333496093,0.14483862920794383,8.19837025198194,0.02295301078902213,1.069944069442909,69.0,0.006660840738590416
2023-11-19,246.58778381347656,246.93626403808594,242.4235076904297,244.96768188476562,618053586,0.006660840738590416,0.018300810680344896,0.00668307347375352,58.04695781333702,54.289707483673055,47.911400579346484,47.2827696132563,5.713073846107079,6.819287631814927,-1.1062137857078476,244.9047456942266,239.1916718481195,226.36120025634764,243.47596366882325,259.6343310076118,226.8407910627007,243.23756103515626,0.1348210358850429,7.935112115958676,0.02296068347637004,0.9479931267870823,66.0,0.028178513929336648
2023-11-20,253.6350860595703,263.8700256347656,243.14175415039062,246.5845489501953,1289010990,0.028178513929336648,0.08172477951061798,0.028579283762996344,63.373751223950165,64.86543652787442,62.89576515518618,50.36843734149565,5.9863205989015,6.652694225232242,-0.666373626330742,246.24787498120256,240.26155438230106,227.0729592895508,243.12455337524415,259.6521516076385,229.54248492800602,244.59731826782226,0.12309892394921444,8.848909213702699,0.023394574657558804,1.8402768103359617,69.0,-0.1132116464821143
2023-11-21,226.4864044189453,269.9175720214844,224.98170471191406,253.64385986328125,2480554399,-0.1132116464821143,0.19840425929695002,-0.10703835207660772,41.50864861908128,31.799185908075202,3.348549381867129,38.051905038799944,3.966475837321326,6.11545054765006,-2.1489747103287336,243.2076487408553,239.24117290353396,227.30752868652343,242.62228385925292,259.9207450837427,229.122521212644,244.52163314819336,0.12595296160333316,11.426549077693242,0.03539959607896237,3.0805416511343466,71.0,0.04172551859487293
2023-11-22,236.1365966796875,238.17669677734375,225.6582489013672,226.46131896972656,1338117919,0.04172551859487293,0.053013586424121614,0.04260826289109909,48.3325263430035,43.70084474928423,24.824027298562235,30.35611394520519,3.1085902832385557,5.514078494767759,-2.405488211529203,242.1197945775987,239.01120429436014,227.76154174804688,242.18909675598144,259.51521720102556,229.9694065172362,244.74231185913087,0.12072211976487086,11.504541848999194,0.03647104249172384,1.5784213624282357,62.0,-0.010090642935194032
2023-11-23,233.76580810546875,238.7913360595703,230.7522430419922,236.0960235595703,766695224,-0.010090642935194032,0.03438951608334058,-0.010039903206679357,46.88536024148008,41.61916028406165,19.548089131204716,15.906888603878036,2.2119094610623904,4.8536446880266855,-2.641735226964295,240.83456588957873,238.62265642851634,228.16859619140624,241.7498705291748,259.122412996447,230.6781943033577,244.90030364990236,0.11614611443582269,11.257009789611974,0.03653377006723914,0.8818016702161342,66.0,-0.0037065159270318025
2023-11-24,232.9009552001953,236.37930297851562,232.19285583496094,233.75270080566406,709881299,-0.0037065159270318025,0.017975225305349785,-0.0036996552758615797,46.340266099801525,40.7921743233454,17.623450847680935,20.66518909248264,1.4151836910043585,4.165952488622221,-2.7507687976178623,239.61401039890433,238.19882670789997,228.61302185058594,241.34451919555664,259.4972703669115,229.84797194265883,244.67262115478516,0.12117946946542858,10.751969600607882,0.035914640348321904,0.7962235773462792,66.0,0.006586163463744492
2023-11-25,234.43994140625,235.7812957763672,232.683349609375,232.9174346923828,553022191,0.006586163463744492,0.013214242199557207,0.006607899932105532,47.50973897102833,43.137846906844224,21.04830119151066,19.406613723465444,0.8976090250201878,3.5122837959018143,-2.6146747708816265,238.8179997846498,237.9203907596296,229.03071014404296,240.954150390625,259.6610846731176,228.695903852273,244.17849426269532,0.12681371025054827,10.205253641063905,0.03529670142648011,0.6156878572426109,73.0,-0.010258662102706947
2023-11-26,232.0471954345703,234.49465942382812,229.3850555419922,234.42820739746094,606332049,-0.010258662102706947,0.022019675231440917,-0.010206221505291269,45.83708844839339,40.24572440608314,15.723499168227832,18.13175040247315,0.2909983228755948,2.8680267012965706,-2.5770283784209758,237.77633757694525,237.48533925406966,229.42436462402344,240.54149909973145,258.61110128583823,227.48712716875164,243.04911422729492,0.12805631576167786,9.841278658261908,0.03381157972537766,0.6719631850984176,73.0,-0.020135751216940674
2023-11-27,227.42147827148438,232.80938720703125,223.48683166503906,231.98388671875,795547656,-0.020135751216940674,0.04099241466922217,-0.019934380824655262,42.7067838622721,34.95942485531914,8.4742275833625,15.082009314367008,-0.5565857709923989,2.1831042068387765,-2.7396899778311754,236.18328229918205,236.73986807017445,229.7423944091797,240.14012733459472,258.98771455078634,225.21313231200662,242.10042343139648,0.1395064980063959,9.804227007099785,0.03336803261200312,0.8697872329402087,66.0,0.009938443717162545
2023-11-28,229.69296264648438,231.75552368164062,224.6786346435547,227.42799377441406,674267936,0.009938443717162545,0.030810212714169345,0.009987994063992645,44.70379400557531,39.51123565419091,13.366426927077429,12.521384559555932,-1.03310349244461,1.5398626669820992,-2.5729661594267093,235.18477158338243,236.21787507582704,230.22123443603516,239.74557655334473,258.7755766329145,223.68223739296442,241.22890701293946,0.14547733799609555,9.609417152170225,0.03348111128769112,0.7251032188632112,68.0,-0.010284645494919522
2023-11-29,227.34275817871094,231.19744873046875,226.51943969726562,229.6932373046875,602240832,-0.010284645494919522,0.020576899262943787,-0.010231939371127319,43.03249493265419,36.43342099105927,8.304684534578204,10.048446348339388,-1.5821510267102212,0.9154599282436351,-2.4976109549538563,233.97830798266375,235.56045900937397,230.59655212402345,239.32685592651367,257.89411453836976,222.14689040547788,240.02050247192383,0.14893404423679757,9.257173715101146,0.03312809646856091,0.6660682398782954,72.0,0.0014990300963481724
2023-11-30,227.68380737304688,229.1439666748047,226.22654724121094,227.34303283691406,572448874,0.0014990300963481724,0.012813469114269182,0.0015001542035830706,43.363399703789284,37.26082726649691,9.039217716081941,10.236776392579202,-1.9670800591170519,0.3389519307714977,-2.3060319898885497,233.00992327349195,234.977003332609,231.01955993652345,238.90459548950196,256.737914219533,220.96323476728338,238.8505744934082,0.14977849447557828,8.804334123564903,0.03315286881864418,0.6438379116256472,74.0,0.003778066922036634
2023-12-01,228.54563903808594,229.8910675048828,227.232666015625,227.68881225585938,611750028,0.003778066922036634,0.011631818924424123,0.0037852128132547236,44.24475628159876,39.57943336215357,10.895383821603511,9.413095357421229,-2.17749566326043,-0.1643375880348879,-2.013158075225542,232.32311031419871,234.50060597745914,231.48588439941406,238.47967658996583,255.15257583280004,220.26097549776637,237.7067756652832,0.14678420603443298,8.36533893540011,0.03318135755469546,0.6982676727409487,71.0,0.0032989395475709754
2023-12-02,229.30084228515625,230.0343017578125,226.68960571289062,228.53855895996094,628871423,0.0032989395475709754,0.01458649698618396,0.003304387037306178,45.051684571895095,41.779092306452995,12.521899447399425,10.818833661694969,-2.257292294509483,-0.582928529329807,-1.6743637651796761,231.85814600203832,234.1154382965478,231.95117889404298,238.06928062438965,253.97675356629466,219.6028805279436,236.78981704711913,0.14516617930200504,8.006721586080236,0.033133913150785364,0.7231694590364037,74.0,-0.005258600759060945
2023-12-03,228.09820556640625,231.6390380859375,226.4960174560547,229.28953552246094,719496781,-0.005258600759060945,0.022547396272196995,-0.005244798522172078,43.960576186138034,39.132280212549006,9.931725977156548,11.116336415386504,-2.390023726248671,-0.9443475687135798,-1.4456761575350914,231.27969362732568,233.66971735357436,232.3811050415039,237.63935401916504,253.5812144092434,218.6747334667332,236.1279739379883,0.14782865562416297,7.80217151778042,0.03273393370043874,0.8354803454092042,73.0,0.022528785039229074
2023-12-04,233.29530334472656,236.83494567871094,227.1553192138672,228.07546997070312,2139028703,0.022528785039229074,0.04149087583876793,0.02278447463194655,49.637055785556534,53.86718371062706,21.124952142456912,14.526192522337638,-2.052195552545868,-1.1659171654800375,-0.8862783870658304,231.58978743000273,233.6419829825486,232.85216094970704,237.25854705810548,252.93895101970858,218.42016000324062,235.6795555114746,0.1464649360083647,7.9362754425706585,0.03319753785452629,2.3193160538639686,74.0,-0.00875658017786083
2023-12-05,231.2613525390625,234.48468017578125,228.40753173828125,233.30865478515625,851959167,-0.00875658017786083,0.026278270756344837,-0.008718352990838452,47.60470110041765,48.50576230378847,50.79890647619731,27.285194865270267,-1.9263810014921319,-1.3180099326824566,-0.6083710688096753,231.5392589852427,233.46563998673483,233.18090881347655,236.8700323486328,249.76617560174662,219.34353661749168,234.55485610961915,0.12970372683325274,7.803480656494183,0.031211270132272047,0.9272395427739186,75.0,-0.00797486908935143
2023-12-06,229.42440795898438,234.5861053466797,229.42440795898438,231.26344299316406,850327297,-0.00797486908935143,0.022498466634893098,-0.007943154184259282,45.781543497613036,43.90171709415828,38.79626638590782,36.906708334854024,-1.9523921772654376,-1.4448863815990527,-0.5075057956663849,231.21389728889528,233.16628946616072,233.53653228759765,236.4635545349121,248.76795959639713,219.00830535721616,233.88813247680665,0.1272388381746221,7.614781851579978,0.029807168045486356,0.9305336476963866,72.0,0.015367993423765937
2023-12-07,232.97743225097656,234.53843688964844,229.2009735107422,229.53221130371094,813730268,0.015367993423765937,0.02290978712975268,0.015486688289187533,49.78721632672851,53.79769656614164,71.10068565654072,53.56528617288196,-1.6670896828290438,-1.489327041845051,-0.17776264098399275,231.4852103599847,233.15230004281375,233.98606018066405,236.09590812683106,247.32166188481077,219.27781016108767,233.29973602294922,0.12020524412837089,7.452116246388997,0.02999018401848716,0.8892756809709408,72.0,0.02517037180152737
2023-12-08,238.91598510742188,239.8386993408203,232.6486053466797,232.9604949951172,828993280,0.02517037180152737,0.030094654365248105,0.025489820190171653,55.68089481914444,65.62288122455215,94.3571324591559,68.08469483386817,-0.9508332022541026,-1.3816282739268613,0.43079507167275866,232.62840647497507,233.57923967722917,234.54149658203124,235.74425987243652,246.24221863309188,219.7537759347792,232.99799728393555,0.11368528059077423,7.4334003712284,0.030618150859360208,0.8986216337629148,72.0,-0.004814029629483292
2023-12-09,237.7686004638672,245.00527954101562,237.07989501953125,238.9132537841797,856746249,-0.004814029629483292,0.03333234289987237,-0.004802460760584104,54.35346231859151,62.043438960925855,66.36988355824889,77.27590055798186,-0.4703571482723703,-1.199374048795963,0.7290169005235927,233.41920555018925,233.88956269846162,235.05085174560546,235.36557174682616,244.48376820279,220.63030803012018,232.5570381164551,0.10257036452590605,7.468542096246684,0.030569637655045216,0.9168443625344833,73.0,0.00822851391915627
2023-12-10,239.733154296875,241.25057983398438,237.55775451660156,237.79371643066406,640133489,0.00822851391915627,0.015403899090276766,0.008262461187789949,56.27553721742225,65.77278993975446,75.49950965549664,78.74217522430048,0.0681609450674614,-0.9458670500232782,1.0140279950907396,234.3905822804486,234.32242133538114,235.55940155029296,235.0345736694336,239.720488541189,224.0033945154516,231.8619415283203,0.0677864332634241,7.19884804061355,0.029856387587633752,0.7096766536289311,74.0,0.02751447163272941
2023-12-11,246.42086791992188,246.755859375,230.53103637695312,239.76890563964844,1442275453,0.02751447163272941,0.06584191970023973,0.02789649034010999,62.122638323733696,75.37996317886957,98.48263783535715,80.11734368303424,1.022792891886553,-0.552135061641312,1.5749279535278649,236.24139545575218,235.21860256386563,236.13287139892577,234.7430097961426,242.57443129664966,223.1428981100886,232.85866470336913,0.08344775665236356,7.843560537573073,0.015694326377305022,1.6966084110885362,74.0,0.032240190982037904
2023-12-12,254.49497985839844,256.7091979980469,245.991943359375,246.36578369140625,1394681963,0.032240190982037904,0.04211185086886578,0.032765536484922864,67.73284189325463,82.35572711947118,92.73613650823367,88.90609466636249,2.4031568465447606,0.03892331999590248,2.3642335265488583,239.04963921000544,236.64648236346068,236.65571563720704,234.48105308532715,247.285946439977,220.26722128463234,233.77658386230468,0.11557498492346352,8.048824401937273,0.01460687040808835,1.635182076844147,67.0,-0.008173572698948164
2023-12-13,252.42332458496094,255.56297302246094,244.81398010253906,254.40396118164062,1052163656,-0.008173572698948164,0.04258320001765117,-0.008140259876993183,65.06975417089025,75.91684134084926,85.93995828225404,92.38624420861497,3.2919919248598433,0.6895370409686906,2.6024548838911525,241.1071292676909,237.81513734283106,237.20132293701172,234.20521087646483,250.47530925854753,218.94361011401108,234.7094596862793,0.13434353769414661,8.241693581793315,0.014517325082088249,1.2132954425413771,65.0,0.004418852066045806
2023-12-14,253.5412139892578,254.08792114257812,248.7257080078125,252.40560913085938,876150236,0.004418852066045806,0.021149276089657023,0.004428629589341426,65.85002012937491,77.04661587047038,89.51456300873058,89.39688593307278,4.040033469468142,1.359636326668581,2.6803971427995608,243.0200653787012,238.98003190923305,237.82854858398437,233.90156669616698,253.47772550611566,218.0052197453492,235.74147262573243,0.150472063170163,8.036016407005624,0.014408323378422142,1.0007331277086455,72.0,-0.03468280587324599
2023-12-15,244.8984375,253.54971313476562,243.86737060546875,253.51744079589844,769388533,-0.03468280587324599,0.03953615477557661,-0.03408825079469724,55.52344021494292,54.13863298765813,60.90858265771942,78.78770131623469,3.8906133816909403,1.8658317376730529,2.0247816440178874,243.30904570505487,239.41843232336393,238.2617965698242,233.56702293395995,254.42787918007704,218.10091568076282,236.26439743041993,0.153755554770001,8.153611130026428,0.016810376824686116,0.8680642685278556,70.0,-0.002238000969604982
2023-12-16,244.35096740722656,248.0863800048828,243.45065307617188,244.89642333984375,651447427,-0.002238000969604982,0.018971592287519785,-0.0022354985126168403,54.93575134226086,52.974627308292725,59.09655862399504,69.83990143014836,3.68553605900388,2.229772601939218,1.4557634570646618,243.46934135154282,239.78380529253894,238.65929779052735,233.23035522460938,255.2621812072579,218.4969908508476,236.87958602905275,0.15520624200981648,7.902333687075322,0.01659221928193387,0.733131087384412,67.0,-0.020852951748744235
2023-12-17,239.30828857421875,244.4321746826172,239.2306365966797,244.3507080078125,650163942,-0.020852951748744235,0.021735720550791964,-0.020637032406767064,49.7159667346576,43.03226251897346,41.12140219935225,53.70884782702225,3.0805975538780217,2.399937592326979,0.6806599615510427,242.82917938580067,239.74858183192265,238.92998199462892,232.8925631713867,255.3567507516199,219.591102336759,237.47392654418945,0.1506087381269016,7.709419715565477,0.016644597474170925,0.7377217149432077,73.0,0.00848904437626299
2023-12-18,241.3484344482422,241.3484344482422,232.7528076171875,239.2471466064453,871708609,0.00848904437626299,0.03561500968798719,0.008525178489130036,51.7148865169496,47.66816654197827,45.724879203872376,48.647613342406565,2.7342830391986297,2.4668066817013092,0.26747635749732046,242.60137247233013,239.8670894331315,239.21398162841797,232.57453895568847,255.6444965814983,220.4689036870564,238.05670013427735,0.1477614067346177,7.772720223814706,0.016613850264518764,0.9781451721987287,65.0,0.04571275947487911
2023-12-19,252.63719177246094,254.5745849609375,241.34768676757812,241.34768676757812,1254351945,0.04571275947487911,0.05235530881483298,0.046773691944704376,60.962279436008245,65.69160292367249,85.19713176157477,57.347804388266475,3.33232173260177,2.6399096918814013,0.6924120407203684,244.14534467235026,240.8130229397485,239.7009768676758,232.30060592651367,257.27951015870144,221.36333346922825,239.32142181396483,0.15007505979716446,8.162304364496467,0.018910175867416872,1.357831075151944,73.0,0.029140037176617242
2023-12-20,260.10736083984375,261.5574035644531,250.76504516601562,252.6297607421875,1053279744,0.029140037176617242,0.04149193765063301,0.02956876228307226,65.65038047285316,72.89781496401929,95.51853303283973,75.4801813327623,4.35880631277891,2.983689016060903,1.375117296718007,246.60103946734927,242.24223315457036,240.37432525634765,232.0675421142578,260.21185757021055,221.67334140439883,240.94259948730468,0.15994895152545383,8.350165366920827,0.01961657891938277,1.111251032647151,74.0,0.04193383187681349
2023-12-21,271.24658203125,274.44061279296875,256.5984802246094,260.14862060546875,1183480386,0.04193383187681349,0.06577827611595048,0.04282547466338338,71.20376023232589,80.15084919133753,92.72589028995107,91.14718502812188,6.0019579585252245,3.587342804553767,2.4146151539714573,250.39266140025705,244.39070344173183,241.2392547607422,231.89799102783203,265.5720892321778,220.58320404174802,243.0776466369629,0.1850803058728835,9.028163024166437,0.021119683519460537,1.21206211044019,70.0,0.00047883452795484746
2023-12-22,271.3764953613281,276.1597900390625,265.41949462890625,271.2765197753906,1014769310,0.00047883452795484746,0.039577102636895393,0.00047894918750768234,71.2621146608823,80.22286444391186,89.51692892346854,92.5871174154198,7.231292556782591,4.316132754999533,2.9151598017830587,253.62094354811416,246.38965099133156,242.03232421875,231.87042724609375,269.88975262617515,220.47310595536783,245.1814292907715,0.20155134429941648,9.15045819459428,0.0211660533677996,1.019137514897241,74.0,5.330213472938761e-05
2023-12-23,271.3909606933594,272.1670837402344,266.16845703125,271.38128662109375,695725248,5.330213472938761e-05,0.022103266422945217,5.330355531341091e-05,71.2690961281064,80.23218115847814,89.54863115259005,90.59715012200324,8.113192481541887,5.075544700308004,3.0376477812338827,256.35479233969033,248.24159985814845,242.8480239868164,231.8199041748047,273.24547276013357,221.4466613341047,247.34606704711913,0.20941837500962265,8.925327374193573,0.021018141030351427,0.6995551408301468,70.0,-0.024898724302383542
2023-12-24,264.71710205078125,272.59014892578125,262.775634765625,271.3775329589844,803502105,-0.024898724302383542,0.0370754820301467,-0.024591307778002336,63.59309329040249,64.0030444274486,74.92219911808947,84.66258639804937,8.179294098038895,5.696294579854182,2.4829995181847124,257.641301526012,249.4620074279731,243.39327392578124,231.84653244018554,275.02791532536696,222.8063986394768,248.9171569824219,0.2097947659332215,8.98884071604805,0.02202585771458481,0.8660771160232217,71.0,0.00886167682924233
2023-12-25,267.0733642578125,267.9342041015625,262.48712158203125,264.73529052734375,738674209,0.00886167682924233,0.020395454015672814,0.008901057728333939,65.02534266424847,66.7715788633545,79.06690289378217,81.1792443881539,8.325835721803571,6.222202808244061,2.10363291355951,259.09238810013517,250.7665523783316,243.84829162597657,231.87115676879884,276.640956095097,224.77455904162173,250.70775756835937,0.20687990494004999,8.735857987725423,0.021741716870770894,0.8010915212838137,73.0,0.10854015812796951
2023-12-26,297.6932373046875,302.70758056640625,265.0900573730469,267.0721740722656,1941843757,0.10854015812796951,0.12636337840237208,0.11464966988365366,77.44375571892418,84.65931667409919,92.83202124698663,82.27370775295277,10.788377171833645,7.135437680961978,3.652939490871667,265.0309802854509,254.24260311361724,244.70946044921874,232.05604248046876,285.3758838415492,222.8665142297399,254.12119903564454,0.2459825069652743,10.798834073842134,0.031070715919508055,1.988248501897817,71.0,0.08368359683507016
2023-12-27,323.6773376464844,323.7694091796875,286.40338134765625,297.7483215332031,1893987416,0.08368359683507016,0.11544221199953725,0.08728481902060237,82.9698672749538,89.99278750977837,99.8988409459126,90.59925502889381,14.667580019814466,8.641866148732475,6.02571387108199,274.05349680253295,259.3859167827185,246.25510131835938,232.47898376464843,300.760708349048,216.5516802617919,258.65619430541994,0.32556354706055296,12.696490770855643,0.034865352737070206,1.8376214151174919,73.0,-0.00024205619452245512
2023-12-28,323.5989990234375,337.4258117675781,321.3273010253906,323.8037109375,1987714005,-0.00024205619452245512,0.049748332939131015,-0.00024202690128538595,82.90392242723505,89.88287244976863,86.79046917935523,93.17377712408484,17.53344036645308,10.420180992276595,7.113259374176483,281.6758817595952,264.1424413931421,247.78461547851563,232.91978477478028,312.55578952237056,213.22490048007077,262.8903450012207,0.37784152568189056,12.939492197379348,0.03499327737008293,1.825920329212786,73.0,-0.03049831542193194
2023-12-29,313.8787536621094,325.5014343261719,309.1914367675781,323.5130310058594,1415732360,-0.03049831542193194,0.05196273200495587,-0.030037933957342444,74.94442273256247,76.3786506522616,77.50417283176746,88.06449431901177,18.803557072272497,12.096856208275776,6.706700863996721,286.63016974459737,267.82661267232487,249.03197357177734,233.33392135620116,319.63423173641945,213.75747358584613,266.6958526611328,0.39699439302905737,13.180242580323235,0.036215213129622434,1.2679426286528475,65.0,0.010419146198316034
2023-12-30,317.16619873046875,320.111572265625,313.56005859375,313.8419494628906,901159404,0.010419146198316034,0.020656405689190565,0.010473614508799578,75.79097532713195,77.70059726705442,80.64485375044644,81.64649858718973,19.84662353302832,13.646809673226286,6.199813859802035,291.3280203578083,271.48139682478,250.35365020751954,233.70029968261719,326.30409036552305,214.83091940010198,270.5675048828125,0.4119976307343413,12.706761944005503,0.03620051323104987,0.7977615421670474,68.0,-0.015027236417411811
