Date,Close,High,Low,Open,Volume,Log_Return,Daily_Range,Price_Change,RSI_14,RSI_7,Stoch_K,Stoch_D,MACD,MACD_Sig,MACD_Hist,EMA_12,EMA_26,SMA_50,SMA_200,BB_Upper,BB_Lower,BB_Mid,BB_Width,ATR_14,Vol_20,Vol_Ratio,FearGreed_Score,Target
2021-02-11,47909.33203125,48463.46875,44187.76171875,44898.7109375,81388911810,0.06446761605839371,0.08924580765311169,0.0665910372634968,73.85511629097918,80.81153102678212,96.62084029141587,90.43011220079428,3336.159698448624,2102.4717888129862,1233.6879096356379,41275.87775763438,37939.718059185754,34725.5121875,19043.466420898436,47530.8771788108,26484.7874696267,37007.83232421875,0.5686928519563971,3195.477497264881,0.0527287197369008,1.1594509526338206,93.0,-0.008478464657924508
2021-02-12,47504.8515625,48745.734375,46424.9765625,47877.03515625,76555041196,-0.008478464657924508,0.048853069448005396,-0.008442623839676311,72.47618479062366,78.02750263991572,92.46834148026564,90.64290749660086,3585.9349530827385,2399.1644216669365,1186.770531415802,42234.1814199214,38648.24646683866,35200.890234375,19226.03631347656,48982.718544708885,26576.667002166112,37779.6927734375,0.5930713009475882,3132.9975197816752,0.05195506178708498,1.069113474762758,92.0,-0.008441745251820123
2021-02-13,47105.515625,48047.74609375,46392.28125,47491.203125,70250456155,-0.008441745251820123,0.035143758045849856,-0.008406213773231364,71.06544756855381,75.04942956909635,90.04453329659962,93.04457168942703,3708.906602547271,2661.1128578430034,1047.7937447042677,42983.61745147195,39274.71084892468,35649.7047265625,19406.999775390625,50125.58868524093,26915.41053350907,38520.499609375,0.6025409427992735,3027.4594714936984,0.05226542190312626,0.9664865864385925,92.0,0.033643879906238475
2021-02-14,48717.2890625,49487.640625,47114.5078125,47114.5078125,71248675228,0.033643879906238475,0.04871233309914842,0.03421623595697554,73.32252187129595,78.85045710822466,95.49591884020766,92.66959787235764,3891.559689278205,2907.202224130044,984.3574651481608,43865.7207762455,39974.161086967295,36095.309765625,19595.083881835937,51388.9726410063,27287.116226181202,39338.04443359375,0.6126856777415882,2981.3641521012914,0.05221341984413452,0.9726249486474126,95.0,-0.015978235928812496
2021-02-15,47945.05859375,48875.5703125,46347.4765625,48696.53515625,77069903166,-0.015978235928812496,0.052728974041332304,-0.01585126109458379,70.48553886900294,72.662850477985,90.35791127835851,91.96612113838859,3928.7132703861644,3111.5044333812684,817.2088370048959,44493.31120970773,40564.59793932157,36528.7650390625,19779.25310546875,52293.49214646168,27920.117619163324,40106.8048828125,0.6077116987632041,2948.9876948083424,0.05276536470569601,1.0401536192423024,93.0,0.0258352607407487
2021-02-16,49199.87109375,50341.1015625,47201.3046875,47944.45703125,77049582886,0.0258352607407487,0.06381717685839339,0.026171883752032166,72.35716261118006,76.2029842409984,92.33925292802562,92.73102768219725,4013.1495431016665,3291.8334553253485,721.316087776318,45217.397345714235,41204.24780261257,36971.0662890625,19968.635126953126,52995.5576524194,29094.78453508061,41045.17109375,0.5823041415212468,2962.6169219648896,0.04861096500118971,1.0298216900127817,95.0,0.058214152169521576
2021-02-17,52149.0078125,52533.9140625,49072.37890625,49207.27734375,80820545404,0.058214152169521576,0.06637777594342414,0.05994196027730325,76.18030624345506,82.43869634417968,97.62644041699647,93.44120154112686,4268.828189681037,3487.2324021964864,781.5957874845503,46283.79895598897,42014.97076630793,37466.7976953125,20170.58220214844,54328.07341039511,29630.5597927299,41979.3166015625,0.5883257665215529,2998.2539386995404,0.04642927924988007,1.0771255534029278,95.0,-0.009038226589304248
2021-02-18,51679.796875,52474.10546875,51015.765625,52140.97265625,52054723579,-0.009038226589304248,0.028218761139432207,-0.008997504596578998,74.41684010647805,78.61495305679651,94.61978588296027,94.86182640932743,4383.068670594432,3666.399655876076,716.6690147183558,47113.952481990666,42730.883811396234,37923.5745703125,20373.713115234375,55359.58842092286,30335.385797827134,42847.487109375,0.5840296435405299,2888.2600747745732,0.04694098133457681,0.7255868312629492,91.0,0.07828513543693166
2021-02-19,55888.1328125,56113.65234375,50937.27734375,51675.98046875,63495496918,0.07828513543693166,0.09262028877161282,0.08143096900475189,79.09171311469406,85.60259775197494,98.79191358644704,97.01271329546792,4758.331530477073,3884.7860307962756,873.5454996807975,48463.826378992104,43705.49484851503,38461.3028125,20596.92203613281,57011.78229967253,30845.05285657747,43928.417578125,0.5956674718946691,3051.696855147818,0.048348430487255616,0.8860755876671627,93.0,0.0037751835203801024
2021-02-20,56099.51953125,57505.2265625,54626.55859375,55887.3359375,68145460026,0.0037751835203801024,0.05131359399872311,0.0037823185014820293,79.2963642839547,85.87310653002295,92.99216396569274,95.46795447836666,5014.977651476547,4110.824354932331,904.1532965442166,49638.548402416396,44623.57075093985,38995.81015625,20821.390170898438,58197.493806839324,31957.857365035674,45077.6755859375,0.5820982581894575,3039.3376489765456,0.04663303680548767,0.9408616460215788,91.0,0.02535215971053203
2021-02-21,57539.9453125,58330.5703125,55672.609375,56068.56640625,51897585191,0.02535215971053203,0.04619331706112316,0.025676258785917394,80.6838073768815,87.70898875911708,96.09649751296362,95.96019168836779,5273.808690063306,4343.421221958526,930.38746810478,50854.14792704464,45580.33923698134,39504.0637109375,21050.35478515625,59346.60539517209,33209.02272982791,46277.8140625,0.5647972618163067,3012.0964552996493,0.04652349303187401,0.7212642282719148,91.0,-0.05966344725525414
2021-02-22,54207.3203125,57533.390625,48967.56640625,57532.73828125,92052420332,-0.05966344725525414,0.15801969492992543,-0.05791845963531039,69.13933690991536,64.93188461091088,71.46424853293453,86.85097000386362,5150.645729525138,4504.866123471849,645.7796060532892,51370.02060173008,46219.37487220494,39932.5696484375,21262.49251953125,59730.05401355466,34695.27723644534,47212.665625,0.5302555245652754,3409.2594875103887,0.04975740960208908,1.2540889053949669,94.0,-0.10458524450100902
2021-02-23,48824.42578125,54204.9296875,45290.58984375,54204.9296875,106102492824,-0.10458524450100902,0.18257951222384608,-0.09930198541853996,55.360774782533355,43.59710147888535,34.21088273722098,67.25720959437304,4566.049023140251,4517.10270340553,48.94631973472133,50978.390629348534,46412.34160620828,40269.6198828125,21448.60728515625,59482.42101307895,36078.143830671055,47780.282421875,0.4898312859635345,3802.6502718846464,0.05644337877470316,1.4025702247649132,94.0,0.017881495738120444
2021-02-24,49705.33203125,51290.13671875,47213.5,48835.0859375,63695521388,0.017881495738120444,0.08201608463629209,0.018042326886684945,56.87539019338954,46.92652006209759,39.01325734506743,48.22946287174097,4126.268637532259,4438.935890230876,-312.6672526986167,50782.5354604103,46656.26682287804,40583.8779296875,21638.363715820313,59025.15506750967,37813.33633874033,48419.245703125,0.43808651747336746,3822.220732375029,0.056064280445865276,0.8448635900935215,76.0,-0.053969759252051705
2021-02-25,47093.8515625,51948.96875,47093.8515625,49709.08203125,54506565949,-0.053969759252051705,0.10309450228458365,-0.052539242009451814,51.3165412286749,38.97033317909369,13.82871487477664,29.017618319021675,3526.3651226680886,4256.421736718318,-730.0566140502297,50215.045629962566,46688.68050729448,40789.2676953125,21815.45427734375,58401.96472879487,39331.48097433014,48866.7228515625,0.3902550169446232,3895.9990505982414,0.057936053976502755,0.7249475388408906,79.0,-0.016142075456887308
2021-02-26,46339.76171875,48370.78515625,44454.84375,47180.46484375,350967941479,-0.016142075456887308,0.08450499659486879,-0.016012490351298148,49.8028554798222,36.86471048329031,13.584283030224206,22.142085083356083,2956.0134340546356,3996.340076185582,-1040.3266421309463,49618.84810516063,46662.83467110599,40928.6420703125,21987.762529296873,57779.781469168505,40661.0392339565,49220.4103515625,0.34779763339922193,3897.4235045733667,0.05805848808256678,3.935985791561482,55.0,-0.0032705424799890207
2021-02-27,46188.453125,48253.26953125,45269.02734375,46344.7734375,45910946382,-0.0032705424799890207,0.06461013490587643,-0.003265200081699504,49.48742880200482,36.40425685745393,12.493827744380503,13.302275216460439,2463.3997339694033,3689.7520077423464,-1226.3522737729431,49091.09503128976,46627.69529732036,41036.4589453125,22161.65216796875,56884.161143165926,42285.16073183407,49584.6609375,0.29442573843014613,3832.196267639555,0.05797836514582381,0.5205941206755086,56.0,-0.02301047656676125
2021-02-28,45137.76953125,46716.4296875,43241.6171875,46194.015625,53443887451,-0.02301047656676125,0.07698237055320824,-0.022747754528746222,47.24955821013826,33.05906674490008,12.566493699343374,12.881534824649352,1965.5606824471251,3344.9137426833026,-1379.3530602361775,48482.89110820672,46517.330425759596,41134.1233984375,22329.41634277344,56943.23674507972,42120.215598670286,49531.726171875,0.2992631650868289,3806.668855665301,0.0437226691777896,0.6229736848706843,55.0,0.09490116032713884
2021-03-01,49631.2421875,49784.015625,45115.09375,45159.50390625,53891300112,0.09490116032713884,0.09407223493140583,0.09955017057586457,56.34231574788221,54.10243389538189,42.34637716127175,22.46889953499853,1911.5699487621823,3058.2449838990788,-1146.6750351368964,48659.560505021065,46747.99055625888,41359.6194140625,22518.651865234377,56967.41813295623,42411.047882668776,49689.2330078125,0.2929481774854281,3868.258357046351,0.048721623757260066,0.6423857528310226,38.0,-0.025554925208490772
2021-03-02,48378.98828125,50127.51171875,47228.84375,49612.10546875,47530897720,-0.025554925208490772,0.05991584511645156,-0.025231161886280384,53.57095007606399,49.08554829737175,34.04723343754174,29.653368099385613,1747.5903449633042,2796.114056111924,-1048.52371114862,48616.39554751782,46868.80520255452,41615.8660546875,22701.702451171874,56836.72467376438,42887.821810610614,49862.2732421875,0.2797486347123033,3799.001900739469,0.04840882938894579,0.5803250811443975,78.0,0.043664727693901485
2021-03-03,50538.2421875,52535.13671875,48274.3203125,48415.81640625,53220811975,0.043664727693901485,0.08430875752350285,0.04463205996986197,57.45679403179698,57.090037733502584,48.35739722665485,41.583669275156105,1771.4489117737103,2591.1810272442817,-819.7321154705714,48912.06426136123,47140.61534958752,41948.1716796875,22895.065170898437,56914.87848039622,43072.55901960378,49993.71875,0.27688117241313315,3831.9886511330783,0.04724414888901627,0.6611649537329765,78.0,-0.0399061221991278
2021-03-04,48561.16796875,51735.08984375,47656.9296875,50522.3046875,52343816680,-0.0399061221991278,0.08397986141672643,-0.039120359814156846,53.076513837477115,48.88089572081575,35.25460472427573,39.21974512949076,1612.2387468186425,2395.392571159154,-783.1538243405116,48858.08021634412,47245.841469525476,42173.0678515625,23078.4069921875,56906.77088861279,43186.29825201221,50046.5345703125,0.27415429968131166,3849.572330070001,0.04814850842549014,0.6601986336853168,84.0,0.007511420176535919
2021-03-05,48927.3046875,49396.4296875,46542.515625,48527.03125,48625928883,0.007511420176535919,0.058329680752455614,0.007539701660092213,53.7792662315053,50.42117946292002,37.68112640352576,40.43104278481877,1498.3358344969383,2215.9812238267114,-717.645389329773,48868.73013498349,47370.39430048655,42367.8673828125,23261.77150390625,56886.71802247341,43388.53002440159,50137.6240234375,0.2692227296563139,3778.45388238643,0.04811425373506774,0.6217853276415932,77.0,-0.0003050270395783075
2021-03-06,48912.3828125,49147.21875,47257.52734375,48899.23046875,34363564661,-0.0003050270395783075,0.0386342128023882,-0.0003049805235605385,53.74393926432109,50.349046188705195,37.58223369124556,36.83932160634901,1390.8302597776856,2050.951031016906,-660.1207712392206,48875.44593152449,47484.615671746804,42609.6076953125,23446.377250976562,56888.79266624786,43405.96475562714,50147.3787109375,0.26886406143657554,3643.5422769481133,0.04753061268502592,0.4500236161719464,77.0,0.0458396233606819
2021-03-07,51206.69140625,51384.3671875,48918.6796875,48918.6796875,43137459378,0.0458396233606819,0.04815166596955827,0.046906498146797926,58.281602090542,60.488626808693894,55.73188137625065,43.66508049034064,1473.7740960685478,1935.5156440272347,-461.74154795868685,49234.09908148226,47760.32498541371,42910.1787109375,23643.61929199219,56988.384095391404,43632.53660773359,50310.4603515625,0.26546860025388375,3559.8595696661055,0.04842477190986568,0.57776338359705,76.0,0.020103136515502152
2021-03-08,52246.5234375,52314.0703125,49506.0546875,51174.1171875,48597428048,0.020103136515502152,0.05374550190615255,0.020306565464276005,60.187832708486646,64.33932999710854,82.13672874872444,58.48361460540688,1604.9130005435145,1869.3951153304906,-264.4821147869761,49697.54898240806,48092.63598186454,43239.2836328125,23845.460048828125,57171.356971425186,43754.228966074814,50462.79296875,0.2658815974307877,3506.156430761384,0.048301122557979824,0.663534530122419,81.0,0.048156840253235314
2021-03-09,54824.1171875,54824.1171875,51981.83203125,52272.96875,50912227385,0.048156840253235314,0.051843701313589896,0.049335220420617,64.51610936902912,72.18028083387054,100.0,79.28953670832503,1894.9875638724188,1874.5136050388764,20.473958833542383,50486.25178319144,48591.26421931902,43603.1644921875,24061.61818847656,57536.92555727251,43656.171317727494,50596.5484375,0.274341919917549,3458.737054010571,0.04774523031158541,0.7096292760313558,81.0,0.021374179798027783
2021-03-10,56008.55078125,57258.25390625,53290.890625,54824.01171875,57295577614,0.021374179798027783,0.07083495691122497,0.021604243798385436,66.32767165260881,75.11375121111956,91.08414414901489,91.07362429924643,2195.143390895093,1938.63956221012,256.5038286849731,51335.83624443122,49140.69285353613,44001.9394140625,24283.25181640625,58134.510693936005,43491.46157168899,50812.9861328125,0.2881753314787234,3495.067498813387,0.04784256828317079,0.7956960271038209,68.0,0.031573000390297756
2021-03-11,57805.12109375,58091.0625,54484.59375,55963.1796875,56772343595,0.031573000390297756,0.06239012533424029,0.032076714848716215,68.9196211081511,79.02724569797493,98.07439671831176,96.38618028910888,2548.608483822878,2060.6333465326716,487.9751372902065,52331.110836634114,49782.502352811236,44447.0868359375,24513.95318359375,58537.3702001852,43280.3008935648,50908.835546875,0.29969393608644307,3503.024731041002,0.045087194279485744,0.7921275581483067,73.0,-0.008216872853115568
2021-03-12,57332.08984375,57996.62109375,55376.6484375,57821.21875,55689944702,-0.008216872853115568,0.04569818863031754,-0.008183206626845796,67.44748011410266,75.3856928110594,94.88888210786493,94.68247432506386,2758.7611665005097,2200.258910526239,558.5022559742706,53100.49222234425,50341.73105584374,44977.2146484375,24741.740654296875,58783.42430611684,43157.50381888317,50970.4640625,0.3065681424456556,3439.9495828416443,0.0451376635643379,0.7838362395912845,70.0,0.06599046126171279
2021-03-13,61243.0859375,61683.86328125,56217.97265625,57343.37109375,60669829814,0.06599046126171279,0.08924910528803315,0.06821652767950437,72.64931905606537,82.95976807439682,97.60995845349132,96.85774575988933,3203.960122897508,2400.999153000493,802.9609698970148,54353.198947752826,51149.23882485532,45541.9611328125,24991.12541015625,59721.77253544056,42589.46965205944,51155.62109375,0.3349055786456727,3584.6596572815265,0.0471570053541179,0.8486887923259929,74.0,-0.03220259265928875
2021-03-14,59302.31640625,61597.91796875,59302.31640625,61221.1328125,43901225564,-0.03220259265928875,0.03871014998426034,-0.031689610370558396,66.93339549439847,70.41554133651701,85.62629004822467,92.70837686986029,3361.4311361242435,2593.0855496252434,768.3455864990001,55114.60163367547,51753.170497551226,46086.654609375,25230.19517578125,60604.418752817095,42216.3230440579,51410.3708984375,0.3576728855951137,3492.5840790828456,0.04560711937744996,0.6355221518566037,78.0,-0.05895520841682183
2021-03-15,55907.19921875,60540.9921875,55393.1640625,59267.4296875,66419369890,-0.05895520841682183,0.0920780900659666,-0.05725100456855314,58.29294565854091,53.809593462117796,61.84841538781044,81.69488796317547,3175.6633949358,2709.6011186873548,466.0622762484454,55236.53972368693,52060.87632875113,46559.011015625,25453.114184570313,61077.711474684824,42451.30766594017,51764.5095703125,0.35982962001106444,3610.8157966483564,0.04074555839151816,0.9899327630876613,76.0,0.015929471547609108
2021-03-16,56804.90234375,56833.1796875,53555.02734375,55840.78515625,59749798599,0.015929471547609108,0.05770896891807932,0.01605702194966918,59.77167305233606,56.9419706661342,67.77723457471716,71.75064667025076,3065.5406174242235,2780.789018434729,284.7515989894946,55477.826280619716,52412.28566319549,47047.7812109375,25679.426196289063,61630.78453594951,42608.19163592548,52119.4880859375,0.36498042476277825,3587.054121441331,0.0407198789515613,0.8931538537427018,71.0,0.03572418708035779
2021-03-17,58870.89453125,58969.81640625,54528.62890625,56825.828125,60258313191,0.03572418708035779,0.07543944312995818,0.036369962842253134,63.02114423906236,63.57438811867769,81.42193935531972,70.34919643928244,3109.1356458134396,2846.4583439104713,262.67730190296834,55999.83678071668,52890.70113490324,47573.802109375,25916.246342773436,62359.385051075056,43057.29541767494,52708.340234375,0.3662056051769165,3648.0636484812358,0.038571728865482074,0.896899546112352,71.0,-0.017339151916613386
2021-03-18,57858.921875,60116.25,54253.578125,58893.078125,55746041000,-0.017339151916613386,0.10132701552348101,-0.017189693893861602,60.44559326217023,58.431015038017996,74.73843482702709,74.64586958568799,3027.1323861233614,2882.5931523530494,144.53923377031197,56285.849872144885,53258.717486021524,48122.329609375,26146.98342285156,62718.79321183544,43849.80327253956,53284.2982421875,0.3541191413187549,3806.2499503754334,0.03861722706286312,1.0633679824099531,72.0,0.008394319050580128
2021-03-19,58346.65234375,59498.375,56643.703125,57850.44140625,49063873786,0.008394319050580128,0.048926061056282485,0.008429650137686817,61.26718992162848,60.239741675968546,76.86723120854816,77.67586846363166,2967.2948566810155,2899.5334932186424,67.76136346237308,56602.89640623798,53635.601549556966,48619.940703125,26380.312583007813,62979.93396232255,44804.48244392745,53892.208203125,0.3372556464914194,3738.280087848617,0.038476589300905605,0.9330982181924222,71.0,-0.0005658791253751102
2021-03-20,58313.64453125,60031.28515625,58213.296875,58332.26171875,50361731222,-0.0005658791253751102,0.031176036000901106,-0.0005657190459794625,61.17458025350808,60.033497919727516,73.59835269701799,75.06800624419775,2883.965173566008,2896.4198292881156,-12.454655722107418,56866.0884254706,53982.123251904595,49099.885859375,26612.028413085936,62883.61878117098,46218.38512507902,54551.001953125,0.305498213770889,3601.116387377287,0.037731525988280855,0.9605962510982131,75.0,-0.013643904139846409
2021-03-21,57523.421875,58767.8984375,56005.6171875,58309.9140625,51943414539,-0.013643904139846409,0.04802011354613977,-0.013551247955811196,58.879947454835396,54.793773544140436,65.83587782464197,72.1004872434027,2722.7749800449383,2861.69085943948,-138.91587939454166,56967.21664847512,54244.44166843018,49564.963828125,26842.5753515625,63053.37801659993,46837.843858400076,54945.6109375,0.29511973534419034,3541.199591850338,0.03278361131410485,0.9926091335067416,73.0,-0.05345688104443306
2021-03-22,54529.14453125,58471.48046875,54288.15625,57517.890625,56521454974,-0.05345688104443306,0.07671721709025871,-0.05205318540083803,51.06395895544133,39.538390495576785,26.255455526387838,55.22989534934925,2326.597861060691,2754.672259763722,-428.0743987030314,56592.128630440486,54265.530769379795,49993.25953125,27063.99458984375,62787.58787672248,47718.649623277524,55253.11875,0.2727255690602072,3587.0656366288854,0.03479106817959432,1.0708936702520422,70.0,0.0038401154329438564
2021-03-23,54738.9453125,55985.44140625,53470.6953125,54511.66015625,56435023914,0.0038401154329438564,0.045940711487836086,0.0038474981233158623,51.54926602593987,40.88381754161439,17.25318009253463,36.4481711478548,2006.4249912888554,2605.0228060687487,-598.5978147798933,56307.02350460349,54300.59851331463,50417.294921875,27285.130249023438,62688.0157470698,48238.2920654302,55463.15390625,0.2605283447469312,3510.471383566108,0.033641584684790324,1.0660101610360826,66.0,-0.036551757777657644
2021-03-24,52774.265625,57262.3828125,52514.33203125,54710.48828125,70567223787,-0.036551757777657644,0.0899690545196478,-0.035891807492523076,46.86240871613613,32.88820020729983,2.8347533441254154,15.447796321015952,1575.98547447288,2399.215339749575,-823.2298652766949,55763.5222923568,54187.53681788392,50762.574453125,27498.153740234375,62302.509171629375,49045.10840649563,55673.8087890625,0.2381263479810322,3598.869911972101,0.03341883729760217,1.3104018925856875,65.0,-0.020485432915556448
2021-03-25,51704.16015625,53392.38671875,50856.5703125,52726.74609375,67999812841,-0.020485432915556448,0.04904472674126727,-0.020277031922222966,44.4897321103594,29.252819419551344,7.828271075663462,9.305401504107827,1135.4220495518384,2146.4566817100276,-1011.0346321581892,55139.005040648066,54003.58299109623,51047.215859375,27705.272783203123,61969.852065489744,49655.45105951026,55812.6515625,0.22063816466755026,3522.9375187062365,0.03385458667616079,1.240413387391359,60.0,0.06428841931989358
2021-03-26,55137.3125,55137.3125,51579.85546875,51683.01171875,56652197978,0.06428841931989358,0.0645199569937327,0.06639992475218648,52.754417464670546,49.95728231305676,39.53658776810772,16.733204062632193,1051.181695060397,1927.4016843801016,-876.2199893197046,55138.74464977913,54087.562954718735,51411.44078125,27929.11152832031,61424.095717084696,50823.70037666531,56123.898046875,0.18887489481870767,3525.403198173648,0.036522701737166104,1.012827157377948,54.0,0.015051908974823298
2021-03-27,55973.51171875,56568.21484375,54242.91015625,55137.56640625,47266542233,0.015051908974823298,0.04154294801412415,0.015165759461888806,54.53015132186507,53.79936125004429,47.637797136867064,31.667551993546073,1039.9074895322265,1749.9028454105269,-709.9953558783004,55267.17035269772,54227.262863165495,51768.02484375,28158.32150390625,61161.57324179984,51562.90488320016,56362.2390625,0.1703031767058745,3439.6818759826733,0.03538581826846379,0.8419230183311628,65.0,-0.0004068041327035923
2021-03-28,55950.74609375,56610.3125,55071.11328125,55974.94140625,47686580918,-0.0004068041327035923,0.02750989622499309,-0.0004067213991215679,54.47012668295858,53.66848484989961,52.60175410574005,46.592046336904936,1017.4075636679117,1603.4037890620039,-585.9962253940921,55372.33585132115,54354.92828765324,52101.71953125,28386.86349609375,60968.13319471624,52126.76719590876,56547.4501953125,0.15635304453639864,3303.9331147517682,0.035205052478442224,0.8500944547309154,74.0,0.03165502939331705
2021-03-29,57750.19921875,58342.09765625,55139.33984375,55947.8984375,57625587027,0.03165502939331705,0.05545881842534228,0.03216137854506651,58.37077521834468,62.15773121513464,74.44781179154585,58.22912101138431,1131.731146666898,1509.0692605829827,-377.3381139160847,55738.16098477175,54606.42983810485,52478.6546875,28623.798798828124,61070.0728789933,52317.4357147567,56693.754296875,0.1543845044800473,3296.7063074480707,0.034282800359146,1.0211636589441628,72.0,0.020014609919984168
2021-03-30,58917.69140625,59447.22265625,57251.55078125,57750.1328125,54414116432,0.020014609919984168,0.037266766952227914,0.020216245195582738,60.72196793255118,66.76691036054191,87.05615491896572,71.3685736054172,1301.5369642966762,1467.5628013257215,-166.0258370290453,56227.31951115302,54925.782546856346,52733.07921875,28866.38268066406,61307.18758389894,52371.23507235105,56839.211328125,0.15721457604261707,3218.060990844637,0.03424494087693787,0.9667223780988098,72.0,1.935944759335448e-05
2021-03-31,58918.83203125,59930.02734375,57726.41796875,58930.27734375,65520826225,1.935944759335448e-05,0.03740076473055722,1.9359634988669328e-05,60.72430186027953,66.77152345710002,87.06847310964287,82.85747994005146,1419.834370253935,1458.0171151113643,-38.18274485742927,56641.39836039871,55221.56399014477,52981.83375,29108.765986328126,61436.78815731224,52353.005592687754,56894.896875,0.15965900394514934,3145.600161141449,0.03355650869139745,1.1550680612675779,76.0,0.0029992328786879927
2021-04-01,59095.80859375,59586.0703125,58505.27734375,58926.5625,61669163792,0.0029992328786879927,0.018288826136212733,0.0030037350775407035,61.11042729240574,67.585991825475,89.80375326719538,87.97612709860131,1510.4548628671328,1468.504664662518,41.95019820461471,57018.999934760446,55508.54507189331,53265.38625,29352.62625,61622.9367242535,52343.22890074649,56983.0828125,0.16285022440855693,2998.113933113488,0.03348882802189427,1.0814672676826014,74.0,0.004870090844088338
2021-04-02,59384.3125,60267.1875,58869.28125,59098.87890625,58727860620,0.004870090844088338,0.02353999214859985,0.004881969011259368,61.77024898442818,69.02973976889564,90.61830927335232,89.16351188339684,1587.255220109757,1492.254775751966,95.00044435779091,57382.89417556653,55795.63895545677,53494.885859375,29596.143623046875,61251.03274421476,52529.25553703524,56890.144140625,0.15330910720880625,2883.8133843196674,0.02989095440208516,1.0316434778631185,74.0,-0.030439981167968613
2021-04-03,57603.890625,60110.26953125,57603.890625,59397.41015625,59641344484,-0.030439981167968613,0.04351058373064536,-0.029981350293480258,55.51092036633597,52.2681916083875,71.6990201393207,84.04036089328946,1487.3101057544409,1491.265841752461,-3.9557359980201454,57416.893629325525,55929.583523571084,53696.866640625,29830.1783203125,61039.213252184156,52571.23245094085,56805.2228515625,0.1490704617667103,2856.8537787432624,0.029798248453910704,1.0334034523639577,73.0,0.019846643132378484
2021-04-04,58758.5546875,58913.74609375,57168.67578125,57604.83984375,50749662970,0.019846643132378484,0.02969899994615146,0.0200448971410081,58.451425487378906,59.67645069361062,83.96882178457012,82.09538373241438,1484.1660797694567,1489.8458893558602,-5.679809586403508,57623.30302289083,56139.136943121375,53929.927421875,30069.096567382814,61242.809157638025,52652.77209236198,56947.790625,0.1508405676673439,2777.4406740116005,0.02685972048363317,0.8914392682288524,74.0,0.005081207326213134
2021-04-05,59057.87890625,59891.296875,57694.82421875,58760.875,60706272115,0.005081207326213134,0.03719186494551789,0.005094138552963257,59.204182909849095,61.484366959507426,87.14952941283906,80.93912377890994,1488.6669534448083,1489.61010217365,-0.9431487288416065,57844.007004946085,56355.340051501276,54136.73921875,30309.641010742187,61451.66209158713,52669.21681466287,57060.439453125,0.15391478511375678,2735.9429584572003,0.026682930314270107,1.065436301448424,71.0,-0.01476389754962159
2021-04-06,58192.359375,59479.578125,57646.80859375,59171.93359375,66058027988,-0.01476389754962159,0.03149502015272086,-0.014655445594718208,56.04237729593912,53.40651961546142,77.9522630273818,83.02353807493031,1406.184120316444,1472.9249058022087,-66.74078548576472,57897.59967726207,56491.41555694563,54341.685234375,30545.87987792969,61371.50189954367,52681.52349108133,57026.5126953125,0.15238488200904213,2671.430570799543,0.025688697597640905,1.153492612286397,75.0,-0.037528870853164246
2021-04-07,56048.9375,58731.14453125,55604.0234375,58186.5078125,75645303584,-0.037528870853164246,0.055792691766012516,-0.036833390122360865,49.055460085337565,38.712031208571105,55.17562859104452,73.42580701042179,1154.5507069501618,1409.2500660317994,-254.69935908163757,57613.190111529446,56458.639404579284,54478.6665625,30770.65283203125,61283.279329316436,52588.74762380856,56936.0134765625,0.15270706841965587,2703.979893867433,0.026756462846622867,1.298346495411938,72.0,0.03978767570422682
2021-04-08,58323.953125,58338.73828125,55879.0859375,56099.9140625,53053855641,0.03978767570422682,0.04217225019844709,0.04058980823677527,55.40979274459167,54.28689960962964,77.6314020459928,70.25309788813969,1125.727476170876,1352.5455480596147,-226.8180718887388,57722.53826744799,56596.810791277116,54602.16546875,31007.581240234376,61280.68225403658,52589.07477721342,56934.878515625,0.15265875160228662,2686.527926001902,0.02825201532792047,0.9074883385017425,73.0,-0.001354549836114697
2021-04-09,58245.00390625,58937.046875,57807.86328125,58326.5625,46655208546,-0.001354549836114697,0.019386788874930998,-0.0013536328475677317,55.152701534011484,53.73404752019728,66.43276067215012,66.41326376972914,1084.018426330469,1298.8401237137857,-214.82169738331663,57802.91759649446,56718.89917016399,54733.469609375,31246.4949609375,61272.99569866495,52589.89727008506,56931.446484375,0.15251849311369584,2575.2890451267663,0.02825336852690598,0.8005770601895434,70.0,0.026234198096664975
2021-04-10,59793.234375,61276.6640625,58038.70703125,58253.77734375,58238470525,0.026234198096664975,0.05415256533779036,0.026581343719059625,59.155021722629776,62.476802677647036,76.095116456348,73.38642639149695,1162.492473947459,1271.5705937605205,-109.07811981306145,58109.120177803,56946.62770385554,54811.571640625,31492.768833007813,61557.74201384567,52532.13220490433,57044.937109375,0.15821929633538043,2622.622472706997,0.028648564305109196,0.9939708842218159,70.0,0.006862304387402612
2021-04-11,60204.96484375,60790.5546875,59289.796875,59846.23046875,46280252580,0.006862304387402612,0.02492747593815424,0.006885903949730876,60.1729467617189,64.55490595800913,82.53800548004493,75.02196086951433,1243.571808203531,1265.9708366491227,-22.39902844559174,58431.55781871792,57187.98601051439,54893.680546875,31742.562724609375,61886.64117164654,52770.815078353466,57328.728125,0.159009738946534,2542.4892826922114,0.025513835496638368,0.7968408773949041,76.0,-0.005187618998143358
2021-04-12,59893.453125,61253.03515625,59589.875,60175.9453125,51828688519,-0.005187618998143358,0.027768646980145213,-0.005174186540237491,58.97539565414097,61.54622007626305,75.61610140779895,78.08307444806395,1268.0738069574,1266.3914307107782,1.6823762466217431,58656.46478891517,57388.39098195777,54940.750703125,31988.229658203127,62112.273849535784,53060.63318171421,57586.453515625,0.15718350610644186,2479.680059374911,0.025614184304013167,0.8959251672236858,74.0,0.05852714345026763
2021-04-13,63503.45703125,63742.28515625,59869.95703125,59890.01953125,69983454362,0.05852714345026763,0.06097822553336633,0.06027376479221824,67.13763849588304,76.41055308160293,97.06536686514079,85.07315791766155,1560.7970656596299,1325.2725577005485,235.52450795908135,59402.155903120525,57841.358837460895,55126.6734375,32252.283359375,62781.52338026015,53464.30279161485,58122.9130859375,0.16030202365922963,2579.1549212052746,0.026405149158513382,1.210364215249058,74.0,-0.006219938149170958
2021-04-14,63109.6953125,64863.09765625,61554.796875,63523.75390625,77451779687,-0.006219938149170958,0.05242143485035543,-0.00620063437737306,65.60440390827515,72.82811990518276,81.06287624091738,84.58144817128569,1740.9405977265124,1408.4061657057414,332.53443202077096,59972.546581486604,58231.60598376009,55412.378828125,32514.078217773436,62832.67158823468,54553.708099265314,58693.18984375,0.14105492495823113,2631.236768351326,0.0257439345208131,1.3286689451266303,75.0,0.003232251116976691
2021-04-15,63314.01171875,63821.671875,62208.96484375,63075.1953125,60954381579,0.003232251116976691,0.025471566047873855,0.003237480473297971,66.03780768928743,73.57802544794895,83.26953752716402,87.13259354440738,1878.53765841735,1502.4324642480633,376.10519416928673,60486.618141065584,58608.080482648234,55684.552421875,32776.771928710936,63369.139899821406,54834.90970955359,59102.0248046875,0.14439827093015176,2558.48464427266,0.022361123638594115,1.0418151033327108,79.0,-0.027886621874568536
2021-04-16,61572.7890625,63594.72265625,60222.53125,63258.50390625,84293007468,-0.027886621874568536,0.05476755978727921,-0.027501379378466195,59.19250966466571,57.73540697303131,64.4639570218911,76.26545692999082,1826.0328341475833,1567.1525382279674,258.88029591961595,60653.721359747804,58827.68852560022,55974.131171875,33031.08761230469,63524.23064273542,55239.74670101458,59381.988671875,0.1395117295161354,2616.60655584247,0.0235674273211365,1.3965231197021326,78.0,-0.014542926101405163
2021-04-17,60683.8203125,62572.17578125,60361.3515625,61529.921875,66138759198,-0.014542926101405163,0.03643185625698984,-0.014437688523377457,56.00088736570749,51.17252416639588,54.86290265082016,67.53213239995841,1693.1721987892379,1592.3564703402214,100.81572844901643,60658.35196786352,58965.17976907428,56261.01234375,33280.283510742185,63481.07900076166,55756.205764863334,59618.6423828125,0.1295714381803054,2587.6221031930077,0.023939797901945403,1.0792561239780845,76.0,-0.07647243109811933
2021-04-18,56216.18359375,61057.45703125,52829.53515625,60701.88671875,97468872758,-0.07647243109811933,0.14636215674937356,-0.0736215468265391,43.35025051349393,30.706856317925087,28.143356861278612,49.15673884466329,1213.3910260151679,1516.563381475211,-303.17235546004304,59974.94144876913,58761.550422753964,56461.566953125,33507.44197265625,63605.43932877787,55478.44387434713,59541.9416015625,0.1364919456072536,2990.5006583220784,0.029045002946029227,1.5404261777997579,79.0,-0.008788979117796622
2021-04-19,55724.265625,57520.0546875,54368.59375,56191.5859375,65344865159,-0.008788979117796622,0.056554553068639025,-0.008750468945115109,42.21933949992596,29.20638232519029,24.05547375309681,35.687244421731855,784.424958374344,1370.1356968550376,-585.7107384806936,59320.99132203542,58536.56636366108,56673.296875,33732.966040039064,63769.413620851796,54995.1270041482,59382.2703125,0.14775936606210568,3001.9978211205016,0.028641399523904376,1.0238851497555161,74.0,0.013347500558966063
2021-04-20,56473.03125,57062.1484375,53448.046875,55681.79296875,67849323955,0.013347500558966063,0.06399694655136827,0.013436976092944253,44.58891929118861,34.85897515741564,30.27778427003641,27.492204961470602,499.13170784806425,1195.934899053643,-696.8031912055787,58882.843618645355,58383.71191079729,56810.13265625,33962.45132324219,63824.73507187409,54695.2254750009,59259.9802734375,0.15405859999864652,3045.719516933323,0.02886430230782878,1.061191494720802,73.0,-0.04651974554182734
2021-04-21,53906.08984375,56757.97265625,53695.46875,56471.12890625,54926612466,-0.04651974554182734,0.056811835455453166,-0.045454287638402646,38.725621263177715,26.421273123990915,8.946267470667976,21.09317516460039,65.15298961125518,969.7785171651655,-904.6255275539103,58117.18919173838,58052.03620212712,56920.6746875,34179.23512695313,64128.36842188643,53872.62024998858,59000.4943359375,0.17382478379763378,3046.9184018845144,0.030480664665953266,0.8636286951289981,73.0,-0.040581883746807136
2021-04-22,51762.2734375,55410.23046875,50583.8125,53857.10546875,74798630778,-0.040581883746807136,0.09324200133090416,-0.0397694659817468,34.62996589739639,21.37910319618517,8.252940708199185,15.825664149634513,-446.6180042593114,686.4992128802701,-1133.1172171395815,57139.50984493247,57586.127849191784,56945.1553125,34384.69857910156,64632.96394428464,52605.820821340356,58619.3923828125,0.20517345257353267,3174.0255138034777,0.03141776735438911,1.1614092105597391,65.0,-0.013001302685204313
2021-04-23,51093.65234375,52120.79296875,47714.6640625,51739.80859375,86668667320,-0.013001302685204313,0.08623632690429454,-0.012917150838772984,33.442025233921896,19.990952851183252,19.704355285730134,12.301187821532423,-895.8258160039477,370.0342071034266,-1265.8600231073742,56209.37792167363,57105.20373767758,56995.805,34586.20014160156,65139.339895497455,51448.42104200255,58293.88046875,0.23486031026591703,3262.0328989782292,0.030967924487027176,1.318060319860917,55.0,-0.020620437180110716
2021-04-24,50050.8671875,51167.5625,48805.28515625,51143.2265625,49014494781,-0.020620437180110716,0.04719753076206378,-0.02040928977310741,31.620199863910287,17.878706044860422,13.623419959776756,13.860238651235349,-1320.7455577155124,31.878254139638784,-1352.6238118551512,55261.91473180076,56582.66028951627,57018.27625,34783.432446289065,65581.7302422352,50135.261945264814,57858.49609375,0.2669697510274371,3197.764645033356,0.03050914228482763,0.7463990794654143,37.0,-0.02113272327896639
2021-04-25,49004.25390625,50506.01953125,47159.484375,50052.83203125,46117114240,-0.02113272327896639,0.0682907072241576,-0.02091099195802515,29.861843586940765,15.910247417671712,10.420299528366936,14.582691591291267,-1722.0991720027523,-318.91723108883946,-1403.181940913913,54299.197681716025,56021.29685371878,57020.113671875,34975.10887207031,65959.84930862277,48751.78037887723,57355.81484375,0.30002309228147395,3208.391110120259,0.03047975940562193,0.7101661166587452,31.0,0.09747970680195452
2021-04-26,54021.75390625,54288.00390625,48852.796875,49077.79296875,58284039825,0.09747970680195452,0.10061145072561553,0.10238907033660749,45.50668923892956,47.95775045853682,38.761971481369116,20.935230323170927,-1616.6685373616638,-578.4674923434044,-1038.2010450182593,54256.51402395202,55873.18256131368,57076.414921875,35190.63921386719,65861.56599160012,48433.00314902487,57147.2845703125,0.30497622019348275,3367.449390200955,0.03866201429547913,0.9029315291932173,27.0,0.01854831914865377
2021-04-27,55033.1171875,55416.96484375,53319.1875,54030.3046875,49448222757,0.01854831914865377,0.038118453959327614,0.018721407731506323,48.02337779073956,52.23828156379853,44.4747221226246,31.218997710786876,-1434.964062858111,-749.7668064463458,-685.1972564117652,54375.99143372863,55810.95549658674,57132.146796875,35410.48250976563,65847.55344863536,48345.43366073965,57096.4935546875,0.3065358080375292,3276.7585297401724,0.038110433509687416,0.7819145081850379,50.0,-0.0037942553737364284
2021-04-28,54824.703125,56227.20703125,53887.91796875,55036.63671875,48000572955,-0.0037942553737364284,0.04266852220187011,-0.003787066282106566,47.53616915280324,51.225320144811434,46.00367598792175,43.08012319730515,-1292.875763741562,-858.3885979053891,-434.48716583617284,54445.02400161653,55737.899765358095,57132.158515625,35628.12421875,65707.28524620523,48135.77686316977,56921.5310546875,0.30869704411417864,3209.796424937303,0.036886992499489006,0.7620678307471368,59.0,-0.023429673825133245
2021-04-29,53555.109375,55115.84375,52418.02734375,54858.08984375,46088929780,-0.023429673825133245,0.05037458494127107,-0.02315733013830157,44.56979868710607,45.02088063536447,38.91409963490699,43.13083258181777,-1268.0975292343937,-940.3303841711901,-327.76714506320366,54308.11405906014,55576.211588294536,57083.0896875,35838.97885742188,65568.80239766085,47805.27025858915,56687.036328125,0.3133614542176799,3173.2264236024957,0.037161468562728936,0.7320472249035378,52.0,0.07541518772096198
2021-04-30,57750.17578125,57900.71875,53129.6015625,53568.6640625,52395931985,0.07541518772096198,0.08261649636483114,0.07833176806484676,54.64179988733171,62.5206074932059,68.71409494356949,51.21062352213274,-899.5839566377836,-932.1810986645089,32.59714202672535,54837.66201632012,55737.245972957906,57081.99078125,36069.952919921874,65367.8434614151,47801.923335459906,56584.8833984375,0.31043485593610404,3287.3614781666033,0.04073641800300015,0.8361031169924393,51.0,0.0013475723603123622
2021-05-01,57828.05078125,58448.33984375,57052.2734375,57714.6640625,42836427360,0.0013475723603123622,0.024141681889486347,0.0013484807439372304,54.80597007133943,62.77720268130233,76.76347241518195,61.46388899788614,-594.3985768924322,-864.6245943100937,270.2260174176615,55297.72182630933,55892.12040320176,57091.91,36301.96367675781,65113.11728078256,47818.958109842446,56466.0376953125,0.3062754157509404,3152.268973029703,0.040693779954844245,0.685441633883936,68.0,-0.020916047590224387
2021-05-02,56631.078125,57902.59375,56141.90625,57825.86328125,38177405335,-0.020916047590224387,0.031090481733610825,-0.020698824187899145,51.70806832546282,55.91283641215116,83.90216152752974,76.45990962876039,-444.0044476544208,-780.5005649789592,336.49611732453843,55502.853564569436,55946.858012223856,56999.66984375,36527.97153320313,64807.127715927265,47798.710174697735,56302.9189453125,0.302087668984799,3052.870296384724,0.04090974394254806,0.6176366919905735,66.0,0.010001102205402288
2021-05-03,57200.29296875,58973.30859375,56590.87109375,56620.2734375,51713139031,0.010001102205402288,0.0416507919164258,0.010051280367532334,53.066687222487715,58.434407637404085,84.99202635683368,81.88588676651511,-275.706957751092,-679.5418435333858,403.8348857822938,55763.99808828952,56039.70504604061,56957.629375,36756.49625,63843.699535507745,48131.821948867255,55987.7607421875,0.28063057672534114,3004.9822395001006,0.03844586189892205,0.8491685180631563,61.0,-0.06999363622377694
2021-05-04,53333.5390625,57214.1796875,53191.42578125,57214.1796875,68564706967,-0.06999363622377694,0.07542634479095515,-0.06760024652955021,44.00896102314253,40.20835868846158,52.26127097524451,73.71848628653596,-449.1669914279555,-633.4668731122997,184.2998816843442,55390.08131509113,55839.24830651908,56906.156171875,36966.553330078124,62711.763072369205,48286.14278700579,55498.9529296875,0.259925990020739,3077.680215696522,0.04108656360545554,1.134159429338864,68.0,0.07389708647447689
2021-05-05,57424.0078125,57911.36328125,52969.0546875,53252.1640625,69241316747,0.07389708647447689,0.08606693928239129,0.07669599321369813,53.12400802436383,56.827385051951836,86.88569634554857,74.71299789254225,-253.64481563144363,-557.5024616161285,303.85764598468484,55702.99308392326,55956.637899554706,56918.53828125,37196.88286132812,61545.10310947716,48863.80235927284,55204.452734375,0.22971517915814532,3210.8679569860556,0.04499357697353368,1.1375548525912158,48.0,-0.018055093557641698
2021-05-06,56396.515625,58363.31640625,55382.5078125,57441.30859375,69523285106,-0.018055093557641698,0.05285448153517906,-0.01789307689659958,50.883198598696,52.54716013913762,78.18832478766434,72.4450973694858,-179.5325752993449,-481.9084843527718,302.3759090534269,55809.688859473536,55989.22143477288,56869.050703125,37421.44864257812,60612.116838129514,49279.16128687048,54945.6390625,0.2062575983212777,3194.435145326337,0.04478222529509466,1.156215015505599,65.0,0.016877096781434925
2021-05-07,57356.40234375,58606.6328125,55321.84765625,56413.953125,68434023376,0.016877096781434925,0.057269720938275266,0.017020319573156195,52.8826951840862,56.14710180136252,86.31343906883454,83.79582006734914,-42.84931456566119,-394.0966503953497,351.2473358296885,56047.64478013145,56090.49409469711,56859.0003125,37649.52046875,59934.38837472588,49624.14795339912,54779.2681640625,0.1882142782639566,3200.88871753517,0.044958104900317014,1.135931902532719,64.0,0.024921619702789645
2021-05-08,58803.77734375,59464.61328125,56975.2109375,57352.765625,65382980634,0.024921619702789645,0.04233405499101985,0.02523475916996243,55.80426783632546,61.31048559652376,94.62958947821872,86.3771177782392,180.18713546290383,-279.239893223699,459.42702868660285,56471.665174534304,56291.4780390714,56868.1428125,37883.95768066406,60324.7994012611,49492.496301863895,54908.6478515625,0.19727863502814263,3150.068262264801,0.041823059148201905,1.1149792743268367,67.0,-0.009765628034028508
2021-05-09,58232.31640625,59210.8828125,56482.00390625,58877.390625,65906690347,-0.009765628034028508,0.046861932937929854,-0.009718099130935132,54.37078653649903,58.15631444894344,88.38750287581098,89.7768438076214,307.29075075066066,-161.93376442882712,469.22451517948775,56742.53459479826,56435.243844047596,56866.51625,38111.00081542969,60632.98801162986,49435.112769620144,55034.050390625,0.20347176270924197,3119.9833082637438,0.04183719445457091,1.123371980553923,73.0,-0.041595541159714526
2021-05-10,55859.796875,59519.35546875,54071.45703125,58250.87109375,71776546298,-0.041595541159714526,0.09752807461314278,-0.04074231762821234,48.76958027434723,46.55543477268532,48.46656105262,77.16121780221656,214.11064911571157,-86.72488171991938,300.83553083563095,56606.72879175237,56392.61814263666,56833.24375,38325.47034179688,60577.128905190395,49429.648438559605,55003.388671875,0.2026689761449344,3286.2629603520477,0.042858179706137346,1.2193419224669002,72.0,0.015009957344289306
2021-05-11,56704.57421875,56872.54296875,54608.65234375,55847.2421875,61308396325,0.015009957344289306,0.03992430339511163,0.01512317249631967,50.71644218008588,50.64523753140582,60.362608226894174,65.73889071844171,206.05593424085237,-28.16871852776503,234.2246527686174,56621.78193436739,56415.72600012654,56876.75234375,38544.335517578125,60740.299450359256,49546.32633089074,55143.312890625,0.20299783478137057,3213.2363649697586,0.04157348883102077,1.0358934424211637,61.0,-0.142967146773037
2021-05-12,49150.53515625,57939.36328125,49150.53515625,56714.53125,75215403907,-0.142967146773037,0.17881449504181868,-0.1332174549686006,37.128898567189516,28.162367942918195,0.0,36.27638975983805,-405.2043622763813,-103.57584727748828,-301.628514998893,55472.35935311856,55877.56371539494,56764.984140625,38724.547880859376,61025.582054946135,48999.86989817886,55012.7259765625,0.21859873226225293,3611.4929192576333,0.05212611709112182,1.270425001366502,68.0,0.011442928110092723
2021-05-13,49716.19140625,51330.84375,46980.01953125,49735.43359375,96721152926,0.011442928110092723,0.08751322447847529,0.011508648851976444,38.458490475039255,30.844380212672576,21.82070795963951,27.394438728844552,-834.3707129690738,-249.73482041580542,-584.6358925532684,54586.79505360032,55421.16576656939,56703.82265625,38907.97296875,61162.7187664807,48724.9870928943,54943.8529296875,0.22637166871975942,3664.302297792802,0.05215568670141918,1.6199152484037382,31.0,0.003300186759766157
2021-05-14,49880.53515625,51438.1171875,48868.578125,49682.98046875,55737497453,0.003300186759766157,0.0515138631622728,0.00330563837155351,38.86302586461734,31.708595979787134,23.13133358462588,14.984013848088454,-1147.993614930936,-429.38657931883154,-718.6070356121045,53862.75506939257,55010.74868432351,56667.35015625,39091.999404296876,61181.38929350533,48689.28336274467,54935.336328125,0.22739654957505256,3586.104923843316,0.0519648416390629,0.9282823594887225,26.0,-0.06459870319528387
2021-05-15,46760.1875,50639.6640625,46664.140625,49855.49609375,59161047474,-0.06459870319528387,0.08501940753552367,-0.06255641898138342,34.258441328984475,24.834114232394583,0.7471432890652656,15.233061611110209,-1629.54363759415,-669.4179909738953,-960.1256466202547,52770.0523664091,54399.59600400325,56499.80765625,39257.52924804688,61553.20605640296,48093.059959222046,54823.1330078125,0.2455194615612864,3613.920531961651,0.05376541099982775,0.9747126459326415,27.0,-0.006525257090234029
2021-05-16,46456.05859375,49720.04296875,43963.3515625,46716.63671875,64047871555,-0.006525257090234029,0.12391691375696001,-0.0065040138312105755,33.837624494604626,24.23661625013696,16.024083346035255,13.300853406575458,-2012.517116389041,-938.0378160569245,-1074.4793003321165,51798.668709076934,53811.185825465975,56309.45859375,39423.45311523438,62099.561230990905,46790.1352533841,54444.8482421875,0.2811914528534592,3766.9755944108188,0.048360260011618764,1.0502392471760373,20.0,-0.0648839844864655
2021-05-17,43537.51171875,46623.55859375,42207.2890625,46415.8984375,74903638450,-0.0648839844864655,0.10143596537576298,-0.06282381595309616,30.02594912454994,19.093474476753215,7.68378901186379,8.151671882321429,-2522.4514488763307,-1254.9205426208057,-1267.530906255525,50527.721479795866,53050.1729286722,56061.19390625,39573.95125976563,62869.95282505361,44870.18311244639,53870.06796875,0.33413304254690884,3813.3537327564745,0.049574291975677205,1.2031389415781293,27.0,-0.014531934084628221
2021-05-18,42909.40234375,45812.45703125,42367.83203125,43488.05859375,56187365084,-0.014531934084628221,0.08027669489322843,-0.014426855146374762,29.26198475332633,18.12761790237566,4.055629552093927,9.254500636664314,-2943.3323552538204,-1592.6029051474088,-1350.7294501064116,49355.672381942655,52299.004737196476,55764.37796875,39720.765659179684,63444.02052812396,43104.585331251044,53274.3029296875,0.3817869794320409,3787.015966131012,0.0495421229470343,0.8966137410025077,21.0,-0.14810707635188664
2021-05-19,37002.44140625,43546.1171875,30681.49609375,42944.9765625,126358098747,-0.14810707635188664,0.34766952138398804,-0.13766122609163733,23.266537087216832,11.657533363201836,21.918913017447224,11.219443860468303,-3710.750663182007,-2016.2324567543285,-1694.5182064276785,47455.17530875917,51165.92597194118,55326.07296875,39836.872890625,64841.11074087099,40052.228321629016,52446.66953125,0.47264931483345535,4435.416332389511,0.05812343131190127,1.8950025359029516,23.0,0.0972750161239599
2021-05-20,40782.73828125,42462.984375,35050.6171875,36753.66796875,88281943359,0.0972750161239599,0.18175256247832336,0.10216344466291027,32.76129064891238,30.246113740149354,35.027711509880405,20.334084693140507,-3968.154422519685,-2406.6168499074,-1561.5375726122847,46428.646535296226,50396.80095781591,54963.35109375,39972.10103515625,64725.64530449084,38470.95000800915,51598.29765625,0.5088287111987988,4648.055679183117,0.0601522783650323,1.2892778560851537,11.0,-0.08913981683679192
2021-05-21,37304.69140625,42172.171875,33616.453125,40596.94921875,82051616861,-0.08913981683679192,0.22934699169141448,-0.08528232829817228,29.183385831013595,24.673449401338928,22.9670143902628,26.637879639196797,-4402.053934279749,-2805.70426678187,-1596.3496674978792,45024.96113082758,49427.01506510733,54527.52875,40090.87204589844,64757.1444778955,36387.1148971045,50572.1296875,0.560981508117173,4927.174469955752,0.062041821990602875,1.1649316249374129,19.0,0.0061982374372439785
2021-05-22,37536.6328125,38831.0546875,35383.68359375,37371.03125,57377273240,0.0061982374372439785,0.09184017945802528,0.006217486259949112,29.734494816197312,25.737959598723066,23.771309200199607,27.255345033447593,-4673.3353890429935,-3179.2304912340946,-1494.1048978088988,43872.91062031564,48546.246009358634,54090.57515625,40208.803706054685,64591.09536799532,34643.71947575468,49617.407421875,0.6035659146317596,4821.474228798198,0.06236029084627208,0.8036629257583485,12.0,-0.07654564579833298
2021-05-23,34770.58203125,38289.21875,31227.33984375,37531.44921875,78469274361,-0.07654564579833298,0.20309924348988892,-0.0736893688644572,27.032666403784432,21.5088609940683,14.179575135333705,20.305966241932026,-5053.27407958066,-3554.039208903408,-1499.2348706772523,42472.552375844,47525.82645542466,53633.908984375,40311.98808105469,64363.05852825069,32628.785221749313,48495.921875,0.6543699362659321,4981.50313433047,0.06312596218594453,1.0788748824879002,14.0,0.10722243682664231
2021-05-24,38705.98046875,39835.140625,34551.08203125,34700.36328125,67359584098,0.10722243682664231,0.13651788508538582,0.11318183957815453,35.94990201717037,38.329013872683184,29.43914987846112,22.46334473799813,-4979.424755733184,-3839.1163182693635,-1140.3084374638202,41893.079774752616,46872.5045304858,53232.8575,40427.61874023438,64016.14243302435,31512.945457600646,47764.5439453125,0.6804879580267299,5003.114238574723,0.0686569318866768,0.9268955317030003,10.0,-0.007878782581024249
2021-05-25,38402.22265625,39776.3515625,36581.4296875,38795.78125,56211915803,-0.007878782581024249,0.08319627495519516,-0.007847826326095597,35.588381100796425,37.60337314664923,28.32476403744676,23.981163017080515,-4889.051410060849,-4049.103336627661,-839.9480734331878,41356.02483344452,46245.07624350537,52819.744375,40541.80044921875,62918.290416066724,30708.618958933275,46813.4546875,0.6880430353227912,4873.957641176528,0.06537629679118215,0.7804957901332094,22.0,0.022961565812768543
2021-05-26,39294.19921875,40782.078125,37905.8359375,38392.625,51346735160,0.022961565812768543,0.07319762826792878,0.023227211885217036,37.57362781214513,41.40383167111035,41.49376281476449,33.085892243557446,-4691.375571171571,-4177.557783536443,-513.8177876351283,41038.82089272229,45730.19646389386,52441.781171875,40664.10267578125,61750.16177507316,30166.51595930184,45958.3388671875,0.6872233982834579,4731.263680199633,0.06608390430906987,0.7220549170401589,22.0,-0.02205718107153495
2021-05-27,38436.96875,40379.6171875,37247.90234375,39316.890625,43210968721,-0.02205718107153495,0.08147663422990399,-0.021815700174415475,36.41211238023687,38.75705898487991,37.36384944939444,35.72745876720189,-4551.421426287714,-4252.330512086697,-299.09091420101686,40638.535947688084,45189.9573739758,52089.541796875,40778.889682617184,60215.43439657771,29809.299978422292,45012.3671875,0.6755062290214153,4617.010191881802,0.06557183309364206,0.6186180930807161,27.0,-0.07393611150144239
2021-05-28,35697.60546875,38856.96875,34779.0390625,38507.08203125,55200191952,-0.07393611150144239,0.11423538452935886,-0.07126897282320166,32.91090092413711,31.29789631605307,25.133115338312106,34.66357586749033,-4608.4273987287015,-4323.549889415099,-284.8775093136028,39878.392797082226,44486.82019581093,51637.01484375,40880.7161328125,58178.60387114233,29535.513316357672,43857.05859375,0.6531010394497031,4578.504441568816,0.06573212505241399,0.7960610038690626,21.0,-0.030765691542153008
2021-05-29,34616.06640625,37234.5,33693.9296875,35684.15625,45231013335,-0.030765691542153008,0.10228112781355027,-0.03029724398312339,31.61823199243554,28.74927381628231,20.66633729103866,27.72110069291506,-4686.849126866466,-4396.209736905372,-290.6393899610939,39068.80412156958,43755.65324843604,51164.43609375,40977.341953125,55915.542388436224,29436.949799063776,42676.24609375,0.6204527111218969,4504.366289492472,0.06564436993817951,0.6621639477527927,18.0,0.030219944078986264
2021-05-30,35678.12890625,36400.66796875,33520.73828125,34607.40625,31646080921,0.030219944078986264,0.08071975116933616,0.03068120125307594,34.34535993405305,34.82919699954161,31.342449024396938,25.713967217915894,-4610.156331226637,-4438.999055769626,-171.15727545701156,38547.16178075118,43157.31811197782,50682.133984375,41077.2258984375,53760.115012762566,29574.210377862437,41667.1626953125,0.580454801104588,4388.335103635867,0.06670238331388816,0.47730671029809235,10.0,0.04533591723246496
2021-05-31,37332.85546875,37468.25,34241.9453125,35658.59375,39009847639,0.04533591723246496,0.0864199817289793,0.04637929771620186,38.46312418192415,43.58029524797741,43.95860515716172,31.98913049086576,-4365.531009642989,-4424.305446544298,58.774436901308945,38360.345425058695,42725.876434701684,50224.691796875,41182.50845703125,50749.41531191505,30647.738203709952,40698.5767578125,0.49391597224210987,4305.332931054733,0.06793129207760018,0.5984351344511791,18.0,-0.01750785357311659
2021-06-01,36684.92578125,37896.734375,35787.0859375,37293.79296875,34639423297,-0.01750785357311659,0.05750722926576726,-0.017355481635803582,37.47208630856423,41.06150074817212,46.66619905670317,40.655751079420604,-4175.810051739638,-4374.606367583367,198.79631584372873,38102.588556780436,42278.398608520074,49760.52125,41284.34404296875,49477.4343516673,30673.158226457694,40075.2962890625,0.46922363317228283,4148.498324372252,0.06155973902829129,0.5484598603592813,20.0,0.02397778870231388
2021-06-02,37575.1796875,38231.33984375,35966.30859375,36699.921875,33070867190,0.02397778870231388,0.06027998452269544,0.02426756732611457,39.76844875017825,46.05901708240189,56.49733601036044,49.040713408075106,-3908.5632910405548,-4281.397752274805,372.83446123424983,38021.44873073729,41930.012021777846,49241.955703125,41391.87924804688,47810.12219255432,31126.369213695685,39468.245703125,0.4227133150115577,4013.964961917091,0.06190197579183017,0.5514098378793152,23.0,0.042556616951370016
2021-06-03,39208.765625,39478.953125,37243.97265625,37599.41015625,35460750427,0.042556616951370016,0.05700206148099058,0.043475133082156336,43.84390450328259,54.3462007106053,72.92415048911855,58.69589518539404,-3524.325346292957,-4129.983271078435,605.6579247854779,38204.112868316166,41728.43821460912,48763.937109375,41508.14513671875,45774.12711586457,32095.18733726043,38934.6572265625,0.3513306846136022,3886.8946409765845,0.0630903643391475,0.6014244128240689,24.0,-0.06084038726712561
2021-06-04,36894.40625,39242.484375,35717.72265625,39242.484375,41831090187,-0.06084038726712561,0.09553648037769953,-0.05902658087058821,39.741231108659726,43.3405015000081,59.311581745477234,62.911022748318736,-3367.7422303648564,-3977.5350629357195,609.7928325708631,38002.619542421366,41370.36177278622,48235.545,41609.03661132813,44305.6457808979,32577.090547227097,38441.3681640625,0.30510244025693717,3861.0280036746854,0.0629309628129461,0.7200490641876897,27.0,-0.03706474257477647
2021-06-05,35551.95703125,37917.71484375,34900.4140625,36880.15625,35959473399,-0.03706474257477647,0.0848701740553356,-0.03638625350557034,37.54651139077884,38.11679586282775,45.26149288658728,59.16574170706102,-3313.774288266024,-3844.7829080017805,531.0086197357564,37625.594540702696,40939.36882896872,47715.128359375,41698.569365234376,42589.07736819356,33203.24880368144,37896.1630859375,0.2476722654804864,3800.7617735014937,0.06316507103607824,0.6343137512978693,24.0,0.008693599850188834
2021-06-06,35862.37890625,36436.421875,35304.578125,35538.609375,28913440585,0.008693599850188834,0.03156075487794105,0.008731498936251025,38.39374214627904,40.0655738094586,32.248051673487,45.6070421018505,-3208.96490441919,-3717.6193072852625,508.65440286607236,37354.33059694074,40563.29550135993,47218.69953125,41788.86123046875,41499.468090463,33525.344800162005,37512.4064453125,0.212572960413139,3610.1247718228155,0.06214158211328374,0.5315865039417645,17.0,-0.06633285563534304
2021-06-07,33560.70703125,36790.5703125,33480.640625,35835.265625,33683936663,-0.06633285563534304,0.09862514768887211,-0.06418068028941804,34.64129249280188,31.48787489274909,1.0965841486693544,26.20204290291454,-3273.8890420956595,-3628.873254247342,354.98421215168264,36770.696202219086,40044.585244314745,46765.59,41867.57931640625,40555.00760942395,33534.93574995105,37044.9716796875,0.18950134231907492,3588.6822657997573,0.06342009297543624,0.6323760253230659,15.0,-0.002627775063457771
2021-06-08,33472.6328125,34017.38671875,31114.443359375,33589.51953125,49902050442,-0.002627775063457771,0.08672587470594564,-0.0026243254847995168,34.502331488052164,31.18977361885142,24.392620431938155,19.245752084698164,-3294.472118499216,-3561.993027097717,267.52090859850114,36263.30183457,39557.77395306921,46320.55734375,41941.835908203124,40708.75675737283,33028.205742627164,36868.48125,0.20832295647506952,3539.700915340846,0.054776089373738436,1.0092870119381787,13.0,0.10947410238213756
2021-06-09,37345.12109375,37537.37109375,32475.865234375,33416.9765625,53972919008,0.10947410238213756,0.13553325604886265,0.11569117681725527,44.95733750980065,53.682904155261966,67.24836306320987,30.91252254793912,-2964.1381745162507,-3442.422056581424,478.2838820651732,36429.73556675154,39393.87374126779,45937.999140625,42035.3503515625,40104.048018988746,33289.15276226125,36696.600390625,0.18570917153591485,3648.401268486143,0.056028654153048425,1.1308576075322414,14.0,-0.017354742993128305
2021-06-10,36702.59765625,38334.32421875,35847.59375,37389.515625,43576032854,-0.017354742993128305,0.06775352774864261,-0.01720501684509279,43.71061748991578,50.48818748116833,66.80791168228674,52.816298392478245,-2722.8056074410924,-3298.498766753358,575.6931593122654,36471.7143497513,39194.519957192395,45593.929296875,42127.01333007812,40062.541407762394,33270.44999848761,36666.495703125,0.1852397203230935,3565.4247827907047,0.05250299848770487,0.9513660826600845,21.0,0.017067578415986145
2021-06-11,37334.3984375,37608.6953125,36044.44921875,36697.03125,38699736985,0.017067578415986145,0.04189825360032627,0.01721406171757467,45.31645241666649,53.652372213331375,74.3612626729983,69.47251247283162,-2452.2981993202047,-3129.2586532667274,676.9604539465226,36604.43497863572,39056.733177955924,45305.371796875,42221.864716796874,40043.19790534211,33269.5700634079,36656.383984375,0.18478712588839943,3422.483447859226,0.05263548694086429,0.8624902662344387,21.0,-0.048904195040405544
2021-06-12,35552.515625,37408.92578125,34728.19140625,37340.14453125,37924228550,-0.048904195040405544,0.07540210102924327,-0.047727642256857994,41.702976749835145,44.330530863259824,53.05836671820043,64.74251369116182,-2354.5602754440624,-2974.3189777021944,619.758702258132,36442.601231922534,38797.161507366596,44994.5490625,42304.08997070313,40011.63048026352,33379.330847861485,36695.4806640625,0.18073886790362545,3369.501371226424,0.05086023659030427,0.8852008131600201,28.0,0.09505680129465752
2021-06-13,39097.859375,39322.78125,34864.109375,35555.7890625,40669112838,0.09505680129465752,0.11403877210349192,0.09972131894675185,50.209960378374305,60.329879418049806,95.4439200780642,74.28784982308764,-1968.332938783904,-2773.1217699185363,804.7888311346323,36851.10248470368,38819.43542348759,44775.48890625,42405.918662109376,40082.740969622384,33347.40824912761,36715.074609375,0.18344870035413027,3447.299264353108,0.049581039177094166,0.9797899646868847,23.0,0.02825878796632069
2021-06-14,40218.4765625,40978.36328125,38757.28515625,39016.96875,43148914673,0.02825878796632069,0.055225317188442424,0.028661855288592664,52.56610331425355,64.13130517389104,92.29630081378889,80.26619587001784,-1553.9080653175843,-2529.279028998346,975.3709636807616,37369.160035133886,38923.06810045147,44599.773359375,42521.2579296875,40438.195148750194,33173.57946062481,36805.8873046875,0.19737645849934943,3359.7120401136003,0.04991682219646432,1.0561518265663175,28.0,0.004658453327527578
2021-06-15,40406.26953125,41295.26953125,39609.46875,40427.16796875,46420149185,0.004658453327527578,0.04172126753612358,0.004669320789865594,52.96776601232802,64.7909440021405,91.26789923536948,93.00270670907419,-1196.5272231822382,-2262.7286678351247,1066.2014446528865,37836.40764992098,39032.934873103215,44327.463671875,42637.747265625,40674.036488153906,33048.9451524711,36861.4908203125,0.20685792044745535,3240.1469501947718,0.049685533174518855,1.1431137841797496,38.0,-0.052307031596144006
2021-06-16,38347.0625,40516.77734375,38176.03515625,40168.69140625,39211635100,-0.052307031596144006,0.06104097771504662,-0.05096256237308472,48.15273563606196,52.45103000109523,71.04157382242163,84.86859129052665,-1067.1595775840833,-2023.6148497849165,956.4552722008332,37914.96993454852,38982.129512132604,43993.742578125,42740.8955078125,40662.30523761766,33051.68577800734,36856.9955078125,0.20649050077880357,3175.903752859431,0.050883027374267004,0.9703797880234386,33.0,-0.007684760787668957
2021-06-17,38053.50390625,39513.671875,37439.67578125,38341.421875,37096670047,-0.007684760787668957,0.054502105741946194,-0.007655308506355651,47.48995681970163,50.84057046937687,68.15812812956648,76.82253372911919,-977.0595769435458,-1814.3037952166424,837.2442182730965,37936.28285327183,38913.34243021537,43658.31859375,42840.27560546875,40775.102125093865,33174.47873428113,36974.7904296875,0.2055623115772984,3097.196062923043,0.04789304236369552,0.9390761167842837,26.0,-0.06140159139173661
2021-06-18,35787.24609375,38187.26171875,35255.85546875,38099.4765625,36200887275,-0.06140159139173661,0.08191203766617712,-0.0595545108824469,42.61360401959019,39.8268696871769,45.89807011226488,61.69925735475098,-1076.1179252799484,-1666.6666212293035,590.5486959493551,37605.661813345396,38681.779738625344,43302.961328125,42921.08265625,40720.89451478377,33345.80431334122,37033.3494140625,0.19914726369962216,3085.35393342854,0.0494993987371919,0.9269951568063262,25.0,-0.004800219817294286
2021-06-19,35615.87109375,36457.796875,34933.0625,35854.52734375,31207279719,-0.004800219817294286,0.04281053160223185,-0.004788717174578294,42.2602191701406,39.0799704290484,44.21475878657472,52.75698567613535,-1155.135230383632,-1564.3603430601693,409.22511267653726,37299.54016417687,38454.6753945605,42860.275234375,43005.14702148437,40722.45462943468,33338.018417440326,37030.2365234375,0.19941639333900912,2973.8811078265016,0.04905347265476619,0.7995731960881035,23.0,0.0023116253137915738
2021-06-20,35698.296875,36059.484375,33432.07421875,35563.140625,36664034054,0.0023116253137915738,0.07360043436946177,0.002314299179515533,42.50717178055844,39.71436880333819,45.02437659026245,45.04573516303401,-1197.3041651613457,-1490.9491074804048,293.64494231905906,37053.195042765044,38250.49920792639,42417.68015625,43087.633046875,40682.44133611333,33214.57585138667,36948.50859375,0.20211547824124845,2949.1331827138943,0.047886131335817574,0.9422141994498537,21.0,-0.119521795848678
2021-06-21,31676.693359375,35721.640625,31295.935546875,35641.14453125,52809038594,-0.119521795848678,0.13971486947564157,-0.11265533282181261,34.70740676346426,24.934179278576124,5.522636282242412,31.587257219693186,-1537.5096889240958,-1500.261223769143,-37.24846515495278,36226.04093762812,37763.55062655221,41918.5924609375,43148.789521484374,41083.97679292565,32312.217152386842,36698.09697265625,0.23902491856933739,3054.6026038146874,0.054565469050242316,1.3261567903592584,23.0,0.025833047609393114
2021-06-22,32505.66015625,33292.453125,28893.62109375,31622.376953125,58964353058,0.025833047609393114,0.13532510984565307,0.02616961270137308,37.26285239433188,31.100590872712942,29.12547538098199,26.55749608449561,-1720.4025948117269,-1544.28949797766,-176.11309683406694,35653.674663569946,37374.07725838167,41424.6998046875,43217.81899414062,41171.18338214615,31718.05861004135,36444.62099609375,0.25938326462821537,3150.618991488638,0.05462305764802982,1.4341049464486781,10.0,0.03676667515561315
2021-06-23,33723.02734375,34753.41015625,31772.6328125,32515.71484375,46317108925,0.03676667515561315,0.08838996906671362,0.0374509295196066,40.91976103061824,39.60119624186904,38.94164775222044,24.52991980514828,-1746.9771175748392,-1584.8270218970958,-162.15009567774337,35356.65199898226,37103.6291165571,41032.4895703125,43290.662978515626,40859.97948868355,31480.68867537895,36170.33408203125,0.259308935107792,3138.487445221592,0.05435992301112053,1.1118257407297225,14.0,0.027475699857643344
2021-06-24,34662.4375,35228.8515625,32385.21484375,33682.80078125,33123368116,0.027475699857643344,0.08203799051206367,0.027856637741157764,43.64940610610792,45.63929093361937,46.516529115648055,38.19455074961682,-1672.9503395536376,-1602.4516854284043,-70.49865412523332,35249.849768369604,36922.80010792324,40577.2581640625,43367.24956054687,40780.26627713972,31337.20501192277,36058.73564453125,0.26187998820333314,3117.4266790450497,0.05338021177084779,0.8035124213600087,22.0,-0.09130465397426267
2021-06-25,31637.779296875,35487.24609375,31350.884765625,34659.10546875,40230904226,-0.09130465397426267,0.1307412030822772,-0.0872604012088013,37.622226076079144,33.17953112624822,22.127366510626423,35.86184779283164,-1837.170465973737,-1649.395441537471,-187.775024436266,34694.1466189089,36531.317084882634,40082.0834375,43429.48030273437,40961.77657853307,30764.276937091927,35863.0267578125,0.2843457611736492,3190.2077254079036,0.05648319000055854,0.9708981844987321,27.0,0.01718823840092292
2021-06-26,32186.27734375,32637.587890625,30184.501953125,31594.6640625,38585385521,0.01718823840092292,0.07621527371124656,0.017336806155961115,39.260147346246,36.82824091976088,26.55014989816752,31.731348508147324,-1901.1417126664164,-1699.74469576326,-201.39701690315633,34308.32057657676,36209.46228924318,39578.6809375,43498.80596679688,41023.92089237846,30334.522466996536,35679.2216796875,0.2995972984317507,3137.556169128768,0.05662991465487612,0.9204443950518012,20.0,0.0737472744793095
2021-06-27,34649.64453125,34656.12890625,32071.7578125,32287.5234375,35511640894,0.0737472744793095,0.0745857895142097,0.07653470332064805,46.104808039749265,50.881467365700594,46.413373726149054,31.696963378314326,-1733.088278876734,-1706.4134123859549,-26.674866490779095,34360.831954218804,36093.92023309554,39095.59828125,43579.284609375,41012.715512533054,30454.621596841946,35733.6685546875,0.2954662743214511,3098.042949458856,0.05735596845293253,0.8452783298132711,22.0,-0.006233262455755746
2021-06-28,34434.3359375,35219.890625,33902.07421875,34679.12109375,33892523752,-0.006233262455755746,0.03827041731375047,-0.006213875976586625,45.62090430369319,49.75284158663699,44.67724489750921,39.21358950727526,-1598.8478037124369,-1684.9002906512512,86.05248693881435,34372.14025933899,35970.98806305142,38619.638671875,43660.131328125,40994.649698645255,30568.85772322974,35781.7537109375,0.2913717438122279,2970.8839106582236,0.05737560754263291,0.8224085846089304,25.0,0.040785121124139886
2021-06-29,35867.77734375,36542.109375,34252.484375,34475.55859375,37901460044,0.040785121124139886,0.06383515148030129,0.04162825758718758,49.42663352726499,57.13754055197339,60.002258422706824,50.36429234878836,-1361.1045522593558,-1620.1411429728723,259.0365907135165,34602.238272325296,35963.34282458465,38219.79828125,43749.17569335937,40871.71413785832,30544.058909016672,35707.8865234375,0.28922616918430355,2922.222559896922,0.05240768992322458,0.9379756398838998,25.0,-0.02332520296585249
2021-06-30,35040.8359375,36074.7578125,34086.15234375,35908.38671875,34059036099,-0.02332520296585249,0.056751085285092595,-0.02305527321430456,47.36713040169118,51.99449644586143,57.88310216560435,54.187535161940126,-1225.294144898573,-1541.1717433580127,315.8775984594397,34669.71483619833,35895.0089810969,37786.523515625,43830.36159179688,40775.39086562395,30474.206009376052,35624.7984375,0.28915770216413306,2855.535624814999,0.05251653896370772,0.8529285809493982,28.0,-0.04281824560087459
2021-07-01,33572.1171875,35035.984375,32883.78125,35035.984375,37838957079,-0.04281824560087459,0.06410686323355667,-0.04191448950075438,43.87070235256379,43.821256912685236,50.340832861180274,56.075397816497144,-1222.0892628364381,-1477.3552472536978,255.2659844172597,34500.853659475506,35722.942922311944,37474.95515625,43902.51026367187,40598.58406304384,30274.784686956154,35436.684375,0.29133084988535096,2805.6441292924997,0.053057596959851905,0.9486102479571341,28.0,0.00963202091343982
2021-07-02,33897.046875,33939.58984375,32770.6796875,33549.6015625,38728974942,0.00963202091343982,0.034484129563277774,0.00967855812266083,44.84076809420763,46.01171004563096,65.41718568773547,57.88037357150669,-1179.7310552340641,-1417.8304088497712,238.09935361570706,34407.96030801773,35587.6913632518,37158.572265625,43975.762275390625,40558.641091138205,30149.18078386179,35353.9109375,0.2944358921330842,2688.734559789464,0.05213275645730132,0.9699442858613186,21.0,0.022504948021345134
2021-07-03,34668.546875,34909.26171875,33402.6953125,33854.421875,24383958643,0.022504948021345134,0.043456289404976686,0.022760094790705843,47.175197074529834,51.274451239721635,75.50414629524931,63.75405494805502,-1071.5560372523396,-1348.5755345302848,277.0194972779452,34448.050549091924,35519.60658634426,36854.3325,44052.01962890625,40050.12186541255,30214.768759587452,35132.4453125,0.2799507127483014,2604.293977393788,0.047295377054329256,0.6233944674946725,24.0,0.017703918010918158
2021-07-04,35287.78125,35937.56640625,34396.4765625,34665.56640625,24924307911,0.017703918010918158,0.04367205273780142,0.017861561294527206,49.03943152763837,55.35011804941857,83.60031317463162,74.84054838587213,-925.1944515144787,-1263.8993179271238,338.70486641264506,34577.23988769317,35502.43433920765,36624.884375,44121.905546875,39218.54348677647,30553.277606973523,34885.910546875,0.2483886974416141,2528.35082499066,0.04695047453997343,0.6524075891241122,27.0,-0.04467475626166748
2021-07-05,33746.00390625,35284.34375,33213.66015625,35284.34375,26721554282,-0.04467475626166748,0.06136085325843558,-0.043691535402215154,44.80013983625239,44.5304806034422,63.442377553162316,74.18227900768107,-922.9709522011763,-1195.7136447819344,272.7426925807581,34449.35742900961,35372.328381210784,36370.68328125,44176.609755859376,38087.458281728424,31018.336249521573,34552.897265625,0.20458840188893734,2495.905844187756,0.047622313840940046,0.7179613304583442,29.0,0.014392210079461632
2021-07-06,34235.1953125,35038.53515625,33599.91796875,33723.5078125,26501259870,0.014392210079461632,0.04202158551654969,0.014496276584600176,46.38388413600408,48.27341257293715,63.714115870658155,70.25226886615069,-871.6868909619661,-1130.9082940179408,259.22140305597463,34416.40941108506,35288.09630204702,36184.636953125,44232.09592773437,37423.84352080686,31270.764291693147,34347.30390625,0.17914300481657516,2420.385225852916,0.046757992775642555,0.7244119389847523,20.0,-0.011157826650301255
2021-07-07,33855.328125,34997.6640625,33839.2890625,34225.6796875,24796027477,-0.011157826650301255,0.034215441531775144,-0.011095808977648836,45.29707106249833,45.49244116072006,57.73911360497927,61.63186900959991,-851.8761127436519,-1075.101857763083,223.2257450194311,34330.089213225816,35181.96532596947,36003.55546875,44282.023408203124,36704.508972648975,31570.281261726024,34137.3951171875,0.15039893036062288,2330.2416382919932,0.04677231160016445,0.68938935868873,28.0,-0.029311778537964177
2021-07-08,32877.37109375,33907.90625,32133.18359375,33889.60546875,29910396946,-0.029311778537964177,0.05398006583888258,-0.028886355129662422,42.53397258708926,38.781967935045714,42.35664396891642,54.60329114818461,-904.6605241795114,-1041.0135910463687,136.35306686685726,34106.59411792184,35011.254642101354,35921.0540625,44329.0237890625,36497.60092633284,31486.20180804216,33991.9013671875,0.1474292086269761,2290.5617110032795,0.045293191200695485,0.8389171072862779,20.0,0.02761736344787324
2021-07-09,33798.01171875,34042.29296875,32318.880859375,32861.671875,27436021028,0.02761736344787324,0.05099152351671944,0.02800225791699673,45.88079519274331,47.316939074100354,56.83757309694494,52.31111022361355,-862.2648932625452,-1005.263851489604,142.99895822705878,34059.119902664635,34921.38479592718,35781.35953125,44383.9984375,36293.8199786135,31508.196818261502,33901.0083984375,0.1411646256685559,2250.051025172688,0.04584874765030156,0.7736080355438708,20.0,-0.0082442012335933
2021-07-10,33520.51953125,34209.0703125,33116.01171875,33811.2421875,22971873468,-0.0082442012335933,0.032608641185617064,-0.008210311003178261,45.02953122173829,45.10557460555243,32.408227820448964,43.8674816287701,-841.3586914812986,-972.482819487943,131.12412800664436,33976.25830706239,34817.616998543686,35705.67609375,44432.68588867188,36041.79179596963,31542.44726653037,33792.11953125,0.13314774544634264,2167.4087086424956,0.045849752458097706,0.6604831596381917,20.0,0.021242252673874872
2021-07-11,34240.1875,34584.703125,33346.73828125,33509.078125,20108729370,0.021242252673874872,0.03615531730806089,0.021469475378479208,47.73777235429831,51.906366379559,47.789507258446775,45.678436058613556,-757.9816448124475,-929.5825845528439,171.60093974039637,34016.86279828356,34774.84444309601,35639.7471875,44487.68009765625,35955.105698773776,31885.48277778872,33920.29423828125,0.11997605010136451,2101.0198611501746,0.03699422868648741,0.6066825011427941,20.0,-0.032180926347831006
2021-07-12,33155.84765625,34592.15625,32697.30859375,34254.015625,24321499537,-0.032180926347831006,0.05714972742953879,-0.031668630428790756,44.204008914936736,42.62388128901038,23.195311357907652,34.464348812267794,-770.5198249030946,-897.7700326228941,127.2502077197995,33884.398930278396,34654.91875518149,35607.4525,44534.77958984375,35915.67600853447,31989.93121802802,33952.80361328125,0.11562358252414906,2086.2932750858768,0.03745476486237107,0.7742433526143723,25.0,-0.013782086425800635
2021-07-13,32702.025390625,33327.1015625,32261.419921875,33125.46875,19120856669,-0.013782086425800635,0.032587634187652155,-0.013687548281983153,42.77679639258813,39.20088319435455,14.431842845151296,28.472220487168567,-807.7646786433033,-879.768961826976,72.00428318367267,33702.49530879326,34510.25998743656,35487.3733984375,44574.96576171875,35937.625170668754,31865.88186058125,33901.753515625,0.12010420960116053,2013.392444052957,0.036609488705404584,0.6362286217131825,20.0,0.0036725998364308425
2021-07-14,32822.34765625,33061.3984375,31639.125,32723.845703125,21376531210,0.0036725998364308425,0.04333247129046152,0.003679352094793975,43.29950389457432,40.67455792898607,27.526783418044875,21.717979207034602,-818.1414667529534,-867.4434628121714,49.30199605921803,33567.08797763276,34385.22944438571,35375.7758984375,44606.89231445312,35866.01006389748,31753.487982977513,33809.7490234375,0.12163716678491461,1971.169657870603,0.03599846717017473,0.7254619673028895,21.0,-0.032249468356842406
2021-07-15,31780.73046875,33159.640625,31175.708984375,32827.875,21300524237,-0.032249468356842406,0.06242561487300616,-0.031734999531688124,39.90150911937791,32.6755489258979,12.7055774831824,18.22140124879285,-900.0398488416686,-873.9627400180709,-26.077108823597655,33292.26374549695,34192.30359433862,35225.5065234375,44634.4344921875,35843.69155848314,31790.101605579363,33816.89658203125,0.1198687745657201,1972.0812280673456,0.030325552921905332,0.746873806087717,20.0,-0.01136653085848622
2021-07-16,31421.5390625,32218.40625,31100.673828125,31841.55078125,23699476918,-0.01136653085848622,0.03557217294963621,-0.011302175908234458,38.77156845102661,30.279852990353035,6.633706024940954,15.62202230872274,-982.6018290525899,-895.6905578249748,-86.91127122761509,33004.4599481128,33987.06177716539,35085.1979296875,44656.11814453125,35950.7124618499,31606.6068740876,33778.65966796875,0.12860503141519497,1911.056313339321,0.030156618214955338,0.8532578780602684,22.0,0.003543169217346287
2021-07-17,31533.068359375,31935.9453125,31223.990234375,31397.30859375,18895018942,0.003543169217346287,0.022578046323022377,0.003549453661488622,39.34591508924249,32.08367142508878,8.93951073475392,9.426264747625753,-1027.1924755747896,-921.9909413749378,-105.20153419985172,32778.09201138391,33805.2844869587,35001.9071875,44676.971298828124,35963.235954158656,31282.42576459134,33622.830859375,0.13921523173180925,1825.4062251097264,0.024535320097269657,0.7012583054353794,15.0,0.008329203113175575
2021-07-18,31796.810546875,32398.99609375,31215.4921875,31533.884765625,18787986667,0.008329203113175575,0.03722083711840448,0.008363987433579023,40.76106839178763,36.60850830625085,16.639379581790994,10.73753211382862,-1029.383007316399,-943.4693545632301,-85.91365275316889,32627.125632228694,33656.50863954509,34945.5220703125,44691.7505859375,35928.800471722956,31053.108707964544,33490.95458984375,0.14558234674018466,1779.5560594768888,0.024703321466860998,0.7173938294262261,19.0,-0.031272502988710885
2021-07-19,30817.83203125,31885.859375,30563.734375,31800.01171875,20434789545,-0.031272502988710885,0.04290129813996437,-0.030788575922789052,37.28377340370619,28.411384841972776,5.678412708666325,10.419101008403741,-1097.4635276502377,-974.2681891806317,-123.19533846960599,32348.77277053966,33446.2362981899,34848.3161328125,44700.83114257813,35685.359984554525,30791.554663882973,33238.45732421875,0.14723322664875146,1746.8824123713966,0.023028062582293698,0.807192254283384,24.0,-0.033338555734212405
2021-07-20,29807.34765625,31006.1875,29360.955078125,30838.28515625,23148267245,-0.033338555734212405,0.05519553235156862,-0.03278895069501786,34.05445386368305,22.37753038786019,7.919383089714293,10.0790584600572,-1218.9046999613565,-1023.1954913367767,-195.7092086245798,31957.784291418175,33176.68899137953,34697.8059765625,44702.99711914062,35700.425252840316,30253.14056747219,32976.78291015625,0.1651854488113351,1739.6216987645112,0.023492410912695848,0.9345151233206268,19.0,0.07443417235693212
2021-07-21,32110.693359375,32752.326171875,29526.18359375,29796.28515625,28203024559,0.07443417235693212,0.10046941503314188,0.07727442675168827,45.61733042112532,50.39398103223631,52.564185373594064,22.053993723991557,-1116.4175885602563,-1041.8399107814728,-74.57767777878348,31981.308763411533,33097.72635197179,34606.321328125,44702.91424804687,35637.94061488248,30169.482822617516,32903.71171875,0.16619577265347824,1845.8017615759745,0.028471848589737687,1.16116523816128,10.0,0.006283788882169604
2021-07-22,32313.10546875,32576.400390625,31745.298828125,32138.873046875,19555230518,0.006283788882169604,0.025720262736856358,0.006303573302191001,46.5050086946724,52.16410513848681,56.43350912400243,38.97235919577025,-1007.2518761612737,-1034.922303857433,27.670427696159322,32032.35441038668,33039.606286547954,34501.07984375,44700.56965820312,35530.68152330699,30118.34777356801,32824.5146484375,0.16488693915834068,1773.3231759276907,0.028408231592422024,0.8382058382840858,21.0,0.038503942271904575
2021-07-23,33581.55078125,33581.55078125,32057.892578125,32305.958984375,22552046192,0.038503942271904575,0.045371883301343036,0.03925482537500802,51.81316177820629,62.06169244182467,80.68119662108555,63.22629703956068,-809.0580095961268,-989.7494450051719,180.69143540904508,32270.692313596424,33079.75032319255,34388.535546875,44708.61784179688,35367.48140518781,30172.84828231218,32770.16484375,0.1585171495976275,1755.4899635846414,0.029355686722052896,0.9704700520221838,23.0,0.020948244356669858
2021-07-24,34292.4453125,34490.390625,33424.859375,33593.73046875,21664706865,0.020948244356669858,0.0310718947071296,0.021169199000986128,54.53596587680153,66.58262460937303,94.2707051850469,77.12847031004496,-587.8483451551001,-909.3692250351576,321.52087988005746,32581.731236504667,33169.57958165977,34336.496328125,44710.117919921875,35155.95454906051,30284.841544689494,32720.398046875,0.14887083578239768,1706.2071983285955,0.029476645163630535,0.9388703610486328,22.0,0.030378619797658737
2021-07-25,35350.1875,35364.92578125,33881.8359375,34290.29296875,20856685287,0.030378619797658737,0.04195422849595918,0.030844758309330533,58.31058473064665,72.31042386080547,99.75452443093486,91.56880874568911,-323.4585093946953,-792.1870819070651,468.72857251236985,33007.64758473472,33331.10609412941,34332.4609375,44702.747041015624,35461.243703631495,30139.970749493496,32800.6072265625,0.16223092814662105,1690.2702444301244,0.028440793713879194,0.9154877396456711,27.0,0.05469542869161192
2021-07-26,37337.53515625,40499.67578125,35287.3125,35384.03125,51022126212,0.05469542869161192,0.13960116165776124,0.05621887171744144,64.3067067253948,79.87256392943036,71.61127647169704,88.54550202922627,45.90551694914757,-624.5685621358226,670.4740790849702,33673.784134198606,33627.87861724946,34361.9640625,44692.57950195312,36224.955894636834,29686.492542863165,32955.72421875,0.19840144638829213,1941.8483184886868,0.03068066250026799,2.1252054705114367,26.0,0.0539428534880362
2021-07-27,39406.94140625,39406.94140625,36441.7265625,37276.03515625,35097370560,0.0539428534880362,0.0752460033165556,0.055424286615063156,69.26403916130234,84.88678926226846,90.18976771099548,87.18518953787579,499.8509875382151,-399.68465220101507,899.5356397392302,34555.80832989882,34055.957342360605,34478.88875,44685.62616210937,37539.28384848422,28927.325917140784,33233.3048828125,0.2591363682219081,2014.9459274359235,0.032357763364450155,1.4311929327646014,32.0,0.01483512651645551
2021-07-28,39995.90625,40816.0703125,38862.4375,39503.1875,38702404695,0.01483512651645551,0.048845819376826846,0.014945713184850051,70.51900487488966,86.0414296281904,92.84019369758222,84.88041262675824,896.7929137115498,-140.38913901850208,1037.182052730052,35392.74647145285,34495.9535577413,34609.35421875,44684.33295898438,38800.36751516881,28378.095766081195,33589.231640625,0.3102861018256291,2010.5664192262145,0.031192588552376305,1.5504057661093664,50.0,0.00031287370059631146
2021-07-29,40008.421875,40593.0703125,39352.05859375,39995.453125,27167146027,0.00031287370059631146,0.031018762065330777,0.00031292265067750513,70.54652620653678,86.0678183943572,92.94945165565534,91.99313768807768,1198.5658354859625,127.40185588239083,1071.1639796035715,36102.85037969087,34904.28454420491,34662.620234375,44692.59286132813,39816.062484169015,27983.44181270599,33899.7521484375,0.3490474095400845,1955.5982263350563,0.030968425261394802,1.08889347520381,50.0,0.0541722306526184
2021-07-30,42235.546875,42235.546875,38397.35546875,40027.484375,33072782960,0.0541722306526184,0.09087585435106314,0.055666404612466414,75.01608393834795,89.99469540558543,100.0,95.26321511774586,1599.0011350472778,421.72171171536826,1177.2794233319096,37046.34214819997,35447.34101315269,34773.27921875,44725.93731445313,41271.75194267474,27399.255088575264,34335.503515625,0.4040277681609224,2090.0691677575523,0.03231490347633365,1.2992973575518332,53.0,-0.014532545375150554
2021-07-31,41626.1953125,42231.44921875,41110.83203125,42196.3046875,25802845343,-0.014532545375150554,0.02692096116609264,-0.014427457617713135,71.80543115376146,82.56620413498418,95.26702227057866,96.07215797541134,1845.9010184922154,706.5575730707378,1139.3434454214776,37750.93494270767,35905.03392421545,34859.11515625,44764.45348632812,42333.370709688505,27076.2371028115,34704.80390625,0.4396259851544454,2021.1152874712986,0.03273783258357577,1.0024779195009137,60.0,-0.04047804375571393
2021-08-01,39974.89453125,42541.6796875,39540.94140625,41460.84375,26688438115,-0.04047804375571393,0.0750655709398858,-0.039669750474507826,63.832406436570125,65.47838270931679,80.52622118798891,91.93108115285584,1886.5774914220965,942.5615567410096,944.015934681087,38093.08257171418,36206.50508029208,34947.562734375,44777.746162109375,42970.714004963054,27120.798495036943,35045.75625,0.45226347512264375,2091.0883584554917,0.033344322608305096,1.0321387595380467,60.0,-0.01952524946480863
2021-08-02,39201.9453125,40419.1796875,38746.34765625,39907.26171875,25595265436,-0.01952524946480863,0.042672168891491155,-0.019335866368471732,60.44892456009167,58.82946658666568,74.66198199282185,83.48507515046313,1835.287297590272,1121.1067049108622,714.1805926794098,38263.67683952738,36428.38954193711,34949.644453125,44777.81924804687,43416.78434051474,27324.720151672755,35370.75224609375,0.45495397092153034,2061.212906512242,0.033577944863212125,0.9776225141890719,48.0,-0.0271224912051319
2021-08-03,38152.98046875,39750.03125,37782.05078125,39178.40234375,26189830450,-0.0271224912051319,0.05158130359859869,-0.02675797936526192,56.102803170202726,50.681340130833874,66.28096856901644,73.8230572499424,1690.5096106412311,1234.987286056936,455.5223245842951,38246.646628638555,36556.137017997324,34908.33453125,44784.457314453124,43681.148728231026,27593.419045206483,35637.28388671875,0.4514297367375995,2054.553446672082,0.034530761362238704,0.99122058666572,48.0,0.04094316463847637
2021-08-04,39747.50390625,39952.296875,37589.1640625,38213.33203125,25372562724,0.04094316463847637,0.05945361545403647,0.041792893187100555,60.725339857928134,60.40662150543344,74.11932926742125,71.68742660975317,1685.01318299579,1324.9924654447068,360.0207175510832,38477.547748271085,36792.534565275295,34895.15921875,44802.304130859375,44065.14606046697,28006.09905672053,36035.62255859375,0.44564366766897134,2076.5948299455044,0.033967511890885586,0.9529457763404592,42.0,0.027838357371246687
2021-08-05,40869.5546875,41341.93359375,37458.00390625,39744.515625,35185031017,0.027838357371246687,0.09503234662568771,0.02822946527400849,63.62788153333944,65.92329081116705,84.05037242214961,74.81689008619577,1751.012760034304,1410.1965243626262,340.81623567167776,38845.54881584476,37094.53605581046,34945.6090625,44827.695517578126,44507.7748571236,28508.2718225639,36508.02333984375,0.43824621469161623,2205.6901769136825,0.033728020825086816,1.293582632061281,50.0,0.04653814062641624
2021-08-06,42816.5,43271.66015625,39932.1796875,40865.8671875,38226483046,0.04653814062641624,0.07799517636308433,0.04763803587748594,68.04135312379846,73.42035993508085,95.37758337594579,84.51576168850555,1938.0791457763407,1515.773048645369,422.3060971309717,39456.464382637874,37518.38523686153,35040.868984375,44858.627646484376,45179.73500411595,28964.65483963405,37072.194921875,0.4373919644804724,2286.675197759134,0.0344463900856722,1.3571732642375958,52.0,0.03981881145877593
2021-08-07,44555.80078125,44689.859375,42618.56640625,42832.796875,40030862141,0.03981881145877593,0.04648761625717751,0.04062220829002827,71.38217957233245,78.37820862734989,98.75963820281085,92.72919800030208,2201.3023975454344,1652.8789184253822,548.4234791200522,40240.97767473204,38039.67527718661,35216.240078125,44901.05762695312,46061.14575906546,29359.14310812204,37710.14443359375,0.4429047648002268,2271.29075282991,0.034828813644655225,1.3695881082007277,69.0,-0.017151523902089738
2021-08-08,43798.1171875,45282.3515625,43331.91015625,44574.4375,36302664750,-0.017151523902089738,0.044532540015365246,-0.017005273846830926,68.0451461368903,71.59140847722202,85.15028940138272,93.09583699337979,2322.0033776631535,1786.7038102729364,535.2995673902171,40788.229907465575,38466.22652980242,35379.885,44942.309462890626,46481.118646418035,30237.19873639446,38359.15869140625,0.4234691391618754,2248.3729423599166,0.033933143015417555,1.2092105871564744,74.0,0.056962712090068326
2021-08-09,46365.40234375,46456.83203125,42848.6875,43791.92578125,38734079049,0.056962712090068326,0.07781976104724504,0.058616336068955555,72.70181572960533,78.83583338752578,99.0870821302353,94.33233657814294,2594.905771955804,1948.34420260951,646.5615693462942,41646.25643612471,39051.35066416891,35593.227109375,45020.00797851563,47024.01458682588,31350.10826473662,39187.06142578125,0.39997656756618555,2345.499484423494,0.032790575854456,1.2575559016983993,65.0,-0.01697414139260822
2021-08-10,45585.03125,46637.98828125,44705.5546875,46280.84765625,33546019517,-0.01697414139260822,0.04239184532203211,-0.016830892309838696,69.39159316527663,72.29771695879577,88.52986031090059,90.92241061417288,2716.894788245423,2102.0543197366924,614.8404685087307,42252.22179210553,39535.327003860104,35871.3938671875,45082.904326171876,47461.703501142256,32259.853139482744,39860.7783203125,0.3813736460312131,2315.9947779468157,0.03145382875850505,1.079753193147738,71.0,0.0001887605723412682
2021-08-11,45593.63671875,46735.6328125,45351.7109375,45599.703125,34319709073,0.0001887605723412682,0.03035339961005729,0.00018877838873909702,69.4081347051712,72.32724275160936,87.69086255454043,91.76926833189209,2782.1949405293635,2238.082443895227,544.1124966341367,42766.285626973906,39984.09068644454,36133.1533984375,45150.534296875,47679.52349993601,33370.086265688995,40524.8048828125,0.3531031741084576,2249.4181420220434,0.031597617803789654,1.0790171762373948,70.0,-0.025891753544200504
2021-08-12,44428.2890625,46228.91015625,43861.4453125,45576.87890625,33723620826,-0.025891753544200504,0.05328732872021117,-0.02555943636254754,64.33747048904405,61.90339132526872,75.1300275823101,83.78358348258371,2708.687897056341,2332.20353452745,376.4843625288913,43021.978463208696,40313.290566152355,36347.2586328125,45211.22884765625,47656.46372111239,34477.819872637614,41067.141796875,0.32090482248943863,2257.850049288326,0.032579766057490134,1.0419770675260858,70.0,0.07300947971891747
2021-08-13,47793.3203125,47831.9765625,44282.41796875,44439.69140625,31744259539,0.07300947971891747,0.07426892650564891,0.07574073458615982,70.93947990721227,74.35468980656637,99.62737274059894,87.48275429248315,2888.664211747775,2443.495669971515,445.1685417762601,43756.03105540736,40867.36684365958,36609.8762890625,45288.363486328126,48181.550434603414,35302.820659146586,41742.185546875,0.3085303178721792,2350.1149453213025,0.035143485418483195,0.9657808427454583,70.0,-0.014677743757973101
2021-08-14,47096.9453125,48098.68359375,46177.6328125,47810.6875,31211354442,-0.014677743757973101,0.0407892861947489,-0.01457055076832292,68.12866264213808,68.9165227675955,90.5857679145555,88.44772274582151,2941.20076358012,2543.036688693236,398.164074886884,44270.01786419084,41328.81710061072,36919.059609375,45360.99896484375,48465.37868265651,36193.66819234349,42329.5234375,0.28990901606611136,2319.467505030495,0.035654034468126504,0.9348427497888739,76.0,-0.0010609584864258955
2021-08-15,47047.00390625,47357.10546875,45579.58984375,47096.66796875,30988958446,-0.0010609584864258955,0.03778169654633128,-0.0010603958689597848,67.92081276816268,68.49736029114065,90.11642377755767,93.44318814423737,2944.859992425052,2623.4013494395995,321.45864298545257,44697.2464860461,41752.386493621045,37216.274140625,45444.07125,48829.389342242415,36800.60440775758,42814.996875,0.28094793442595195,2280.7566564568883,0.0344939093209087,0.9568898464422795,71.0,-0.02240830692116523
2021-08-16,46004.484375,47998.09765625,45700.3203125,47019.9609375,32776876610,-0.02240830692116523,0.04994681225030033,-0.02215910567498447,63.561461240713555,59.66017809405894,80.31893374997338,87.00704181402885,2831.003300367098,2664.9217396250997,166.08156074199815,44898.360007423624,42067.356707056526,37443.3709375,45506.76318359375,49098.800350214915,37190.947696660085,43144.8740234375,0.27599692716882546,2281.9724198349677,0.0337735756852219,1.0157369599318666,72.0,-0.02886919903458737
2021-08-17,44695.359375,47139.5703125,44512.41796875,45936.45703125,33451362600,-0.02886919903458737,0.058779085356666295,-0.028456465011732934,58.48517169594399,50.17636703219255,68.01591328091558,79.48375693614888,2605.105569548279,2652.9585056097358,-47.8529360614566,44867.12914089691,42262.02357134863,37648.59140625,45558.658046875,49187.255005731466,37572.438353643534,43379.8466796875,0.2677468350188185,2306.6281286860417,0.034691732335612804,1.0451425382692943,72.0,0.002364966650012081
2021-08-18,44801.1875,45952.0625,44364.02734375,44686.75,32194123075,0.002364966650012081,0.035446273745534086,0.002367765389513554,58.771821290098735,50.912299244910606,69.01047498287454,72.4484406712545,2406.874484780841,2603.741701443957,-196.86721666311587,44856.98427306661,42450.10978828577,37827.259609375,45611.3163671875,49243.276061681536,37995.69386019347,43619.4849609375,0.25785683190804753,2255.3000592263243,0.03467844541431441,0.998024252385366,73.0,0.04188585333234935
2021-08-19,46717.578125,46970.76171875,43998.31640625,44741.8828125,37204312299,0.04188585333234935,0.06362584345761181,0.04277544261522093,63.66450146516374,62.587182827665615,83.08816741405082,73.37151855928032,2377.0109270880566,2558.3955465727768,-181.38461948472013,45143.22948105636,42766.218553968305,38060.794453125,45679.3324609375,49584.90341323278,38102.26963364222,43843.5865234375,0.2618999650827442,2306.5247201744437,0.033873260017315616,1.1460022229578064,70.0,0.05459790698385328
2021-08-20,49339.17578125,49342.15234375,46650.70703125,46723.12109375,34706867452,0.05459790698385328,0.05454986367086436,0.056115872471717454,69.071732823532,72.88110103972447,99.95572953885517,84.01812397859351,2535.6554065784585,2553.8475185739135,-18.19211199545498,45788.75968108615,43253.10427450769,38376.135625,45758.3424609375,50346.81304565534,38111.658048094665,44229.235546875,0.2766304876464261,2334.019048197698,0.03526897012585567,1.0546111640133267,70.0,-0.008828701235467067
2021-08-21,48905.4921875,49717.01953125,48312.19921875,49327.07421875,40585205312,-0.008828701235467067,0.02872520548641089,-0.008789842693618932,67.28782681862349,69.20609233453375,88.18450622279677,90.40946772523425,2596.4573142951194,2562.369477718155,34.08783657696449,46268.25698976521,43671.79967547009,38676.30453125,45825.3184765625,50789.748619634716,38561.78223974028,44675.7654296875,0.27370468669729453,2267.6477099335766,0.03362759794245211,1.2077322578001783,78.0,0.008473475397263706
2021-08-22,49321.65234375,49471.609375,48199.94140625,48869.10546875,25370975378,0.008473475397263706,0.025783158274727686,0.00850947690403503,68.13820868936611,70.85157328990529,94.24362151245555,94.12795242470249,2647.702840619626,2579.4361502984493,68.26669032117661,46738.01012114748,44090.30728052786,38969.366640625,45884.5662890625,51070.809912517056,39292.69164998294,45181.75078125,0.26068308684093594,2196.5062998490353,0.03290520562576002,0.7552400979719073,76.0,0.0045413466832814305
2021-08-23,49546.1484375,50482.078125,49074.60546875,49291.67578125,34305053719,0.0045413466832814305,0.028407307139634814,0.004551674225862445,68.61223017751493,71.79993338502717,85.86344064070538,89.4305227919859,2675.587738060538,2598.666467850867,76.92127020967109,47170.03140058633,44494.443662525795,39254.533984375,45947.66669921875,50977.482815517564,40525.335543857436,45751.4091796875,0.22845519862808125,2140.1467538776756,0.03168931804646693,1.0090012793543597,79.0,-0.03784489433094968
2021-08-24,47706.1171875,49878.76953125,47687.1171875,49562.34765625,35361168834,-0.03784489433094968,0.045940698446199656,-0.037137725293038826,60.647973827722325,54.76248659020673,58.07106335426301,79.39270850247465,2520.160731918113,2582.965320664316,-62.80458874620308,47252.506137034594,44732.34540511648,39533.73625,45995.4757421875,50647.4784994822,41651.2011880178,46149.33984375,0.19493837489167806,2143.8257245828418,0.03291480002391158,1.0250074856652565,79.0,0.02596012195042943
2021-08-25,48960.7890625,49202.87890625,47163.61328125,47727.2578125,32646349931,0.02596012195042943,0.04165099591015196,0.02630002081428562,63.738806118776054,61.945939222858016,77.02199917162375,73.65216772219738,2469.755440986948,2560.3233447288426,-90.5679037418945,47515.3188947985,45045.563453811556,39828.248125,46043.94962890625,50501.583630723166,42606.21949427684,46553.9015625,0.16959618574281177,2136.3571460412104,0.03286123513279976,0.94980828294026,73.0,-0.0421022974523753
2021-08-26,46942.21875,49347.58203125,46405.78125,49002.640625,32666549568,-0.0421022974523753,0.0626685499660154,-0.04122830434622349,56.10396042258962,47.722157330522144,45.40423401490382,60.16576551359685,2241.0932030381737,2496.477316390709,-255.38411335253522,47427.14964175258,45186.056438714404,40089.9859375,46084.143515625,50316.94193620666,43203.43306379334,46760.1875,0.15212746682021588,2193.8888342704095,0.0335076221385503,0.9581454447216845,75.0,0.04409943030226678
2021-08-27,49058.66796875,49112.78515625,46394.28125,46894.5546875,34511076995,0.04409943030226678,0.05541332487832051,0.04508626296557394,61.33367398131544,59.18583401660488,78.0465381364382,66.82425710765526,2205.2359092402694,2438.229034960621,-232.9931257203516,47678.15246129064,45472.916552050374,40413.611875,46098.45453125,50525.455478972144,43445.20623977785,46985.330859375,0.15069063279314057,2231.361339411809,0.033757167519474246,1.0205085243409258,71.0,-0.0031903644385737097
2021-08-28,48902.40234375,49283.50390625,48499.23828125,49072.5859375,28568103401,-0.0031903644385737097,0.016037363961941095,-0.003185280633781984,60.75810541101564,58.08859923552267,75.6364306744674,66.36240094193647,2139.5460604329055,2378.492440055078,-238.94637962217257,47866.49859705362,45726.952536620716,40715.6996875,46110.561015625,50553.44588085641,43927.6443535186,47240.5451171875,0.14025666958121424,2127.9973598109655,0.03342172974405567,0.8545443808485681,78.0,-0.0014850847584068098
2021-08-29,48829.83203125,49644.11328125,47925.85546875,48911.25,25889650240,-0.0014850847584068098,0.03518868980340447,-0.0014839825657210204,60.474281467104866,57.510936222616714,74.51716819000352,76.06671233363637,2057.9082786273284,2314.375607769528,-256.46732914219956,48014.70374077614,45956.79546214881,41021.8859375,46130.1192578125,50720.33761039484,44007.19559273016,47363.7666015625,0.14173581409049543,2098.7302492887534,0.031165246638192173,0.7895935215338009,72.0,-0.03702463994727715
2021-08-30,47054.984375,48925.60546875,46950.2734375,48834.8515625,31847007016,-0.03702463994727715,0.04197923041495007,-0.0363476092875793,53.84893359775234,44.799247396261634,47.14343465014462,65.76567783820518,1828.9118185531406,2217.2828499262505,-388.3710313731099,47867.05460757981,46038.14278902667,41278.181875,46125.84751953125,50697.82413580053,44176.70437982447,47437.2642578125,0.13746829329227372,2089.9160908574136,0.03213509152479268,0.9738065088870966,73.0,0.002371071858731938
2021-08-31,47166.6875,48189.55078125,46750.09375,47024.33984375,34730363427,0.002371071858731938,0.03051851015083474,0.0023738850726162664,54.18910334443868,45.68081793612173,48.86624819335323,56.84228367783379,1637.567128255083,2101.339705592017,-463.77257733693386,47759.3058217983,46121.738693543215,41558.398671875,46124.15669921875,50668.908342400784,44362.92525134921,47515.916796875,0.1327130678759481,2043.454729456884,0.0321337993705847,1.0613064277773756,73.0,0.03500565378801719
2021-09-01,48847.02734375,49111.08984375,46562.4375,47099.7734375,39139399125,0.03500565378801719,0.05217620154885641,0.03562556399047523,59.075752247248595,57.57238909397242,74.78237399561284,56.93068561303689,1603.0356675143776,2001.678897976489,-398.64323046211143,47926.64759440625,46323.61192689187,41881.2987109375,46132.8642578125,50599.332576983375,44874.37484489163,47736.8537109375,0.11992742057862181,2079.540273334964,0.03226703232726178,1.1862238946399801,71.0,0.00979272478817146
2021-09-02,49327.72265625,50343.421875,48652.3203125,48807.84765625,39508070319,0.00979272478817146,0.03428298472817762,0.009840830417728652,60.37783327443519,60.46126160457277,71.76093861684357,65.1365202686032,1596.0589563356043,1920.554909648312,-324.4959533127078,48142.19760392067,46546.13864758507,42211.4062109375,46135.91642578125,50759.04093163298,44868.10672461702,47813.573828125,0.12320631434479352,2051.7946511324662,0.028048045803175502,1.1834737131064657,74.0,0.014044128006187486
2021-09-03,50025.375,50982.2734375,48386.0859375,49288.25,43206179619,0.014044128006187486,0.051897412063377835,0.014143210068944922,62.254867179272956,64.5485034180814,79.14341615255856,75.22890958833833,1628.05734444243,1862.0553966071357,-233.99805216470577,48431.91720331749,46803.85985887506,42576.2991015625,46146.3180078125,51036.636509065094,44883.35411593491,47959.9953125,0.12830031264674516,2090.6798546230043,0.027906758769357196,1.2714100813849938,74.0,-0.0016154849967335088
2021-09-04,49944.625,50545.58203125,49548.78125,50009.32421875,37471327794,-0.0016154849967335088,0.019958119242060583,-0.0016141808032423821,61.88940841245869,63.65986819581467,77.38338700037292,76.09591392325835,1628.1323511421651,1815.2707875141418,-187.1384363719767,48664.641479730184,47036.50912858802,42946.7608203125,46150.04177734375,51267.596606174186,44942.15612820081,48104.8763671875,0.1314927083418923,2012.5456350963611,0.027911297775590965,1.0922355948799962,72.0,0.035575435016673145
2021-09-05,51753.41015625,51868.6796875,49538.59765625,49937.859375,30322676319,0.035575435016673145,0.04502277288038009,0.03621581213694158,66.61680569741247,73.2748544671629,97.89438908099206,84.8070640779745,1753.9274560221093,1803.0021212157353,-49.07466519362606,49139.836660733235,47385.909204711126,43351.16765625,46148.0637890625,51776.45153847801,45008.19377402199,48392.32265625,0.1398622217936027,2035.2268062501923,0.028144914881655443,0.8870353991409581,73.0,0.0168631403802205
2021-09-06,52633.53515625,52700.94140625,51053.6796875,51769.00390625,38884105426,0.0168631403802205,0.0312968094174156,0.017006125728580734,68.65430015966614,76.7647587658432,98.93118943577133,91.40298850571209,1902.706498808133,1822.9429967342148,79.76350207391806,49677.328736966585,47774.62223815845,43767.9021484375,46152.83248046875,52207.74737150599,45370.71551911901,48789.2314453125,0.14013403470088598,2007.515014285893,0.027007256360347995,1.1285171344048746,79.0,-0.11723249529729855
2021-09-07,46811.12890625,52853.765625,43285.20703125,52660.48046875,65210059683,-0.11723249529729855,0.2044077726241815,-0.1106216071695616,47.848657521508315,38.2322081480038,36.84903886467357,77.89153912714563,1533.12255513556,1764.978908414484,-231.85635327892396,49236.374916856344,47703.252361720784,44087.7680859375,46107.4474609375,51930.70393843481,45848.75309281519,48889.728515625,0.1244014035315383,2547.589555676186,0.038957708431530916,1.8060363966909079,79.0,-0.015494793572991005
2021-09-08,46091.390625,47334.0546875,44561.39453125,46827.76171875,49007762488,-0.015494793572991005,0.06015570627513476,-0.015375366885328479,45.993147506240994,35.651368838039076,29.327129747451675,55.03578601596553,1168.6759836099081,1645.7183234535692,-477.042339843661,48752.531179647674,47583.855196037766,44413.4489453125,46057.40681640625,51999.45431082046,45717.383970429546,48858.419140625,0.12857702829700177,2563.666027145744,0.03798144799407522,1.3354742686730119,47.0,0.006488390533953229
2021-09-09,46391.421875,47261.94921875,45669.73828125,45774.7421875,38672657013,0.006488390533953229,0.03432123597742174,0.006509485739778498,46.91725708850301,37.696780605608154,32.46272480140238,32.87963113784254,893.7567924304385,1495.3260172489431,-601.5692248185046,48389.28359431726,47495.52680188682,44699.063515625,46001.66419921875,52020.13995391507,45401.92293670993,48711.0314453125,0.13586690367325444,2494.2763778853337,0.03575482183429848,1.0481762005645627,45.0,-0.03303518664446581
2021-09-10,44883.91015625,47031.7421875,44344.484375,46396.6640625,39154666597,-0.03303518664446581,0.05987129470549937,-0.032495484247323514,42.94140897360061,31.775969080435814,16.707878300962093,26.165910949938716,547.9216560513087,1305.8451450094162,-757.9234889581076,47849.99537307614,47302.07371702483,44950.479609375,45955.0471484375,52212.691380943135,44807.21330655687,48509.95234375,0.1526589435072983,2508.0607660720957,0.036364164733869934,1.0633018674202008,46.0,0.0070499394103558715
2021-09-11,45201.45703125,45969.29296875,44818.265625,44869.83984375,34499835245,0.0070499394103558715,0.025464385870443026,0.0070748487352050304,44.017578476710945,34.311451345022675,20.026527310515274,23.065710137626578,296.0554548306027,1103.8872069736535,-807.8317521430508,47442.527935872116,47146.472481041514,45182.877734375,45936.9323046875,52253.36951782011,44354.5156384299,48303.942578125,0.16352399944610937,2411.129807334803,0.03633925106290858,0.925422204904799,31.0,0.01888655452823882
2021-09-12,46063.26953125,46364.87890625,44790.4609375,45206.62890625,27881980161,0.01888655452823882,0.034179466303013765,0.019066033632592516,46.94238402970309,41.22737264672187,29.033239152808004,21.92254825476179,164.099109659619,915.9295875108467,-751.8304778512277,47230.334335161024,47066.235225501405,45418.29421875,45918.7219921875,52151.26313699735,44108.33412862764,48129.7986328125,0.16710913481542067,2351.364676007317,0.03666434510295305,0.754404023067226,32.0,-0.024174296052118335
2021-09-13,44963.07421875,46598.6796875,43591.3203125,46057.21484375,40969943253,-0.024174296052118335,0.06688509242870908,-0.023884438158555232,43.796610158328924,35.6389519637539,17.535213596287647,22.198326686536973,-28.92043481519795,726.9595830456377,-755.8800178608357,46881.525086482405,46910.4455212976,45610.551953125,45908.06810546875,52243.136035078336,43742.156933671664,47992.646484375,0.17713086741683107,2398.2214402210802,0.03611652871433252,1.1001776681686564,44.0,0.046272006777909304
2021-09-14,47092.4921875,47218.125,44752.33203125,44960.05078125,38652152880,0.046272006777909304,0.05236063869655444,0.0473592610325122,50.68499285058625,50.72214107611612,39.78953693962689,28.785996562907513,-9.948895972782339,579.5778872419537,-589.526783214736,46913.98156356203,46923.930459534815,45805.65109375,45911.8317578125,52142.62080847512,43655.842472774886,47899.231640625,0.17717984287042932,2403.047977973146,0.03724067834887866,1.0296346319703784,30.0,0.022754601314508963
2021-09-15,48176.34765625,48450.46875,46773.328125,47098.0,30484496466,0.022754601314508963,0.034812531596766276,0.023015462091804384,53.789485946762014,56.74209052887711,51.11679650678839,36.14718234756764,91.48962793192914,481.9602353799488,-390.4706074480197,47108.191731667874,47016.702103735945,45981.03921875,45921.77123046875,52182.70368943966,43739.172482435344,47960.9380859375,0.17605016799035506,2351.1974527607786,0.03637355550149233,0.8144276682259124,49.0,-0.0081907394359386
2021-09-16,47783.359375,48486.828125,47079.55859375,48158.90625,31764293754,-0.0081907394359386,0.0294510379692198,-0.008157286726135138,52.498993446361744,53.95392181587693,47.0097172910464,45.97201691248722,138.57214555890823,413.28261741574073,-274.7104718568325,47212.06367679589,47073.491531236985,46136.78828125,45934.9991796875,52089.110794082284,43705.23451841771,47897.17265625,0.1750390641183406,2283.774029795723,0.034987958407076844,0.8517440888879486,53.0,-0.010854079709278335
2021-09-17,47267.51953125,48160.921875,46832.5234375,47771.00390625,28727713711,-0.010854079709278335,0.02810383220176712,-0.010795386730801604,50.776947832779044,50.17811202932349,41.61872930998375,46.58174770260618,132.73137102952023,357.17236813849667,-224.44099710897643,47220.59534671191,47087.86397568239,46281.970234375,45923.18056640625,51989.492746077725,43641.36428517227,47815.428515625,0.17459068589498214,2215.532916060314,0.0350514641446713,0.7701548635895673,48.0,0.02116012615402399
2021-09-18,48278.36328125,48791.78125,47087.28515625,47273.52734375,28575630451,0.02116012615402399,0.03530558987305147,0.021385589090024082,53.963697426963435,57.04986526587909,52.18295107960602,46.937132560212056,207.27976567424776,327.1938476456469,-119.91408197139913,47383.32887510239,47176.04910942814,46402.8265625,45922.67744140625,51941.98914469833,43633.72101155167,47787.855078125,0.1738573141557422,2179.030285895292,0.03542256467705106,0.7633294121681039,50.0,-0.021314594702563614
2021-09-19,47260.21875,48328.3671875,46919.8046875,48268.85546875,26967722648,-0.021314594702563614,0.029804400767823362,-0.021089044077959085,50.42277639797222,49.09304517063077,41.54242961261064,45.1147033340668,182.1049582372143,298.17606976396036,-116.07111152674605,47364.38885585586,47182.28389761865,46515.50703125,45906.28732421875,51945.96789799108,43650.26569575892,47798.116796875,0.17355709300192612,2123.996872617057,0.03473917458471914,0.7251034530443898,53.0,-0.09810793836995628
2021-09-20,42843.80078125,47328.19921875,42598.9140625,47261.40625,43909845642,-0.09810793836995628,0.11038435129498844,-0.09344895316951951,38.593167520142764,28.779775271033458,2.3880084197952036,32.03779637067062,-192.00101043267205,200.14065372463386,-392.1416641573059,46668.913767454964,46860.914777887636,46572.88515625,45877.70048828125,52256.0610465704,42907.88387530459,47581.9724609375,0.19646468374004905,2310.088892876553,0.04109543979819978,1.1662478692591767,50.0,-0.051488267863326775
2021-09-21,40693.67578125,43607.609375,39787.609375,43012.234375,48701090088,-0.051488267863326775,0.09387208028428097,-0.050185206746199196,34.36598802781913,23.303131597308507,10.062740014611283,17.997726015672374,-654.4358746562866,29.225348048449774,-683.6612227047364,45749.646384961896,46404.08225961818,46602.719765625,45836.53234375,52683.568549356336,41665.04121626867,47174.3048828125,0.23357052871174705,2417.9396862425137,0.041236171495562315,1.2772846814412988,27.0,0.06839960199678301
2021-09-22,43574.5078125,43978.62109375,40625.6328125,40677.953125,38139709246,0.06839960199678301,0.07694839137777122,0.07079311406361999,43.323407417948275,40.88689641549604,42.05715406226628,18.169300832224252,-779.4744709180304,-132.51461574484625,-646.9598551731842,45415.00968150621,46194.484152424244,46711.1503125,45809.84296875,52515.61007631971,41257.67820493029,46886.644140625,0.24010956803869368,2484.728871600191,0.04459712546716633,1.002089238564896,21.0,0.02985630902322461
2021-09-23,44895.09765625,44942.17578125,43109.33984375,43560.296875,34244064430,0.02985630902322461,0.040824856903832675,0.0303064775724482,46.900877417625075,47.3432206568395,56.72357605068484,36.281156709187464,-763.2100847736001,-258.653709550597,-504.5563752230031,45335.02321608218,46098.23330085578,46814.1021875,45778.285,52129.67436793663,41130.58617893837,46630.1302734375,0.23587942226410213,2438.165090593034,0.045112095419111445,0.9104537255598077,27.0,-0.04686219528987527
2021-09-24,42839.75,45080.4921875,40936.55859375,44894.30078125,42839345714,-0.04686219528987527,0.0967310405347837,-0.04578111561282838,42.413632636958006,39.50800732260552,33.89696095733402,44.22589702342838,-905.7291384664422,-388.06879533376605,-517.6603431326762,44951.13502899262,45856.86416745906,46853.50609375,45731.2511328125,51789.99433966873,40759.778707206264,46274.8865234375,0.2383628888398427,2560.0056979613887,0.04603684840148516,1.1309079811947336,33.0,-0.002878952738409655
2021-09-25,42716.59375,42996.2578125,41759.921875,42840.890625,31604717236,-0.002878952738409655,0.028942755706030516,-0.002874812528084303,42.15338482037507,39.05615093956946,32.52919219736685,41.049909735128566,-1016.8920963344353,-513.8334555339,-503.0586408005354,44607.35944760914,45624.251543943574,46851.50796875,45670.713515625,50934.72047469398,40711.37093155601,45823.045703125,0.22310497668296125,2465.457857928432,0.044925142332015264,0.8329176191828609,28.0,0.011450682044497961
2021-09-26,43208.5390625,43919.30078125,40848.4609375,42721.62890625,30661222077,0.011450682044497961,0.0710702076575214,0.011516492054097771,43.64099784779061,42.14005239475599,37.99271865298551,34.80629060256212,-1053.153567212954,-621.6974778697108,-431.4560893432431,44392.1563114385,45445.30987865145,46824.562734375,45606.71345703125,49514.90641020296,41188.68538667204,45351.7958984375,0.1835918701472587,2508.6994283442586,0.04477341851767916,0.816904009697394,27.0,-0.022771582829569807
2021-09-27,42235.73046875,44313.24609375,42190.6328125,43234.18359375,30980029059,-0.022771582829569807,0.050256341199556395,-0.02251426719942695,41.375070292386276,37.73480699290938,27.188742371157815,32.57021774050339,-1147.1647662093746,-726.7909355376437,-420.37383067173096,44060.39848948642,45207.56325569579,46793.315,45528.86650390625,49440.222823063,40805.829130062004,45123.0259765625,0.19135227538786548,2481.1218464089543,0.037191767292753676,0.864833833099844,26.0,-0.028852332947741827
2021-09-28,41034.54296875,42775.14453125,40931.6640625,42200.8984375,30214940550,-0.028852332947741827,0.044925088361625204,-0.02844007873591181,38.702906825769475,32.79595993250135,13.848398398658954,26.34328647426742,-1303.5683863209924,-842.1464256943135,-461.4219606266789,43594.882255526965,44898.45064184796,46686.6978125,45447.37876953125,49511.09559160283,40229.27159589717,44870.18359375,0.20685950562944735,2435.576033719029,0.0375060575024525,0.8661968423835975,25.0,0.012828924814572349
2021-09-29,41564.36328125,42545.2578125,40829.66796875,41064.984375,30602359905,0.012828924814572349,0.041275499209292965,0.012911568502261384,40.5274058837516,37.03664385697793,19.73256320420916,20.256567991341974,-1368.9864867067736,-947.5144378968057,-421.4720488099679,43282.49472102282,44651.481207729594,46606.284453125,45348.98515625,49427.57171054323,39830.089617581776,44628.8306640625,0.21505116648036784,2384.148448721241,0.03764203921423872,0.8875706403706464,24.0,0.05218276011816411
2021-09-30,43790.89453125,44092.6015625,41444.58203125,41551.26953125,31141681925,0.05218276011816411,0.06046963780016697,0.05356827518164842,47.58768656724051,51.91348708620376,44.460336961859696,26.013766188242602,-1227.023970066497,-1003.4163443307441,-223.6076257357529,43360.71007644238,44587.73404650888,46570.229609375,45271.428046875,49384.936900443055,39763.42286518195,44574.1798828125,0.21585397780859888,2402.9963831875807,0.03915317616259587,0.9138316555079345,20.0,0.09420841893127979
2021-10-01,48116.94140625,48436.01171875,43320.0234375,43816.7421875,42850641582,0.09420841893127979,0.1063240541009424,0.09878873042688929,58.01642184764874,68.68530953221357,92.50525364110733,52.23271793572539,-756.7188405612469,-954.0768435768448,197.3580030155979,44092.437973335866,44849.15681389711,46644.00265625,45232.4767578125,49768.70831517524,39671.19988794976,44719.9541015625,0.22579424845323515,2596.7815187634674,0.04459585968612148,1.2422031621316483,27.0,-0.008462113921141138
2021-10-02,47711.48828125,48282.0625,47465.49609375,48137.46875,30614346492,-0.008462113921141138,0.01711467061007401,-0.008426411013467638,56.874207047275135,66.16204875228055,91.62245916988823,76.19601659095174,-411.9664232501673,-845.6547595115094,433.6883362613421,44649.214943784194,45061.18136703436,46642.366015625,45187.0096875,49988.08668025326,39616.64339787173,44802.3650390625,0.23149320964058095,2469.623296441077,0.04450634143841147,0.8839825489423473,54.0,0.010185835179136425
2021-10-03,48199.953125,49130.69140625,47157.2890625,47680.02734375,26638115879,0.010185835179136425,0.04094199715572856,0.010237887379882071,57.948338288088756,67.82345971773017,90.03820925325347,91.388640688083,-98.20062245657755,-696.1639321005231,597.9633096439455,45195.48235627894,45293.68297873552,46664.426171875,45133.65498046875,50357.76908523886,39570.64888351114,44964.208984375,0.2399045917938028,2434.178942677429,0.044114086673563556,0.7854212408082212,49.0,0.018763728593427256
2021-10-04,49112.90234375,49456.77734375,47045.00390625,48208.90625,33383173002,0.018763728593427256,0.04910671783596835,0.018940873580984396,59.95584665202706,70.935181284283,96.44359265335572,92.70142035883246,221.57423746668064,-512.6162981870823,734.1905356537629,45798.162354351414,45576.58811688473,46705.744140625,45089.9248828125,50685.379261465845,39445.079722909155,45065.2294921875,0.2494228846766509,2432.57854945047,0.04312733391662628,0.9920039838365917,54.0,0.047747610534684515
2021-10-05,51514.8125,51839.984375,49072.83984375,49174.9609375,35873904236,0.047747610534684515,0.0537155120432594,0.048905889117254686,64.72688431224233,77.58792009558479,97.1003952106571,94.52739903908876,661.1904024354226,-277.8549580625813,939.0453604980039,46677.646992143505,46016.45658970808,46815.950703125,45055.76568359375,51385.057975216165,39079.24749353383,45232.152734375,0.2720589168936527,2456.476119579008,0.044108246323382526,1.057549452971646,59.0,0.07201410137731079
2021-10-06,55361.44921875,55568.46484375,50488.19140625,51486.6640625,49034730168,0.07201410137731079,0.09176554279542588,0.0746704982911468,70.7395129086305,84.30158720708057,98.59543742439968,97.37980842947083,1304.9382995341657,38.703693456768065,1266.2346060773975,48013.61656546758,46708.67826593341,47029.2725,45041.00470703125,53127.889460623046,38094.22499250196,45611.0572265625,0.32960570050908483,2643.8902137162218,0.046580507661615596,1.4096414800187842,68.0,-0.028498794333346032
2021-10-07,53805.984375,55338.625,53525.46875,55338.625,36807860413,-0.028498794333346032,0.03369804067449514,-0.02809653406297008,65.85131566536168,73.86323845747809,88.04189728851257,94.57924330785643,1670.345430243622,365.0320408141389,1305.3133894294833,48904.75007462641,47234.40464438279,47209.3684375,45022.41751953125,54242.06647084268,37633.89446665732,45937.98046875,0.3615346568289678,2586.182374790063,0.04710775691966619,1.0459971035233782,76.0,0.0030037607441677503
2021-10-08,53967.84765625,55922.98046875,53688.0546875,53802.14453125,34800873924,0.0030037607441677503,0.04141217184508513,0.0030082765538104184,66.11372741709773,74.25032031121981,87.04636366271487,91.22789945854237,1950.5099632895653,682.1276253092242,1268.3823379803412,49683.68816410696,47733.1782008174,47354.373828125,45019.61103515625,55190.97837167381,37253.93100332619,46222.4546875,0.3880591692850608,2561.0926181086297,0.04698471179959144,0.9802919841115686,74.0,0.01836679291081593
2021-10-09,54968.22265625,55397.9453125,53735.14453125,53929.78125,32491211414,0.01836679291081593,0.030250219142949425,0.01853649985027972,67.7625327791726,76.73471552192345,93.67429904800554,89.58751999974432,2227.58605085218,991.2193104178154,1236.3667404343646,50496.69347059051,48269.10741973833,47466.954765625,45020.757421875,56350.67708452378,36865.03268110122,46607.8548828125,0.4180764047694511,2496.9289154758703,0.046626131075235444,0.908166981184994,72.0,-0.003583836316874845
2021-10-10,54771.578125,56401.3046875,54264.2578125,54952.8203125,39527792364,-0.003583836316874845,0.039017442041250294,-0.003577422040362044,67.07167528704238,75.07359217630923,89.53400601403945,90.08488957491994,2403.596116382978,1273.694671610848,1129.90144477213,51154.36803280735,48750.771916424375,47584.276484375,45030.743984375,57402.063149736685,37006.42435026332,47204.24375,0.432072143926114,2471.2230554418793,0.039615740998585315,1.1116555375272827,71.0,0.04834896270757248
2021-10-11,57484.7890625,57793.0390625,54519.765625,54734.125,42637331698,0.04834896270757248,0.0569415577735034,0.04953684064585273,71.40373577551634,81.51496841828387,98.18284939770273,93.79705148658257,2730.5428109853674,1565.064299485752,1165.4785114996155,52128.27896045238,49397.73614946701,47747.53921875,45059.64712890625,58713.21968822634,37374.379139898665,48043.7994140625,0.4441538930845207,2528.512368446031,0.03738479277544583,1.2094186426373614,71.0,-0.02543576350608531
2021-10-12,56041.05859375,57627.87890625,54477.97265625,57526.83203125,41083758949,-0.02543576350608531,0.05620711544430559,-0.025114999851183484,66.39800858945692,70.24587118117837,89.67197935441322,92.4629449220518,2840.4109495799858,1820.133629504599,1020.2773200753868,52730.24505788278,49889.83410830279,47877.437421875,45064.165859375,59670.703530601204,37663.550375648796,48667.126953125,0.4521975002993122,2572.8976456998857,0.036508522108488116,1.160505544592916,78.0,0.023978814816483514
2021-10-13,57401.09765625,57688.66015625,54370.97265625,56038.2578125,41684252783,0.023978814816483514,0.057798328524450444,0.02426861834211813,68.62912781869305,74.17035269382873,97.60257860726058,95.15246911979217,3002.6137645805647,2056.629656519792,945.9841080607725,53448.837765323886,50446.22400074332,48071.33703125,45071.3037890625,60778.30980912242,37806.54409712759,49292.426953125,0.4660303241680512,2626.0969210070366,0.0363855911775171,1.1652234028435828,70.0,-0.0013872457018979745
2021-10-14,57321.5234375,58478.734375,56957.07421875,57372.83203125,36615791366,-0.0013872457018979745,0.026546052250497637,-0.001386283921372633,68.34319846186449,73.50853162734487,92.36603335025498,93.2135304373096,3089.1301205402124,2263.1297493238762,826.0003712163361,54044.63556104329,50955.505440503075,48238.55171875,45078.15767578125,61609.36503580262,38423.66621419738,50016.515625,0.4635608564866966,2547.208580667248,0.033825633656854065,1.032523275910086,70.0,0.0718874583745788
2021-10-15,61593.94921875,62757.12890625,56868.14453125,57345.90234375,51780081801,0.0718874583745788,0.09560978715758847,0.07453440740995654,74.48884086731748,83.00665842813981,92.59692952099095,94.18851382616883,3462.530118493887,2503.0098231578786,959.5202953360085,55206.0684314597,51743.538312965815,48531.586328125,45097.37642578125,63083.92388024101,38836.84291663399,50960.3833984375,0.4758025616492999,2785.906851691016,0.03586674379792708,1.4197524274374234,71.0,-0.011458884632588321
2021-10-16,60892.1796875,62274.4765625,60206.12109375,61609.52734375,34250964237,-0.011458884632588321,0.03396750583350515,-0.01139348166745524,72.01579221528758,77.67020004570747,88.1305092802533,91.03115738383308,3659.6393267226304,2734.335723870829,925.3036028518013,56080.85477854282,52421.21545182019,48768.2565625,45107.2488671875,64155.65879056136,39533.47206881364,51844.5654296875,0.4749231962439875,2734.653181480943,0.03645792382399274,0.9345243510100518,78.0,0.010803865067540788
2021-10-17,61553.6171875,61645.5234375,59164.46875,60887.65234375,29032367511,0.010803865067540788,0.04030721184008403,0.01086243756414218,72.92809550651091,79.14455087160705,92.34023584492867,91.02255821539097,3825.12857161156,2952.4942934189753,872.6342781925846,56922.8182260747,53097.68965446314,49021.280859375,45120.42279296875,64984.95801455653,40635.96151669347,52810.459765625,0.4610638991958205,2716.5390033394474,0.03527663266906848,0.7942473143292511,79.0,0.007646292349290159
2021-10-18,62026.078125,62614.66015625,60012.7578125,61548.8046875,38055562075,0.007646292349290159,0.041948522660201645,0.007675599893030238,73.5903882828671,80.2322223397113,94.6577364895532,91.70949387157839,3948.883370209878,3151.772108777156,797.1112614327221,57707.93513360167,53759.05176339179,49285.20578125,45135.074140625,65395.33206359689,42324.740983278105,53860.0365234375,0.4283433983614083,2708.3506705116297,0.03358342704721268,1.0300503929916374,78.0,0.03541344366049976
2021-10-19,64261.9921875,64434.53515625,61622.93359375,62043.1640625,40471196346,0.03541344366049976,0.04375216931178337,0.036047967727284025,76.51816003487417,84.65172777538754,98.76280857662067,95.25359363703417,4179.204253069409,3357.258537635607,821.945715433802,58716.25160343218,54537.04735036277,49629.3459375,45159.4625390625,65918.0420571625,44071.79388033749,54994.91796875,0.39724121762012254,2715.7257342250846,0.033685897535161505,1.0809966105516318,75.0,0.026577834542035658
2021-10-20,65992.8359375,66930.390625,63610.67578125,64284.5859375,40788955582,0.026577834542035658,0.0503041700904324,0.026934175102288238,78.50473703393105,87.2301358288495,93.00589219211693,95.47547908609693,4450.101833622386,3575.827196832963,874.2746367894229,59835.726116365695,55385.62428274331,50005.86890625,45201.407265625,66757.25374839739,45452.77632972762,56105.0150390625,0.3797250103905464,2758.8678134768643,0.032948353154685917,1.0756256158984043,82.0,-0.059027668390729156
2021-10-21,62210.171875,66600.546875,62117.41015625,66002.234375,45908121370,-0.059027668390729156,0.07206436799046378,-0.057319313661295834,65.46905036578734,61.07140091869494,64.35508982495182,85.37459686456315,4309.879137233722,3722.637584913115,587.2415523206068,60201.025463847895,55891.14632661417,50273.131796875,45218.6653515625,67113.88550816056,46505.467616839436,56809.6765625,0.362762457706452,2882.029878139231,0.03272354920325419,1.2057597772921331,84.0,-0.02470225108270476
2021-10-22,60692.265625,63715.0234375,60122.796875,62237.890625,38434082775,-0.02470225108270476,0.05918755092609875,-0.024399647264276236,61.08566912751494,53.552962391286066,52.72445124797845,70.02847775501573,4029.8160800946353,3784.0732839494194,245.74279614521583,60276.600873255906,56246.78479316127,50500.42265625,45226.83728515625,66995.54979737916,47921.881061995846,57458.7154296875,0.3319543187268754,2932.758212736429,0.03347298436610317,0.99919605837751,75.0,0.011489604888576206
2021-10-23,61393.6171875,61743.87890625,59826.5234375,60694.62890625,26882546034,0.011489604888576206,0.03123053432239177,0.011555863919028075,62.3403268175063,56.44351079983421,56.286788402882934,57.78877649193773,3820.4178997994095,3791.3422071194173,29.075692679992244,60448.44953698577,56628.03163718636,50727.7875,45242.84357421875,66788.01434105645,49448.78292456856,58118.3986328125,0.29834324111432936,2860.2294453088266,0.03347046876946526,0.6986611951928899,74.0,-0.007566491344887265
2021-10-24,60930.8359375,61505.8046875,59643.34375,61368.34375,27316183882,-0.007566491344887265,0.030566804292828435,-0.007537937512081094,60.94404956286387,53.8630348135116,52.23063120896265,53.747290286608006,3575.90494771854,3748.254755239242,-172.34980752070214,60522.66282937257,56946.75788165403,50947.51171875,45267.25306640625,66398.75361724832,51019.83700775168,58709.2953125,0.2619502844930633,2788.9602661796243,0.03371142045950762,0.7155726636567645,73.0,0.03402727333400422
2021-10-25,63039.82421875,63729.32421875,60691.80078125,60893.92578125,31064911614,0.03402727333400422,0.04818419903836829,0.0346128236844363,64.81199491748325,62.884654445123154,69.02271732710544,59.180045646317005,3511.8222988920024,3700.9682639697944,-189.14596507779197,60909.91842773833,57398.09612884633,51173.24,45290.832421875,66440.82993214233,52130.261864732674,59285.5458984375,0.24138376143023443,2806.714778416794,0.03305273360911759,0.8189323397380395,72.0,-0.04337718610106227
2021-10-26,60363.79296875,63229.02734375,59991.16015625,63032.76171875,34878965587,-0.04337718610106227,0.05363922689841948,-0.04244985266320056,57.08646988085216,48.7679381477535,47.71574867092704,56.323032402331705,3208.1217501089195,3602.3989611976194,-394.2772110886999,60825.899126355514,57617.777376246595,51327.84515625,45301.4263671875,66471.12785563247,52600.19831624254,59535.6630859375,0.23298521962151933,2837.5113790655946,0.03171973599762246,0.9369607893297935,76.0,-0.03166384386368273
2021-10-27,58482.38671875,61435.18359375,58208.1875,60352.0,43657076893,-0.03166384386368273,0.05517893975957371,-0.03116779376295975,52.36088390102637,41.18457596848078,16.042563185794673,44.26034306127571,2783.5362432263355,3438.626417603363,-655.0901743770273,60465.358755954665,57681.82251272833,51561.2703125,45294.87212890625,66214.48272041704,53324.48368583295,59769.483203125,0.2156618786677103,2865.331715828767,0.031899503220044305,1.1620783391808216,73.0,0.03593449158802419
2021-10-28,60622.13671875,62128.6328125,58206.91796875,58470.73046875,45257083247,0.03593449158802419,0.06469113521920848,0.03658793903693369,56.74630068423525,51.244184316263414,37.30769604046686,33.68866929906285,2589.854877512327,3268.872109585156,-679.0172320728288,60489.47844253856,57899.62356502623,51851.885234375,45296.95798828125,65976.61947872839,54227.775833771615,60102.19765625,0.19548109891344412,2940.7876535374266,0.03267671268166163,1.1881333635134093,66.0,0.026144375505153635
2021-10-29,62227.96484375,62927.609375,60329.96484375,60624.87109375,36856881767,0.026144375505153635,0.04174400589465686,0.02648913766352501,59.741498390587765,57.59449399503546,46.09456616017578,33.14827512881243,2536.6964513544954,3122.4369779390245,-585.7405265845291,60756.93788887878,58220.24143752429,52168.61609375,45308.630546875,65907.06224946142,55023.307281788584,60465.184765625,0.1800003590472835,2916.2774305168964,0.03287961853459063,0.9620896859850111,70.0,-0.0054647503804892625
2021-10-30,61888.83203125,62330.14453125,60918.38671875,62239.36328125,32157938616,-0.0054647503804892625,0.02281118848368556,-0.005449845794435637,58.815207682624425,55.80368647571617,42.20697659735385,41.86974626599882,2439.086560332209,2985.7668944176617,-546.6803340854526,60931.07544924359,58491.98888891138,52508.71453125,45300.557421875,65619.94322029462,56022.151701580384,60821.0474609375,0.15780378535700895,2808.8117435156896,0.032911757860448455,0.8475841595407131,73.0,-0.009250698649359285
2021-10-31,61318.95703125,62406.171875,60074.328125,61850.48828125,32241199927,-0.009250698649359285,0.038028105220570235,-0.009208042570786446,57.20997702061889,52.59749408633588,35.6743144058617,41.325285721130435,2289.3556022910125,2846.484635992332,-557.1290337013197,60990.749538783035,58701.39393649202,52831.06453125,45291.60373046875,65563.1240683074,56462.38765044261,61012.755859375,0.149161208827226,2774.7426011217117,0.031511271950814164,0.8615827858650705,74.0,-0.005142950065019365
2021-11-01,61004.40625,62419.00390625,59695.18359375,61320.44921875,36150572843,-0.005142950065019365,0.044649566808954884,-0.005129747739996526,56.29665019821619,50.720894794863746,32.068516650255305,36.649935884490276,2120.8631300816414,2701.360334810194,-580.4972047285528,60992.85057127796,58871.98744119632,53129.887265625,45280.055703125,65199.95381331603,57321.892671058966,61260.9232421875,0.12859847232651267,2771.105294791589,0.030859698549852203,0.9724630804135963,74.0,0.0357758773484733
2021-11-02,63226.40234375,64242.79296875,60673.0546875,60963.25390625,37746665647,0.0357758773484733,0.05645961416311508,0.03642353446805324,61.02954762410162,61.91839444353409,57.5399794645284,41.76093684021513,2141.9372276517097,2589.4757133784974,-447.5384857267877,61336.47392088904,59194.53669323733,53495.153828125,45288.32376953125,65153.520313845365,57950.856639279635,61552.1884765625,0.11701718253784463,2828.150508110047,0.03136538368443873,1.0208048450167218,73.0,-0.004062805617150114
2021-11-03,62970.046875,63516.9375,61184.23828125,63254.3359375,36124731509,-0.004062805617150114,0.037044584441561126,-0.004054563588107407,60.21927370897176,60.08083954942928,56.7469560478581,48.78515072088059,2113.5887227974745,2494.298315262293,-380.70959246481834,61587.79283690611,59474.20411410864,53812.704921875,45299.75490234375,64912.421007687866,58756.80828918713,61834.6146484375,0.09954962529480697,2792.761130298615,0.031398997772142376,0.9775910660589843,76.0,-0.02439903425460908
2021-11-04,61452.23046875,63123.2890625,60799.6640625,62941.8046875,32615846901,-0.02439903425460908,0.03781189034597567,-0.024103783966732184,55.51928403443319,49.859808893587896,53.767059456996705,56.01799832312773,1946.2125031362011,2384.6811528370745,-438.46864970087336,61566.93708795902,59620.72458482282,54078.222578125,45325.93513671875,64908.16999245125,58746.88742942375,61827.5287109375,0.09965273869886299,2759.2514067058573,0.02772128684512863,0.9061318503141086,73.0,-0.005328129187967981
2021-11-05,61125.67578125,62541.46875,60844.609375,61460.078125,30605102446,-0.005328129187967981,0.027760173663724193,-0.005313959884109654,54.533133517832276,47.81791665736388,48.356829995651005,52.9569485001686,1766.8482818558841,2261.1145786408365,-494.2662967849524,61499.050733080716,59732.20245122483,54345.06890625,45352.9421875,64907.32174166549,58771.08528958451,61839.203515625,0.09922890501865095,2683.3662615840103,0.0276229700196359,0.8545975199414034,73.0,0.006551908440948538
2021-11-06,61527.48046875,61590.68359375,60163.78125,61068.875,29094934221,0.006551908440948538,0.023191301397019307,0.006573419146120196,55.5786593589853,50.71526366220788,55.013771822643776,52.37922042509715,1638.238530489747,2136.539369010619,-498.3008385208718,61503.424538568295,59865.18600807855,54630.268125,45378.21443359375,64906.52258701302,58769.27077236198,61837.8966796875,0.0992474217944577,2593.6188388815813,0.02755326741374491,0.812357575348915,71.0,0.028827681539784322
2021-11-07,63326.98828125,63326.98828125,61432.48828125,61554.921875,24726754302,0.028827681539784322,0.029916155045714182,0.029247220896912562,60.01348659209203,61.79807366559907,84.82730859237476,62.73263680355651,1662.3570005819274,2041.7028953248807,-379.3458947429533,61783.97280667318,60121.61580609125,54931.240625,45425.31892578125,65039.172025228705,58766.71234977129,61902.9421875,0.10132732716416842,2543.6817789614684,0.0282614716542171,0.703484111709395,73.0,0.06480556096155835
2021-11-08,67566.828125,67673.7421875,63344.06640625,63344.06640625,41125608330,0.06480556096155835,0.06407990283693667,0.06695154718111462,68.09546761989377,76.3913147605068,98.87064489601227,79.57057510367694,2000.5298407472292,2033.4682844093504,-32.938443662121244,62673.64285564653,60673.1130148993,55337.3728125,45504.34169921875,65944.98880167285,58191.37916707714,62068.183984375,0.12492083925876743,2672.472645196364,0.030793839481219932,1.1689485947027678,75.0,-0.008845099182201409
2021-11-09,66971.828125,68530.3359375,66382.0625,67549.734375,42357991721,-0.008845099182201409,0.03207727036344806,-0.008806096371717143,66.07706757427906,71.89477802887379,84.90318015585773,89.53371121474827,2195.2176233183636,2065.818152191153,129.39947112721075,63334.90212785476,61139.684504536395,55819.933359375,45583.732578125,66209.63868419713,58024.628503302876,62117.13359375,0.1317673515720274,2635.0298446466236,0.030352063562817524,1.2012989091116972,84.0,-0.02995816542044536
2021-11-10,64995.23046875,68789.625,63208.11328125,66953.3359375,48730828378,-0.02995816542044536,0.08587571239452126,-0.029513867421399387,59.741953309467064,58.54004244303347,64.14533143509108,82.63971882898703,2165.056755337704,2085.6658728204634,79.3908825172407,63590.337257223255,61425.28050188555,56305.964453125,45658.45439453125,66537.27305564677,57975.49999122823,62256.3865234375,0.13752441383978037,2845.4928356540076,0.027939666547025423,1.3765267039240552,75.0,-0.0006967481072823624
2021-11-11,64949.9609375,65579.015625,64180.48828125,64978.890625,35880633236,-0.0006967481072823624,0.021532381599055524,-0.0006965054346836919,59.60101477529084,58.250924344523305,57.78010005253037,68.94287054782639,2113.142189551283,2091.1611361666273,21.981053384655752,63799.51013111198,61686.3679415607,56733.473515625,45738.1829296875,66840.36767277934,58098.17490534566,62469.2712890625,0.13994388900394159,2742.138157660864,0.027230219691362096,1.0172086202612185,77.0,-0.012300437518712916
2021-11-12,64155.94140625,65460.81640625,62333.9140625,64863.98046875,36084893887,-0.012300437518712916,0.048739092205813704,-0.01222509636324598,57.05840433681051,52.90423823251807,49.04927761076585,56.991569699462424,1985.0464025869805,2069.9381894506982,-84.8917868637177,63854.34571190244,61869.29930931546,57118.690390625,45788.8538671875,67008.26742479327,58206.50757520673,62607.3875,0.1405866016943535,2769.621313810088,0.027376999971921192,1.0098269488966414,74.0,0.00487596370827555
2021-11-13,64469.52734375,64915.67578125,63303.734375,64158.12109375,30474228777,0.00487596370827555,0.025003152228108737,0.0048878705639170406,57.82365755245021,54.815176429682964,52.497383145697256,53.10892026966449,1887.080246531339,2033.3666008668265,-146.28635433548743,63948.98903987899,62061.90879334765,57551.2859375,45836.03591796875,67185.89777396155,58382.74636666344,62784.3220703125,0.1402125740473778,2686.92989184151,0.02728458658966909,0.8490619726698331,72.0,0.015351084638069591
2021-11-14,65466.83984375,65495.1796875,63647.80859375,64455.37109375,25122092191,0.015351084638069591,0.028218424749982263,0.015469517787564335,60.24984935302986,60.727696926965294,63.46355968639841,55.00340681428717,1868.3786399745659,2000.3690086883744,-131.9903687138085,64182.504548166835,62314.12590819227,58006.290859375,45889.2466015625,67459.91139141787,58351.43431170712,62905.6728515625,0.14479579768908732,2626.961406263545,0.02646777417760455,0.7057857567120799,74.0,-0.029592905846716044
2021-11-15,63557.87109375,66281.5703125,63548.14453125,65521.2890625,30558763548,-0.029592905846716044,0.04300688072478238,-0.02915932332393234,53.86283799834486,46.99523899470432,39.34791705159278,51.76961996122949,1680.1519124446204,1936.3255894396236,-256.17367699500323,64086.407093641166,62406.255181196546,58413.2775,45939.26041015625,67473.54068045774,58657.21283516726,63065.3767578125,0.13979664117678195,2634.5660044768633,0.02538431426638997,0.8637667215874025,72.0,-0.05492245425158357
2021-11-16,60161.24609375,63721.1953125,59016.3359375,63721.1953125,46844335592,-0.05492245425158357,0.07820415434328538,-0.05344145330150951,44.76890654797617,31.98227620189364,11.71468631418063,38.17538768405727,1242.5779588249206,1797.5760633166833,-554.9981044917627,63482.536170580985,62239.958211756064,58771.7878125,45951.31576171875,67259.03491426847,59039.60453885652,63149.3197265625,0.1301586527139518,2782.444102371373,0.027481724285477092,1.3181531761872376,71.0,0.00343096492223367
2021-11-17,60368.01171875,60823.609375,58515.41015625,60139.62109375,39178392930,0.00343096492223367,0.0382354686369948,0.003436857419438999,45.373524509294505,33.49120637350212,18.031563391211083,23.031388918994825,902.0830540365569,1618.477461460658,-716.3944074241012,63003.37856260699,62101.29550857043,59158.4571875,45964.01556640625,67278.94581291289,58994.28114021211,63136.6134765625,0.13121807167842803,2748.5694678269892,0.02626716187379276,1.111951015091017,52.0,-0.058423750403308876
2021-11-18,56942.13671875,60948.5,56550.79296875,60360.13671875,41388338699,-0.058423750403308876,0.0772311557778603,-0.05674983989800575,37.95890404082986,23.439571891828876,3.1975579777609755,10.981269227717556,351.74421918485314,1365.1308130054972,-1013.3865938206441,62070.87981739822,61719.13559821337,59466.01265625,45965.570859375,67810.8134784388,57933.8306621862,62872.3220703125,0.15709588084255569,2866.36500807149,0.028512236392361362,1.1671676157068498,54.0,0.02046697304630566
2021-11-19,58119.578125,58351.11328125,55705.1796875,56896.12890625,38702407772,0.02046697304630566,0.04552568478833913,0.020677857806173483,41.497364263983236,31.66339696091852,18.452432486331276,13.22718461843444,10.485538028289739,1094.2017580100558,-1083.716219981766,61462.98724933696,61452.50171130867,59752.586328125,45970.16728515625,68029.03375088274,57338.684999117264,62683.859375,0.17054388256172162,2850.619907048527,0.029047700023319082,1.0814439126966287,34.0,0.02678245961804076
2021-11-20,59697.1953125,59859.87890625,57469.7265625,58115.08203125,30624264863,0.02678245961804076,0.040037933628843794,0.027144333086984274,45.94583774583888,41.488165730569136,30.509628262088395,17.386539575393545,-131.15206373857654,849.1309936603294,-980.283057398906,61191.32695136205,61322.479015100624,59984.19140625,46001.98556640625,68075.98138558907,57129.56119253593,62602.7712890625,0.17485520157740386,2817.7293668129178,0.02975764925667996,0.8576575148275741,43.0,-0.016326255638854346
2021-11-21,58730.4765625,60004.42578125,58618.9296875,59730.5078125,26123447605,-0.016326255638854346,0.02359075176710984,-0.01619370466132397,43.75049785542046,37.621389134663374,23.12132308818498,24.027794612201546,-317.744249581694,615.7559450119248,-933.5001945936189,60812.73458384481,61130.4788334265,60204.571171875,46008.51791015625,68180.49820562481,56797.6514037502,62489.0748046875,0.182157390511097,2715.4269901655666,0.02993739408680652,0.7420271793853999,49.0,-0.042454514477448545
2021-11-22,56289.2890625,59266.359375,55679.83984375,58706.84765625,35036121783,-0.042454514477448545,0.06371584347543917,-0.041565940596482776,38.71932692667741,29.516640382913863,4.648811643259076,19.426587664510812,-655.0522954749467,361.5942969145505,-1016.6465923894973,60116.819888253296,60771.87218372824,60366.357890625,46007.98177734375,68426.31041874964,55858.127862500354,62142.219140625,0.2022486922748616,2777.6478859573117,0.029866369217661826,0.9990343836574899,50.0,0.022481248103212805
2021-11-23,57569.07421875,57875.515625,55632.76171875,56304.5546875,37485803899,0.022481248103212805,0.03895761633629927,0.022735855747423095,42.45536688783481,37.72240879630373,14.717128684915815,14.162421138786618,-809.768874004134,127.32166273081361,-937.0905367349476,59724.85901602202,60534.62789002615,60535.481328125,46009.04513671875,68448.16999680281,55296.17101882219,61872.1705078125,0.21256727976465506,2739.4411731210753,0.03053053680749267,1.0668154619536647,33.0,-0.02263871996463873
2021-11-24,56280.42578125,57803.06640625,55964.22265625,57565.8515625,36635566789,-0.02263871996463873,0.03267288270254374,-0.02238438701660228,39.82267246067984,33.183982035845446,6.082033091289922,8.482657806488266,-1024.5555972221046,-103.05378925977004,-921.5018079623345,59194.94621067248,60219.50180789459,60630.79359375,45996.42837890625,68627.46261719483,54599.69792968018,61613.5802734375,0.2276732601037019,2675.112785755284,0.030472583960798997,1.0366886528541213,42.0,0.01751183816078035
2021-11-25,57274.6796875,59367.96875,57146.68359375,57165.41796875,34284016248,0.01751183816078035,0.03878302189326408,0.017666069374003168,42.771360415951385,39.712882907648094,15.418795016314546,12.072652264173422,-1101.8462442906311,-302.81228026594226,-799.0339640246889,58899.520591722874,60001.366836013505,60669.058203125,45991.6401953125,68684.90308073601,54157.157856763995,61421.03046875,0.23652721410077107,2704.5720845406213,0.030861298512394508,0.9651224279008094,32.0,-0.06687380102128215
2021-11-26,53569.765625,59183.48046875,53569.765625,58960.28515625,41810748221,-0.06687380102128215,0.10479259668685549,-0.06468677053655503,35.74302147529025,27.87255195873165,0.0,7.1669427025348185,-1445.3936423438572,-531.3285526815253,-914.065089662332,58079.558289150125,59524.95193149398,60664.333828125,45980.1900390625,69051.64388123999,52994.64557188502,61023.1447265625,0.26312964337227257,2912.3679959127194,0.033855560354187034,1.1563102821953712,47.0,0.02298046960742265
2021-11-27,54815.078125,55329.2578125,53668.35546875,53736.4296875,30560857714,0.02298046960742265,0.030300099909781896,0.02324655494514305,39.35056268787801,35.422759775519,9.796504356494426,8.405099790936319,-1598.7418186836367,-744.8112058819476,-853.9306128016891,57577.33057158857,59176.07239027221,60681.2784375,45970.74255859375,68986.75369191481,52208.34474558518,60597.54921875,0.2768826324272877,2830.0197238832397,0.0335544759673527,0.8384215659702325,21.0,0.043435386277887976
2021-11-28,57248.45703125,57393.84375,53576.734375,54813.0234375,28116886357,0.043435386277887976,0.06667619658144444,0.044392510044424904,45.75877068407833,47.86424405816664,28.93917501633263,12.91189312427568,-1506.5514250759588,-897.1592497207498,-609.392175355209,57526.73464230572,59033.286067381676,60726.883125,46011.23216796875,67945.67401807192,52217.58731005307,60081.6306640625,0.26177862574935934,2900.526127534437,0.031412134414876135,0.7853872067527939,27.0,0.009701684218223901
2021-11-29,57806.56640625,58872.87890625,56792.52734375,57291.90625,32370840356,0.009701684218223901,0.035988153108417006,0.009748898117819094,47.138344199057755,50.420202740496414,41.736000855790785,26.823893409539277,-1372.6322614223463,-992.2538520610692,-380.37840936127714,57569.78568291254,58942.417944334884,60787.582890625,46051.68404296875,66872.04862472246,52374.686531527535,59623.367578125,0.2431489981541031,2841.9422300319775,0.031667482953650156,0.9170034789550673,33.0,-0.013955922421075117
2021-11-30,57005.42578125,59113.40234375,56057.28125,57830.11328125,36708594618,-0.013955922421075117,0.053611056348871394,-0.013858989986877734,45.35508121864952,46.594680599074245,46.561645692117764,39.07894052141372,-1315.9759607088708,-1056.9982737906296,-258.97768691824126,57482.961082656766,58798.93704336564,60777.995625,46087.30849609375,66116.21720718445,52331.53748031554,59223.87734375,0.23275544164153977,2857.2407202975505,0.03126603762004073,1.057897931909873,40.0,0.003928780734843055
2021-12-01,57229.828125,59041.68359375,56553.08203125,56907.96484375,36858195307,0.003928780734843055,0.04348434451112551,0.003936508510805847,45.97162832882097,47.88679027397128,49.60284940464468,45.96683198418441,-1238.6892024067638,-1093.3364595138564,-145.35274289290737,57444.01755070957,58682.706753116334,60801.771015625,46139.65669921875,65252.38425284163,52423.357153408375,58837.870703125,0.21804030203886826,2830.90935188344,0.03132872317643101,1.0607151129038797,34.0,-0.013227302108743101
2021-12-02,56477.81640625,57349.234375,55895.1328125,57217.37109375,32379968686,-0.013227302108743101,0.025746419656888238,-0.013140205787574133,44.172944880642014,43.748490531514584,45.19354108274706,47.11934539316983,-1224.010321444628,-1119.471231900011,-104.53908954461713,57295.37122079272,58519.381542237345,60783.305390625,46189.76548828125,64455.13468071348,52452.79422553652,58453.964453125,0.20532979358143957,2732.565938356052,0.031338708286326684,0.936833819896431,32.0,-0.05233158566534184
2021-12-03,53598.24609375,57482.16796875,52496.5859375,56509.1640625,39789134215,-0.05233158566534184,0.0930176338705113,-0.05098586481791345,38.03605804037828,31.563175240331717,14.673463728279867,36.48995140522386,-1428.2702507883223,-1181.2310356776732,-247.03921511064914,56726.58273970922,58154.852990497544,60708.83984375,46240.06916015625,63594.62393647801,52226.17684477199,57910.400390625,0.19631097376329726,2893.495659277048,0.03283302665071937,1.1358932214036994,31.0,-0.08560843085516442
2021-12-04,49200.703125,53904.6796875,42874.6171875,53727.87890625,61385677469,-0.08560843085516442,0.22418505833091182,-0.08204639683653359,30.961744928111045,21.09481575021404,36.93027801728119,32.26576094276936,-1922.8275234132743,-1329.5503332247933,-593.277190188481,55568.75510667704,57491.58263009031,60460.974921875,46271.5256640625,62877.77994401165,51316.407165363344,57097.0935546875,0.2024861872798279,3474.679005042973,0.036419462974300695,1.6661820920958283,25.0,0.003411696472447897
2021-12-05,49368.84765625,49768.1484375,47857.49609375,49201.51953125,37198201161,0.003411696472447897,0.03870157871728479,0.003417522933012007,31.486458781252296,22.24520435387973,39.374838062116886,30.32619326922597,-2274.97536672726,-1518.6353399252869,-756.340026801973,54614.92319122673,56889.89855795399,60230.50828125,46333.3576953125,62303.711932953935,50471.57283267106,56387.6423828125,0.20983567675972611,3362.962814950618,0.036436919185629794,1.0006486008612663,18.0,0.024288526851428814
2021-12-06,50582.625,50929.51953125,47281.03515625,49413.48046875,37707308001,0.024288526851428814,0.07212920197399798,0.02458589579002135,35.308712252405996,30.7482211236116,46.73402966820438,41.01304858253414,-2428.1234858709577,-1700.5329691144211,-727.5905167565365,53994.5696233457,56422.693109216656,60011.0884375,46382.35712890625,62071.016697955776,49746.40595829422,55908.711328125,0.22044168872591477,3383.3572120970025,0.035899118078576035,1.0269647011367482,16.0,0.002319467736866812
2021-12-07,50700.0859375,51934.78125,50175.80859375,50581.828125,33676814852,0.002319467736866812,0.03469368194796268,0.002322159783127109,35.68265943591409,31.59281666739423,47.44620109712768,44.5183562758163,-2511.0703023126625,-1862.6404357540696,-648.429866558593,53487.72597936943,55998.796281682095,59784.56859375,46449.3341015625,61629.20118237096,49221.42889575404,55425.3150390625,0.22386471376612302,3267.3297438222166,0.0358802525397991,0.9241168772876929,25.0,-0.0038592862213869153
2021-12-08,50504.796875,51171.375,48765.98828125,50667.6484375,28479699446,-0.0038592862213869153,0.047626896207569394,-0.00385184874717448,35.317132783074456,30.862715184646888,46.26215392660584,46.81412823064596,-2563.019553202168,-2002.7162592436894,-560.3032939584787,53028.81380946644,55591.83336266861,59509.4246875,46514.174921875,61619.27186550877,48587.62422824123,55103.448046875,0.23649423219726418,3205.762384888487,0.0339236577262536,0.7955950507682851,28.0,-0.057721555808476536
2021-12-09,47672.12109375,50797.1640625,47358.3515625,50450.08203125,29603577251,-0.057721555808476536,0.07213466531596895,-0.05608726213196957,30.445364295885668,22.186225647841738,29.416543774486122,41.04163293273987,-2800.4807715976203,-2162.2691617144756,-638.2116098831448,52204.707237817755,55005.188009415375,59143.010390625,46578.6826171875,61693.73871740403,47468.41167322097,54581.0751953125,0.2606274609519738,3222.408821682166,0.03519470553909274,0.837636701445989,29.0,-0.009035819421615396
2021-12-10,47243.3046875,50015.25390625,47023.69921875,47642.14453125,30966005122,-0.009035819421615396,0.06332229947266006,-0.00899511908452133,29.77575240840153,21.136756735009087,26.902797579772002,34.193831760287985,-2988.8191515046274,-2327.5791596725057,-661.2399918321216,51441.41453776887,54430.2336892735,58843.673046875,46621.36923828125,61345.709454353564,46571.05187377143,53958.3806640625,0.2738158076419515,3205.919240669154,0.03412447575300129,0.8757633451349071,24.0,0.04388024071672512
2021-12-11,49362.5078125,49458.2109375,46942.34765625,47264.6328125,25775869261,0.04388024071672512,0.05096708803382375,0.044857216044006165,37.134444234565876,38.03619331464895,39.95305413904644,32.09079849776818,-2933.2638534089274,-2448.7160984197903,-484.54775498913705,51121.58273388135,54054.846587290274,58617.077890625,46676.1706640625,60795.10836316154,46184.856089963454,53489.9822265625,0.2731399724777401,3156.629529282072,0.036282140675090745,0.7293372774402198,16.0,0.014796607838164322
2021-12-12,50098.3359375,50724.8671875,48725.8515625,49354.85546875,21939223599,0.014796607838164322,0.03990183680938754,0.014906619570362878,39.50484929168743,42.98538605848726,44.48435446674856,37.11340206185566,-2797.611574520168,-2518.495193639866,-279.1163808803017,50964.160149822674,53761.77172434284,58391.172265625,46730.19134765625,60509.48758030908,45851.38156031592,53180.4345703125,0.2756296773132411,3073.9428218333524,0.03573218302287726,0.632497631233029,27.0,-0.06944137030817533
2021-12-13,46737.48046875,50205.0,45894.84765625,50114.7421875,32166727776,-0.06944137030817533,0.09222046846602888,-0.0670851717099511,33.32427715460737,30.152178569115733,23.78788341665606,36.07509734081702,-2927.5521162082296,-2600.306578153539,-327.24553805469077,50313.90173734995,53241.45385355818,58107.30515625,46771.69390625,60188.165030759155,45089.54473486584,52638.8548828125,0.2868341328759277,3162.2435019702557,0.03775415502401652,0.9345170745189733,28.0,-0.002674827620426481
2021-12-14,46612.6328125,48431.3984375,46424.49609375,46709.82421875,34638619079,-0.002674827620426481,0.04305490212970364,-0.00267125345649466,33.11700329116675,29.767030921009408,23.12117443616689,30.464470773190495,-3005.954323827551,-2681.4361272883416,-324.5181965392094,49744.4757489115,52750.43007273905,57778.761328125,46826.26904296875,59944.45003776877,44366.480430981224,52155.465234375,0.2986833601576294,3079.7191335259517,0.03767799091394082,1.0092588283324504,21.0,0.04783877809998121
2021-12-15,48896.72265625,49473.95703125,46671.96484375,48379.75390625,36541828520,0.04783877809998121,0.057304294342963455,0.04900151967252708,40.41851221756883,44.8131294035388,41.22597661258772,29.37834482180355,-2850.918067915889,-2715.332515413851,-135.5855525020379,49614.052196194345,52464.970264110234,57549.419921875,46897.67232421875,59276.39443268604,44196.74033293896,51736.5673828125,0.2914699382386299,3064.119496756241,0.0393904040228485,1.0612216314527902,28.0,-0.025504064198459072
2021-12-16,47665.42578125,49425.57421875,47529.87890625,48900.46484375,27268150947,-0.025504064198459072,0.03977086706829972,-0.025181582897818466,38.00958174432609,39.492166672676085,32.7967957496297,32.38131559946143,-2795.184933592893,-2731.30299904966,-63.881934543233,49314.26351697214,52109.44845056503,57333.080703125,46957.60880859375,59131.80520689317,43750.89557435682,51441.350390625,0.2989989476508662,2980.660626452224,0.03715367030495286,0.8089852929921891,29.0,-0.031180093256039692
2021-12-17,46202.14453125,48004.89453125,45618.21484375,47653.73046875,32902725329,-0.031180093256039692,0.05165733564349396,-0.030699007215741814,35.3157982749935,33.9097598983257,30.167801349720367,34.73019123731259,-2836.39440176043,-2752.321279591814,-84.07312216861601,48835.4759807072,51671.87038246763,57044.680859375,47001.95525390625,58860.207954671794,43161.19946720321,51010.7037109375,0.3077591043720981,2938.233416527065,0.03691559216915546,0.9727712528749599,23.0,0.01389869565630835
2021-12-18,46848.77734375,47313.828125,45598.44140625,46219.25390625,26098292690,0.01389869565630835,0.036615399931645094,0.013995731563123393,37.42625454701236,38.399020877521174,19.73277899122312,27.56579203019106,-2784.7741948915573,-2758.8118626517626,-25.962332239794705,48529.83003655994,51314.6042314515,56737.097109375,47052.77451171875,57988.42580352636,42993.01364959864,50490.7197265625,0.2969934323601816,2850.887223828703,0.0352811867382095,0.7739070845200412,24.0,-0.0030305301841360094
2021-12-19,46707.015625,48089.6640625,46502.953125,46853.8671875,25154053861,-0.0030305301841360094,0.033971576138354484,-0.0030259427628138713,37.140161150305964,37.74329049797843,17.495498128047355,22.46535948966361,-2723.904321548245,-2751.8303544310593,27.92603288281407,48249.3970501661,50973.30137171435,56433.46078125,47098.43369140625,56801.7859507295,43069.6984242705,49935.7421875,0.2749951622807048,2760.5889176623673,0.03502043503219192,0.7539747049412903,29.0,0.003702680378992096
2021-12-20,46880.27734375,47401.71875,45579.80859375,46707.0625,30961902129,0.003702680378992096,0.0388630413359296,0.003709543768351198,37.76632108201815,39.22319422271998,20.463797727296477,19.230691615522314,-2631.351157500947,-2727.734515045037,96.3833575440899,48038.76324917901,50670.11440667995,56144.6871875,47136.79125,55592.962558957224,43266.00697229277,49429.484765625,0.24938466676547374,2693.540434704341,0.035155319140604116,0.9361232883587149,25.0,0.042928792887466996
2021-12-21,48936.61328125,49300.91796875,46698.7734375,46886.078125,27055803928,0.042928792887466996,0.0531737763766952,0.04386356169401262,44.794897360638096,54.27371313555074,60.03335100783057,32.664215621058126,-2364.81289256359,-2655.150190548748,290.3372979851579,48176.894023343775,50541.706915907365,55903.331328125,47197.00228515625,54032.81142274874,43996.836624126256,49014.8240234375,0.20475386780586144,2687.0121558861733,0.036989380816213606,0.8303279543024925,27.0,-0.006315834406489169
2021-12-22,48628.51171875,49544.796875,48450.94140625,48937.09765625,24447979559,-0.006315834406489169,0.02249411775290329,-0.006295931447672265,43.99319727069655,52.021829977679914,58.43387791498177,46.31034221670293,-2153.615084364086,-2554.843169311816,401.2280849477297,48246.37366879088,50399.98875315497,55611.373515625,47262.38505859375,52290.420685628786,44954.29689249621,48622.3587890625,0.15087963595017567,2573.2152496621607,0.03696855704638035,0.7595399193564926,45.0,0.043381939329586325
2021-12-23,50784.5390625,51332.33984375,48065.8359375,48626.34375,28223878108,0.043381939329586325,0.06432083398906009,0.04433669194360079,50.64932342476416,64.1616339129905,90.4772219838006,69.64815030220431,-1791.613308816166,-2402.197197212686,610.5838883965203,48636.86065243844,50428.4739612546,55367.663359375,47336.995859375,51540.85999893145,45422.48687606855,48481.6734375,0.1261997098914167,2622.7358679898634,0.03705216170023548,0.8928889645629108,34.0,0.0007412156675569818
2021-12-24,50822.1953125,51814.02734375,50514.49609375,50806.05078125,24367912228,0.0007412156675569818,0.025570151820662756,0.0007414904357732066,50.75939410224571,64.3454622244083,84.09051605303391,77.66720531727209,-1484.5725210356977,-2218.6722619772886,734.0997409415909,48973.0659847556,50457.6385057913,55155.06265625,47423.30330078125,51775.92993398799,45349.56615976201,48562.748046875,0.13233113925148865,2528.221252419159,0.03149683284888633,0.8188492365000344,41.0,-0.0077497271989944395
2021-12-25,50429.859375,51176.59765625,50236.70703125,50854.91796875,19030650914,-0.0077497271989944395,0.01863758171544574,-0.007719775485643066,49.520124041002624,60.56902237057661,77.79725055765809,84.12166286483085,-1258.3927476061508,-2026.6163591030613,768.2236114969105,49197.188044793205,50455.580792399356,54941.146328125,47508.08943359375,51914.36529232893,45317.23197329607,48615.7986328125,0.1356993714915592,2414.769064746362,0.031562252643999554,0.6596332511950262,39.0,0.007500204929835927
2021-12-26,50809.515625,51196.37890625,49623.10546875,50428.69140625,20964372926,0.007500204929835927,0.030964149493405056,0.0075284019171428795,50.772611741883956,63.019319749438516,83.88712749692975,81.92496470254058,-1036.5597456587202,-1828.6050364141931,792.0452907554729,49445.23844174809,50481.798187406814,54726.78703125,47575.41140625,51954.127514844135,45300.15881328087,48627.1431640625,0.13683651287334578,2354.662234228764,0.031132371551802006,0.7483746823256642,37.0,-0.003333620966693561
2021-12-27,50640.41796875,51956.328125,50499.46875,50802.609375,24324345758,-0.003333620966693561,0.028768707554882783,-0.003328070621613999,50.17546874005328,61.048046423005744,79.36319100410503,80.34918968623094,-864.4355857066475,-1635.771146272684,771.3355605660365,49629.112215133,50493.547800839646,54473.055625,47645.1005078125,51943.80221732511,45304.517313924895,48624.159765625,0.13654292301198542,2290.533458569567,0.031138005113091064,0.883058005829534,40.0,-0.062151426511976506
2021-12-28,47588.85546875,50679.859375,47414.2109375,50679.859375,33430376883,-0.062151426511976506,0.0686221260278983,-0.06025942562091624,40.84056316141385,36.80754978327638,31.506950855463984,64.91908978549958,-963.1588440267296,-1501.2486858234934,538.0898417967637,49315.22656184331,50278.38540587004,54073.496171875,47696.37279296875,51709.772708646706,45246.95268197829,48478.3626953125,0.13331349631767414,2360.184528493169,0.03409975659814581,1.2028294464835827,41.0,-0.024336011956341844
2021-12-29,46444.7109375,48119.7421875,46201.49609375,47623.87109375,30049226299,-0.024336011956341844,0.04130171240233053,-0.02404227880624954,37.98694315482248,31.36053434720405,13.56386253521679,41.47800146492859,-1120.8007458413122,-1425.1590978270572,304.358351985745,48873.6087734828,49994.409519324116,53662.953828125,47750.83376953125,51752.27150230299,45081.71287269701,48416.9921875,0.13777309015342223,2328.6174974400856,0.032033166383737724,1.0803090832555806,27.0,0.01566773871313257
2021-12-30,47178.125,47879.96484375,46060.3125,46490.60546875,26686491018,0.01566773871313257,0.03856983175465324,0.01579112126431248,40.840471245178065,38.200044429817055,25.06565530642512,23.378822899035285,-1173.0307352021264,-1374.7334253020713,201.7026900999449,48612.76511602391,49785.79585122604,53306.61171875,47791.23509765625,51753.71756475869,45073.7488414913,48413.733203125,0.1379767326605628,2292.2628436050795,0.03219521631647587,0.9668520506723107,22.0,-0.018649172756865187
2021-12-31,46306.4453125,48472.52734375,45819.953125,47169.37109375,36974172400,-0.018649172756865187,0.05728304560734576,-0.018476352917798256,38.568888742788204,33.56276454219109,11.395506830786044,16.67500822414264,-1270.1194969782373,-1353.8106396373046,83.69114265906728,48257.94668471254,49528.066181690774,52933.74140625,47821.67494140625,51691.70231697074,44830.15783927926,48260.930078125,0.1421759685647165,2317.9993704011454,0.030704271923781574,1.312940958630586,28.0,0.02937373314776973
2022-01-01,47686.8125,47827.3125,46288.484375,46311.74609375,24582667004,0.02937373314776973,0.03226946915355267,0.029809396471367267,43.89109776285228,45.73347530490299,33.04316556899121,23.168109235400777,-1221.5971330195898,-1327.3679383137617,105.77080529417185,48170.07988706446,49391.67702008405,52604.358828125,47858.07765625,51472.43341343884,44808.274399061156,48140.35390625,0.13843186585947564,2262.344281443921,0.0313206745112735,0.8688447629052048,21.0,-0.007189054400021723
2022-01-02,47345.21875,47881.40625,46856.9375,47680.92578125,27951569547,-0.007189054400021723,0.021638272608044504,-0.007163274962024402,42.90057014005924,43.43617363683311,27.68610913207575,24.041593843950988,-1196.9093449264183,-1301.276219636293,104.36687470987476,48043.17817366992,49240.08751859634,52261.87265625,47903.0684375,51461.92565119866,44879.55598942634,48170.7408203125,0.13664663548202446,2173.924600626498,0.027127019126470118,0.9953287550228288,29.0,-0.018914636695763702
2022-01-03,46458.1171875,47510.7265625,45835.96484375,47343.54296875,33071628362,-0.018914636695763702,0.03604885045149033,-0.0187368774698079,40.35361825400256,37.69870330003819,10.39969138946039,23.709655363509103,-1234.693004882749,-1287.9595766855844,53.266571802835415,47799.32263733608,49034.01564221883,51881.698203125,47945.09150390625,51469.48364907578,44856.54642904922,48163.0150390625,0.13730322353497093,2138.2701090638907,0.027472504205913628,1.180943947539284,29.0,-0.012138934663861074
2022-01-04,45897.57421875,47406.546875,45752.46484375,46458.8515625,42494677905,-0.012138934663861074,0.036038550171879825,-0.012065555013512697,38.78665000444641,34.35350195657193,2.3390163261425436,13.474938949226214,-1294.9406903342024,-1289.355799415308,-5.584890918894416,47506.745957553605,48801.68664788781,51528.492265625,47995.64314453125,51442.571402560796,44583.543831814204,48013.0576171875,0.14285754565839665,2103.6852463628984,0.02513024497828425,1.5014702849920345,23.0,-0.05206628845481275
2022-01-05,43569.00390625,46929.046875,42798.22265625,45899.359375,36851084859,-0.05206628845481275,0.09481107779371176,-0.050734060615097554,33.045992401834496,24.022519211687623,8.416383198797172,7.051696971466687,-1513.141030755316,-1334.1128456833096,-179.0281850720064,46900.93948812228,48414.0805188776,51196.647421875,48035.40880859375,51747.71760357404,43868.755443300965,47808.2365234375,0.1648034467117501,2248.480887247691,0.027004955398774056,1.2803877848527114,24.0,-0.009410297303589778
2022-01-06,43160.9296875,43748.71875,42645.5390625,43565.51171875,30208048289,-0.009410297303589778,0.025559683155284212,-0.009366159015892994,32.148009744099824,22.631055085814594,5.5354129659727755,5.430270830304149,-1699.4048701222273,-1407.1712505710932,-292.2336195511341,46325.55336494963,48024.958235071856,50852.50578125,48072.72197265625,52041.44740014567,43270.90416235433,47656.17578125,0.1840379152127026,2166.6736586942848,0.026302259349869024,1.054512555258955,15.0,-0.037847988650375176
2022-01-07,41557.90234375,43153.5703125,41077.4453125,43153.5703125,84196607520,-0.037847988650375176,0.04995740600252491,-0.03714070469186992,28.83340642850264,17.883633605830553,4.416418850453538,6.122738338407814,-1953.8484654795247,-1516.5066935527796,-437.3417719267452,45592.06859245738,47545.9170579369,50544.82109375,48122.12801757813,52515.89616624185,42267.367896258154,47391.63203125,0.21625185355983997,2160.7315670018356,0.027045218166252515,2.668556101231862,18.0,0.004227048332596754
2022-01-08,41733.94140625,42228.94140625,40672.27734375,41561.46484375,28066355845,0.004227048332596754,0.03729971361551959,0.004235994902819673,29.690726281715357,20.032846956528303,9.408536731012418,6.453456182479563,-2116.8897791870404,-1636.5833106796317,-480.3064685074087,44998.51056381009,47115.40034299713,50217.108359375,48168.269423828126,52827.95158060257,41458.00506002243,47142.9783203125,0.24118006383320015,2117.583888108847,0.027135581314593923,0.885458145807447,10.0,0.004247935206112907
2022-01-09,41911.6015625,42663.94921875,41338.16015625,41734.7265625,21294384372,0.004247935206112907,0.03163298497488669,0.004256970472081845,30.59937446650339,22.423453106704585,10.98297271764593,8.26930943303728,-2206.3322799785456,-1750.5331045394146,-455.799175439131,44523.60148668546,46729.933766664006,49861.396484375,48209.212294921876,53020.85678054322,40768.232281956785,46894.54453125,0.26128038178132684,2061.0271148510724,0.027145722157865905,0.6822146884531969,23.0,-0.002157811766201214
2022-01-10,41821.26171875,42199.484375,39796.5703125,41910.23046875,32104232331,-0.002157811766201214,0.057456756772660586,-0.0021554853640055605,30.384340559675096,22.03270197657929,18.603672057433236,12.998393835363848,-2258.471522778411,-1852.120788187214,-406.3507345911969,44107.85690700308,46366.32842978149,49523.2121875,48245.006416015625,52968.3220568191,40109.2318494309,46538.776953125,0.27630915656292804,2085.44761111171,0.024661843732087352,1.0202821633884702,23.0,0.021633410637439378
2022-01-11,42735.85546875,43001.15625,41407.75390625,41819.5078125,26327648900,0.021633410637439378,0.0372849057605774,0.021869109453241498,35.33853994717035,35.34099744986213,33.87851214180712,21.155052305628747,-2200.6247440856678,-1921.8215793669049,-278.8031647187629,43896.77976265645,46097.40450674212,49252.143515625,48300.496796875,52802.41070647623,39685.877574773775,46244.144140625,0.2836366284954059,2050.3015205858737,0.025530293844477706,0.8342089694018081,21.0,0.027993907251911834
2022-01-12,43949.1015625,44135.3671875,42528.98828125,42742.1796875,33499938689,0.027993907251911834,0.0365508929452305,0.028389418684672707,41.30570170202491,48.85245511760612,47.86251516740994,33.44823312221675,-2033.4416849920817,-1944.1456004919403,-89.29608450014143,43904.82927032469,45938.27095531677,48979.7440625,48359.31091796875,52185.20881994995,39619.53571130006,45902.372265625,0.27374779316275055,2018.5927624190258,0.024143408038414912,1.0526686961995273,22.0,-0.03137582795207003
2022-01-13,42591.5703125,44278.421875,42447.04296875,43946.7421875,47691135082,-0.03137582795207003,0.04299862373734826,-0.030888714484173407,37.17213091488988,38.38232258789867,32.21546614318935,37.98549781746879,-1987.5777733376526,-1952.832035061083,-34.74573827656968,43702.78943065936,45690.36720399701,48705.966953125,48399.020546875,51503.157827096795,39478.52420415321,45490.841015625,0.2643308708848318,2005.2203441212382,0.024648276943281904,1.4456248231976092,21.0,0.011859664695822615
2022-01-14,43099.69921875,43346.6875,41982.6171875,42598.87109375,23577403399,0.011859664695822615,0.03164918403668529,0.011930269358978673,39.608267386555,43.65567527548877,40.85585572527272,40.311279011957325,-1888.4595506216428,-1939.957538173195,51.497987551552114,43610.006321134846,45498.46587175649,48422.46734375,48442.34736328125,50770.160875366346,39478.505140258654,45124.3330078125,0.2502342967186404,1959.4239132911498,0.025079907069817747,0.7097924985034207,21.0,0.0018011556222094572
2022-01-15,43177.3984375,43724.671875,42669.03515625,43101.8984375,18371348298,0.0018011556222094572,0.024448826398794074,0.001802778677309158,39.99143602126509,44.50298205601863,41.81690452515753,38.296075464539854,-1783.0836885863537,-1908.5827682558267,125.49907966947308,43543.4512621141,45326.53495070045,48214.62,48478.89546875,49801.05995169114,39684.394345183864,44742.7271484375,0.2261074872111493,1894.867685109639,0.024928198639794282,0.5552325046482701,23.0,-0.0014722123644015362
2022-01-16,43113.87890625,43436.80859375,42691.0234375,43172.0390625,17902097845,-0.0014722123644015362,0.01729802966399034,-0.0014711291913973579,39.769291487250364,43.87371880024414,43.0028701291862,41.89187679320547,-1685.2712955976021,-1863.920473724182,178.64917812657995,43477.36320736577,45162.634502963374,47980.596015625,48519.26068359375,48678.513454805376,40054.28693581962,44366.4001953125,0.1943864384087881,1812.790361619665,0.02495054613028704,0.5463527668919662,21.0,-0.02022757169904886
2022-01-17,42250.55078125,43179.390625,41680.3203125,43118.12109375,21690904261,-0.02022757169904886,0.03548049160971552,-0.020024366790964976,36.7789470646489,35.83833720868101,32.246886026464026,39.02222022693591,-1658.3017635340802,-1822.7967316861618,164.49496815208158,43288.62283411719,44946.92459765127,47680.637890625,48562.6528515625,48238.06756178833,39960.90236008667,44099.4849609375,0.18769301294637383,1790.3817866825461,0.02171722058622727,0.6740580054790349,22.0,0.002956109256612036
2022-01-18,42375.6328125,42534.40234375,41392.21484375,42250.07421875,22417209227,0.002956109256612036,0.026953874766988177,0.0029604828561313745,37.51206400986809,37.764986521405795,36.15942481409311,37.1363936565811,-1608.2957087004543,-1779.8965270890205,171.60081838856627,43148.162830791465,44756.45853949192,47372.01921875,48605.04578125,47952.705585124655,39839.35652425034,43896.0310546875,0.1848310397531469,1744.08219477665,0.021355505655385906,0.7049884629577011,24.0,-0.01500991044287061
2022-01-19,41744.328125,42478.3046875,41242.9140625,42374.0390625,23091543258,-0.01500991044287061,0.02959421508236336,-0.014897823244158781,35.28790332222911,32.09085688882814,43.45877558277567,37.28836214111092,-1601.1495073783663,-1744.14712314689,142.9976157685237,42932.1882606697,44533.33776804807,47066.797265625,48640.4246875,47488.65016953071,39760.03225234429,43624.3412109375,0.17716297146623045,1707.7470826497465,0.02092163032812069,0.7303236506985601,24.0,-0.02581674309560386
2022-01-20,40680.41796875,43413.0234375,40672.82421875,41744.02734375,20382033940,-0.02581674309560386,0.06735917071587057,-0.02548634039729203,31.85955080232955,24.772774438436016,19.72059190101747,33.11293076596207,-1662.1742395205729,-1727.7525464216267,65.5783069010538,42585.76206191283,44247.9363014334,46735.8090625,48667.38787109375,47204.51135336809,39481.5683341319,43343.03984375,0.1781818498904808,1781.4936637997646,0.02120701764276225,0.6619988165538025,24.0,-0.10960468291543993
2022-01-21,36457.31640625,41060.52734375,35791.42578125,40699.60546875,43011992031,-0.10960468291543993,0.14452795986916636,-0.10381165615712484,22.510675014474188,12.04865247364664,7.846010739776063,23.675126074523053,-2027.929077500703,-1787.787852637442,-240.14122486326096,41642.92426873393,43670.85334623463,46335.3990625,48680.94443359375,47181.44136324563,38381.688714879376,42781.5650390625,0.20569029301128824,2030.6085137069242,0.02984996455145287,1.3564133387701984,19.0,-0.039930188839646726
2022-01-22,35030.25,36688.8125,34349.25,36471.58984375,39714385405,-0.039930188839646726,0.06678691987639254,-0.039143484680769114,20.338765758658226,10.019717616255804,6.8585780221474915,11.475060220980327,-2405.2188880691683,-1911.2740597237876,-493.94482834538076,40625.589765851786,43030.808653920954,45964.039140625,48684.91970703125,47234.69389769635,37096.939305428656,42165.8166015625,0.24042590442543518,2052.6766555850013,0.030382980465101905,1.2296148032677048,13.0,0.034966573781181565
2022-01-23,36276.8046875,36433.3125,34784.96875,35047.359375,26017975951,0.034966573781181565,0.0454379530997661,0.03558509252717301,26.967367827937906,23.199483848387047,19.413045838729627,11.37254486688438,-2573.966156171875,-2043.8124790134052,-530.1536771584697,39956.54590764382,42530.512063815695,45705.561171875,48697.02708984375,46939.57684931478,36373.92510381022,41656.7509765625,0.2536360013158287,2023.7957337575012,0.03234868856034722,0.8144475724903576,11.0,0.010352967106698903
2022-01-24,36654.328125,37247.51953125,33184.05859375,36275.734375,41856658597,0.010352967106698903,0.11085896660396091,0.010406744495611076,28.897024123932823,26.978597044259956,31.2795736292043,19.183732496693793,-2646.7267768372767,-2164.3953385781797,-482.331438259097,39448.512402621694,42095.23917945897,45451.27078125,48715.911875,46529.54919105375,35859.62815269624,41194.588671875,0.25901268546085143,2169.486105453394,0.03274562199167136,1.3115597676055117,13.0,0.008142486826951165
2022-01-25,36954.00390625,37444.5703125,35779.4296875,36654.8046875,26428189594,0.008142486826951165,0.04505981623058648,0.008175727030871549,30.46754241150188,30.161162051361714,33.98072712177531,28.2244488632364,-2649.6650722806953,-2261.449285318683,-388.2157869620123,39064.74186471835,41714.40693699905,45178.698359375,48731.6918359375,46385.90022360003,35341.77712014996,40863.838671875,0.27026641310257793,2133.4614282781517,0.03154058852354215,0.8418630464704722,12.0,-0.0027608244495656064
2022-01-26,36852.12109375,38825.41015625,36374.90625,36950.515625,31324598034,-0.0027608244495656064,0.06649560007729372,-0.002757016878562668,30.22312700446126,29.648622134199996,33.06239760689286,32.77423278595747,-2629.8989460921293,-2335.1392174733724,-294.759728618757,38724.33866918476,41354.23761527689,44901.7390625,48748.34984375,46228.064014117095,34868.7324702579,40548.3982421875,0.28014254659363297,2156.107319561855,0.031562570795572044,0.9960654798975461,23.0,0.007733837890785913
2022-01-27,37138.234375,37148.32421875,35629.28125,36841.87890625,25041426629,0.007733837890785913,0.04090240137459416,0.007763821260712289,31.875901857615048,33.35889375467474,37.513716476856445,34.85228040184152,-2561.6184550345206,-2380.435064985602,-181.18339004891868,38480.32262392557,41041.94107896009,44634.4078125,48762.840078125,46174.23384601856,34480.59584148144,40327.41484375,0.28996745885756714,2110.602723075294,0.03092561016851643,0.8789372735612475,20.0,0.017247505090414967
2022-01-28,37784.33203125,37952.87890625,36211.109375,37128.4453125,22238830523,0.017247505090414967,0.04609766635041868,0.017397102127314046,35.586338427339825,41.48869319532911,43.64331860730648,38.073144230351915,-2427.3895569263113,-2389.825963373744,-37.563593552567454,38373.247148129325,40800.63670505564,44436.65203125,48785.9825,46039.84883691743,34220.019913082564,40129.934375,0.294538954721001,2084.257495087773,0.03127888870880276,0.7886334730132458,24.0,0.00932135173920975
2022-01-29,38138.1796875,38576.26171875,37406.47265625,37780.71484375,17194183075,0.00932135173920975,0.030672388459153568,0.00936493083845824,37.591148686038515,45.71970991363538,48.31992483723879,43.15898664046722,-2266.334743301064,-2365.1277193592077,98.79297605814372,38337.08292341712,40603.41766671818,44254.54953125,48813.16327148437,45852.54500134644,34029.98156115356,39941.26328125,0.2959987358672969,2018.9383213315034,0.031378004686595566,0.6142054858186223,24.0,-0.005800446457155093
2022-01-30,37917.6015625,38266.33984375,37437.7109375,38151.91796875,14643548444,-0.005800446457155093,0.021853410345170746,-0.005783656346668664,36.82178631250642,43.43546670270807,46.275874842235304,46.07970609559351,-2131.920996235116,-2318.4863747343898,186.56537849927372,38272.54732942987,40404.46832566499,44025.65140625,48838.639541015626,45653.95878213907,33838.20176473594,39746.0802734375,0.2972810635945818,1933.9162202542532,0.03137293744803742,0.5399309049307578,29.0,0.014804408066392667
2022-01-31,38483.125,38647.26171875,36733.57421875,37920.28125,20734730465,0.014804408066392667,0.049727965179542984,0.01491453610450133,40.20097395130309,50.789588682391646,51.80452261978183,48.800107433085294,-1957.2027037049847,-2246.2296405285088,289.026936823524,38304.94389413297,40262.14659783796,43793.3471875,48872.15151367187,45300.022577174655,33766.86492282534,39533.44375,0.2917316722338239,1932.4713116646637,0.03110498364555396,0.7724875784784595,20.0,0.006737318502634114
2022-02-01,38743.2734375,39115.1328125,38113.6640625,38481.765625,20288500328,0.006737318502634114,0.025848841905822765,0.00676006528835682,41.744580443546,53.99931720689699,54.34777544618052,50.8093909693992,-1777.25826635283,-2152.435365693373,375.177099340543,38372.37920849713,40149.63747484996,43633.463046875,48908.760185546875,44677.566460606846,33868.738226893154,39273.15234375,0.27522181410614033,1865.9711286886163,0.030261328791396508,0.7749341475208588,26.0,-0.04731073995912287
2022-02-02,36952.984375,38834.6171875,36832.73046875,38743.71484375,19155189416,-0.04731073995912287,0.05417388480548129,-0.046209029430310355,35.04101590977908,35.440231339113,36.84562259056791,47.66597355217673,-1758.837583768065,-2073.7158093083117,314.8782255402466,38154.01077257449,39912.848356342554,43440.270078125,48935.859765625,44260.37969194772,33722.06640180228,38991.223046875,0.27027398646809164,1875.6793851215723,0.031152832428978473,0.7738176886802997,28.0,0.005441215831991581
2022-02-03,37154.6015625,37154.6015625,36375.5390625,36944.8046875,18591534769,0.005441215831991581,0.020968129578498963,0.005456046132945147,36.28197391394022,38.22956308281401,50.4101913532,47.20119646331613,-1708.2782695347778,-2000.6283013536051,292.35003181882735,38000.25550948611,39708.53377902089,43205.42765625,48962.648720703124,43664.812186287614,33723.12414183738,38693.9681640625,0.25693120959570376,1797.3496076128886,0.030979812953883547,0.7586881502116848,20.0,0.11062688345744714
2022-02-04,41500.875,41527.78515625,37093.62890625,37149.265625,29412210792,0.11062688345744714,0.10684488580060059,0.116978066100073,55.85860919845999,70.39677829267495,99.67748036745422,62.3110981037407,-1302.4874412091594,-1861.000129324716,558.5126881155566,38538.812354180554,39841.299795389714,43082.136640625,49016.063935546874,43325.72242079835,33894.561563576644,38610.1419921875,0.24426641215486958,1985.6929392119678,0.0407130015411639,1.173817427533707,20.0,-0.0014398234837348135
2022-02-05,41441.1640625,41847.1640625,41038.09765625,41501.48046875,19652846215,-0.0014398234837348135,0.019523254825318047,-0.001438787435204647,55.605843755187195,69.8140591103326,95.31345888071496,81.80037686712303,-974.4802580057949,-1683.6961550609317,709.2158970551368,38985.32800161431,39959.808259620106,42986.91703125,49074.233017578124,42971.157753044325,34081.85474695567,38526.50625,0.2307321340898554,1901.6481868575415,0.040713023452274386,0.7815985678144174,33.0,0.02316687651757865
2022-02-06,42412.43359375,42500.78515625,41244.90625,41441.12109375,16142097334,0.02316687651757865,0.02961110221308002,0.023437312952531153,58.866422009304735,73.9121165471914,99.05168878889698,98.0142093456887,-628.9091945073596,-1472.7387629502173,843.8295684428576,39512.57501578903,40141.48421029639,42898.19015625,49125.74171875,43006.8536988689,34062.34708238109,38534.600390625,0.2321162416585978,1855.5218096712886,0.040845384920982095,0.6491377162303286,37.0,0.033111582709537346
2022-02-07,43840.28515625,44401.86328125,41748.15625,42406.78125,28641855926,0.033111582709537346,0.06053124476248257,0.033665872045371525,63.15112775428615,78.8392512909591,93.59848533761752,95.98787766907647,-237.09288969226327,-1225.6095882986265,988.5166986063632,40178.37657585995,40415.46946555221,42840.855546875,49183.3776171875,43367.97478526788,33847.69123035712,38607.8330078125,0.24658943051748786,1912.5350397840537,0.04150409151493451,1.1375649218325847,45.0,0.006324808965338507
2022-02-08,44118.4453125,45293.8671875,42807.8359375,43854.65234375,33079398868,0.006324808965338507,0.05634902210154802,0.0063448528050995545,63.93918292054254,79.71019890419252,87.83784548452105,93.49600653701184,94.77702414796659,-961.5322658093079,1056.3092899572744,40784.54099688149,40689.763972733526,42785.61890625,49236.06208984375,43894.55925102526,33558.51848334973,38726.5388671875,0.2668981290355675,1953.4990547994785,0.041325826827242056,1.2882585158096185,48.0,0.00498211368199733
2022-02-09,44338.796875,44727.80078125,43232.96875,44096.703125,23245887300,0.00498211368199733,0.03371386092104016,0.004994545046617338,64.58531557773603,80.45371971378961,90.11783516980083,90.51805533064646,371.2868872803592,-694.9684351913745,1066.2553224717337,41331.34959351511,40960.06270623475,42693.662578125,49286.29384765625,44576.075552042006,33242.84007295799,38909.4578125,0.29127199699614215,1920.7371245459442,0.040774851719570446,0.9002775093385643,54.0,-0.01760339378138894
2022-02-10,43565.11328125,45661.171875,43402.80859375,44347.80078125,32142048537,-0.01760339378138894,0.05183880199439255,-0.01744935921313273,60.48722347037384,69.95307023403836,77.8196324759757,85.25843771009916,521.9761299791862,-451.57952215726243,973.5556521364487,41675.00554547432,41153.02941549513,42592.394609375,49327.3684765625,45158.723708172096,33370.971604327904,39264.84765625,0.3002113291522696,1944.8532785962338,0.03134729943483359,1.2715773607381222,50.0,-0.026921126055171853
2022-02-11,42407.9375,43810.83203125,42114.5390625,43571.12890625,26954925781,-0.026921126055171853,0.039999421541073533,-0.026561982607033352,54.87842073798808,56.97677702359526,64.96486086957253,77.63410950511633,541.7787378061403,-252.90787016458194,794.6866079707222,41787.76430770904,41245.9855699029,42424.862578125,49352.72048828125,45341.876342500145,33925.58771999986,39633.73203125,0.28804475474322955,1927.0989707500742,0.030401320459866137,1.0939795757522932,50.0,-0.00386212183286643
2022-02-12,42244.46875,42992.55078125,41852.57421875,42412.30078125,18152390304,-0.00386212183286643,0.026985226616206413,-0.0038546734323026133,54.115034120898855,55.28654805731482,63.204412731025165,68.66296869219111,538.0792426528278,-94.7104476011,632.7896902539278,41858.026529599956,41319.94728694713,42253.308046875,49366.908125,45529.98789629858,34334.24257245142,39932.115234375,0.2803694534620962,1870.8759415893546,0.02992934193705333,0.7486740478331152,44.0,-0.001112080209543203
2022-02-13,42197.515625,42693.0546875,41950.94140625,42236.56640625,14741589015,-0.001112080209543203,0.01758665813042163,-0.001111462077505676,53.883182243147935,54.742361586692816,62.69875925594059,63.622677618846076,525.3032721748532,29.292296354090638,496.01097582076255,41910.25562119997,41384.952349025116,42088.661171875,49377.916171875,45677.96176276032,34740.587455989684,40209.274609375,0.2720112315634894,1790.2500372794007,0.029983883299674975,0.644010328198924,44.0,0.009185768314632001
2022-02-14,42586.91796875,42775.77734375,41681.95703125,42157.3984375,20827783012,0.009185768314632001,0.025684420584336207,0.009228086961576842,55.5828427482928,58.677795276278715,66.89235975267572,64.26517724654714,540.3706814479447,131.50797337286144,408.8627080750832,42014.35752082305,41473.9868393751,41924.20921875,49390.80865234375,45838.86590795978,35142.97471704022,40490.9203125,0.26415529971586293,1740.5050569380148,0.029986806929801223,0.9211643630325241,46.0,0.045630604487240684
2022-02-15,44575.203125,44667.21875,42491.03515625,42586.46484375,22721659051,0.045630604487240684,0.048820497522971185,0.04668769779745485,63.06756352423806,72.7784752723819,88.30484930937494,72.6319894393304,704.6272033832938,246.13181937494795,458.49538400834587,42408.3337676195,41703.70656423621,41802.904921875,49402.50693359375,46233.581055429146,35520.56777269586,40877.0744140625,0.262078767531558,1771.6249524245852,0.031082117322321804,1.0244149704314958,46.0,-0.01385529504989858
2022-02-16,43961.859375,44578.27734375,43456.69140625,44578.27734375,19792547657,-0.01385529504989858,0.02551270472735777,-0.013759752216496501,59.72418875957072,64.81824055744669,81.69955096961789,78.96558667722283,776.3605644052004,352.1775683809985,424.18299602420194,42647.3377072165,41870.9771428113,41730.365,49414.18525390625,46446.44268262873,35990.06864549626,41218.2556640625,0.25368307970997434,1725.1935942156863,0.031518982917714086,0.903039946592203,51.0,-0.08108233071910446
2022-02-17,40538.01171875,44132.97265625,40249.37109375,43937.0703125,26246662813,-0.08108233071910446,0.09580148107519842,-0.07788223029977337,45.290400254845686,37.85386281042119,40.202690842209265,70.06903037373401,550.5870534319911,391.85946539119703,158.72758804079405,42322.8260166832,41772.238963251206,41612.231015625,49417.00083984375,46355.168793487785,36356.71050338722,41355.9396484375,0.2417659561140771,1879.36559195028,0.037224420418211945,1.18666102390495,52.0,-0.012586526423760572
2022-02-18,40030.9765625,40929.15234375,39637.6171875,40552.1328125,23310007704,-0.012586526423760572,0.03226339368047986,-0.012507647384577658,43.6095836038197,35.31563491382393,6.5303528465723755,42.81086488613317,326.9772297671516,378.883018266388,-51.905788499236394,41970.23379296271,41643.25656319556,41469.288046875,49421.14599609375,46271.03329314825,36630.12569122675,41450.5794921875,0.23258800528322152,1837.3777036859742,0.03736670313111875,1.0395175761507363,30.0,0.002275138191892225
2022-02-19,40122.15625,40418.87890625,39713.05859375,40026.0234375,13736557863,0.002275138191892225,0.017591784152926726,0.0022777282826873524,44.01197992570895,36.21298010074017,8.04407177551669,18.25903848809943,155.33170504663576,334.1727556224376,-178.84105057580183,41685.91417096845,41530.58246592181,41345.602265625,49430.991875,46148.26069065782,36973.35376246718,41560.8072265625,0.22075863151971553,1756.5521757441188,0.03731677596804274,0.6138277755854431,25.0,-0.043054421746525254
2022-02-20,38431.37890625,40119.890625,38112.8125,40118.1015625,18340576452,-0.043054421746525254,0.05222498338912304,-0.04214073972532317,38.52244504638872,27.85356166348305,4.220339684741097,6.264921435610039,-115.79539393720916,244.17912571050823,-359.9745196477174,41185.21643793484,41301.01183187205,41160.49359375,49424.41125,46152.66670614762,36963.77313760239,41558.219921875,0.22110893069576526,1774.608716762396,0.03856123179996371,0.823969188095056,27.0,-0.03592381094835431
2022-02-21,37075.28125,39394.4375,36950.4765625,38423.2109375,29280402798,-0.03592381094835431,0.06591887789118255,-0.03528620868790788,34.77588994325197,22.905801619021048,1.4327752610162257,4.565728907091323,-435.0760350192868,108.32809356454922,-543.404128583836,40552.91871671409,40987.99475173338,40955.09484375,49405.4398828125,46324.11741201008,36625.52321298992,41474.8203125,0.2338429467793768,1822.419589672225,0.039337134747369454,1.289407960685403,25.0,0.03213453434150656
2022-02-22,38286.02734375,38359.85546875,36488.93359375,37068.76953125,25493150450,0.03213453434150656,0.04886696282698598,0.03265642371222732,40.353522208848396,34.94312648323009,19.59275037232341,8.41528843936023,-583.6828200121454,-30.07408915078969,-553.6087308613558,40204.16619779654,40787.84901780869,40791.653046875,49382.78751953125,46172.043958509705,36910.90096336529,41541.4724609375,0.22293728282869374,1825.8840386242086,0.03854535953696259,1.1071796288052422,20.0,-0.026183634615420347
2022-02-23,37296.5703125,39122.39453125,37201.81640625,38285.28125,21849073843,-0.026183634615420347,0.0514947650389268,-0.025843815613622922,37.52904681541586,30.415288514477083,8.805230457226353,9.943585363521983,-772.3920264736516,-178.5376766153621,-593.8543498582895,39756.84375390476,40529.23578037841,40619.63296875,49346.4913671875,46152.58028558243,36944.56151129257,41548.5708984375,0.22162058947341887,1832.6479019367653,0.03903250565681493,0.9422503389367276,25.0,0.027399579951549815
2022-02-24,38332.609375,38968.83984375,34459.21875,37278.56640625,46383802093,0.027399579951549815,0.1176445112210679,0.027778400368163814,42.098946708999044,39.92465095375509,37.9446573765674,22.114212735372377,-828.7919407785521,-308.58852944800014,-520.203411330552,39537.73077253479,40366.522713313345,40514.905078125,49319.163828125,46203.11409844864,36577.201135926356,41390.1576171875,0.2325652647074016,2023.8602727805678,0.030039469363031708,1.929702506198562,23.0,0.022738450595305906
2022-02-25,39214.21875,39630.32421875,38111.34375,38333.74609375,26545599159,0.022738450595305906,0.03873545150634934,0.022998939789759643,45.7365921941,47.10141232051198,46.581112852664575,31.11033356215276,-793.2071720341992,-405.51225796524,-387.6949140689592,39487.959692144825,40281.166864179024,40435.970859375,49283.40791015625,46184.05029426864,36373.57040885635,41278.8103515625,0.23766382320271842,1987.7974296355274,0.03062744516206767,1.0887643158377318,27.0,-0.0027852723260769346
2022-02-26,39105.1484375,40005.34765625,38702.53515625,39213.08203125,17467554129,-0.0027852723260769346,0.03331562599953371,-0.002781397053842838,45.356934120769004,46.30301581256975,45.51263408601097,43.346134771747636,-764.9887351600264,-477.4075534041973,-287.5811817558291,39429.0656529687,40194.05438812872,40386.91578125,49251.00849609375,46077.30935100799,36149.582836492,41113.44609375,0.24147152471427563,1938.869934661561,0.03001473146080136,0.7144873736382059,26.0,-0.036334517924426976
2022-02-27,37709.78515625,39778.94140625,37268.9765625,39098.69921875,23450127612,-0.036334517924426976,0.06656004093765036,-0.03568234201898368,40.70203400735092,36.95386630155819,31.843322945239027,41.31235662797151,-845.4734838607837,-551.0207394955146,-294.45274436526915,39164.560961165815,40010.0344450266,40306.43265625,49211.58923828125,45816.30822544521,35797.5339620548,40806.92109375,0.24551654461686134,1979.662428167878,0.0295008163728939,0.9694907826619183,26.0,0.13576425730332167
2022-02-28,43193.234375,43760.45703125,37518.21484375,37706.0,35690014104,0.13576425730332167,0.14451898029458463,0.1454118392886461,58.65801736752417,67.26088029762937,85.56049789380877,54.30548497501957,-461.47016144556983,-533.1106238855257,71.64046243995585,39784.35687098646,40245.82703243203,40332.0653125,49205.41396484375,45662.808950114675,35858.51214363532,40760.660546875,0.2405333150870888,2284.1324109773154,0.0435525448665207,1.4676004256369235,20.0,0.026533380332524757
2022-03-01,44354.63671875,44793.6015625,42952.5859375,43194.50390625,32479047645,0.026533380332524757,0.04150672311158281,0.026888524570001016,61.32898442009806,70.73688894531902,95.75238452344684,71.05206845416485,-62.70645792715368,-439.0297906938513,376.3233327666976,40487.47684756547,40550.183305492625,40382.7328125,49188.220546875,45665.91759517721,35856.987482947785,40761.4525390625,0.24064231035018532,2252.481211978936,0.04397446090169077,1.3106814324246532,51.0,-0.009753715935407227
2022-03-02,43924.1171875,45077.578125,43432.8515625,44357.6171875,29183112630,-0.009753715935407227,0.037444726674394246,-0.009706302725009275,59.787003977604684,67.63147389966859,89.137107751168,90.14999672280784,216.08641222747247,-308.00655010958656,524.092962337059,41016.19074601694,40800.104333789466,40406.498046875,49172.35640625,45727.21795655558,35831.58751219442,40779.402734375,0.24266246636367816,2209.0701655875832,0.04384374484211585,1.1847484006176605,52.0,-0.03409447865241336
2022-03-03,42451.7890625,44021.578125,41914.75,43925.1953125,24967782593,-0.03409447865241336,0.04962872405443749,-0.03351981142193561,54.7199533483949,57.55091780586157,75.27123569878233,86.72024265779903,314.6006747448773,-183.4851051386938,498.08577988357115,41237.05202547587,40922.45135073099,40376.551796875,49149.38033203125,45732.33327292333,35830.85735207667,40781.5953125,0.24279275602079614,2201.7671626884703,0.04410764699233886,1.0177235169806789,39.0,-0.0812852755652355
2022-03-04,39137.60546875,42479.61328125,38805.84765625,42458.140625,28516271427,-0.0812852755652355,0.09386792014992773,-0.07806935036049167,45.39381640999435,41.360979387484136,44.059412132582864,69.48925186084439,123.81970285972056,-122.02414353901094,245.8438463987315,40914.06024751804,40790.24054465832,40307.4725,49115.0459375,45578.60725896167,35673.89703791334,40626.2521484375,0.24380073714058476,2306.9099099964365,0.047718952695614256,1.1383211188781426,33.0,0.0066969062286334315
2022-03-05,39400.5859375,39566.3359375,38777.03515625,39148.44921875,16975917450,0.0066969062286334315,0.02003271683578627,0.00671938064683042,46.177697090754215,42.84933915226674,46.53607033807894,55.28890605648136,-6.085120373492828,-98.83633890590733,92.7512185324145,40681.218045976806,40687.3031663503,40233.490234375,49088.5720703125,45411.26817316238,35561.543154962616,40486.4056640625,0.24328474846416934,2198.5092579431193,0.0477741869685274,0.6746412074864615,22.0,-0.025202937052357023
2022-03-06,38419.984375,39640.17578125,38211.6484375,39404.19921875,19745229902,-0.025202937052357023,0.037181882475713524,-0.024887994408395286,43.66086500976352,38.58850136282649,37.30110730971563,42.632196593459135,-186.0176835006714,-116.27260782486016,-69.74507567581125,40333.3359427496,40519.353626250275,40138.341953125,49056.6660546875,45182.36590565754,35373.752063092456,40278.058984375,0.24352250554998506,2143.510549786468,0.04791490615315914,0.786388254025875,22.0,-0.0093603152707349
2022-03-07,38062.0390625,39430.2265625,37260.203125,38429.3046875,28546143503,-0.0093603152707349,0.057012800442369886,-0.009316643885282638,42.74503178116624,37.020785371081715,33.930103373431926,39.25576034040882,-353.4246717513015,-163.70302061014843,-189.72165114115307,39983.90565348043,40337.330325231735,40037.30515625,49013.388359375,44525.9194073034,35378.882155196596,39952.40078125,0.2289483753977455,2145.4043274802916,0.04640153795275457,1.123864842578608,23.0,0.01758473821596099
2022-03-08,38737.26953125,39304.44140625,37957.38671875,38059.90234375,25776583476,0.01758473821596099,0.034774125894787414,0.017740259990833174,45.08512984313223,42.18967247862849,40.28918809550086,37.17346625954946,-426.6918226257112,-216.300781013261,-210.3910416124502,39792.1154808296,40218.80730345531,39967.03953125,48960.378828125,43901.19104916452,35481.15152896048,39691.1712890625,0.2121388522118093,2088.379353195985,0.04672056318280905,1.0030118700691084,21.0,0.08046083301385845
2022-03-09,41982.92578125,42465.671875,38706.09375,38742.81640625,32284121034,0.08046083301385845,0.08955016962345834,0.08378639716414904,54.67465624929545,60.41075876452054,70.85564507228783,48.35831218040686,-220.31952689910395,-217.1045301904296,-3.2149967086743345,40129.16321935581,40349.482746254915,39959.185390625,48925.76599609375,44077.392954312345,35449.441030062655,39763.4169921875,0.2169821553802799,2207.750694039129,0.04707890870040668,1.241646638270367,22.0,-0.06254685680053026
2022-03-10,39437.4609375,42004.7265625,38832.94140625,41974.0703125,31078064711,-0.06254685680053026,0.08042569376554454,-0.060630954045771346,47.64726067504976,46.88856516784057,27.851520651113706,46.33211793963412,-259.17809155034774,-225.51924246241325,-33.6588490879345,40022.747483685685,40281.92557523603,39913.048046875,48876.3450390625,44048.1122936104,35419.3701282646,39733.7412109375,0.21716410039361125,2276.6102984827626,0.04915919991300206,1.1776697463158765,28.0,-0.016425482290646415
2022-03-11,38794.97265625,40081.6796875,38347.43359375,39439.96875,26364890465,-0.016425482290646415,0.04470285645298959,-0.016291319622939393,46.03878325831033,43.989069078897124,19.632799133340797,39.44665495224743,-337.9218658748214,-247.99976714489492,-89.92209872992646,39833.85904869558,40171.7809145704,39875.339140625,48822.58916015625,43996.616109863564,35338.14795263644,39667.38203125,0.21827677335514534,2237.869998144708,0.049276402188530063,0.9757231084964211,22.0,0.002806706804667275
2022-03-12,38904.01171875,39308.59765625,38772.53515625,38794.46484375,14616450657,0.002806706804667275,0.013779105966638443,0.002810649293818468,46.369677356834906,44.66656533645499,21.027628759653975,22.837316181369484,-387.06647193104436,-275.81310810212483,-111.25336382891953,39690.80561331933,40077.872085250376,39924.273046875,48778.5786328125,43998.10549716428,35383.92184658572,39691.013671875,0.21703108219386597,2116.3123197058003,0.04830735614657893,0.5446853752903933,22.0,-0.027475269974984843
2022-03-13,37849.6640625,39209.3515625,37728.14453125,38884.7265625,17300745310,-0.027475269974984843,0.03913395449967873,-0.027101257933814904,43.58647100463959,39.30349167813768,7.540394793648763,16.066940895547837,-505.2665720812802,-321.70380089795594,-183.56277118332423,39407.55306703944,39912.81963912072,39980.661328125,48723.0230078125,43955.220448299006,35504.24517670099,39729.7328125,0.21271160597735303,2070.9476562446716,0.048007064802087995,0.6594356464155035,21.0,0.04689129940953424
2022-03-14,39666.75390625,39742.5,37680.734375,37846.31640625,24322159070,0.04689129940953424,0.05197717034957939,0.0480080837903738,49.2410609462421,51.107134253673024,30.784640384400134,19.784221312567613,-447.16242857128236,-346.7955264326212,-100.36690213866115,39447.430119225675,39894.59254779696,40048.4603125,48686.64568359375,43972.4507138063,35625.087567443705,39798.769140625,0.20973922879041848,2070.291796870052,0.048619716633666966,0.929137565925352,23.0,-0.00830247189817811
2022-03-15,39338.78515625,39794.62890625,38310.2109375,39664.25,23934000868,-0.00830247189817811,0.03773420970815519,-0.008268101563720931,48.30002555804946,49.09662162996204,26.58925830281904,21.63809782695597,-422.7061203674748,-361.9776452195919,-60.728475147882875,39430.71550953711,39853.42162990459,40102.149453125,48638.04626953125,43921.82861634729,35879.93114927771,39900.8798828125,0.20154687041208988,2028.4436662900484,0.0482415367509563,0.9106827744875662,21.0,0.044865467674200424
2022-03-16,41143.9296875,41465.453125,39022.34765625,39335.5703125,39616916192,0.044865467674200424,0.05937948774718628,0.04588714481344902,53.560558459690924,59.36216878404884,57.43989295816309,38.27126388179408,-254.727897824705,-340.52769574061455,85.79979791590955,39694.2869215314,39949.0148193561,40185.94796875,48599.25390625,44029.69533709753,36053.19645977747,40041.4458984375,0.19920606507447122,2058.062366465759,0.048866887919846266,1.5270732107285498,24.0,-0.004690916877794194
2022-03-17,40951.37890625,41287.53515625,40662.87109375,41140.84375,22009601093,-0.004690916877794194,0.015253798020575658,-0.00467993171076464,52.94175077199267,57.90885116247339,70.72017087658821,51.5831073791901,-135.57832256668917,-299.5378211058295,163.95949853914033,39887.685688411184,40023.26401097787,40267.933125,48559.861640625,44116.3724858517,36140.235326648304,40128.30390625,0.19876586804759297,1955.6767733253478,0.048684247745012184,0.8558639957813238,27.0,0.020538517974936225
2022-03-18,41801.15625,42195.74609375,40302.3984375,40944.83984375,34421564942,0.020538517974936225,0.04529414557163117,0.020750884742987363,55.391238756846185,62.62067347965647,87.23427885336935,71.79811422937354,27.106042422543396,-234.20904840015493,261.3150908226983,40182.06577480947,40154.959732386924,40361.1915625,48533.5925,44285.83023639748,36240.378357352514,40263.104296875,0.19982194665674127,1951.2246935342516,0.048838475517234685,1.295800567458186,25.0,0.009274687432012266
2022-03-19,42190.65234375,42316.5546875,41602.66796875,41794.6484375,19664853187,0.009274687432012266,0.016920494922277568,0.009317830622209256,56.508680206847444,64.73185461158276,94.71671919555756,84.2237229751717,185.32731543492991,-150.301775633138,335.6290910680679,40491.07909310801,40305.75177767308,40449.31796875,48508.71232421875,44414.07302411896,36560.22228838105,40487.14765625,0.19398379956078515,1862.8434096210908,0.047945404151779066,0.7455960801692779,28.0,-0.022600322885966202
2022-03-20,41247.82421875,42241.1640625,41004.7578125,42191.40625,20127946682,-0.022600322885966202,0.029975065919670196,-0.022346848712323064,53.044809944143694,55.82721762164242,76.60445745159838,86.18515183350841,231.96649867329688,-73.84812077185101,305.8146194451479,40607.501420129855,40375.53492145656,40511.510859375,48470.71630859375,44136.08073856988,36643.67355830513,40389.8771484375,0.18550210372587378,1818.0978982195843,0.037190442086861335,0.7863532719601021,31.0,-0.004125761887466681
2022-03-21,41077.99609375,41454.41015625,40668.04296875,41246.1328125,24615543271,-0.004125761887466681,0.019143270419163545,-0.004117262624553253,52.421480695446014,54.25869288612974,70.99908240703249,80.77341968472946,252.31613370423293,-8.61526987663423,260.93140358086714,40679.885216071416,40427.56908236718,40574.71875,48429.46767578125,43524.15297584971,36927.93725852529,40226.0451171875,0.16397872816251666,1744.4028474538995,0.03656584468301919,0.976675695717086,30.0,0.03070379130997368
2022-03-22,42358.80859375,43124.70703125,40948.28125,41074.10546875,32004652376,0.03070379130997368,0.05138071285534526,0.031180014163224357,56.56679192363427,63.325130838882316,85.93125855214016,77.84493280359032,367.55725934152724,66.61923596699808,300.93802337452917,40938.18112032966,40570.62386098813,40652.232421875,48391.13484375,43152.3765222483,37143.1828527517,40147.7796875,0.1496768617410631,1775.2616284393353,0.03733235932209115,1.2627863184162018,26.0,0.012531246090632069
2022-03-23,42892.95703125,42893.5078125,41877.5078125,42364.37890625,25242943069,0.012531246090632069,0.023686872398650093,0.012610091153007819,58.20232536996516,66.55091672301437,95.74299845657863,84.22444647191709,496.2673355890802,152.54885589141452,343.71847969766566,41238.91587585587,40742.64854026679,40735.22609375,48355.87650390625,43247.36367272359,37092.31249915141,40169.8380859375,0.15322569038999728,1721.028654979383,0.03666023815307507,0.9954536706406985,31.0,0.024593725965785046
2022-03-24,43960.93359375,44131.85546875,42726.1640625,42886.65234375,31042992291,0.024593725965785046,0.03197592251429914,0.024898646221148013,61.33716721563287,72.24533650503811,97.3505089655565,93.00825532475842,676.6478067449789,257.36864606212737,419.2791606828515,41657.68783245497,40981.04002570999,40875.385078125,48316.91412109375,43860.62751361794,36961.381470757064,40411.0044921875,0.1707269128683668,1698.504565784427,0.03150861324250617,1.2181095145378724,40.0,0.008782716407665668
2022-03-25,44348.73046875,44999.4921875,43706.28515625,43964.546875,30574413034,0.008782716407665668,0.0291599560479245,0.008821397620525806,62.43878370498875,74.11234921265893,91.10830368456054,94.73393703556523,841.1958148386839,374.13407981743865,467.0617350212452,42071.69439188497,41230.49857704629,41019.26765625,48275.49009765625,44473.1208412296,36843.70259627041,40658.41171875,0.18764673587681768,1669.5547418891108,0.03151515149632723,1.1685460771381215,47.0,0.0034237154855725296
2022-03-26,44500.828125,44735.99609375,44166.2734375,44349.859375,16950455995,0.0034237154855725296,0.012802518071117356,0.003429583093865096,62.88545068489334,74.88539059362031,93.18649318265032,93.88176861092245,972.6620636746229,493.83967658887553,478.8223870857474,42445.40727390267,41472.745210228044,41079.26671875,48263.93859375,44979.039577583804,36945.86823491619,40962.45390625,0.1961105982823437,1590.9953072006028,0.03066610267609306,0.6513205564869187,51.0,0.050813175792382204
2022-03-27,46820.4921875,46827.546875,44437.29296875,44505.35546875,28160889722,0.050813175792382204,0.05105144765838543,0.052126312256127294,68.94993609182977,83.59941539594874,99.92287272205482,94.73922319642189,1249.622644658055,644.9962702027115,604.6263744553435,43118.49726060995,41868.87461595189,41186.85328125,48267.5841015625,45933.22298516696,36867.53013983304,41400.3765625,0.21897609630791434,1648.0852071327026,0.03186895759187717,1.0828825144913439,49.0,0.0065464127633699815
2022-03-28,47128.00390625,48086.8359375,46690.203125,46821.8515625,36362175703,0.0065464127633699815,0.029634881529849433,0.0065678873583499,69.6577495448008,84.43469771563475,90.19260704742179,94.4339909840423,1476.9046882956973,811.3779538213087,665.5267344743886,43735.344436862266,42258.43974856657,41281.1646875,48271.26701171875,46818.44983145771,36821.3767310423,41819.91328125,0.2390505459249148,1630.1243218017953,0.031832726125394645,1.3703596110248368,60.0,0.00714059973919024
2022-03-29,47465.73046875,48022.2890625,47100.4375,47100.4375,31397059069,0.00714059973919024,0.019421413162637815,0.0071661546110000085,70.4543456157118,85.38821294305157,93.14792573525895,94.42113516824516,1665.084993130935,982.119361683234,682.9656314477008,44309.24998022961,42644.16498709867,41353.67359375,48284.17611328125,47666.709246894636,36521.39778435536,42094.053515625,0.2647716371245221,1579.5334104230956,0.027143799333651162,1.185223335295522,56.0,-0.0085279952347302
2022-03-30,47062.6640625,47655.1484375,46746.2109375,47456.8984375,29333883962,-0.0085279952347302,0.01931334568720793,-0.008491735032190584,68.15459071924742,78.67735567612215,86.84334128188453,90.06129135485507,1761.390931826565,1137.9736757119003,623.4172561146647,44732.852146732745,42971.46121490618,41412.55796875,48293.4821484375,48306.17775881364,36644.44958493637,42475.313671875,0.2745530795596944,1531.6337025357316,0.022184148122360216,1.1109970137711924,55.0,-0.03291800954258311
2022-03-31,45538.67578125,47512.02734375,45390.5390625,47062.1484375,33327427106,-0.03291800954258311,0.046586516732300264,-0.03238210822970233,60.1587801631799,58.42309304273842,67.26596936194812,82.41907879303052,1695.1997567239741,1249.4188919143153,445.78086480965885,44856.82501358155,43161.62525685757,41436.555546875,48290.8591796875,48531.94427032845,37093.05338592154,42812.498828125,0.2671857797959765,1573.7661724438935,0.02344345839539265,1.245823012217845,52.0,0.016183454010017757
2022-04-01,46281.64453125,46616.2421875,44403.140625,45554.1640625,38162644287,0.016183454010017757,0.047818127141218664,0.016315115388267687,62.47039251874213,63.73328916354878,75.6673165856769,76.59220907650318,1683.2902205983191,1336.193157651116,347.0970629472031,45076.02801629977,43392.737795701454,41490.886171875,48297.45203125,48795.60362001973,37567.157317480276,43181.38046875,0.26002981332811675,1619.4329860193297,0.023477881994059573,1.3664338719608566,50.0,-0.008957035540670266
2022-04-02,45868.94921875,47028.28125,45782.51171875,46285.5,29336594194,-0.008957035540670266,0.02715932133759809,-0.008917040798352427,60.37491696429957,58.86142745577095,70.10448022889506,71.01258872550669,1621.8550295243913,1393.3255320257713,228.52949749862,45198.01589359981,43576.16086407542,41560.10640625,48291.33431640625,48743.3114420084,38421.3780111166,43582.3447265625,0.2368374968270307,1592.742739250092,0.022313123515217123,1.028256083918296,52.0,0.012664841243046981
2022-04-03,46453.56640625,47313.4765625,45634.10546875,45859.12890625,25414397610,0.012664841243046981,0.03615160737204566,0.012745379989237415,62.3039131123088,63.4756633159382,77.98469996224748,74.58549892560647,1601.8754955830009,1435.0355247372174,166.83997084578345,45391.17751093061,43789.30201534761,41644.288359375,48282.72041015625,48897.364369666175,38946.00633345882,43921.6853515625,0.22657049602158172,1598.9304788572283,0.02054569109687452,0.8890801179587163,48.0,0.0036337857461326666
2022-04-04,46622.67578125,46791.08984375,45235.81640625,46445.2734375,32499785455,0.0036337857461326666,0.033358733951633815,0.003640395949819908,62.86703395756603,64.80777368414167,79.48940338281886,75.85952785798712,1581.4572297248378,1464.3198657347416,117.13736399009622,45580.63878328744,43999.1815535626,41732.7915625,48276.9169921875,48921.10437414417,39650.65539148083,44285.8798828125,0.2093319362106934,1595.8121187602833,0.0202211609033762,1.120167097551252,52.0,-0.02314486060589607
2022-04-05,45555.9921875,47106.140625,45544.80859375,46624.5078125,29640604055,-0.02314486060589607,0.03427281365805507,-0.02287907280900814,57.07532969767458,51.09436054824825,59.24126251582171,72.23845528696268,1462.3461395399572,1463.925120495785,-1.5789809558277739,45576.84699932014,44114.500859780186,41792.173046875,48268.35935546875,48938.063987253205,40074.9020283718,44506.4830078125,0.19914316656576975,1593.3492553666915,0.01948798370095391,1.0394915518947196,53.0,-0.05294570510057487
2022-04-06,43206.73828125,45544.35546875,43193.953125,45544.35546875,39393395788,-0.05294570510057487,0.05439897657745622,-0.05156849392240015,46.840435522074664,33.09862663125419,8.964813179318124,49.23182635931956,1164.9557015513492,1404.1312367068979,-239.1755351555487,45212.21488884782,44047.25918729647,41764.80375,48243.00123046875,48790.36087136181,40448.14108176319,44619.2509765625,0.18696458607027266,1648.255670161928,0.023364634236609123,1.340654203530493,48.0,0.0068529242315328075
2022-04-07,43503.84765625,43860.69921875,42899.90625,43207.5,26101973106,0.0068529242315328075,0.022085241203072464,0.006876459247305178,48.10781869299533,36.403559131481046,11.643524062133338,26.61653325242438,942.3826794628185,1311.7815252580822,-369.3988457952637,44949.38916075585,44007.00648129303,41755.643515625,48224.219375,48708.09126908541,40700.679824664585,44704.385546875,0.1791191478523872,1599.1511914896475,0.02301184295944356,0.9010706657410172,34.0,-0.028353972258937266
2022-04-08,42287.6640625,43903.01953125,42183.2890625,43505.13671875,27215995394,-0.028353972258937266,0.04066742646764044,-0.02795577079433975,43.53263109371736,29.45472289929195,1.7680049334748442,7.458780724975426,660.2452081887532,1181.4742618442165,-521.2290536554633,44539.89299179341,43879.647783604654,41790.6365625,48221.43869140625,48700.96545988792,40717.50680573707,44709.2361328125,0.17856396898473775,1607.7639970082441,0.023906307689880665,0.9274400315886868,37.0,0.011625235289932529
2022-04-09,42782.13671875,42786.81640625,42183.25390625,42282.078125,16050772496,0.011625235289932529,0.0141078156981224,0.011693070951357853,45.78998968571169,35.31182826816233,10.144397237641078,7.851975411083077,471.1182820972317,1039.4030658948195,-568.2847837975878,44269.46894978673,43798.3506676895,41845.659765625,48231.88099609375,48561.773498140115,41010.13001748489,44785.9517578125,0.16861634472997244,1536.0353186505124,0.023414638681672345,0.5507887756896984,30.0,-0.013518646577317169
2022-04-10,42207.671875,43376.37890625,42021.20703125,42781.08984375,17654475582,-0.013518646577317169,0.032107240574969526,-0.013427680050824398,43.60884992898008,31.740004358159496,3.074122183074328,4.995508118063407,271.746790847792,885.8718108854141,-614.1250200376221,43952.26939981955,43680.522608971754,41887.370078125,48225.04681640625,48423.46703661586,41261.40405713414,44842.435546875,0.15971619052660566,1523.1165012469044,0.023633480184948756,0.6131436364535707,34.0,-0.06574699455484899
2022-04-11,39521.90234375,42424.58984375,39373.05859375,42201.0390625,33949912166,-0.06574699455484899,0.07721114291156002,-0.06363225953812457,35.173258728077954,20.454670677969105,1.7208900900233628,4.979803170246247,-101.80219528323505,688.3370096516843,-790.1392049349193,43270.674468116544,43372.47666339978,41909.180546875,48198.18083984375,48844.4097652494,40556.770703500595,44700.590234375,0.18540334743444992,1632.288983300697,0.026939267272412387,1.1751180572193463,32.0,0.015198991801760953
2022-04-12,40127.18359375,40617.5859375,39388.328125,39533.71484375,30991500854,0.015198991801760953,0.030634041624876526,0.015315083892861292,38.08024692890808,27.25522759606268,9.10549166004391,4.633501311047191,-345.02409672169597,481.6647883770083,-826.6888850987043,42787.06048744477,43132.08458416646,41970.21859375,48184.6180078125,49103.71625156716,40020.886873432835,44562.3015625,0.20382316576255327,1603.5010425292187,0.027029100171320763,1.062150567962465,20.0,0.02557641749549052
2022-04-13,41166.73046875,41430.0546875,39712.74609375,40123.5703125,27691105228,0.02557641749549052,0.04171593357538129,0.025906300465151855,42.82251062721187,37.89411466299343,22.038073005256347,10.954818251774531,-448.7238517322112,295.5870603551644,-744.3109120873755,42537.77894610711,42986.50279783932,42027.83265625,48176.86869140625,49195.43370312216,39649.749109377844,44422.59140625,0.21488356017882584,1611.630153330703,0.027083376483393512,0.9545209824580525,25.0,-0.030364373354540806
2022-04-14,39935.515625,41451.48046875,39695.74609375,41160.21875,24342001973,-0.030364373354540806,0.04396423452964995,-0.029908006531745968,39.01163252304791,31.523694532466436,7.083468823222959,12.742344496174397,-623.0730051395076,111.85504725623,-734.9280523957376,42137.43074285986,42760.50374799937,42080.6115625,48160.50357421875,49360.50969941317,39043.35162871183,44201.9306640625,0.23340967047598885,1621.923312021367,0.02757556892367935,0.8481872919418777,28.0,0.015355179227128868
2022-04-15,40553.46484375,40617.72265625,39866.83203125,39939.40234375,21756855753,0.015355179227128868,0.018516065837854676,0.015473675726454417,41.81061590650335,37.66028134545601,14.865794907088782,14.662445578522687,-703.2757032632944,-51.1711028476749,-652.1046004156195,41893.74368145835,42597.01938472164,42125.028671875,48152.09224609375,49398.958993138476,38610.166006861524,44004.5625,0.24517441768173362,1559.706691519841,0.027900040559517107,0.7518133343889691,22.0,-0.0031855728397045674
2022-04-16,40424.484375,40633.6796875,40078.42578125,40552.31640625,16833150693,-0.0031855728397045674,0.013735584135079026,-0.0031805042860567623,41.38370375643568,36.855991448453864,13.241441261504752,11.730234997272156,-768.3870773259405,-194.61429774332805,-573.7727795826124,41667.703788157065,42436.090865483005,42149.233984375,48149.041953125,49131.589097727134,38237.93512102286,43684.762109375,0.24936965318546236,1487.9600640005665,0.024677533907067277,0.5932850928203416,28.0,-0.017657522881942136
2022-04-17,39716.953125,40570.7265625,39620.89453125,40417.77734375,19087633042,-0.017657522881942136,0.02391502762713498,-0.017502542356175654,39.0294629444474,32.424312462274074,4.447056553393522,10.85143090732901,-867.084953559337,-329.10842890652987,-537.9765246528071,41367.58830151752,42234.67325507686,42161.470078125,48139.80490234375,48781.951912190605,37846.4672284344,43314.2095703125,0.2524687577642274,1449.5223473755261,0.02455365091417931,0.6938671898885371,28.0,0.027546268364385663
2022-04-18,40826.21484375,40986.3203125,38696.19140625,39721.203125,33705182072,0.027546268364385663,0.05609456852698141,0.027929174608607443,44.37245472377785,44.607164766753215,25.327423294674695,14.338640369857648,-846.0429251403766,-432.4953281532992,-413.5475969870774,41284.3000772456,42130.34300238598,42223.798671875,48124.98150390625,48202.03963197165,37762.427946153344,42982.2337890625,0.24288201811593216,1509.5656730094172,0.025640081631725816,1.2201207383483967,24.0,0.016435294339235306
2022-04-19,41502.75,41672.9609375,40618.6328125,40828.17578125,25303206547,0.016435294339235306,0.025403813602713075,0.016571096753378534,47.400004024767085,50.9050978099842,40.98264247374696,23.585707440605045,-765.9468741695164,-499.1856373565427,-266.76123681297366,41317.90775766935,42083.85463183887,42189.988984375,48091.910546875,47607.812170927704,37800.66400094729,42704.2380859375,0.2296528075327003,1477.0487052944588,0.02619084980167997,0.9227024949100331,27.0,-0.003097867846210707
2022-04-20,41374.37890625,42126.30078125,40961.09765625,41501.74609375,27819532341,-0.003097867846210707,0.028162431818982175,-0.003093074404708074,46.87864376782716,49.655316964342674,51.43606502279159,39.248710263737735,-704.7052477060861,-540.2895594264514,-164.41568827963465,41326.59562668176,42031.300874387845,42130.383828125,48060.225,47251.91672293267,37740.129761442324,42496.0232421875,0.2238276957653679,1454.7740209877118,0.025432770782952054,1.0247534955249047,27.0,-0.020684439708319406
2022-04-21,40527.36328125,42893.58203125,40063.828125,41371.515625,35372786395,-0.020684439708319406,0.06982329165142571,-0.020471984048854197,43.480346229547244,41.76253033843324,35.168663743821966,42.52912374678683,-716.2612854033214,-575.4839046218254,-140.77738078149594,41203.63680430764,41919.898089710965,42062.44875,48021.86205078125,46702.343444429214,37714.27491494579,42208.3091796875,0.21294547694909513,1552.986869935018,0.025166923632444795,1.3097130490453779,27.0,-0.019611085251918917
2022-04-22,39740.3203125,40777.7578125,39315.41796875,40525.86328125,28011716745,-0.019611085251918917,0.036797384425963794,-0.019420038833716236,40.539600142703854,35.624039903236906,22.309552902527944,36.30476055638049,-779.9366938082458,-616.3744624591095,-163.56223134913625,40978.51119018339,41758.447883991634,42008.219375,47974.999140625,46186.604068758825,37617.15139999117,41901.877734375,0.20451237825405477,1546.5120823503737,0.02533080697011344,1.0397121800852058,26.0,-0.006401619327578674
2022-04-23,39486.73046875,39935.859375,39352.203125,39738.72265625,16138021249,-0.006401619327578674,0.014781073111685165,-0.0063811726165236005,39.610018214056446,33.75877035159033,16.891183579717694,24.789800075355856,-841.1660560906384,-661.3327811854153,-179.8332749052231,40749.00646380902,41590.17251989966,42015.201875,47914.85873046875,45413.13760613863,37693.93426886136,41553.5359375,0.18576525831369922,1477.7366657539185,0.024900112762494337,0.6094883762919369,24.0,-0.00044170158334548267
2022-04-24,39469.29296875,39845.92578125,39233.5390625,39478.375,17964398167,-0.00044170158334548267,0.015515522896112178,-0.0004416040475622163,39.54287324437821,33.617560893390575,18.418623177346046,19.206453219863885,-880.9428663564322,-705.2547982196188,-175.6880681368134,40552.127464569174,41433.070330925606,42016.576015625,47835.39794921875,44376.18033226654,38015.55326148347,41195.866796875,0.15439964164719477,1415.9259552536387,0.02481535487026325,0.6976137230729756,24.0,0.024749050076096804
2022-04-25,40458.30859375,40491.75390625,38338.37890625,39472.60546875,35445730570,0.024749050076096804,0.05322454335949806,0.025057850055308917,45.21532895661418,48.00813929043892,46.53864228063375,27.282816345899153,-823.171965666028,-728.8382317089006,-94.33373395712738,40537.693792135455,41360.86575780148,42057.3425,47768.6595703125,43423.15709521673,38458.808139158275,40940.9826171875,0.1212562239279124,1468.6008870212358,0.025608504818155027,1.3611264738159716,23.0,-0.05959955698854747
2022-04-26,38117.4609375,40713.890625,37884.984375,40448.421875,34569088416,-0.05959955698854747,0.07421549548220088,-0.057858267871623625,36.488859375102,30.031231958699905,4.641549959795695,23.199605139258484,-955.2632728525787,-774.1232399376363,-181.14003291494237,40165.35027603769,41120.613548890266,42058.4509375,47689.40763671875,43230.120112212746,38142.91738778726,40686.51875,0.12503411156122776,1565.7655558054335,0.026285676833171134,1.3398740639095066,27.0,0.029052734994520196
2022-04-27,39241.12109375,39397.91796875,37997.3125,38120.30078125,30981015184,0.029052734994520196,0.03569228986612915,0.029478882606909007,42.25051762406313,42.16046913390777,27.076176044161564,26.085456094863662,-958.2307144761871,-810.9447348453465,-147.28597963084064,40023.16117107035,40981.39188554654,42068.52796875,47610.77212890625,42735.8072175587,38210.9576261913,40473.382421875,0.11179815771764637,1553.9684067300454,0.027317310375273365,1.1895550784517273,21.0,0.013483906721524785
2022-04-28,39773.828125,40269.46484375,38941.421875,39241.4296875,33903704907,0.013483906721524785,0.03338987045894266,0.013575224570606004,44.806870104208635,47.22094234485936,37.7120279893714,23.143251331109543,-907.1404771929592,-830.1838833148691,-76.95659387809008,39984.80224090569,40891.942718098646,42024.346015625,47535.78337890625,42467.814185897165,38227.56706410284,40347.690625,0.1050926845158024,1537.8308754457564,0.02704797956389249,1.2852736073162594,24.0,-0.02970235366082905
2022-04-29,38609.82421875,39887.26953125,38235.53515625,39768.6171875,30882994649,-0.02970235366082905,0.042780157859353116,-0.02926557389929385,40.57985479542198,38.609541408949084,14.471911970120129,26.420038667884356,-949.6297427580284,-854.0730552035011,-95.55668755452734,39773.26716057405,40722.896903332075,42007.79328125,47441.4085546875,42072.87239632008,38205.27760367991,40139.075,0.09635485602595903,1545.966839699631,0.027442451263915195,1.1387450658699199,23.0,-0.023452178557919624
2022-04-30,37714.875,38771.2109375,37697.94140625,38605.859375,23895713731,-0.023452178557919624,0.028457459589883303,-0.023179313474195662,37.63973887818106,33.18168509184072,0.32591926524941284,17.50328640824697,-1043.4890224855626,-891.9562486599135,-151.5327738256491,39456.591443562655,40500.08046604822,41986.191328125,47349.77763671875,41878.42361196006,37950.44670053994,39914.43515625,0.09840993355019473,1512.202746238943,0.02769102056594005,0.8710806737612747,20.0,0.019800580200401846
2022-05-01,38469.09375,38627.859375,37585.7890625,37713.265625,27002760110,0.019800580200401846,0.02708850692642064,0.019997911964443782,41.48731820841043,41.295922142797274,16.641656762057558,10.47982933247569,-1044.968284124101,-922.5586557527511,-122.40962837134998,39304.6687214761,40349.6370056002,41977.49296875,47255.1176171875,41919.25737486452,37804.33207826047,39861.7947265625,0.1032298050007771,1478.621858114733,0.024317366545522752,0.9969671364360201,22.0,0.0015645616058173508
2022-05-02,38529.328125,39074.97265625,38156.5625,38472.1875,32922642426,0.0015645616058173508,0.0238366512198297,0.001565786170879102,41.79617909982001,41.9527143060188,17.776485783359522,11.581353936888823,-1029.4137579534508,-943.9296761928911,-85.48408176055977,39185.38555278747,40214.79931074092,41991.08625,47161.156640625,41914.65330451558,37649.15060173442,39781.901953125,0.10722219133230984,1438.6067365529664,0.0240182856437354,1.2112167628808543,28.0,-0.02042224184090012
2022-05-03,37750.453125,38629.99609375,37585.62109375,38528.109375,27326943244,-0.02042224184090012,0.027665230839530486,-0.020215120218891713,38.934287451480834,35.89434349034585,3.1053738561918345,12.507838800536296,-1067.6284310909396,-968.6694271725008,-98.95900391843873,38964.626717743246,40032.255148834185,41952.760234375,47041.93916015625,41818.7397076126,37403.436464262406,39611.0880859375,0.11146634583152713,1410.4473267991832,0.023430627303959162,1.0060261312521002,27.0,0.050312677532991644
2022-05-04,39698.37109375,39902.94921875,37732.05859375,37748.01171875,36754404490,0.050312677532991644,0.054684627232520856,0.051599856624237495,48.44244746089212,54.89812637678759,39.8034202752646,20.228426638271973,-930.0125287076007,-960.9380474795208,30.92551877192011,39077.51046789813,40007.52299660573,41959.951953125,46935.9701171875,41802.327844636384,37396.13387411361,39599.230859375,0.11126968567066543,1464.7647052420987,0.02556081668542453,1.3228682379443977,21.0,-0.08194136472907673
2022-05-05,36575.140625,39789.28125,35856.515625,39695.74609375,43106256317,-0.08194136472907673,0.10752564604801161,-0.07867402068901796,38.17809867477882,35.31496952824776,14.602512386513187,19.17043550598986,-1060.741958493214,-980.8988296822596,-79.84312881095445,38692.53049206765,39753.272450560864,41868.576171875,46811.077734375,41918.70253363592,36881.926763239084,39400.3146484375,0.12783592758939,1641.0504852248057,0.031086532680568754,1.4940813925430383,27.0,-0.014713780107637159
2022-05-06,36040.921875,36624.359375,35482.1328125,36573.18359375,37795577489,-0.014713780107637159,0.031692490177181405,-0.014606061408683924,36.743960274827,32.96814017556596,10.680713491073895,21.695548717617214,-1193.692814211361,-1023.45762658808,-170.23518762328115,38284.59070482647,39478.28351903783,41770.36703125,46681.151953125,42044.253806030654,36318.01924084434,39181.1365234375,0.14614774029745098,1605.4202050301767,0.031154748474359364,1.2640887379627996,22.0,-0.015067299056939674
2022-05-07,35501.953125,36129.92578125,34940.82421875,36042.50390625,24375896406,-0.015067299056939674,0.033493975903614456,-0.014954355270636377,35.30310992923678,30.57647009678476,9.719772245171374,11.667666040919473,-1327.247911264487,-1084.2156835233613,-243.03222774112555,37856.492615622396,39183.74052688688,41644.38296875,46537.3517578125,42236.82748167466,35703.94556520033,38970.3865234375,0.1676370829051269,1575.683159135164,0.031107943963907807,0.8081154532965514,23.0,-0.04148559878699712
2022-05-08,34059.265625,35502.94140625,33878.96484375,35502.94140625,36763041910,-0.04148559878699712,0.047680903645437894,-0.040636848764922684,31.717780479673323,24.928859911647905,2.6379332712670047,7.679473002504079,-1531.8459455794437,-1173.7417359345777,-358.10420964486593,37272.30384783434,38804.14979341378,41481.755234375,46377.68390625,42419.7458174214,34844.3323075786,38632.0390625,0.19609147468470606,1579.132687946938,0.03106520821398193,1.2126305016219632,18.0,-0.1170549632581505
2022-05-09,30296.953125,34222.07421875,30296.953125,34060.015625,63355494961,-0.1170549632581505,0.12955497793971651,-0.11046369999353145,24.67882949841912,15.959968287443942,0.0,4.119235172146115,-1974.8141098366978,-1333.9562107150018,-640.8578991216959,36199.172967398285,38173.98707723498,41262.7378125,46218.1178125,43105.391924088304,33038.1065134117,38071.74921875,0.2644292846339341,1746.7032883614424,0.03870095758065294,1.966378098881445,11.0,0.023678692386482958
2022-05-10,31022.90625,32596.30859375,29944.802734375,30273.654296875,59811038817,0.023678692386482958,0.0854692928511493,0.02396125848050934,27.999158516152363,22.256494044714287,10.442022258976014,4.359985176747661,-2241.453144683983,-1515.455597508798,-725.9975471751848,35402.8242416447,37644.277386328686,41061.636015625,46069.771015625,43212.9558337067,31895.3953381683,37554.1755859375,0.3013662347517053,1811.3320434338395,0.03961355738271731,1.7685652220435766,10.0,-0.06962706368652095
2022-05-11,28936.35546875,32013.40234375,28170.4140625,31016.18359375,70388855818,-0.06962706368652095,0.13280830356816217,-0.06725839173272163,24.63741713455869,17.787606227395955,6.330590887650342,5.59087104887544,-2591.263241206114,-1730.6171262482612,-860.6461149578527,34407.9828919686,36999.24613317471,40793.186953125,45907.48470703125,43590.03712289324,30359.213267731764,36974.6251953125,0.35783523930998035,1956.4503461349939,0.041489709145486456,1.9788957349806329,12.0,0.0038423156405122537
2022-05-12,29047.751953125,30032.439453125,26350.490234375,28936.734375,66989173272,0.0038423156405122537,0.1267550488826689,0.003849706798608521,25.15408875878572,18.803086604633037,19.902378762848475,12.224997303158267,-2826.9145859817872,-1949.8766181949663,-877.0379677868209,33583.33197830035,36410.24656428214,40516.2828515625,45748.06928710938,43765.132596813135,29114.86095787437,36439.99677734375,0.4020382254272712,2079.700265607494,0.04173808298386221,1.785490560033728,12.0,0.008069582993285078
2022-05-13,29283.103515625,30924.802734375,28782.330078125,29030.91015625,42841124537,0.008069582993285078,0.07316412534985613,0.008102229834508146,26.30365778458821,21.20214611969621,21.638975514562265,15.95731505502035,-2960.5516735013953,-2152.0116292562525,-808.5400442451428,32921.75836865799,35882.310042159384,40222.72625,45579.28568359375,43740.332809371466,28119.298050003534,35929.8154296875,0.43476523807747813,2084.1840077962447,0.04203163874655921,1.1026240035160986,10.0,0.02755654035085545
2022-05-14,30101.265625,30192.802734375,28702.91015625,29285.642578125,28579868620,0.02755654035085545,0.04949601112079486,0.027939733537411415,30.310840627884744,29.63417961934873,27.67597669876272,23.072443658724477,-2966.2481216819833,-2314.8589277413985,-651.3891939405848,32487.83640809522,35454.0845297772,39937.776953125,45427.973046875,43487.3346134681,27435.493511531906,35461.4140625,0.45265654307087577,2041.7346199625845,0.042995413365642866,0.7256616311799191,9.0,0.039214229608877514
2022-05-15,31305.11328125,31308.19140625,29527.740234375,30098.5859375,25835372065,0.039214229608877514,0.0568741328574393,0.03999325713567892,35.83900759254368,40.554085709928366,36.55884922867001,28.62460048066499,-2840.874322217409,-2420.062006636601,-420.812315580808,32305.879003965187,35146.753326182596,39673.86265625,45292.0866796875,42880.2234989808,27127.2850947692,35003.754296875,0.4500356810474459,2023.0715165277568,0.04378790175446135,0.6640792706280846,10.0,-0.047163938825930986
2022-05-16,29862.91796875,31305.341796875,29251.884765625,31304.375,32613897286,-0.047163938825930986,0.06876277239212981,-0.046069001557128786,32.51170080074708,33.325775941037236,25.91727256599392,30.050699497808875,-2825.3192698196144,-2501.1134592732037,-324.2058105464107,31930.03884470131,34755.358114520925,39334.711171875,45138.2905859375,42634.906692366,26547.147604508995,34591.0271484375,0.46508474636561065,2025.2419104364885,0.04317271680692317,0.8404281441093869,14.0,0.018675310971867837
2022-05-17,30425.857421875,30694.490234375,29570.302734375,29862.408203125,29101473475,0.018675310971867837,0.03694842463804334,0.018850785235190015,35.04660200490606,38.331318958370524,30.071053468589,30.849058421084298,-2736.0280413974688,-2548.096375698057,-187.93166569941195,31698.62631811265,34434.65435951012,39000.6682421875,44979.28004882813,42092.04981006477,26208.478119622723,34150.26396484375,0.4651083138564759,1960.8808811195963,0.042710679765827986,0.7517369068682863,8.0,-0.05768962303395388
2022-05-18,28720.271484375,30618.716796875,28720.271484375,30424.478515625,31285268319,-0.05768962303395388,0.06610123144319272,-0.05605711989808215,31.220402154895112,30.29257598218257,17.633887209382937,24.540737747988604,-2770.948856976731,-2592.6668719537915,-178.28198502293935,31240.41788215301,34011.36673912974,38625.7590625,44813.43724609375,41434.81907321876,25760.353192406248,33597.5861328125,0.46653547724681066,1956.4211976467682,0.04337228642485323,0.8108901312897383,12.0,0.054017472510896065
2022-05-19,30314.333984375,30430.751953125,28708.955078125,28720.359375,33773447707,0.054017472510896065,0.056798109959713135,0.05550304428240649,38.029974391072514,43.26604132567245,38.581801030793194,28.762247236255035,-2639.5690246587546,-2602.047302494784,-37.52172216397048,31097.94343634101,33737.512460999766,38290.7924609375,44658.414130859375,40789.74999260185,25575.87324958565,33182.81162109375,0.45848666824076467,1939.6623174577132,0.0459708852241875,0.8721149608390572,13.0,-0.03742660999960213
2022-05-20,29200.740234375,30664.9765625,28793.60546875,30311.119140625,30749382605,-0.03742660999960213,0.0640864265333599,-0.036734890846488066,35.39369052808864,37.567570817397616,29.1453426564153,28.453676965530466,-2595.389238373631,-2600.7156896705537,5.326451296922642,30806.066020653932,33401.45525902756,37964.03375,44499.39580078125,40254.04194347604,25260.16782214896,32757.1048828125,0.45772891636691304,1934.7843729071624,0.04625790609091194,0.787061367906809,13.0,0.007896156156526583
2022-05-21,29432.2265625,29588.869140625,29027.39453125,29199.859375,17274840442,0.007896156156526583,0.019076864884234834,0.007927413013061102,36.38096176020846,39.50003571306593,33.671158362417856,33.79943401654211,-2512.732214529173,-2583.118994642278,70.38678011310503,30594.706104014866,33107.43831854404,37627.045390625,44330.424921875,39451.80022487245,25158.72282200255,32305.2615234375,0.4424380651585272,1836.6908183691507,0.04589157529067385,0.4477411976867121,13.0,0.02984011653578575
2022-05-22,30323.72265625,30425.861328125,29275.18359375,29432.47265625,21631532270,0.02984011653578575,0.03794645358747979,0.030289794482822652,40.17271137938125,46.88665807819468,50.47564035093596,37.76404712325636,-2348.220815553839,-2536.13935882459,187.9185432707509,30553.016342820272,32901.23715837411,37316.140859375,44167.19330078125,38485.671202070094,25304.291297929904,31894.98125,0.41327442085077853,1787.68988379814,0.04680296130929599,0.5689866521998104,14.0,-0.04122961033666706
2022-05-23,29098.91015625,30590.5859375,28975.560546875,30309.396484375,31483454557,-0.04122961033666706,0.05550123293116245,-0.04039123144227663,36.917221094019176,39.212773035238534,44.004160283489675,42.71698633228115,-2290.2756076323785,-2486.966608586148,196.69100095376962,30329.30769873254,32619.58330636492,36969.047734375,44005.42669921875,37577.54879514043,25347.259407984573,31462.4041015625,0.388727108954413,1775.3567057143443,0.04722994012531059,0.8236250463596642,10.0,0.01894978176706928
2022-05-24,29655.5859375,29774.35546875,28786.58984375,29101.125,26616506245,0.01894978176706928,0.033307911267770746,0.019130468401079792,39.323911549214856,44.06693368888722,58.36388838974536,50.947896341390326,-2174.3697487038007,-2424.447236609679,250.07748790587812,30225.658197004457,32400.027945708258,36629.7059375,43848.07625,35805.17012690729,26115.35956059271,30960.26484375,0.31297570015040344,1719.100199949034,0.04550584623013281,0.705660437463174,12.0,-0.0031485281301596416
2022-05-25,29562.361328125,30157.78515625,29384.94921875,29653.134765625,27525063551,-0.0031485281301596416,0.02614256449009506,-0.003143576713387941,39.05519085555314,43.3899687357166,64.78549195282119,55.71784687535207,-2066.217893610712,-2352.8013680098857,286.5834743991736,30123.612524869157,32189.83041847987,36309.8333203125,43688.25065429688,34740.82150585549,26478.430251957005,30609.62587890625,0.26992787453806416,1651.5098954883888,0.04269108025866656,0.7451387265186399,11.0,-0.010033699544872113
2022-05-26,29267.224609375,29834.16015625,28261.90625,29564.77734375,36774325352,-0.010033699544872113,0.05372063553119994,-0.009983529917456657,38.16599316673442,41.06019460364056,33.00145284535852,52.05027772930834,-1981.4805614168617,-2278.537206691281,297.0566452744192,29991.860537870056,31973.341099286918,36031.043046875,43517.9518359375,33597.88564334461,26943.99638790539,30270.941015625,0.2198111136355052,1645.8487533999323,0.042680419748420545,0.9969061440709881,12.0,-0.022097889022563728
2022-05-27,28627.57421875,29346.943359375,28326.61328125,29251.140625,36582005748,-0.022097889022563728,0.03564151367937845,-0.02185551924250806,36.24018057509425,36.15198755303972,12.003734056208318,36.59689295146267,-1943.536180614934,-2211.537001476012,268.00082086107795,29781.97033492851,31725.506515543442,35733.517578125,43323.25556640625,32307.016819986144,27547.427320638853,29927.2220703125,0.1590388004661734,1601.1688480231514,0.04274970024469837,0.9755524537476017,12.0,0.006522241153916333
2022-05-28,28814.900390625,28814.900390625,28554.56640625,28622.625,35519577634,0.006522241153916333,0.009034700132425248,0.006543557286537771,37.23895653689998,38.65733015821841,18.153065529352478,21.05275081030643,-1876.7157183485833,-2144.5727448505263,267.857026501943,29633.190343497197,31509.90606184578,35464.0623046875,43132.47092773437,31155.33414100761,28174.673476179887,29665.00380859375,0.10047733969830963,1505.3949291911408,0.04227893560993502,0.9487932053190875,13.0,0.02166399017895866
2022-05-29,29445.95703125,29498.009765625,28841.107421875,29019.8671875,18093886409,0.02166399017895866,0.022308744900118267,0.02190035821988534,40.613854944740616,46.85350218935902,38.90507168669248,23.020623757417752,-1752.6357299322262,-2066.185341866866,313.54961193463987,29604.38521853609,31357.020948468315,35197.3387109375,42954.72456054688,31086.54651007815,28158.361497734346,29622.45400390625,0.0988501834438724,1446.6602467489163,0.03409544549134733,0.5144180696400568,14.0,0.07459222816391974
2022-05-30,31726.390625,31949.630859375,29303.572265625,29443.365234375,39277993274,0.07459222816391974,0.08340244640576729,0.07744470968730455,50.89086155607967,66.003774986543,93.94639627353207,50.33484449652567,-1453.534076487129,-1943.6550887909189,490.12101230378994,29930.84758876131,31384.38166524844,34987.7130859375,42788.60670898438,31279.871893122585,28035.384552189917,29657.62822265625,0.10939807177345753,1532.3315572489937,0.03777095421126341,1.1502668751333922,10.0,0.0020756074770069063
2022-05-31,31792.310546875,32249.86328125,31286.154296875,31723.865234375,33538210634,0.0020756074770069063,0.030312643774477947,0.0020777630413166825,51.15400611181017,66.41193582330175,88.52663830654205,73.79270208892218,-1197.372114048816,-1794.3984938424983,597.0263797936823,30217.226505394185,31414.598619443,34833.12125,42626.7885546875,31632.75689106627,27968.09506205873,29800.4259765625,0.12297347131513264,1491.7156591865657,0.03390760839200604,1.0381958334444747,16.0,-0.06474693067083527
2022-06-01,29799.080078125,31957.28515625,29501.587890625,31792.5546875,41135817341,-0.06474693067083527,0.08240849244966074,-0.06269536357891181,43.55442171181958,46.65286305454203,38.54539595285415,73.67281017764275,-1142.0342935310618,-1663.9256537802112,521.8913602491493,30152.89628581431,31294.93057934537,34626.5591796875,42453.436318359374,31637.572435466187,28038.41233015881,29837.9923828125,0.12062340049998103,1560.5714882178825,0.037298631656025726,1.3264632534153857,17.0,0.02218263391098452
2022-06-02,30467.48828125,30604.734375,29652.705078125,29794.890625,29083562061,0.02218263391098452,0.031247383705761148,0.02243049790035867,46.4285900798063,52.215015803884526,55.30606307858523,60.79269911266047,-1032.3435029213542,-1537.6092236084398,505.2657206870856,30201.295054342878,31233.638557264232,34412.5743359375,42278.439560546874,31697.804128970747,28096.61911321675,29897.21162109375,0.12045220341596027,1517.104188836248,0.03756644851093311,0.9591009942460162,13.0,-0.02536528971019155
2022-06-03,29704.390625,30633.03515625,29375.689453125,30467.806640625,26175547452,-0.02536528971019155,0.04232861461452721,-0.02504629358369581,43.69320061868108,45.84798196987671,36.171010963672856,43.340823331704065,-995.5127135927105,-1429.189921605294,433.6772080125836,30124.848219059357,31120.360932652067,34207.9518359375,42109.172158203124,31677.27527475968,28077.46046742782,29877.36787109375,0.12048634347119538,1498.5500112854447,0.037534092798576064,0.8666378729343645,10.0,0.00431741536890466
2022-06-04,29832.9140625,29930.564453125,29500.005859375,29706.138671875,16588370958,0.00431741536890466,0.014432334462801023,0.004326748833952898,44.28854067605689,47.11511528244721,39.393799887747974,43.62362464333535,-945.05922592961,-1332.3637824701575,387.30455654054754,30079.93527189638,31024.99449782599,33993.5408203125,41957.53049804687,31480.271194729274,28127.24462558323,29803.75791015625,0.11250348292499822,1422.264910032913,0.036375984656811904,0.557757131634072,14.0,0.002468985857085947
2022-06-05,29906.662109375,30117.744140625,29574.44921875,29835.1171875,17264085441,0.002468985857085947,0.01816635102533527,0.00247203631266113,44.65017809821521,47.930765276944264,41.243068731346426,38.93595986092242,-888.8771993667324,-1243.6664658494724,354.78926648274,30053.277862277704,30942.155061644437,33783.184375,41805.22375,31482.8755063773,28129.014727997703,29805.9451171875,0.1125232152576703,1359.4813394502048,0.03482180048739673,0.5958533072967188,10.0,0.04779217112896654
2022-06-06,31370.671875,31693.291015625,29894.1875,29910.283203125,31947336829,0.04779217112896654,0.057349856030936536,0.048952630028413324,51.3952376470794,61.63483561978106,77.95383953837579,52.86356938582338,-717.9431835839423,-1138.5218093963665,420.5786258124242,30255.95386423498,30973.897047818922,33616.25875,41677.36642578125,31646.502459658048,28059.869220029454,29853.18583984375,0.12014239481407947,1390.88292346269,0.03622101076082609,1.097242926329852,13.0,-0.006883334658869973
2022-06-07,31155.478515625,31489.68359375,29311.68359375,31371.7421875,40770974039,-0.006883334658869973,0.0699074481846811,-0.006859698773187373,50.422570785666196,58.973163878230814,72.55775934772366,63.91822253914861,-593.0052547745363,-1029.4184984720005,436.41324369746417,30394.342272141133,30987.34752691567,33422.8440234375,41542.545927734376,31774.71740502338,28175.174977789116,29974.94619140625,0.1200850338228879,1447.1055717867837,0.033530917198168246,1.3778494815049511,15.0,-0.030672946983430784
2022-06-08,30214.35546875,31253.69140625,29944.404296875,31151.48046875,30242059107,-0.030672946983430784,0.04333327946476188,-0.03020730515832104,46.296020604372266,48.32520651402301,48.958632288423054,66.49007705817415,-563.4368612440921,-936.2221710264188,372.78530978232664,30366.65199469634,30930.088855940434,33197.0761328125,41395.131728515626,31766.472525659334,28173.422005590666,29969.947265625,0.11988844986023159,1437.2613959002279,0.032212872448656775,1.0281614268360613,17.0,-0.0033934595457949636
2022-06-09,30111.998046875,30609.310546875,30020.265625,30215.279296875,21692004719,-0.0033934595457949636,0.019561801277950423,-0.003387708269364409,45.85645847321641,47.24285645940019,45.50780005416428,55.67473056343699,-542.0150724881096,-857.380751318757,315.3656788306474,30327.47446426229,30869.4895367504,32971.828515625,41252.0393359375,31777.58248604774,28253.437826452257,30015.51015625,0.1174107866649625,1376.674504898426,0.03101765917354579,0.7490111287912793,11.0,-0.03474221923780006
2022-06-10,29083.8046875,30245.80859375,28978.146484375,30110.330078125,29867476527,-0.03474221923780006,0.04358652944467859,-0.03414563715680452,41.585202780040376,37.42067617610661,14.321942164660316,36.26279150241587,-601.0759325013678,-806.1197875552792,205.04385505391144,30136.140652452705,30737.216584954072,32742.95734375,41116.0119140625,31789.528702387768,28206.64942261223,29998.0890625,0.11943691720865054,1368.8879052181815,0.032007076177303195,1.0093606771706405,13.0,-0.02517319741030233
2022-06-11,28360.810546875,29401.916015625,28236.212890625,29084.666015625,27246574439,-0.02517319741030233,0.04110260258864307,-0.024858994495164377,38.84528200772794,31.96816855091886,3.1043475171886565,20.978029912004406,-698.1735641570413,-784.5305428756317,86.35697871859043,29863.012943902286,30561.186508059327,32515.3671484375,40969.970595703126,31819.749302407206,27980.137611655296,29899.94345703125,0.12841534955642164,1354.3747066311685,0.031615307547824295,0.9121339778706312,12.0,-0.05800108151881945
2022-06-12,26762.6484375,28502.685546875,26762.6484375,28373.513671875,34163220274,-0.05800108151881945,0.06501737350242394,-0.056351073137826724,33.57864817161045,23.23663205254151,0.0,5.808763227282981,-893.7795285763568,-806.3803400157768,-87.39918856058,29386.033789071167,30279.813317647524,32260.8855078125,40822.38170898437,32122.204212142336,27444.056530045164,29783.13037109375,0.15707374019480455,1381.9220211128707,0.03287053408399346,1.1385755211982036,14.0,-0.17405255177667042
2022-06-13,22487.388671875,26795.58984375,22141.2578125,26737.578125,68204556440,-0.17405255177667042,0.20697521171371835,-0.15974726027617203,24.147050010227275,12.54382976960818,3.4241207696258176,2.1761560956048154,-1377.8929061789422,-920.6828532484101,-457.21005293053213,28324.70377104099,29702.59667721993,31921.247421875,40648.44525390625,33374.37261721714,25475.06839840786,29424.7205078125,0.2684580883856466,1615.6655932655228,0.049728931126061075,2.125770230599866,11.0,-0.012556416941057361
2022-06-14,22206.79296875,23018.951171875,20950.818359375,22487.986328125,50913575242,-0.012556416941057361,0.093130638692869,-0.012477914053041661,23.676991636525457,12.116882206063764,11.411242431872882,4.945121067166224,-1763.8652335393272,-1089.3193293065935,-674.5459042327336,27383.486724534683,29147.35195807401,31556.217109375,40491.630390625,34104.1803960047,24009.703783682802,29056.94208984375,0.3474032670440641,1647.9846803536998,0.04966698458760763,1.5310484888227534,8.0,0.01634917508386348
2022-06-15,22572.83984375,22642.671875,20178.376953125,22196.73046875,54912007015,0.01634917508386348,0.10917079724717568,0.01648355417709846,25.70872127690201,16.445191745030527,20.79444863963786,11.87660394704551,-2016.9638563027147,-1274.848234705818,-742.1156215968967,26643.387204413964,28660.35106071668,31245.3246875,40330.41919921875,34503.77448457865,22940.671218546344,28722.2228515625,0.40258385730766205,1706.2925547480784,0.0501345659298261,1.6074500196092465,7.0,-0.10211240133010355
2022-06-16,20381.650390625,22868.921875,20265.2265625,22576.3046875,31183975654,-0.10211240133010355,0.12774703042191463,-0.09707194434960298,21.943102309434764,12.236406495188035,1.7653057278298727,11.323665599780197,-2367.0708948275606,-1493.2927667301665,-873.7781280973941,25680.043079215662,28047.113974043223,30868.1352734375,40146.085166015626,35140.56534258783,21479.287977724664,28309.92666015625,0.4825613831098413,1770.3927517303584,0.05394753062369263,0.9201244672761444,7.0,0.004397810882562394
2022-06-17,20471.482421875,21243.3125,20326.51953125,20385.71875,27132421514,0.004397810882562394,0.044783907186435705,0.004407495444594733,22.44464013046762,13.297726599493387,2.545442086316048,8.368398817927917,-2607.230026280613,-1716.080218640256,-891.149807640357,24878.726055009407,27485.95608129002,30482.088359375,39959.40974609375,35521.56566219172,20263.945861245775,27892.75576171875,0.5470101244670195,1709.4213386603328,0.05390087695083813,0.8106082296996041,9.0,-0.07366571122488891
2022-06-18,19017.642578125,20736.041015625,17708.623046875,20473.42578125,42009436760,-0.07366571122488891,0.15918997090797576,-0.07101780974085614,20.184289097167806,10.825853013958934,9.360390494612544,4.55704610291948,-2881.652694854598,-1949.1947138831245,-932.4579809714735,23977.020904719495,26858.673599574093,30090.2447265625,39769.47083007813,35879.117835984995,18863.562242140004,27371.3400390625,0.6216559207390489,1803.563955095309,0.054504836940930355,1.211782934585634,6.0,0.07765301952407
2022-06-19,20553.271484375,20683.822265625,18067.15234375,19010.90234375,35329942625,0.07765301952407,0.12731160213906792,0.0807475952890373,28.387882965152116,27.445746507759495,20.34119396940008,10.749008850109549,-2941.316551559521,-2147.6190814184038,-793.6974701411173,23450.290224666493,26391.606776226014,29747.01265625,39586.088046875,35566.98678245065,18058.38138161185,26812.68408203125,0.6529971168597903,1861.6429527224298,0.05479344219992114,1.0249458494557189,6.0,0.002248480532576946
2022-06-20,20599.537109375,20913.322265625,19689.169921875,20553.37109375,30818458597,0.002248480532576946,0.059426206387563886,0.002251010260589048,28.62590284494202,27.917956645393303,20.977442575386878,16.89300901313316,-2950.8517563675377,-2308.265616408231,-642.5861399593068,23011.712822313955,25962.564578681493,29389.6215234375,39406.69665039062,35093.08710198269,17413.00371832981,26253.04541015625,0.6734488554540481,1816.1079092243992,0.05479740475708411,0.8976057444058688,9.0,0.005376928208097346
2022-06-21,20710.59765625,21620.62890625,20415.0625,20594.294921875,28970212744,0.005376928208097346,0.05821012151651678,0.0053914098304885805,29.233950653138237,29.208293126785108,22.162860531429004,21.16049902540531,-2915.8348873767536,-2429.779470601936,-486.0554167748178,22657.695104457962,25573.529991834715,29033.2469140625,39242.258408203124,34795.79890393547,16801.443674189526,25798.6212890625,0.6974929019704931,1772.4978018690852,0.054137398402539755,0.858992860096985,9.0,-0.03556200532463169
2022-06-22,19987.029296875,20835.75,19848.078125,20719.4140625,28574793478,-0.03556200532463169,0.04941564153080137,-0.034937106663198714,27.585118682804733,25.710082841906,17.6611227114834,20.267141939433085,-2912.8916837885154,-2526.401913239252,-386.48977054926354,22246.82344175289,25159.715125541406,28677.9784375,39096.1900390625,34343.55976477681,16205.636914910689,25274.59833984375,0.7176344646899044,1716.4388070927218,0.05340571146175843,0.8479078766935035,11.0,0.053519949652552336
2022-06-23,21085.876953125,21135.76171875,19950.1171875,19986.607421875,26188097173,0.053519949652552336,0.056229320406533216,0.05497803800296652,33.700734681149626,38.71477872667722,26.937895220764354,22.253959487892246,-2789.73304533575,-2579.0681396585514,-210.66490567719848,22068.21628965629,24857.94933499204,28305.7285546875,38954.775185546874,33848.54572481605,15838.79958768395,24843.67265625,0.7249228560657812,1678.524930246813,0.055926027594117834,0.7770722977962387,11.0,0.006889809613761697
2022-06-24,21231.65625,21472.91796875,20777.51171875,21084.6484375,24957784918,0.006889809613761697,0.03275327378192646,0.006913598955313738,34.49115010811079,40.33144726022116,30.12866617248202,24.909228034909916,-2649.8202873062546,-2593.2185691880923,-56.60171811816235,21939.514745093784,24589.33503240004,27998.8588671875,38808.02034179687,33244.167458276774,15583.052072973227,24413.609765625,0.7234127011471634,1608.3021673720407,0.055980890989227365,0.7314826339361203,11.0,0.01266838104662478
2022-06-25,21502.337890625,21520.9140625,20964.5859375,21233.609375,18372538715,0.01266838104662478,0.025872913346904412,0.012748964915301864,36.01647544426023,43.55686586292826,35.14631162965751,30.737624340967955,-2488.4118099705374,-2572.2572173445815,83.84540737404404,21872.256767483203,24360.66857745374,27708.0871875,38662.0316015625,32533.463723211327,15453.323386163673,23993.3935546875,0.7118684690482547,1533.1611643454664,0.056213612498126675,0.5376037262691961,14.0,-0.02234031636729734
2022-06-26,21027.294921875,21783.724609375,21016.26953125,21496.494140625,18027170497,-0.02234031636729734,0.03649804128283783,-0.02209261947079333,34.49830998217939,39.216464383931196,36.52122814118005,33.932068647773185,-2371.4893729842006,-2532.1036484725055,160.61427548830488,21742.26263738963,24113.75201037383,27418.5940234375,38514.64409179687,31396.934596442068,15555.514817620435,23476.22470703125,0.6747856598116923,1478.4678724725761,0.05414147936637625,0.5384642228050996,14.0,-0.013975180844796839
2022-06-27,20735.478515625,21478.08984375,20620.19921875,21028.23828125,20965695707,-0.013975180844796839,0.041373080652734665,-0.013877981325425726,33.56240352247981,36.6024552618367,56.999405639364326,42.88898180340062,-2276.13675677856,-2480.9102701337165,204.7735133551564,21587.372772502764,23863.509529281324,27152.11828125,38379.96087890625,30121.816036107564,15788.633377954939,22955.22470703125,0.6243974015101813,1434.140926224535,0.0540742159851826,0.6453246873607643,12.0,-0.022179692795419582
2022-06-28,20280.634765625,21164.423828125,20228.8125,20731.544921875,21381535161,-0.022179692795419582,0.04613323690000226,-0.02193553187871977,32.10061293968482,32.64549867501053,49.842301859184055,47.787645213242804,-2211.7752425800863,-2427.0832646229906,215.3080220429042,21386.33615606003,23598.111398640118,26951.7919140625,38245.147529296875,28882.31743485424,16034.759908895761,22458.538671875,0.5720567002895685,1398.5316692174254,0.05402226435440702,0.6672227253936349,10.0,-0.00874651225988825
2022-06-29,20104.0234375,20364.15625,19937.791015625,20281.169921875,23552740328,-0.00874651225988825,0.02120795549709227,-0.008708372798288844,31.526433085421004,31.12139925839243,46.41979990711839,51.08716913522225,-2150.2327919037307,-2371.7131700791388,221.48037817540808,21189.057276281565,23339.290068185295,26733.4142578125,38098.85510742188,27403.963878581424,16512.316004231077,21958.13994140625,0.49601869299557894,1329.0912095858237,0.053949220380491054,0.7328487393213717,13.0,-0.016009711756282033
2022-06-30,19784.7265625,20141.16015625,18729.65625,20108.3125,26267239923,-0.016009711756282033,0.07134310912971456,-0.01588223750298734,30.465462847853644,28.331535449325713,50.946055792321125,49.06938585287452,-2102.9826705259184,-2317.967070168495,214.9843996425766,20973.006397238245,23075.989067764163,26550.3816796875,37947.28706054688,25918.340873502457,17068.031196810043,21493.18603515625,0.4117728131239373,1334.9778307761221,0.05384597587410347,0.8219146289204875,11.0,-0.02639361166796203
2022-07-01,19269.3671875,20632.671875,19073.708984375,19820.470703125,30767551159,-0.02639361166796203,0.08090368902390817,-0.02604834458398897,28.781831562236462,24.239738126089662,38.29951515778939,45.22179028574296,-2083.1090193549717,-2270.9954600057904,187.8864406508187,20710.908057278513,22794.017076633485,26354.813984375,37809.946494140626,24249.793196720188,17827.434537654815,21038.6138671875,0.3052652945487958,1350.9767636224703,0.053853716378490436,0.9574572420981711,11.0,-0.0014079558563739067
2022-07-02,19242.255859375,19371.748046875,19027.08203125,19274.8359375,18100418740,-0.0014079558563739067,0.01791193393040118,-0.0014069651515379311,28.692000748024256,24.026764076969243,31.617938025682058,40.28783632526419,-2045.9620878394999,-2225.9887855725324,180.0266977330325,20484.961565293357,22530.923653132857,26153.99703125,37673.094609375,22621.82258310144,18703.36589346106,20662.59423828125,0.18964011219756313,1279.097424479794,0.05319736210678365,0.577706600008444,14.0,0.0028449039765122944
2022-07-03,19297.076171875,19558.26953125,18966.951171875,19242.095703125,16390821947,0.0028449039765122944,0.030642899168156445,0.002848954556089245,29.17337059250511,25.56948472810349,18.579149354440766,29.4988675126374,-1989.1694289559891,-2178.624914249224,189.4554852932347,20302.209966305916,22291.379395261905,25937.9132421875,37525.09637695312,22358.812360787015,18647.344865775485,20503.07861328125,0.18102000997095907,1229.97034840088,0.03821973542599946,0.5702976267437453,11.0,0.04727542718300751
2022-07-04,20231.26171875,20258.748046875,19063.06640625,19297.314453125,21594638208,0.04727542718300751,0.059100695608957594,0.04841073013105235,36.98050838890566,46.97570527921192,49.16738239144379,33.12148992385553,-1847.4832345933391,-2112.396578318047,264.91334372470783,20291.294851297316,22138.778085890655,25716.4362109375,37387.92555664063,22089.226045583102,18719.3780559794,20404.30205078125,0.16515379850861775,1227.5211549883172,0.04011034701749056,0.7917410791278585,14.0,-0.002035878126304793
2022-07-05,20190.115234375,20635.466796875,19341.232421875,20225.353515625,26715546990,-0.002035878126304793,0.06410237683024615,-0.0020338071321012174,36.788160415196124,46.291577336330015,47.820114434959,38.522215393614516,-1718.7039330958978,-2033.6580492736173,314.95411617771947,20275.72875638619,21994.432689482088,25522.98015625,37257.86541015625,21645.628634642817,18924.703005982185,20285.1658203125,0.1341337632022727,1232.2863849891517,0.03981312629943832,1.0328820517973167,19.0,0.017582449257883936
2022-07-06,20548.24609375,20595.529296875,19823.51171875,20194.619140625,24598943708,0.017582449257883936,0.037570971975064024,0.017737930428710857,39.72671197948121,53.210912889532615,59.546468178013065,52.177988334805285,-1569.6532558688887,-1940.8570905926717,371.2038347237831,20317.654500596007,21887.307756464896,25325.4279296875,37126.36275390625,21658.25269721998,18928.73851371752,20293.49560546875,0.13450192300861685,1199.410041641712,0.03294151098531854,0.9633120655324494,18.0,0.05165639338861742
2022-07-07,21637.587890625,21771.81640625,20296.103515625,20547.814453125,25814972520,0.05165639338861742,0.06820135858416954,0.053013857820514154,47.69213725732949,67.89075304595814,95.21501480798858,67.5271991403202,-1348.0888126398204,-1822.3034350021014,474.21462236228103,20520.721175985083,21868.809988624904,25183.7742578125,37001.01561523438,21836.369790302146,18867.231967510357,20351.80087890625,0.14589066788036284,1219.1459594262326,0.0348807155933906,1.01354717369897,18.0,0.0043132227124235666
2022-07-08,21731.1171875,22314.94140625,21257.453125,21637.154296875,49899834488,0.0043132227124235666,0.048662398353743176,0.004322538045727464,48.32359538814133,68.86911272404566,83.71610085930665,79.49252794843609,-1151.6745748875328,-1688.1776629791877,536.503088091655,20706.935946987378,21858.61052187491,25012.109921875,36875.269814453124,21955.405953017384,19019.543265732616,20487.474609375,0.14330036977526386,1207.5989824136445,0.029887998354395942,1.9292828768775099,20.0,-0.0064127411638449485
2022-07-09,21592.20703125,21877.138671875,21445.95703125,21716.828125,29641127858,-0.0064127411638449485,0.019969317633948158,-0.006392223420980114,47.4082137631197,65.41543523114292,79.84164875309561,86.25758814013028,-995.7454315643736,-1549.691216696225,553.9457851318514,20843.131498412396,21838.87692997677,24859.9392578125,36738.547783203125,22084.494025133692,18994.348748303808,20539.42138671875,0.15044948047212475,1152.1406008573128,0.024869754208486233,1.158761561367696,24.0,-0.03447747972502637
2022-07-10,20860.44921875,21591.080078125,20727.123046875,21591.080078125,28688807249,-0.03447747972502637,0.04141603194592039,-0.03388990349346599,42.807924177877524,50.004024107527094,59.43161773438087,74.32978911559438,-920.605040139515,-1423.8739813848829,503.26894124536784,20845.795763079717,21766.400803219232,24688.5037109375,36599.70747070313,22103.743144410553,19001.190839964445,20552.4669921875,0.1509576590306879,1131.6365568228618,0.02620656230673341,1.1262206095640452,24.0,-0.04359596339476734
2022-07-11,19970.556640625,20856.353515625,19924.5390625,20856.353515625,24150249025,-0.04359596339476734,0.046659413149729705,-0.04265931997884009,37.98117358199941,37.47708468178437,34.61092595276047,57.96139748007897,-922.2317192993614,-1323.5455289677786,401.3138096684172,20711.143590394375,21633.375309693736,24481.440390625,36445.63755859375,22085.08399183717,18945.84589097533,20515.46494140625,0.15301813094793346,1117.656099639086,0.02796832122499867,0.9571078856400923,22.0,-0.03291562138901987
2022-07-12,19323.9140625,20043.4453125,19308.53125,19970.474609375,25810220018,-0.03291562138901987,0.038031325337250114,-0.03237979740682695,34.90162060640253,30.911996307533727,16.574910686366692,36.87248479116934,-964.5804431718971,-1251.7525118086023,287.17206863670526,20497.72366302601,21462.304106197906,24285.94046875,36288.14615234375,22121.643373394596,18842.974985980407,20482.3091796875,0.16007318113651342,1090.3173827005799,0.02780607076868697,1.0285293231958326,16.0,0.044936759944821686
2022-07-13,20212.07421875,20223.052734375,18999.953125,19325.97265625,33042430345,0.044936759944821686,0.060513314771047856,0.04596171114078618,41.872859001324485,46.054665795013406,41.34728213084515,30.8443729233241,-915.9168902296151,-1184.585387492805,268.6684972631899,20453.777594675852,21369.694484905467,24097.070234375,36137.0572265625,22057.732337913676,18819.50574802382,20438.61904296875,0.1584366626278434,1099.8018274630383,0.026962603628514145,1.298990170646958,15.0,0.017549651263241726
2022-07-14,20569.919921875,20789.89453125,19689.2578125,20211.466796875,31158743333,0.017549651263241726,0.05350709788517612,0.017704551212910147,44.45382974781427,51.093369825195786,47.878537205448,35.26691000755327,-838.8062796668019,-1115.4295659276045,276.6232862608026,20471.645645014185,21310.451924680987,23917.22140625,35985.85924804687,21985.030657711122,18826.033795413878,20405.5322265625,0.1548108046005819,1099.8614625549642,0.027253790709706273,1.2101863966083481,18.0,0.012868197042892807
2022-07-15,20836.328125,21138.244140625,20397.0,20573.15625,25905575359,0.012868197042892807,0.035574604900545544,0.012951348577769028,46.36325645227376,54.76327382855645,55.835794678593906,48.353871338295676,-747.5810012880575,-1041.859852999695,294.27885171163757,20527.75064193508,21275.331643223137,23748.6034765625,35836.838798828125,21884.481748101087,18859.981728461415,20372.23173828125,0.14846188961989695,1074.2459395599667,0.027259326130126424,0.991649817616664,15.0,0.016846296291970084
2022-07-16,21190.31640625,21514.404296875,20518.8984375,20834.103515625,24302954056,0.016846296291970084,0.04697928243682947,0.01698899533192111,48.877939180428925,59.47711945094659,66.40895219905131,56.70776136103107,-639.3503818170939,-961.3579587631748,322.0075769460809,20629.683836445067,21269.03421826216,23599.8583203125,35704.84610351562,21908.343964509277,18852.421660490723,20380.3828125,0.14994430340848405,1068.6216481181834,0.027095902021750207,0.9192605933274004,21.0,-0.01958489970974724
2022-07-17,20779.34375,21600.640625,20778.1796875,21195.041015625,22927802083,-0.01958489970974724,0.039580698379851384,-0.01939436147960416,46.17146918859139,52.12071816689965,53.677131682922145,58.64062618685579,-580.0524117122986,-885.0968493529997,305.04443764070106,20652.708438530444,21232.760850242743,23439.1471875,35576.51926757812,21912.69417904473,18852.457969392766,20382.57607421875,0.15013981542415322,1051.0387402168847,0.02728079307940114,0.8640390831482383,24.0,0.07891967823012867
2022-07-18,22485.689453125,22633.033203125,20781.912109375,20781.912109375,39974475562,0.07891967823012867,0.08232440893613499,0.08211740099467768,56.8539111544104,70.05904722131707,95.94438474155399,72.01015620784248,-390.86485868332966,-786.2504512190658,395.3855925357361,20934.70551769884,21325.57037638217,23299.9418359375,35453.05708984375,22274.73159039608,18710.926026791418,20492.82880859375,0.17390500827831865,1108.3709339960358,0.031908215237521916,1.4554562147251038,20.0,0.03940528200341783
2022-07-19,23389.43359375,23666.962890625,21683.40625,22467.849609375,48765202697,0.03940528200341783,0.08480567229960778,0.0401919693193753,61.24115703125927,75.68750222714705,94.05338084100123,81.22496575515912,-166.09314228675066,-662.2189894326028,496.12584714585216,21312.355990937478,21478.44913322423,23133.2026953125,35338.47203125,22828.5201088384,18485.6785239741,20657.09931640625,0.21023482137277294,1170.8841987552476,0.03261248355854321,1.6976053124869992,30.0,-0.006765243636369361
2022-07-20,23231.732421875,24196.818359375,23009.94921875,23393.19140625,42932549127,-0.006765243636369361,0.05108827525524717,-0.006742410894342465,60.092877428812436,72.8976987167431,81.42945999222037,90.47574185825853,-0.6772968004079303,-529.9106509061638,529.2333541057559,21607.644672620172,21608.32196942058,22961.9911328125,35216.19663085938,23231.48833617864,18427.410882571356,20829.449609375,0.23063871315375747,1172.0259803173726,0.03232496501322689,1.4524287392985966,31.0,-0.0028926217700481673
2022-07-21,23164.62890625,23388.322265625,22431.1484375,23233.201171875,33631012204,-0.0028926217700481673,0.04132049047704567,-0.0028884421706671937,59.580951958863835,71.58777664317125,80.13822936378037,85.20702339900066,123.57674382194455,-399.2131719605422,522.7899157824868,21847.18070856322,21723.603964741276,22829.302109375,35095.29368164062,23518.5864531104,18529.8389375146,21024.2126953125,0.23728581839871127,1156.6793980179175,0.03142229083186904,1.1322690086410634,34.0,-0.019601945764881813
2022-07-22,22714.978515625,23671.927734375,22603.416015625,23163.751953125,31421555646,-0.019601945764881813,0.04703996167176652,-0.01941107679491816,56.130342454754555,62.76997921237949,71.48589049513397,77.68452661704491,183.64894683720922,-282.6407482009919,466.2896950382011,21980.6880634958,21797.03911665859,22674.2519140625,34976.57798828125,23655.076167203937,18740.62148904606,21197.848828125,0.23183742454269454,1150.3817066416377,0.03200371608614535,1.034680241863747,33.0,-0.011044710597189035
2022-07-23,22465.478515625,22977.2109375,22002.91015625,22706.984375,24021799169,-0.011044710597189035,0.04336879717796185,-0.010983941711781742,54.252795713992825,58.1344712184382,66.68491935680878,72.76967973857438,208.7180637655547,-184.36898580768258,393.08704957323727,22055.271209977214,21846.55314621166,22529.473671875,34859.417509765626,23709.21776085754,19003.320129767457,21356.2689453125,0.22035204946803144,1137.8044976850922,0.032277754968980554,0.7811987029712231,31.0,0.006375470790258249
2022-07-24,22609.1640625,22974.001953125,22306.83984375,22465.509765625,23565495303,0.006375470790258249,0.029508481938152153,0.006395837363315726,55.18254840135323,60.113536873463495,69.44976971168391,69.20685985454222,237.44265126622122,-100.00665839290181,337.44930965912306,22140.48549498072,21903.0428437145,22384.998671875,34754.61831054687,23829.021516973728,19121.306608026272,21475.1640625,0.21921671449151264,1104.1871842343712,0.030898000999581305,0.7639114434873037,30.0,-0.056755659782032404
2022-07-25,21361.701171875,22649.12109375,21361.642578125,22607.15625,35574561406,-0.056755659782032404,0.06027041129664829,-0.05517510011323534,46.371062271743085,40.64988640209038,45.445628092355854,60.52677238694952,157.7290615799502,-48.45951439833141,206.18857597828162,22020.672522195226,21862.943460615275,22214.099453125,34645.62216796875,23813.923932765785,19253.562785984213,21533.743359375,0.21177744485359803,1117.2794221908448,0.03388406775537643,1.1368792613516758,30.0,-0.0057250438268413185
2022-07-26,21239.75390625,21361.12109375,20776.81640625,21361.12109375,28624673855,-0.0057250438268413185,0.02750995562750201,-0.005708686992848544,45.604436147647334,39.202266922606185,43.09907377306406,52.66482385903461,83.7499252621601,-22.017626466233107,105.76755172839322,21900.531196665193,21816.781271403033,22011.48109375,34544.03142578125,23808.2934383213,19328.344061678697,21568.31875,0.2077097166714769,1079.2512324361417,0.03375017504209441,0.9089303863410382,26.0,0.07659542154936112
2022-07-27,22930.548828125,22986.529296875,21070.806640625,21244.169921875,31758955233,0.07659542154936112,0.08354456191211217,0.0796052030234431,56.373749422057834,61.42400020258103,71.9078752668585,53.48419237742613,159.712875758054,14.328473978624313,145.38440177942968,22058.99544765901,21899.282571900956,21846.9825,34450.01446289063,23950.496438291088,19315.437155458912,21632.966796875,0.21425906702273192,1138.9991912799887,0.0360753919034343,0.9990265472168495,28.0,0.03905783089201425
2022-07-28,23843.88671875,24110.470703125,22722.265625,22933.640625,40212386158,0.03905783089201425,0.0582205868740923,0.0398306162434614,60.87937906846013,68.64618052573242,90.71188127310774,68.57294343767677,290.2667812305299,69.51613542900543,220.75064580152446,22333.594104749933,22043.327323519403,21719.573125,34359.675888671874,24248.986194388173,19228.224352486828,21738.6052734375,0.23096062414069576,1156.799611768918,0.03697235387154021,1.2845138772473592,32.0,-0.001647644691440151
2022-07-29,23804.6328125,24294.787109375,23481.173828125,23845.212890625,35887249746,-0.001647644691440151,0.03417877888134302,-0.0016462880701044735,60.589749533062104,68.0077585998426,87.01883610801472,83.21286421599366,386.11335531887016,132.83557940697838,253.27777591189178,22559.907752096096,22173.794396777226,21593.4258203125,34269.592744140624,24514.27282087292,19184.18030412708,21849.2265625,0.24394879615070314,1132.2863024461383,0.03691269102151385,1.1350318541316748,39.0,-0.006254683466181995
2022-07-30,23656.20703125,24572.580078125,23580.5078125,23796.818359375,28148218301,-0.006254683466181995,0.041937080797207524,-0.006235163651508224,59.438286342504114,65.32759480027758,75.85800576403278,84.52957438171842,444.96643958672576,195.26175144292787,249.70468814379788,22728.569179658232,22283.602740071507,21484.8738671875,34174.19450195313,24724.303925482916,19253.724980767085,21989.014453125,0.24878690931681896,1122.2710141017712,0.03585326786714185,0.8910256613182422,42.0,-0.013589886059606543
2022-07-31,23336.896484375,24121.642578125,23275.703125,23652.0703125,23553591896,-0.013589886059606543,0.036249012532210134,-0.013497960448739299,56.93163925194653,59.447464852962185,67.44571842272764,76.77418676492505,460.5334968597017,248.31610052628267,212.21739633341903,22822.157995768503,22361.6244989088,21384.3955859375,34071.1334765625,24787.352141812935,19527.310748812062,22157.3314453125,0.2373950764776623,1102.5330454605732,0.03424781989091707,0.7462885321464763,39.0,-0.0009730647082914476
2022-08-01,23314.19921875,23464.787109375,22890.796875,23336.71875,25849159141,-0.0009730647082914476,0.02461977050935463,-0.0009725914343493569,56.7484391145926,59.00701047267655,66.8477553357953,70.05049317418523,465.6710561905529,291.78709165913676,173.88396453141615,22897.856645457963,22432.18558926741,21315.4266015625,33974.74662109375,24684.8927180578,20028.7986881922,22356.845703125,0.20826256492948728,1064.7799875258895,0.032970682495941865,0.8189723740736929,33.0,-0.01452024708261338
2022-08-02,22978.1171875,23415.041015625,22710.083984375,23308.43359375,28389250717,-0.01452024708261338,0.03067949499506834,-0.014415336683737068,53.9786266002238,52.31150523421638,57.99362056075055,64.0956981064245,437.57945424246645,320.9455641758027,116.63389006666375,22910.204421156737,22472.62496691427,21325.241171875,33874.1387109375,24616.581252381297,20373.7144507437,22495.1478515625,0.18861253233963027,1039.0783477918974,0.03226954133518811,0.9061287783437362,31.0,-0.005744061707541017
2022-08-03,22846.5078125,23578.650390625,22747.8359375,22981.302734375,26288169966,-0.005744061707541017,0.03636505237226833,-0.0057275961266136655,52.889957522636664,49.73331209739786,54.526350562484595,59.78924215301015,400.0849503886384,336.7734414183699,63.311508970268505,22900.404942901852,22500.319992513214,21338.03546875,33772.4842578125,24540.82646330828,20677.12802887922,22608.97724609375,0.1708922253480798,1024.2023553156903,0.03226680470166741,0.8456395502241824,34.0,-0.009479525568520927
2022-08-04,22630.95703125,23198.009765625,22485.701171875,22848.21484375,25120229769,-0.009479525568520927,0.03147496558658157,-0.009434736504108754,51.073128832765455,45.452865680367395,48.84763081375156,53.78920064566224,348.95460783491944,339.20967470167983,9.744933133239613,22858.95141803234,22509.99681019742,21339.1978125,33670.0696484375,24451.27084717394,20946.14653563856,22698.70869140625,0.15441954690851742,1001.9242294895695,0.032375809287722636,0.8090911799472377,30.0,0.028675899088160428
2022-08-05,23289.314453125,23422.828125,22612.177734375,22626.833984375,28881249043,0.028675899088160428,0.03480782537659564,0.029091011085651708,56.04012708601664,58.25551192968412,66.1921622120878,56.522047862774656,357.4370727320311,342.8551543077501,14.581918424280957,22925.1611157389,22567.72404300687,21397.35109375,33575.263466796874,24429.121530206103,21178.195657293894,22803.65859375,0.14256159201590654,988.2618124278144,0.032726492546056196,0.9234204739233743,31.0,-0.014185359813054537
2022-08-06,22961.279296875,23326.5625,22961.279296875,23291.423828125,15978259885,-0.014185359813054537,0.015908660767639134,-0.014085221654344782,53.145096847968944,51.261525622274604,57.55002364375169,57.52993888986369,333.841474956469,341.05241843749394,-7.210943481024913,22930.71775899061,22596.87628403414,21447.14703125,33478.19169921875,24246.891822275073,21578.618919912427,22912.75537109375,0.11645360233404675,943.7633403347563,0.03253713871355543,0.5166125768187001,31.0,0.009303252730044901
2022-08-07,23175.890625,23359.009765625,22894.556640625,22963.505859375,15886817043,0.009303252730044901,0.020040357132985045,0.009346662498644243,54.79060348236172,55.352820864417176,63.203993349905396,62.315393068581635,328.670426236793,338.5760199973538,-9.905593760560805,22968.43666145359,22639.766235216797,21530.3119921875,33385.34951171875,24271.095957551872,21623.43490182313,22947.2654296875,0.11538024275011832,909.5268963822738,0.027554419154308635,0.5344684256962687,30.0,0.02697154534457858
2022-08-08,23809.486328125,24203.689453125,23176.546875,23179.52734375,28575544847,0.02697154534457858,0.04314005619313534,0.02733856978257987,59.331550856961854,65.36646373359486,79.89617331410274,66.88339676925328,371.41674983976554,345.1441659658361,26.27258387392942,23097.82891786458,22726.412168024814,21595.4362890625,33300.99485351562,24332.212809417302,21604.323323395198,22968.26806640625,0.11876774853616232,917.9748915067541,0.026783954238215155,0.9951422114290098,30.0,-0.02747099349637511
2022-08-09,23164.318359375,23898.615234375,22982.0,23811.484375,23555719219,-0.02747099349637511,0.03957013628264308,-0.02709709734425869,53.44488770298938,51.6141888659242,59.784328030216834,67.62816489807498,349.20839903195156,345.9570125790592,3.2513864528923477,23108.058062712335,22758.849663680383,21646.7319140625,33234.52986328125,24326.552336313467,21603.24239024903,22964.89736328125,0.11858576604913368,917.8777731402004,0.02748638907702786,0.8489711573308613,42.0,0.03325679505388167
2022-08-10,23947.642578125,24127.4140625,22771.51953125,23162.8984375,32837431722,0.03325679505388167,0.05661912344092455,0.033815983988709775,58.79090110505052,62.72316691944552,70.05396440932088,69.91148858454682,390.3165131536698,354.82891269398135,35.48760045968845,23237.224911237357,22846.908398083688,21711.4728125,33179.11682617188,24429.934527310328,21578.16156643967,23004.048046875,0.12396831005828379,949.1646844337574,0.028467288121288327,1.1851880560033945,31.0,0.00041276206736784357
2022-08-11,23957.529296875,24822.62890625,23900.99609375,23948.345703125,37127036580,0.00041276206736784357,0.038469443200063916,0.00041284726535173455,58.85512161600041,62.848766081178304,62.981328149354745,64.27320686296416,418.86435775725477,367.6360017066361,51.228356050618686,23348.040970566224,22929.17661280897,21790.8828125,33117.52044921875,24543.614583219372,21588.73658865563,23066.1755859375,0.12810437445751566,947.1981221527748,0.028028850140071025,1.3263545006012134,41.0,0.018415982056898608
2022-08-12,24402.818359375,24412.56640625,23657.265625,23957.203125,27265804688,0.018415982056898608,0.030951374965254,0.018586602023192844,61.746632569471004,68.43686955941257,82.03579251939186,71.69036169268917,471.9791542955936,388.5046322244276,83.474522071166,23510.31441499834,23038.33526070275,21857.221640625,33056.262900390626,24722.032161376777,21604.052994873226,23163.042578125,0.13461008656298665,933.491169231148,0.028044679074844068,0.9684525876874489,42.0,0.0008704221288590054
2022-08-13,24424.068359375,24860.05078125,24346.115234375,24402.1875,22987346289,0.0008704221288590054,0.021042176074557602,0.0008708010561344626,61.88429473871926,68.6989973951502,81.63781693506527,75.5516458679373,509.9097880017471,412.7856633798915,97.12412462185557,23650.89194490244,23140.982156900693,21921.0698828125,32993.61322265625,24882.9564971859,21624.6190887516,23253.78779296875,0.14012071656642214,903.5229104914231,0.028048556852569944,0.817325462567871,46.0,-0.0042973830773317305
2022-08-14,24319.333984375,24974.9140625,24206.259765625,24429.056640625,22994133555,-0.0042973830773317305,0.03160671658890227,-0.004288162539464846,60.72438798378282,65.56786649085684,73.66315751480803,79.11225565642172,525.4617042900245,435.3208715619181,90.14083272810637,23753.72918174437,23228.267477454345,21977.4098046875,32930.949287109375,24843.124992785375,21960.213874402125,23401.66943359375,0.12319254088106854,893.88943809025,0.024281602690810644,0.8362700837404038,47.0,-0.00752687118445491
2022-08-15,24136.97265625,25135.58984375,23839.775390625,24318.31640625,35123501685,-0.00752687118445491,0.0536858731863154,-0.007498615226969818,58.6626544861237,60.01167898046825,62.31474936668182,72.53857460551838,517.1107441037493,451.6788460702844,65.4318980334649,23812.689716283698,23295.57897217995,22039.603359375,32865.942978515624,24626.907055702683,22466.15368648482,23546.53037109375,0.0917652552271757,922.5983677355892,0.0243325733039169,1.2624815133419687,45.0,-0.010565706274135412
2022-08-16,23883.291015625,24228.416015625,23733.5,24126.13671875,27753685646,-0.010565706274135412,0.020722270448457647,-0.010510085263709001,55.8232611463179,52.756253751126565,52.741455087662146,62.906453989717335,484.4382570235757,458.23072826094267,26.207528762633046,23823.551454643897,23339.11319762032,22102.559609375,32796.4377734375,24645.324698953944,22543.010261983556,23594.16748046875,0.08910314121956978,892.0496282991186,0.01810620972690615,1.0048132799698462,44.0,-0.023181944883864696
2022-08-17,23335.998046875,24407.05859375,23243.353515625,23881.31640625,30931623076,-0.023181944883864696,0.04986737982183006,-0.02291530796119967,50.18023510522548,40.44788429353905,32.0880225658065,49.048075673383494,409.6607923508054,448.51674107891523,-38.85594872810981,23748.543238064067,23338.88244571326,22163.666875,32722.426865234374,24619.111249854508,22518.434843895495,23568.773046875,0.08912964632401783,911.4535890009673,0.016702399770117313,1.1390051728205857,41.0,-0.005295957030778942
2022-08-18,23212.73828125,23563.83203125,23177.6015625,23341.0390625,23747613147,-0.005295957030778942,0.016638729307605047,-0.005281958173694035,48.97936467727277,38.11156793289828,23.79954287465741,36.20967350937535,336.5732727157156,426.1280474062753,-89.55477469055973,23666.111706246516,23329.5384335308,22225.841171875,32648.902548828126,24594.60862797644,22483.748012648564,23539.1783203125,0.08967435424482782,873.937651840184,0.016728867022765805,0.8944581624026652,30.0,-0.10602664190168617
2022-08-19,20877.552734375,23213.3125,20868.84765625,23213.3125,40509610260,-0.10602664190168617,0.11229596081392366,-0.10059931398792521,32.91056251724831,16.73996207611887,0.20402165733150476,18.697195699265137,89.19277042793328,358.74099201060693,-269.54822158267365,23237.1026336509,23147.909863222965,22247.6976953125,32560.8746875,24965.759880532038,21834.731330405462,23400.24560546875,0.13380323450087372,978.9753084051708,0.028810482664841566,1.4910897017102307,33.0,0.013724431302661714
2022-08-20,21166.060546875,21350.806640625,20856.73046875,20872.841796875,27595671000,0.013724431302661714,0.02334284978448417,0.013819043648011897,35.71657891625847,22.966451002078344,7.229264881484917,10.41094313782461,-82.62543601323705,270.46770640583816,-353.0931424190752,22918.480774146916,23001.106210160153,22285.6315625,32472.988623046876,25135.94446852174,21447.46314866576,23291.70380859375,0.1583603050325185,944.3396557958729,0.02909015099660643,1.0082491421220647,29.0,0.017239723512555944
2022-08-21,21534.12109375,21668.845703125,21103.197265625,21160.392578125,23102307723,0.017239723512555944,0.026267542336063678,0.01738918520335342,39.20972337693615,30.681908631764387,15.831102769064477,7.754796435960299,-186.93828420346472,178.98650828397757,-365.9247924874423,22705.50236177816,22892.440645981624,22331.4688671875,32395.894306640625,25199.511115660753,21205.888689026746,23202.69990234375,0.17211886734916584,917.2902830604534,0.029501115356267392,0.8483343452757101,27.0,-0.006298802571622582
2022-08-22,21398.908203125,21531.462890625,20939.18359375,21531.462890625,31666498758,-0.006298802571622582,0.027678014749766822,-0.006279006699941081,38.38452707511516,29.419046343913607,12.6710809320533,11.910482860867566,-277.32073734591177,87.72505915799971,-365.04579650391145,22504.487875831517,22781.80861317743,22373.5055078125,32317.11583984375,25269.19078819136,20978.288118058637,23123.739453125,0.18556266294346438,894.265084270421,0.02940350495595535,1.1558629631726025,29.0,0.0060185938546632
2022-08-23,21528.087890625,21646.203125,20955.138671875,21401.044921875,31878280659,0.0060185938546632,0.03210059605088955,0.006036741981122917,39.690428962885235,32.51506369684016,15.690102502492268,14.730762067870016,-334.66791801482395,3.246463723434985,-337.91438173825895,22354.272493492055,22688.94041150688,22399.44203125,32217.251904296874,25311.577189793727,20804.059724268776,23057.81845703125,0.1954875945408629,879.7507534743194,0.02947507436256294,1.1518418429488744,28.0,-0.00620033327852915
2022-08-24,21395.01953125,21783.076171875,21195.005859375,21526.455078125,31962253368,-0.00620033327852915,0.027486318095716274,-0.006181150878381003,38.77867228031348,30.886830619721238,12.580199892640781,13.647127775728782,-386.39930569115677,-74.68269015948337,-311.71661553167337,22206.695114685583,22593.09442037674,22423.5401171875,32117.021181640626,25358.37018641121,20633.67297765129,22996.02158203125,0.20545715666103428,858.916436261868,0.02944607621429321,1.1407749027753018,25.0,0.009577016652955654
2022-08-25,21600.904296875,21789.63671875,21362.44140625,21395.458984375,31028679593,0.009577016652955654,0.019776732799182038,0.009623023027591993,41.0355974413199,36.61619532189862,17.391873929603026,15.220725441578692,-406.1023283427967,-140.96661779614604,-265.13571054665067,22113.49652733011,22519.598855672906,22444.59328125,32012.96353515625,25345.57928822975,20477.62286020775,22911.60107421875,0.21246688139571626,828.0792131360203,0.028670790136729067,1.1032266062483467,25.0,-0.06408571655966329
2022-08-26,20260.01953125,21804.908203125,20199.482421875,21596.0859375,42326789564,-0.06408571655966329,0.07924107766893888,-0.06207539958496022,32.605120398286346,22.46553995557997,1.2264139371587002,10.399495919800836,-523.8763891784947,-217.5485720726158,-306.3278171058789,21828.346220240863,22352.222609419357,22417.0419140625,31895.06220703125,25470.41359414267,20082.66257773233,22776.5380859375,0.23654828473414038,883.6039680013046,0.03164272166564973,1.4375930454830315,27.0,-0.010832449813926528
2022-08-27,20041.73828125,20340.775390625,19890.5234375,20262.48046875,30116729776,-0.010832449813926528,0.022465713642525316,-0.010773990107132536,31.471623854493117,20.92939638880229,2.882991978324869,7.167093281695532,-627.5921617514396,-299.55729000838056,-328.034871743059,21553.483460396114,22181.075622147553,22383.2543359375,31774.678671875,25556.268046636174,19683.392890863823,22619.83046875,0.25963391564255583,852.6502526529972,0.031441236653536424,0.9987536349550387,28.0,-0.0214299343072556
2022-08-28,19616.814453125,20139.0546875,19616.814453125,20041.03515625,24366810591,-0.0214299343072556,0.026622071367545918,-0.021201944769558057,29.333753491994457,18.11606855182758,0.0,1.3698019718278565,-735.5959680137021,-386.7650256094449,-348.8309424042572,21255.534382354403,21991.130350368105,22343.746484375,31651.068759765625,25567.323020655094,19253.07072934491,22410.196875,0.2817580017940019,829.0495370617117,0.03051648966983236,0.8137493726696288,28.0,0.034134991629983055
2022-08-29,20297.994140625,20357.462890625,19600.78515625,19615.154296875,32637854078,0.034134991629983055,0.03727844875373981,0.03472427641744291,36.751129206011676,34.566012427732986,14.50622802554604,5.79640666795697,-757.4923543386831,-460.91049135529255,-296.5818629833905,21108.220499011415,21865.712853350098,22332.4973828125,31534.7331640625,25532.432315757844,19001.329012367158,22266.8806640625,0.29331020370228694,823.8801225840895,0.03171246931512131,1.0736848554597553,24.0,-0.02500132778356697
2022-08-30,19796.80859375,20542.64453125,19617.640625,20298.611328125,34483360283,-0.02500132778356697,0.04672490022164636,-0.024691382971281484,33.929276231464,29.48200287674176,4.0784911647049835,6.194906396750341,-805.9958646934247,-529.927566022919,-276.06829867050567,20906.46482127889,21712.460685972314,22329.022421875,31421.67751953125,25398.020208446807,18720.657721240696,22059.33896484375,0.30270002640822147,831.1032499887973,0.030511212364321735,1.1313334664452546,27.0,0.012696624168793951
2022-08-31,20049.763671875,20420.990234375,19799.58203125,19799.58203125,33225232872,0.012696624168793951,0.03099329315271114,0.012777568511970205,36.57622379515259,35.10252342606567,11.329124529343348,9.97128123986479,-814.6332997398058,-586.8687127662964,-227.76458697350938,20774.664644447523,21589.29794418733,22343.5394140625,31310.703994140626,25192.785222720973,18535.116144466527,21863.95068359375,0.30450439513889965,816.3231350342403,0.030843457903644247,1.097078592092018,23.0,0.0038518173635346637
2022-09-01,20127.140625,20198.390625,19653.96875,20050.498046875,30182031010,0.0038518173635346637,0.02704914151212177,0.0038592451457939436,37.40235152149757,36.89741706806509,14.570283313166964,9.992633002405098,-805.9444300853793,-630.6838562301131,-175.26057385526622,20675.045564532516,21480.989994617896,22341.8407421875,31200.352119140625,24845.86033801834,18454.47325573166,21650.166796875,0.2952119095548593,796.901616460366,0.030332199461735043,0.9918185524182752,20.0,-0.007849479691159277
2022-09-02,19969.771484375,20401.568359375,19814.765625,20126.072265625,29123998928,-0.007849479691159277,0.029384549284108413,-0.007818752974256604,36.36489461200402,34.625160132208634,16.74073181386801,14.21337988545944,-802.506022855152,-665.0482895551208,-137.45773330003112,20566.5418598929,21369.04788274805,22329.8377734375,31087.26638671875,24434.092820931703,18420.8110853183,21427.451953125,0.2806344752875024,781.8945534542684,0.030235817061739535,0.9474968083803237,25.0,-0.006918477935497839
2022-09-03,19832.087890625,20037.009765625,19698.35546875,19969.71875,23613051457,-0.006918477935497839,0.017076078864852563,-0.006894600364241943,35.438712479627284,32.57736353798768,10.494093544502446,13.935036223845806,-801.6500528986508,-692.3686422238268,-109.28141067482397,20453.54894154399,21255.198994442642,22309.75296875,30963.550810546876,23973.464441630076,18432.714855244925,21203.0896484375,0.26131802856351455,750.2345351271778,0.03021516418567774,0.7674354358909226,21.0,0.007766470822269511
2022-09-04,19986.712890625,19999.689453125,19636.81640625,19832.470703125,25245861652,0.007766470822269511,0.01815571419176236,0.007796708085036963,37.36798100748936,37.42614122542218,17.50935524775567,14.914726868708707,-779.5090501931445,-709.7967238176903,-69.71232637545415,20381.72801063338,21161.237060826523,22285.6808984375,30843.675078125,23460.756271506783,18530.397048805717,20995.57666015625,0.2348284737545463,722.5658573948793,0.03047870328896135,0.8338876102049047,20.0,-0.008761151996171085
2022-09-05,19812.37109375,20031.16015625,19673.046875,19988.7890625,28813460025,-0.008761151996171085,0.018075235899602658,-0.008722884940063236,36.059560290017856,34.19158727818723,9.599551976010867,12.534333589422994,-767.1864244601347,-721.2746639461792,-45.91176051395553,20294.134638805164,21061.3210632653,22266.3414453125,30740.046875,22918.90698130198,18665.154346823016,20792.0306640625,0.20458572340561548,696.533530527388,0.030477847305407896,0.950064904904914,23.0,-0.0504480646723607
2022-09-06,18837.66796875,20155.26953125,18800.171875,19817.724609375,43403978910,-0.0504480646723607,0.07193553143085361,-0.04919669232863699,29.781208819880575,21.865660602557227,1.2478996376163933,9.45226895379431,-826.5431758150662,-742.3283663199567,-84.21480949510953,20070.062843412063,20896.60601922713,22193.381015625,30634.08033203125,22514.113347089748,18620.11497322275,20567.11416015625,0.18933129575420293,743.5738252218604,0.03171417416643766,1.4023221409517552,22.0,0.02374515374913594
2022-09-07,19290.32421875,19427.171875,18644.466796875,18837.68359375,35239757134,0.02374515374913594,0.04057500896559419,0.024029314602578067,35.40590253319995,34.6330349194848,20.435671441266734,10.427707684964664,-827.5191271522344,-759.3665184864122,-68.15260866582219,19950.103055002513,20777.622182154748,22111.398828125,30529.921171875,21971.969917200313,18770.01699686219,20370.99345703125,0.15718197186072624,746.3689147149418,0.03262666519783635,1.1177958888060766,24.0,0.00204607030353663
2022-09-08,19329.833984375,19417.3515625,19076.71484375,19289.94140625,32194477850,0.00204607030353663,0.01762233028102305,0.0020481649337233954,35.8886291087027,35.7029114882839,21.685805854354303,14.456458977745811,-815.7015678121024,-770.6335283515504,-45.068039460552086,19854.67704413674,20670.378611948843,22033.360859375,30434.413447265626,21938.19057974203,18649.024459320473,20293.60751953125,0.1620789264430167,717.3880435745888,0.023400897325285518,1.034847677378907,20.0,0.10086009766789074
2022-09-09,21381.15234375,21439.41015625,19310.962890625,19328.140625,48469528171,0.10086009766789074,0.09954782751675094,0.10612188190716765,54.782723225835376,67.7126882317987,97.91559953068146,46.679025608767496,-633.5091200847892,-743.2086466981982,109.69952661340903,20089.5193979234,20723.02851800819,21997.691328125,30355.942802734375,21974.244347460717,18634.479871289284,20304.362109375,0.16448507262532444,818.177988006761,0.03299151973018992,1.5074160957082425,22.0,0.01390523841339878
2022-09-10,21680.5390625,21760.275390625,21168.72265625,21376.912109375,36913738894,0.01390523841339878,0.02728496430230308,0.014002365912589188,56.78449583206804,70.23577491078399,97.44091057823825,72.34743865442466,-459.66357099547895,-686.4996315576544,226.83606056217548,20334.291654012104,20793.955225007583,21977.0025390625,30272.915361328123,22004.196959362293,18619.169056262705,20311.6830078125,0.16665423056265707,801.9904698902066,0.0329108286412958,1.1238900123993538,28.0,0.004083651963045384
2022-09-11,21769.255859375,21770.552734375,21406.9453125,21678.54296875,34493951963,0.004083651963045384,0.01670279518160063,0.004092001431295067,57.38652194162404,71.0187316804599,99.95851441624036,98.4383415083867,-311.14433852812,-611.4285729517476,300.2842344236276,20555.055377914086,20866.199716442206,21963.0780859375,30195.2787890625,22077.118791920188,18583.28198932981,20330.200390625,0.1718545186697477,770.6773950319775,0.03288249112299941,1.045715182806153,26.0,0.027242163871664303
2022-09-12,22370.44921875,22439.181640625,21603.896484375,21770.1484375,50212088965,0.027242163871664303,0.037338774384105704,0.027616624254801714,61.31900109175895,76.00826541118272,98.18873289021428,98.5293859615643,-143.27886745935393,-517.798631853269,374.519764393915,20834.34673804269,20977.625605502042,21958.3037890625,30115.46798828125,22267.09135590709,18477.545558155412,20372.31845703125,0.18601445906829342,775.2922351189791,0.033396248742676465,1.481065401523274,25.0,-0.09728219892342403
2022-09-13,20296.70703125,22673.8203125,20062.669921875,22371.48046875,51091116622,-0.09728219892342403,0.12864896687944108,-0.09270006906083372,45.66492429980015,44.89997891844582,41.00509493565045,79.71744741403504,-175.55425559682408,-449.34975660198,273.7955010051559,20751.63293699766,20927.187192594483,21937.00390625,30020.8804296875,22153.17551810595,18481.63014595655,20317.40283203125,0.18070938507755777,906.4249605122662,0.0400992581993045,1.4656454154771565,34.0,-0.0027439686753737906
2022-09-14,20241.08984375,20467.201171875,19793.396484375,20184.5546875,37872380889,-0.0027439686753737906,0.03328895295171352,-0.0027402074343571003,45.33068033872232,44.3322563560047,39.624794416365454,59.60620741407673,-203.27732102536174,-400.1352694866564,196.85794846129465,20673.08784572879,20876.365166754153,21917.030625,29926.56013671875,21988.164516664074,18510.659702085926,20249.412109375,0.17173361852654206,889.8092267256758,0.03999628170468937,1.075879872331132,27.0,-0.02703458624126178
2022-09-15,19701.2109375,20318.166015625,19636.734375,20242.2890625,36389011503,-0.02703458624126178,0.0345883125045851,-0.026672422800232853,42.108687631024225,38.77930169735765,26.22614611815927,35.61867849005839,-265.74838394202015,-373.25789237772915,107.509508435709,20523.568321385897,20789.316705327918,21852.4438671875,29836.517265625,21976.52713889622,18466.41622047878,20221.4716796875,0.17358335604936972,874.9251134327704,0.03782960911740017,1.0425330195565994,28.0,0.0036162281734326176
2022-09-16,19772.583984375,19870.62890625,19400.076171875,19704.005859375,30123362273,0.0036162281734326176,0.023798241785031614,0.003622774615297697,42.68864431581496,39.939619715593395,27.99747361767576,31.282804717400165,-305.9709009044527,-359.8004940830739,53.82959317862117,20408.032269538064,20714.003170442516,21771.0178125,29719.414013671874,21972.478313659245,18443.549616028256,20208.01396484375,0.17463015929078088,846.0413720715012,0.0377778939423873,0.863016063425066,20.0,0.017794492715736767
2022-09-17,20127.576171875,20162.53125,19777.033203125,19777.033203125,24957448100,0.017794492715736767,0.01915273074030993,0.017953757980268437,45.60735841762342,45.89052978501403,36.80762606827146,30.34374860136883,-305.67895592169225,-348.97618645079757,43.29723052910532,20364.8851775899,20670.56413351159,21697.4766796875,29598.2787109375,21977.71842417678,18489.385677385722,20233.55205078125,0.17240337920085397,813.4632216110368,0.037661738470220786,0.7144113125773974,22.0,-0.03581280604750071
2022-09-18,19419.505859375,20127.234375,19387.4921875,20127.234375,31254779144,-0.03581280604750071,0.038092739993323806,-0.035179114785287124,41.11015751238753,37.292142142151114,19.234824134803727,28.013307940250318,-358.4509446853772,-350.8711380977135,-7.579806587663654,20219.442205556836,20577.893150242213,21612.74265625,29475.755654296874,21968.98218408718,18410.273089350318,20189.62763671875,0.176264226303246,808.2218475227485,0.03769841619300139,0.8964480671069087,27.0,0.006396912022913548
2022-09-19,19544.12890625,19639.48046875,18390.318359375,19418.572265625,40177002624,0.006396912022913548,0.06391495447901653,0.006417415961943007,42.19062647572133,39.61535619830312,26.936150829422296,27.65953367749916,-385.77016924028067,-357.85094432622697,-27.9192249140537,20115.547851817322,20501.318021057603,21536.8873046875,29361.217353515625,21970.85443208658,18383.13287260092,20176.99365234375,0.17781249383844222,839.717580512195,0.0373516160736349,1.1430218044673865,21.0,-0.03400047754708742
2022-09-20,18890.7890625,19602.45703125,18813.455078125,19545.591796875,36791346508,-0.03400047754708742,0.04176649003461922,-0.033428956945789956,38.2305141467432,32.29695232485426,11.683680983497275,19.28488531590777,-454.8961569913845,-377.2599868592585,-77.63617013212598,19927.12342269158,20382.019579682965,21448.4191015625,29259.983271484376,21998.4414291211,18239.6484146289,20119.044921875,0.18682760683164165,836.095035698824,0.03792897258260126,1.0414182224697326,23.0,-0.018344813515223775
2022-09-21,18547.400390625,19674.630859375,18290.314453125,18891.283203125,46363793975,-0.018344813515223775,0.07463668099545201,-0.018177571658806957,36.301870305771814,29.010674724894017,5.864847584272542,14.828226465730703,-531.2635211397828,-408.0606937153634,-123.20282742441941,19714.858340835184,20246.121861974967,21359.804765625,29155.71734375,22040.351798015643,18039.76402229686,20040.05791015625,0.19962955165370538,875.253705023908,0.03804320827222089,1.2829932943653468,23.0,0.045641677549128984
2022-09-22,19413.55078125,19456.91015625,18415.591796875,18534.650390625,41135767926,0.045641677549128984,0.05363873776149834,0.04669928789927913,43.97878079977867,45.36891726902533,25.62415482399175,14.390894463920523,-515.9465984011767,-429.63787465252614,-86.3087237486506,19668.503331668235,20184.44993006941,21291.145625,29060.68517578125,22031.057421655147,17993.436328344855,20012.246875,0.2017575097154248,887.1154660489859,0.03961269447544449,1.1197124832697747,22.0,-0.00598857629671097
2022-09-23,19297.638671875,19464.671875,18617.552734375,19412.400390625,38896078052,-0.00598857629671097,0.04389755425670907,-0.005970680514919002,43.22794567623371,43.793360134440256,22.979876178233834,18.15629286216604,-507.3129770786145,-445.1728951377438,-62.14008194087069,19611.447230161582,20118.760207240197,21224.4792578125,28966.863173828126,22027.18579354646,17943.86303457854,19985.5244140625,0.20431401620338552,884.2585856615584,0.03960643687983814,1.0371749101291763,20.0,-0.018864440709329067
2022-09-24,18937.01171875,19310.197265625,18861.974609375,19296.990234375,26149643168,-0.018864440709329067,0.023669133383183355,-0.01868762076318642,40.88899079996072,38.891042072397774,14.752969115848428,21.119000039358003,-523.5353614532032,-460.84538840083576,-62.68997305236746,19507.687920713644,20031.223282166848,21137.433203125,28867.861884765625,22025.22432695789,17840.85438397961,19933.03935546875,0.20992132049497367,853.1131621321614,0.039730714729656835,0.6964484167938391,24.0,-0.007149858037088313
2022-09-25,18802.09765625,19134.732421875,18696.46875,18936.310546875,23359966112,-0.007149858037088313,0.02330929664804272,-0.007124358610731463,40.01665882523397,37.07940261217285,11.67520289793727,16.469349397339844,-541.0413671717142,-476.8845841550115,-64.15678301670272,19399.135572334624,19940.17693950634,21054.2495703125,28751.957744140625,22031.9267839631,17733.124583224402,19882.52568359375,0.2162100665251947,823.4810556852213,0.03971940389641084,0.6267016483520659,24.0,0.022121968157295297
2022-09-26,19222.671875,19274.873046875,18721.28515625,18803.900390625,44148798321,0.022121968157295297,0.028798696363587593,0.022368473265013344,44.025645426655714,46.19485477367194,21.26967436078517,15.899282124856958,-515.0411050033508,-484.5158883246794,-30.525216678671427,19371.98731120622,19887.02841620957,20975.1851953125,28650.883798828127,22020.07205533676,17783.47970247574,19901.77587890625,0.21287509107925168,804.2029724666342,0.03841317032149809,1.1832426842347428,21.0,-0.005850034170169328
2022-09-27,19110.546875,20338.455078125,18915.66796875,19221.83984375,58571439619,-0.005850034170169328,0.0744503607710075,-0.005832956039052206,43.19675042359734,44.203061210815505,37.679150449592036,23.541342569438157,-497.7455593728264,-487.16182253430884,-10.583736838517552,19331.765705636033,19829.51126500886,20881.20640625,28552.461669921875,22022.87844941099,17762.695574026508,19892.78701171875,0.21415716525164766,848.3875536743745,0.03805974183162887,1.5221946104179769,20.0,0.016409099157190264
2022-09-28,19426.720703125,19688.34375,18553.296875,19104.62109375,53071298734,0.016409099157190264,0.05842709597494833,0.016544467837213528,46.26880170478147,51.13449893770973,55.4847765885216,38.14453379963293,-453.30076030335476,-480.38961008811805,27.088849784763283,19346.374166788184,19799.67492709154,20806.454453125,28455.07521484375,22023.01507799043,17772.24761732207,19897.63134765625,0.21363183317641762,868.8632194833478,0.03824473874753068,1.3428249605356064,20.0,0.007504185755091534
2022-09-29,19573.05078125,19589.265625,18924.353515625,19427.779296875,41037843771,0.007504185755091534,0.03397079570303636,0.007532412719634118,47.67913755017517,54.20616795131812,62.62930935833568,51.931078798816436,-401.64046123549633,-464.63978031759376,62.99931908209743,19381.247492090002,19782.8879533255,20718.9626171875,28363.6921484375,21823.526665854588,17790.92587320791,19807.22626953125,0.20359240298324272,854.2952830470373,0.03016184744765488,1.0482062514353392,22.0,-0.007243323491751529
2022-09-30,19431.7890625,20109.849609375,19265.662109375,19573.431640625,43975248085,-0.007243323491751529,0.04344363235339643,-0.0072171538473359,46.41263006100994,50.62230304249496,55.73223808179675,57.948774676218015,-367.8575097722387,-445.2833262085228,77.4258164362841,19389.023118306926,19756.880628079165,20628.4478125,28262.51732421875,21522.691660226847,17866.885878835652,19694.78876953125,0.18562300028558293,853.5732985436774,0.029854815576742647,1.113195447853354,21.0,-0.006178716506548767
2022-10-01,19312.095703125,19471.154296875,19231.08203125,19431.10546875,18719537670,-0.006178716506548767,0.012431186615658318,-0.0061596674907298254,45.31427029560027,47.51672945016064,49.88823704427033,56.08326149480092,-346.74546524521793,-425.57575401586183,78.8302887706439,19377.188131355862,19723.93359660108,20526.633359375,28162.383876953125,21137.006054707843,18006.85546872966,19571.93076171875,0.15993059775689203,809.7517961923432,0.02976994864202783,0.48352285112398835,20.0,-0.013973887936277964
2022-10-02,19044.107421875,19370.30859375,18970.62109375,19311.849609375,20765955327,-0.013973887936277964,0.0209874630060582,-0.013876706359042923,42.86817239219859,40.95394415615188,36.80377018789908,47.47474843798872,-347.6311568950405,-409.9868345916976,62.3556776966571,19325.944945281884,19673.576102176925,20419.034140625,28051.884765625,20315.665077003552,18495.562266746445,19405.613671875,0.09379259223814312,780.4614893214615,0.02875789165701138,0.5575862154962761,24.0,0.0299741763073446
2022-10-03,19623.580078125,19653.54296875,19025.2265625,19044.068359375,30484729489,0.0299741763073446,0.03201843923221754,0.030427924155919772,49.247802819894495,56.210996898165035,65.09639078127265,50.59613267114736,-298.1377272686077,-387.61701312707964,89.47928585847194,19371.734965719286,19669.872692987894,20325.1190625,27945.245771484377,20193.14850588871,18550.766142548793,19371.95732421875,0.08478143616838422,769.5939833877857,0.021009820980758112,0.8418342228186844,24.0,0.035702295702777984
2022-10-04,20336.84375,20380.34375,19523.83984375,19623.583984375,35887278685,0.035702295702777984,0.042115871901213776,0.036347275524413414,55.79152402439834,68.06192648715967,97.91868946215055,66.60628347710743,-199.06471624626283,-349.9065537509163,150.84183750465348,19520.21324022401,19719.277956470272,20249.116484375,27837.924208984376,20218.995673657984,18534.494365404513,19376.74501953125,0.08693417323474807,775.801835020801,0.022606152538764034,0.993749130051607,20.0,-0.00869820607502516
2022-10-05,20160.716796875,20343.748046875,19801.80078125,20335.900390625,33223790572,-0.00869820607502516,0.026881349065376692,-0.008660486125090072,53.94201067418964,63.13916598491771,88.82164474881033,83.94557499741119,-133.22488089404214,-306.5702191795415,173.34533828549934,19618.752248939545,19751.977129833587,20174.665,27727.77453125,20299.243203358565,18500.19742164144,19399.7203125,0.09273565560416511,759.0979372068152,0.021799383659947172,0.9240444051202934,25.0,-0.010234041758595132
2022-10-06,19955.443359375,20408.392578125,19900.087890625,20161.0390625,34711412966,-0.010234041758595132,0.025471981671667553,-0.01018185214187517,51.78722775128662,57.48566168361525,75.58351205347601,87.44128208814563,-96.49782107797728,-264.55573955922864,168.05791848125136,19670.550881314233,19767.04870239221,20107.05390625,27621.312626953124,20326.886817480456,18490.839745019544,19408.86328125,0.09459838249438497,741.1841336563284,0.021936570611878276,0.9592986251401953,26.0,-0.02068782806747579
2022-10-07,19546.849609375,20041.0859375,19395.79296875,19957.55859375,29227315390,-0.02068782806747579,0.03301263281017451,-0.02047530303595302,47.70251675362461,47.590084780058575,53.55803114099782,72.65439598109472,-99.21774206450573,-231.48814006028408,132.27039799577835,19651.519916400506,19750.737658465012,20033.7361328125,27513.65689453125,20239.997390415734,18519.656515834267,19379.826953125,0.08876967161484697,734.3347647344478,0.02202363881327372,0.8030000382046437,23.0,-0.0066873874171619555
2022-10-08,19416.568359375,19601.6953125,19299.4140625,19546.328125,16437423167,-0.0066873874171619555,0.015568211869634935,-0.006665076603316944,46.44460880427838,44.726044866972266,46.53514548714531,58.55889622720639,-110.61085403897232,-207.31268285602175,96.70182881704943,19615.373523011967,19725.98437705094,20004.5164453125,27398.945693359376,20239.82436716392,18519.535789086076,19379.680078125,0.08876764586117382,703.473799396273,0.020546214709899403,0.4609900711680578,24.0,0.0015365479891413887
2022-10-09,19446.42578125,19542.5390625,19349.259765625,19417.478515625,16837262532,0.0015365479891413887,0.009939065360862224,0.0015377290838616275,46.79090562731876,45.6013666850992,48.14462697237023,49.41260120017112,-115.89477017664103,-189.02910032014563,73.1343301435046,19589.381562740895,19705.276332917536,19970.12375,27281.713037109374,20232.253406772503,18517.336436977497,19374.794921875,0.08851278048155176,667.0313349304678,0.020495156876556262,0.48818097637415103,22.0,-0.01580535214708789
2022-10-10,19141.484375,19515.466796875,19102.978515625,19446.416015625,27425022774,-0.01580535214708789,0.021549440637359137,-0.01568110303046133,43.68407730346097,38.36257826044496,31.706585218712394,42.12878589274264,-143.03966257593493,-179.8312127713035,36.791550195368586,19520.47430308845,19663.513965664384,19922.271015625,27157.615791015625,20223.177161504904,18551.4822134951,19387.3296875,0.08622615775124676,648.8496882390058,0.019286373632053686,0.8061090381331136,22.0,-0.004716403712704758
2022-10-11,19051.41796875,19241.9609375,18925.603515625,19139.0,28711532910,-0.004716403712704758,0.016605452801146895,-0.00470529894576166,42.780566285906595,36.373002843517654,26.8515038286645,35.567572006582374,-169.8617313352006,-177.83731648408292,7.975585148882317,19448.3117901133,19618.1735214485,19875.3212109375,27031.129228515623,20172.51198355979,18652.54914925271,19412.53056640625,0.0782980265817278,625.1002406415768,0.01881457799866497,0.8664005526110309,24.0,0.005549896374470987
2022-10-12,19157.4453125,19203.19921875,19029.7578125,19052.646484375,24950173846,0.005549896374470987,0.009053472601424136,0.005565325579645286,44.24258406708335,40.603717360594274,15.70658096306006,24.754890003478987,-180.4824047211223,-178.3663341314908,-2.116070589631505,19403.563101249714,19584.045505970837,19827.908359375,26904.412314453126,20167.793872909297,18631.656713028202,19399.72529296875,0.07918344907893378,592.8388953278927,0.01572885931948933,0.7717442667674376,20.0,0.011700026522297709
2022-10-13,19382.904296875,19453.328125,18319.822265625,19156.966796875,44219840004,0.011700026522297709,0.058479670642430454,0.011768739552548313,47.324710020884005,49.01415124629332,50.89998765602966,31.152690815918078,-168.7613334953203,-176.4453340042567,7.684000508936407,19400.384823653603,19569.146157148924,19787.6660546875,26767.224375,20170.68857732588,18637.28857111162,19403.98857421875,0.07902499016370385,631.4579641884003,0.01590997171568617,1.3566126012518451,20.0,-0.010228526229371489
2022-10-14,19185.65625,19889.146484375,19115.408203125,19382.533203125,38452356727,-0.010228526229371489,0.040328997411803416,-0.010176392755898878,44.98201118278295,42.8247837545818,41.455821678256285,36.020796765782,-173.38983888399162,-175.8342349802037,2.444396096212074,19367.349658476123,19540.739497360115,19739.36109375,26627.51263671875,20160.148558624343,18672.693042938154,19416.42080078125,0.07660812108204514,641.6208439785145,0.015476019046643414,1.1578229919399503,24.0,-0.006170546675591737
2022-10-15,19067.634765625,19212.541015625,19019.25,19185.4375,16192235532,-0.006170546675591737,0.010137125972932086,-0.0061515479500473536,43.5915345257632,39.3556061120358,35.80499519333276,42.720268175872896,-184.45502745620252,-177.55839347540348,-6.896633980799038,19321.23967496057,19505.69470241677,19715.5133984375,26485.522158203126,20137.707283800646,18721.68802869935,19429.69765625,0.07287911938484543,609.5972848104063,0.015451564208706818,0.4928764418440709,24.0,0.010458171486817167
2022-10-16,19268.09375,19389.603515625,19068.9140625,19068.9140625,17988916650,0.010458171486817167,0.016643548515275414,0.010513049302600663,46.61031365791116,47.74399918309526,45.40289971085185,40.8879055274803,-175.03125305459253,-177.0529653912413,2.0217123366487613,19313.06337881279,19488.09463186738,19700.0405078125,26346.549306640623,20137.59487686871,18726.34262313129,19431.96875,0.07262528423618513,589.0523894668058,0.014807204508933658,0.5702705425625151,24.0,0.014563494131467007
2022-10-17,19550.7578125,19635.802734375,19173.333984375,19268.5625,27472552998,0.014563494131467007,0.02365477361211622,0.014670058500208416,50.623053784166636,57.43071082626397,58.936753984671036,46.71488296295188,-143.10459572507534,-170.26329145800813,27.158695732932784,19349.631753226204,19492.73634895128,19698.719375,26216.609716796876,20145.44884656826,18762.509747181743,19453.979296875,0.07108772340518864,580.0107009334625,0.015075305299802538,0.916069752993739,20.0,-0.011127327349328565
2022-10-18,19334.416015625,19666.994140625,19144.76953125,19550.466796875,30580012344,-0.011127327349328565,0.027010105138576056,-0.011065647631146036,47.66992329189033,49.274651293064984,48.57838608198641,50.972679925836424,-133.71804633471038,-162.95424243334858,29.236196098638203,19347.290870518325,19481.008916853036,19679.4478125,26081.87357421875,20142.729338568584,18755.998786431417,19449.3640625,0.07129953183461148,575.883122965001,0.014863215749176957,1.0594141334025367,22.0,-0.010130621895940859
2022-10-19,19139.53515625,19348.416015625,19127.6875,19335.02734375,22425387184,-0.010130621895940859,0.011532595427372293,-0.010079479991405349,45.116720790510946,42.87551848504151,39.247560195558414,48.92090008740528,-140.38611127719196,-158.44061620211727,18.05450492492531,19315.328452938582,19455.714564215774,19666.30234375,25948.22650390625,20131.261417062527,18724.115145437474,19427.68828125,0.07242993871705852,550.5149367264295,0.014902766992029595,0.8027875233415169,23.0,-0.004492679159130498
2022-10-20,19053.740234375,19315.19921875,18971.458984375,19138.0859375,24493974420,-0.004492679159130498,0.01804056474722247,-0.004482602172654282,43.99943321173207,40.19447932203209,42.63832327039886,43.488089849314555,-150.8545763101647,-156.92340822372677,6.0688319135620645,19275.08411162111,19425.938687931273,19646.381875,25811.227373046873,20130.970036114737,18686.60164357276,19408.78583984375,0.07441827657126662,535.7453151298988,0.014855900329353564,0.9085189005188531,23.0,0.00621191065339352
2022-10-21,19172.46875,19237.384765625,18770.970703125,19053.203125,32459287866,0.00621191065339352,0.024327282447650356,0.006231244583192241,45.9926673256369,45.678576706700994,54.33207964216285,45.40598770270671,-147.86600406323123,-155.11192739162766,7.2459233283964295,19259.297132910167,19407.1631369734,19627.2884375,25673.976337890625,20130.26479540648,18673.34418896852,19401.8044921875,0.07509201564342212,530.7930827991918,0.014886122808561452,1.174048127003637,23.0,0.0018613913940529582
2022-10-22,19208.189453125,19248.068359375,19132.244140625,19172.380859375,16104440957,0.0018613913940529582,0.006029939418946976,0.0018631248583989013,46.60839476959485,47.37247971822821,56.60826340955875,51.19288877404015,-140.98993263400553,-152.28752844010324,11.297595806097718,19251.434412943217,19392.424345577223,19612.056796875,25542.23732421875,20125.755128554258,18694.262058945744,19410.00859375,0.07375025429249181,501.1524496528209,0.014541201644727034,0.5874478606328821,20.0,0.01850815095417208
2022-10-23,19567.0078125,19646.65234375,19124.197265625,19207.734375,22128794335,0.01850815095417208,0.02670081614580027,0.018680488353712166,52.47031686053334,61.4575297102143,79.4727776436414,63.47104023178766,-105.37228751698422,-142.90448025547943,37.53219273849521,19299.984166721184,19405.35645423817,19606.7551953125,25424.038671875,20119.969074817083,18694.390886120418,19407.17998046875,0.07345622548620444,502.67406597226227,0.013504088993841057,0.8196927317837417,23.0,-0.011381303255268389
2022-10-24,19345.572265625,19589.125,19206.32421875,19567.76953125,30202235805,-0.011381303255268389,0.019787513958953583,-0.011316781236911488,48.902094650846394,51.52839173180399,65.36252915392025,67.1478567357068,-93.93027542368145,-133.10963928911985,39.179363865438404,19306.997720398696,19400.927995822378,19593.9323828125,25303.247294921875,19928.708569297643,18786.524243202355,19357.61640625,0.059004388873338295,494.11168849210065,0.010749030926188778,1.1306533179109106,22.0,0.038050125599863024
2022-10-25,20095.857421875,20348.412109375,19261.447265625,19344.96484375,47761524910,0.038050125599863024,0.05408900058012967,0.03878330120960949,59.060854194665524,70.4197740713502,87.55023405652402,77.46184695136189,-24.043498209000973,-111.29641107309608,87.25291286409511,19428.360751395052,19452.404249604053,19599.602109375,25192.28826171875,19907.645615776648,18801.10125922335,19354.3734375,0.057172832803221496,536.4583424390935,0.013939302582124714,1.7406383857666947,20.0,0.033017194358947406
2022-10-26,20770.44140625,20938.134765625,20076.1171875,20092.236328125,58895950537,0.033017194358947406,0.041502130901542214,0.03356831063305088,65.66949477947463,79.00355377796521,93.59536497744253,82.16937606262893,84.79806671798724,-72.07751551487942,156.87558223286666,19634.834698295814,19550.036631577826,19638.257578125,25082.22978515625,20187.75223997183,18602.494439715672,19395.12333984375,0.08173486564014436,559.7125735595154,0.015555641845484296,2.0558262017574127,33.0,-0.023607984321621485
2022-10-27,20285.8359375,20854.044921875,20255.373046875,20772.802734375,49625110402,-0.023607984321621485,0.029511816858052514,-0.0233314959115013,58.37885117658728,63.548187004715864,69.90081003038966,83.68213635478538,130.44845122809784,-31.57232216628397,162.02077339438182,19734.988735096456,19604.54028386836,19658.1678125,24972.62060546875,20313.474482625577,18550.67082987442,19432.07265625,0.09071619296278112,562.4953808052643,0.015791728803220172,1.672669976593032,32.0,0.015142492579417856
2022-10-28,20595.3515625,20724.98046875,20086.068359375,20287.95703125,43994715910,0.015142492579417856,0.031022151160475003,0.015257721000682789,61.33166848163039,68.18580231010546,84.18286787528343,82.55968096103854,189.4185350895459,12.625849284882001,176.7926858046639,19867.352247004692,19677.933711915146,19683.4781640625,24877.9878515625,20507.657953092657,18474.365679719846,19491.01181640625,0.10431948287370696,567.9537185602454,0.015924053315298486,1.417078585660724,30.0,0.010775490653264773
2022-10-29,20818.4765625,20988.39453125,20566.484375,20595.103515625,40369840645,0.010775490653264773,0.020266139790938414,0.01083375534148523,63.35023932453875,71.26091457497733,92.3371451774432,82.14027436103876,251.26069725917478,60.35281887974056,190.9078783794342,20013.679064773198,19762.418367514023,19672.2246484375,24781.44431640625,20728.707628605767,18390.521082331736,19559.61435546875,0.11954154636082018,557.522035538085,0.0160147353762441,1.2528387281632116,34.0,-0.008822978719624204
2022-10-30,20635.603515625,20917.005859375,20547.462890625,20817.982421875,31486345556,-0.008822978719624204,0.0179080281548435,-0.008784170461560437,60.55988253888134,65.23187519964783,84.09005030295397,86.8700211185602,282.2610006640534,104.73445523660314,177.5265454274503,20109.35974951963,19827.098748855577,19651.3259375,24678.788681640624,20875.7062958556,18392.9343291444,19634.3203125,0.12645061948645966,544.0949593389361,0.015645677405526835,0.9710287167328595,34.0,-0.006799218852899474
2022-10-31,20495.7734375,20795.3203125,20287.458984375,20633.6953125,45668466815,-0.006799218852899474,0.0247788320686544,-0.006776156462742766,58.440256840333674,60.65409883916317,77.78408044949401,84.7370919766304,292.1778019352387,142.22312457633026,149.9546773589084,20168.80800920892,19876.63020727368,19625.8562890625,24581.589970703124,20971.703214019693,18441.372957855307,19706.5380859375,0.12840054631259762,541.5068428236549,0.015711845427830436,1.3725132116337324,31.0,-0.0005124320157945651
2022-11-01,20485.2734375,20647.2890625,20359.845703125,20494.8984375,39819303159,-0.0005124320157945651,0.014031707228706598,-0.0005123007449325812,58.27531449700277,60.283479134136655,77.3105579831607,79.72822957853622,295.78010718262885,172.93452109759,122.84558608503886,20217.494998176775,19921.714890994146,19588.1527734375,24481.249013671873,21055.11383962205,18490.745144752953,19772.9294921875,0.12969088348200025,523.359451148751,0.015731806646432603,1.1705684656503992,30.0,-0.01603042401585493
2022-11-02,20159.50390625,20742.810546875,20087.134765625,20482.958984375,55552169483,-0.01603042401585493,0.032524400615172006,-0.015902620594443806,53.25335859618676,49.36513797903169,62.61920637423248,72.57128160229573,269.2443996022921,192.1964967985304,77.0479028037617,20208.5732917265,19939.32889212421,19585.4087109375,24379.924111328124,21091.380375970653,18532.138569341845,19811.75947265625,0.12917791628557862,532.8106175845545,0.016173036671669836,1.6063116388187444,30.0,0.002501116490787244
2022-11-03,20209.98828125,20382.095703125,20086.240234375,20162.689453125,43228750179,0.002501116490787244,0.014639071761584473,0.0025042468919260763,53.916137001960266,50.970629367999194,64.8959193038797,68.27522788709096,249.41324665926368,203.63984677067708,45.773399888586596,20208.790982422423,19959.37773576316,19584.7866796875,24282.389287109374,21120.057329671785,18605.894818765715,19862.97607421875,0.12657531789354262,515.8852498106578,0.015916390462669308,1.2414028058096263,30.0,0.04533199824767065
2022-11-04,21147.23046875,21209.560546875,20188.01953125,20208.76953125,64072727950,0.04533199824767065,0.04830613716224291,0.0463751969796804,64.09414408057643,70.93267518370764,97.01106859004258,74.84206475605158,305.7994609157613,224.07176959969394,81.72769131606736,20353.166288011278,20047.366827095517,19613.7070703125,24183.994365234375,21286.18078730435,18647.73093144565,19966.955859375,0.13214081677953327,552.0035187973965,0.01839579697896422,1.721620362253417,30.0,0.006385182519711849
2022-11-05,21282.69140625,21446.88671875,21097.634765625,21144.83203125,37846047609,0.006385182519711849,0.016410140355765185,0.006405611254872046,65.28743811657934,72.80002736891518,92.93081077717524,84.94593289036584,357.2978008783648,250.71697585542813,106.58082502293666,20496.170152355695,20138.87235147733,19643.90921875,24082.894072265626,21463.50762537408,18671.863859000918,20067.6857421875,0.13911139541638332,537.521264106511,0.018356744794927733,0.9904909651602054,38.0,-0.01687848726805324
2022-11-06,20926.486328125,21345.376953125,20920.19140625,21285.056640625,35082693210,-0.01687848726805324,0.02031805723178452,-0.01673684363155281,59.67152906545177,60.814408193452316,76.7736722084298,88.90518385854921,365.15851341027883,273.6052833663983,91.55323004388055,20562.372640935588,20197.21412752531,19659.887421875,23980.654609375,21558.95493850714,18713.98939743036,20136.47216796875,0.14128420893915522,529.4972843042602,0.018832306905462986,0.9091161999172893,40.0,-0.015587859865227252
2022-11-07,20602.81640625,21053.24609375,20489.97265625,20924.62109375,53510852236,-0.015587859865227252,0.02733963291199,-0.015466997985227438,55.03870738666784,51.77751479144161,61.37754760064168,77.0273435287489,341.33601791209367,287.1514302755374,54.18458763655627,20568.594758676267,20227.258740764173,19683.5536328125,23881.031875,21586.328414804488,18813.455960195515,20199.8921875,0.1372716462479373,531.9098666753845,0.019038688258175417,1.3466446519069721,33.0,-0.10542864681146098
2022-11-08,18541.271484375,20664.607421875,17603.544921875,20600.671875,118992465607,-0.10542864681146098,0.16509452992906135,-0.10006131594948431,35.91335232023408,24.60668108231262,24.398729336601296,54.18331638189091,154.32807447576852,260.5867591155836,-106.2586846398151,20256.698870322223,20102.370795846455,19663.496484375,23775.036630859377,21667.964096887543,18671.993910924957,20169.97900390625,0.14853610831138528,712.5636261985712,0.030822906334249365,2.67010075171716,31.0,-0.15488954817014716
2022-11-09,15880.7802734375,18590.458984375,15682.6923828125,18543.76171875,102905151606,-0.15488954817014716,0.18309973134167007,-0.14349022466876316,24.217637605800718,13.746043906401752,3.4365234598354775,29.73760013235948,-206.1797621314763,167.23345486617166,-373.41321699764796,19583.48062464765,19789.660386779127,19603.29630859375,23657.006879882814,22372.163473745895,17650.498537972853,20011.331005859374,0.23594956949093118,869.3638387245662,0.04611940558054265,2.122397072407365,29.0,0.1020374090112842
2022-11-10,17586.771484375,18054.3125,15834.0185546875,15883.158203125,83202283721,0.1020374090112842,0.1262479555889564,0.10742489862358795,38.13129983675217,35.1566684364134,33.032874858005925,20.28937588481423,-350.188827978247,63.748998297287926,-413.9378262755349,19276.294603067243,19626.48343104549,19584.08373046875,23547.594272460938,22497.849210046108,17366.243075110142,19932.046142578125,0.2574550599686809,965.85884633799,0.05235124725815696,1.630698109050079,22.0,-0.03191845360130116
2022-11-11,17034.29296875,17650.943359375,16543.482421875,17583.251953125,55871616488,-0.03191845360130116,0.06501361339338682,-0.03141443647663533,35.83661231901455,32.14219641637055,23.44821335239859,19.97253722341333,-503.09804801656355,-49.620410965482364,-453.47763705108116,18931.371274710742,19434.469322727306,19536.49857421875,23430.474194335937,22671.278303324645,16975.424333394105,19823.351318359375,0.287330526430984,975.9732814209908,0.05268529303453269,1.0539656326070836,25.0,-0.013898139747380939
2022-11-12,16799.185546875,17066.67578125,16651.775390625,17036.875,29717699419,-0.013898139747380939,0.02469764914896009,-0.013802006476365758,34.87480223693069,30.829779854694664,19.36945736026978,25.28351519022476,-635.9204159110632,-166.88041195459854,-469.0400039564646,18603.34270119755,19239.263117108614,19486.52951171875,23323.88281738281,22823.439619513854,16546.480790642396,19684.960205078125,0.31887079087171294,935.8966463641343,0.05238919843728801,0.5566123579718809,21.0,-0.026896704984698754
2022-11-13,16353.365234375,16920.765625,16320.634765625,16799.72265625,27209183682,-0.026896704984698754,0.03669769804404029,-0.026538209918333333,33.0627150598483,28.27561721725243,11.635153370543334,18.150941361070565,-768.300581886404,-287.1644459409597,-481.13613594544427,18257.192321686387,19025.49290357279,19434.85658203125,23209.444038085938,22993.295512535144,16077.404194496106,19535.349853515625,0.3540193224025849,911.9133758649104,0.052562325968442375,0.5110603694674332,22.0,0.016064732404599078
2022-11-14,16618.19921875,17109.32421875,15872.94140625,16352.0283203125,49630243054,0.016064732404599078,0.07439932547595245,0.016194463988263186,35.21615421352979,32.170186203584265,16.229619985311395,15.7447435720415,-842.1353162259293,-398.1586199979537,-443.9766962279756,18005.03953661925,18847.17485284518,19391.17861328125,23093.665893554688,23032.37513252721,15690.558754191537,19361.466943359374,0.3791973201107977,935.0897641959883,0.05176355125535585,0.9305540144417915,24.0,0.01590431717951544
2022-11-15,16884.61328125,17051.962890625,16542.55078125,16617.484375,36599436183,0.01590431717951544,0.030170197024334055,0.016031463998783302,37.39798438338314,36.233808026964674,20.851498551046287,16.238757302300336,-869.1336550534652,-492.353627009056,-376.78002804440916,17832.666266562443,18701.799921615908,19344.41744140625,22985.03983886719,22929.420789138345,15404.930285080405,19167.175537109375,0.3925716905701547,904.6842174230605,0.05116168303156571,0.7008800887887384,22.0,-0.012825680370738035
2022-11-16,16669.439453125,16960.294921875,16430.111328125,16884.341796875,33925512989,-0.012825680370738035,0.031805724196119094,-0.0127437818409466,36.333644909642935,34.2976697778071,17.118560076306196,18.06655953755462,-897.5464064633161,-573.392182899908,-324.1542235634081,17653.708295264376,18551.254701727692,19295.59529296875,22879.81266113281,22862.07022661061,15110.64119917064,18986.355712890625,0.4082631308849439,877.9341728749848,0.05107142496265285,0.6595895987175843,23.0,0.0010839194206494296
2022-11-17,16687.517578125,16726.439453125,16460.68359375,16670.42578125,27868914022,0.0010839194206494296,0.01592542798117371,0.0010845070736082985,36.497165973123785,34.63999993367791,17.43218803446316,18.467415553938544,-908.1365304287174,-640.3410524056699,-267.7954780230475,17505.063569550628,18413.200099979345,19240.81123046875,22770.90478027344,22716.21676381727,14865.71126352648,18790.964013671874,0.41778088099040267,834.2071504821288,0.050805864717093786,0.5504646081126588,20.0,0.0006146278457023498
2022-11-18,16697.77734375,16947.05859375,16564.611328125,16687.912109375,26862218609,0.0006146278457023498,0.022904082247099222,0.0006148167681003791,36.5966937627943,34.86470435531665,17.610179355141476,17.386975821970275,-905.266059007834,-693.3260537261027,-211.94000528173126,17380.865688658225,18286.13174766606,19183.30576171875,22661.747026367186,22495.41907214456,14674.439033324194,18584.929052734376,0.42082377697695195,801.9385872780482,0.05063221217368412,0.5377541192166496,23.0,0.0008242927596795972
2022-11-19,16711.546875,16797.876953125,16570.41015625,16696.220703125,16106223492,0.0008242927596795972,0.013611354985652697,0.0008246325823211276,36.73999399037514,35.213453307663215,18.169023533138837,17.737130307581154,-891.6022676922403,-732.9812965193303,-158.62097117291,17277.893563480036,18169.495831172277,19128.90091796875,22556.552495117186,22261.555805507836,14515.896635898413,18388.726220703124,0.42121781991016316,760.9048879635448,0.050700235440256924,0.3274714367170521,23.0,-0.02543603029442077
2022-11-20,16291.83203125,16746.779296875,16248.6923828125,16712.919921875,21313378652,-0.02543603029442077,0.030572799492844024,-0.025115259939095247,34.20245833343954,29.58106823694773,11.342213135247961,15.707138674509423,-904.2178344798267,-767.2286041114296,-136.9892303683971,17126.191789290802,18030.40962377063,19068.49564453125,22439.519799804686,22027.36549571074,14329.692805070514,18178.529150390626,0.42344859845136673,742.1321755420415,0.05079892012119514,0.44434491435570644,24.0,-0.03145906258707414
2022-11-21,15787.2841796875,16291.2236328125,15599.046875,16291.2236328125,37429485518,-0.03145906258707414,0.04384394110692452,-0.030969374751391165,31.395279134624587,24.161115243007146,3.7160212171114146,11.075752628499401,-944.0461802701902,-802.5921193431817,-141.45406092700853,16920.206003197985,17864.252183468176,19003.3591796875,22335.580517578124,21774.06397660512,14113.19539839488,17943.6296875,0.42694085375307317,738.6073884497529,0.05091851383141672,0.7822850315063252,21.0,0.02517471508039186
2022-11-22,16189.76953125,16253.0478515625,15656.6064453125,15782.30078125,30726828760,0.02517471508039186,0.03684063600156445,0.025494274188105903,35.91393066742572,35.20925474781656,19.74728438113532,11.60183957783156,-932.3852700921816,-828.5507494929817,-103.83452059919989,16807.831161359834,17740.216431452016,18934.68296875,22236.324755859376,21506.502338970273,13983.783598529722,17745.14296875,0.42393114294364376,728.4526754354848,0.05161930707268701,0.6593020553854837,22.0,0.025667956985737504
2022-11-23,16610.70703125,16638.193359375,16170.5029296875,16195.5888671875,32958875628,0.025667956985737504,0.028155961622080637,0.02600021570334854,40.3397353763089,44.98772932311785,41.203694864990425,21.555666821079047,-879.0446963619179,-838.6495388667689,-40.395157495148965,16777.50437211217,17656.549068474087,18860.160234375,22141.868525390626,21179.120321536862,13951.237490963136,17565.17890625,0.4114892805334262,709.8268007392002,0.052194120431373746,0.7150734928824871,22.0,-0.00037586363225689277
2022-11-24,16604.46484375,16771.474609375,16501.767578125,16611.63671875,26129037414,-0.00037586363225689277,0.01624304268689027,-0.0003757930043709612,40.2952940699705,44.87056761874323,48.999448871137695,36.65014270575447,-827.733997469415,-836.4664305872982,8.732433117883147,16750.882906210296,17578.61690367971,18789.0351953125,22054.594521484374,20574.177362003593,14101.903887996412,17338.040625,0.3732990142308644,678.3896743471144,0.05062999053185627,0.5912295006129149,20.0,-0.004988374895103048
2022-11-25,16521.841796875,16603.31640625,16388.404296875,16602.26953125,18678255976,-0.004988374895103048,0.013007757368530744,-0.004975953615638518,39.67229107679007,43.13580252067972,61.1010239737631,50.43472256996373,-784.6914536722143,-826.1114352042814,41.41998153206714,16715.645812466406,17500.33726613862,18720.3631640625,21985.71896484375,19795.755225344878,14404.241063717625,17099.99814453125,0.31529326003766334,645.3661652419634,0.050475170160883764,0.4320068526351265,20.0,-0.0034899891216231276
2022-11-26,16464.28125,16666.86328125,16416.228515625,16521.576171875,18000008764,-0.0034899891216231276,0.01522294000079718,-0.0034839061881034583,39.217383875974654,41.82163533703297,57.289767245771806,55.796746696890864,-746.6180347365516,-810.2127551107355,63.59472037418391,16676.974341317728,17423.59237605428,18658.711796875,21912.92583984375,18931.253565797375,14822.522215452624,16876.887890625,0.24345313999668888,617.1710652693231,0.05050505899200357,0.4247099760290595,22.0,-0.0011944668045808346
2022-11-27,16444.626953125,16594.40625,16437.025390625,16463.8828125,20443898509,-0.0011944668045808346,0.009570351448142316,-0.0011937537130568554,39.05271782258388,41.32015481902348,55.98839720560431,58.126396141713066,-709.8478295121822,-790.1397699910249,80.29194047884266,16641.228589288075,17351.076418800258,18599.27296875,21850.467197265625,17812.82026671968,15525.136569217819,16668.97841796875,0.13724198568976445,584.3289077054429,0.05055363559335129,0.5019551539211089,26.0,-0.013918848240971523
2022-11-28,16217.322265625,16482.93359375,16054.5302734375,16440.22265625,27743025156,-0.013918848240971523,0.02641640298537841,-0.013822428939733733,37.11194485164764,35.56595203087814,42.55410388321977,51.94408944486529,-691.0823978747176,-770.3282955677635,79.24589769304589,16576.012231801447,17267.094629676165,18534.6908984375,21786.315048828124,17323.539781780037,15782.022132282462,16552.78095703125,0.09312741185297767,573.1913657488042,0.04546858957350598,0.7671010383225892,28.0,0.01394046411034608
2022-11-29,16444.982421875,16522.2578125,16139.396484375,16217.6396484375,23581685468,0.01394046411034608,0.023281346145783685,0.014038085481754337,40.31141509654572,44.58348718248683,62.14411464662914,53.56220524515107,-650.3436295932297,-746.3313623728568,95.9877327796271,16555.853799505072,17206.1974290983,18480.760859375,21722.124443359375,17290.140587735328,15871.841541170923,16580.991064453126,0.08553765218564054,559.5963630613895,0.02930762766907405,0.7323529691173035,26.0,0.043059766583943886
2022-11-30,17168.56640625,17190.9375,16445.4765625,16445.4765625,29523576583,0.043059766583943886,0.04342010391902171,0.044000289316970864,49.1639614824739,63.51643972530564,98.59468399407152,67.7643008413068,-553.2926684585218,-707.7236235899899,154.43095513146807,16650.11727746583,17203.40994592435,18443.103828125,21657.460947265627,17166.60714743225,15953.554473661501,16560.080810546875,0.0732516155958715,572.9076998516474,0.020254034148313334,1.0002582116907155,29.0,-0.011802068595367332
2022-12-01,16967.1328125,17197.498046875,16888.388671875,17168.001953125,22895392882,-0.011802068595367332,0.018218126681502335,-0.011732697360023692,47.071014968976996,57.17253901456974,85.58822199712368,82.10900687927477,-487.0190378007501,-663.582706432142,176.56366863139192,16698.888898240315,17185.907936041065,18399.297578125,21585.771044921876,17153.373391212248,15960.0722142565,16556.722802734374,0.07207351304804553,554.064962362244,0.019115953006277584,0.8215909334225117,27.0,0.007136986045805121
2022-12-02,17088.66015625,17088.66015625,16877.880859375,16968.68359375,19539705127,0.007136986045805121,0.012334454249059991,0.007162515027905547,48.49558085989937,59.985577525655735,93.19104064359176,92.45798221159566,-419.85068963239974,-614.8363030721936,194.98561343979384,16758.853707164883,17178.704396797282,18353.4126953125,21521.899755859376,17203.642422105928,15938.75064430032,16571.196533203125,0.07633074505339359,529.5445576845838,0.018899927285672167,0.7142163399091855,27.0,-0.010614234867796273
2022-12-03,16908.236328125,17116.041015625,16888.140625,17090.09765625,16217776704,-0.010614234867796273,0.013478661298689838,-0.010558102652595158,46.49480703887576,53.858235186165416,81.90362496899465,86.89429586990336,-376.83407619272475,-567.2358576962998,190.40178150357508,16781.835648851054,17158.66972504378,18307.864296875,21454.311650390624,17239.360303690857,15958.519872090392,16598.940087890624,0.07716398907511408,507.99854575175635,0.01796940819132046,0.6049451278129646,27.0,0.01305884246336571
2022-12-04,17130.486328125,17157.767578125,16903.439453125,16908.169921875,16824520830,0.01305884246336571,0.014846520999374174,0.013144481522908036,49.27121239528006,59.76469513431943,95.80770936709975,90.30079165989538,-321.1078511195592,-518.0102563809517,196.90240526139246,16835.4742148932,17156.582066012757,18269.121328125,21396.362724609375,17305.69155896713,15943.41732775162,16624.554443359375,0.08194350325940108,489.87922998377377,0.017854866291525454,0.6684782879770045,26.0,-0.009128269217154126
2022-12-05,16974.826171875,17378.15234375,16922.431640625,17128.89453125,22209086834,-0.009128269217154126,0.026846855367512853,-0.00908673304822849,47.415430174077585,54.105472986616206,76.5718606607547,84.76106499894969,-286.20568894121607,-471.6493428930046,185.44365395178852,16856.91297750578,17143.118666446997,18223.2559765625,21329.665185546874,17318.179246451135,15939.950929330113,16629.065087890624,0.08288068570521474,487.43933520814704,0.01766974419652863,0.908389077876163,26.0,0.006733035250819497
2022-12-06,17089.50390625,17091.86328125,16939.921875,16975.23828125,19889922369,0.006733035250819497,0.008890919659430941,0.006755753090715411,48.941205690649184,57.55961199391823,78.19253365638941,83.52403456141462,-246.45100541611828,-426.60967539762737,180.1586699815091,16892.696197312584,17139.1472027287,18174.0308984375,21269.10900390625,17367.83466897946,15932.301952114287,16650.068310546874,0.08621782746415788,463.47519742542227,0.017446857113181165,0.8375730097719335,25.0,-0.014224977832437721
2022-12-07,16848.126953125,17109.376953125,16750.55859375,17089.505859375,19675404389,-0.014224977832437721,0.02129722552384057,-0.01412428087141393,45.92094445976027,48.581006192246484,59.95644054953965,71.57361162222793,-231.7507566880122,-387.6378916557043,155.88713496769213,16885.83939051449,17117.590147202503,18124.3051171875,21206.188505859376,17380.937313988918,15935.260244604828,16658.098779296874,0.08678523813178582,455.99970899324927,0.017786778794828446,0.8430841233242912,29.0,0.022614200081039638
2022-12-08,17233.474609375,17267.916015625,16788.783203125,16847.349609375,20496603770,0.022614200081039638,0.027802449788004564,0.022871839541696026,51.108306164231365,60.15676254582987,89.06955862855608,75.73951094482838,-186.85244955985763,-347.480803236535,160.62835367667736,16939.321731877648,17126.174181437505,18086.18390625,21140.737265625,17450.078012071233,15919.68927308502,16684.883642578126,0.09172306932251043,457.6520735294458,0.01846301199193122,0.8904159122154984,25.0,-0.005838370505888547
2022-12-09,17133.15234375,17280.546875,17100.8359375,17232.1484375,20328426366,-0.005838370505888547,0.010489076026079737,-0.005821360340788395,49.76982327144271,56.306621230719,81.4901847366328,76.83872797157618,-157.54925633768653,-309.49449385676536,151.94523751907883,16969.141826011855,17126.691082349542,18047.7721484375,21080.9084765625,17495.76875994137,15916.15907208988,16705.963916015626,0.09455363939444125,437.7991352416282,0.01853730291639491,0.875084466573078,26.0,-0.00025846420531521353
2022-12-10,17128.724609375,17216.826171875,17120.68359375,17134.220703125,12706781969,-0.00025846420531521353,0.005612944356194427,-0.00025843080632004245,49.70794814709452,56.121671446677446,81.15566822513684,83.90513719677523,-133.14869052871654,-274.2253331911556,141.07664266243904,16993.69302345234,17126.841713981055,18006.897265625,21018.274169921875,17534.08589852515,15961.531191318596,16747.808544921874,0.09389614784457105,413.3950954475834,0.017453169106828318,0.5573170775601576,27.0,-0.00143319679738864
2022-12-11,17104.193359375,17245.634765625,17091.8203125,17129.7109375,14122486832,-0.00143319679738864,0.008992791995109935,-0.0014321702613265819,49.34194145810778,54.954900264908765,79.30232575297572,80.6493929049151,-114.47098295155956,-242.27446314323637,127.80348019167681,17010.69307513275,17125.16405808431,17964.81734375,20955.983330078125,17478.311957192498,16148.99605062,16813.65400390625,0.07906169035378408,394.8536209959703,0.015567416090930184,0.6527742444199467,26.0,0.0059599279123048595
2022-12-12,17206.4375,17212.564453125,16899.39453125,17102.5,19617581341,0.0059599279123048595,0.01820074154658685,0.005977723618808328,50.96260914889435,59.090554569641995,86.13812056262347,82.19870484691201,-90.37671100562511,-211.89491271571413,121.51820171008902,17040.807602035402,17131.184313041027,17917.6059375,20895.67939453125,17484.522453930535,16244.452350756967,16864.48740234375,0.07353144353508359,389.01907105875813,0.014764440103378152,0.9306649182782674,27.0,0.03286478873072886
2022-12-13,17781.318359375,17930.0859375,17111.763671875,17206.44140625,26634741631,0.03286478873072886,0.046021461912218044,0.033410801008343594,58.92044945117461,74.46763598511282,89.97934536652107,85.13993056070676,-24.610056613444613,-174.43794149526022,149.8278848818156,17154.732333933804,17179.34239054725,17886.320859375,20841.448115234376,17648.2593504875,16197.776587012497,16923.01796875,0.08571064370158214,419.6835849563468,0.015418058652207196,1.2828047542431604,27.0,0.0019289306421712124
2022-12-14,17815.650390625,18318.53125,17739.513671875,17782.06640625,25534481470,0.0019289306421712124,0.03250050183010395,0.0019307922256450727,59.34476667054983,75.11923802874459,67.92795732945359,81.3484744195327,29.935718484284735,-133.56320949935125,163.49892798363598,17256.412034963218,17226.476316478933,17840.71671875,20786.451865234376,17790.031626032218,16177.122866155287,16983.57724609375,0.09496872987979624,431.0645844683935,0.015396910425308994,1.2315764424959514,30.0,-0.02562838102102438
2022-12-15,17364.865234375,17846.744140625,17322.58984375,17813.64453125,20964448341,-0.02562838102102438,0.03018476042286806,-0.02530276169357326,51.78172826952807,54.00615812944242,39.178402644736806,65.69523511357049,36.369795130831335,-99.57660857331473,135.94640370414606,17273.097142565028,17236.727347434196,17772.6051953125,20726.04640625,17819.26352289394,16232.193313043557,17025.72841796875,0.09321599469279727,437.713849640294,0.01663885602635007,1.0056107782226087,31.0,-0.04218980898149945
2022-12-16,16647.484375,17505.525390625,16584.701171875,17364.546875,24031608960,-0.04218980898149945,0.055313115063368244,-0.04131220425223303,42.49931902668131,35.487688396757875,3.621070133521681,36.90914336923736,-16.23069536838011,-82.90742593232781,66.6767305639477,17176.8490244781,17193.07971984648,17699.8381640625,20650.651875,17806.206573245592,16263.570575191905,17034.88857421875,0.09055744575801755,472.2217331481301,0.019393009438670006,1.1362969080658603,29.0,0.008827572352892032
2022-12-17,16795.091796875,16800.58984375,16614.029296875,16646.982421875,14463581825,0.008827572352892032,0.011108039725612731,0.008866650272798315,44.69608182313758,40.394019448828345,12.134443141482516,18.311305306580334,-45.48198965131087,-75.42233867612443,29.940349024813557,17118.11714330839,17163.599132959702,17623.83296875,20575.66578125,17784.205463668484,16320.618169144014,17052.41181640625,0.08582875608929066,451.8173627000494,0.01947478053787634,0.6936955745696604,28.0,-0.002212331171359141
2022-12-18,16757.9765625,16815.38671875,16697.8203125,16795.609375,10924354698,-0.002212331171359141,0.007015549031920899,-0.0022098857704312413,44.23842647295133,39.5124847964429,9.993793094902566,8.583102123302254,-70.84211652225349,-74.50629424535023,3.664177723096742,17062.7109001071,17133.553016629354,17542.62296875,20510.460263671874,17720.117914238414,16438.771148261585,17079.44453125,0.07502274231649442,427.9422943821887,0.019174676048497596,0.545969089126475,26.0,-0.01917645189485355
2022-12-19,16439.6796875,16807.52734375,16398.13671875,16759.041015625,17221074814,-0.01917645189485355,0.024902591338886147,-0.01899375344110854,40.41641706556799,32.431196885417165,2.163251773215546,8.097162669866876,-115.29504792800799,-82.66404498188179,-32.6310029461262,16966.859944321393,17082.1549922494,17458.7044921875,20440.321220703125,17720.906345728625,16437.452443333874,17079.17939453125,0.0751472815377601,426.61717514060376,0.019483953001179402,0.8745623227455694,29.0,0.027988705082472278
2022-12-20,16906.3046875,17012.984375,16427.8671875,16441.787109375,22722096615,0.027988705082472278,0.03460940745570601,0.028384068842582266,47.56809617230312,48.28341858872544,26.461644234074623,12.872896367397578,-111.585292785192,-88.44829454254383,-23.13699824264816,16957.543750964254,17069.129043749446,17386.9151171875,20376.330791015625,17710.662921286752,16421.469695900745,17066.06630859375,0.07554132288451403,437.93860459484637,0.01796230744521536,1.1742076403942805,29.0,-0.005264509420176635
2022-12-21,16817.53515625,16916.80078125,16755.912109375,16904.52734375,14882945045,-0.005264509420176635,0.009566721304888011,-0.005250676176186131,46.42646035684997,45.89373694903987,21.839180995116156,16.821359000802108,-114.48849232816792,-93.65633409966865,-20.832158228499267,16936.00396716206,17050.49245949023,17313.5603515625,20311.253896484373,17711.025678060676,16406.147173501824,17058.58642578125,0.07649394105637866,418.14932368628587,0.017809811272809836,0.7853638750095229,26.0,0.0007612154110786702
2022-12-22,16830.341796875,16866.673828125,16592.408203125,16818.380859375,16441573050,0.0007612154110786702,0.01629590345282974,0.0007615052090579333,46.625482663489194,46.34073419465831,22.506056494738832,23.602293907976534,-114.43675434385295,-97.81241814850553,-16.624336195347425,16919.74824865636,17034.185003000213,17246.977109375,20245.872294921875,17705.40373453304,16385.937281091963,17045.6705078125,0.07740771786221778,407.87191663726543,0.017723849741091938,0.8747623108171373,28.0,-0.0019858084288219657
2022-12-23,16796.953125,16905.21875,16794.458984375,16829.64453125,15329265213,-0.0019858084288219657,0.00659403909749257,-0.001983838015767403,46.14418144066867,45.204801537321515,20.76742043159263,21.704219307149202,-115.75558012572583,-101.4010505439496,-14.354529581776234,16900.856691170768,17016.612271296493,17178.71640625,20173.003701171874,17706.228354108116,16373.984341204381,17040.10634765625,0.07818284614678923,386.64962013638933,0.017575796361366615,0.8175150602480139,27.0,0.0030199561547248985
2022-12-24,16847.755859375,16864.703125,16793.52734375,16796.9765625,9744636213,0.0030199561547248985,0.004224644625912831,0.003024520816182319,47.039988179451385,47.48971009777907,23.4128525835959,22.22877650330912,-111.41705649898358,-103.4042517349564,-8.01280476402718,16892.687332432957,17004.10438893194,17092.7269140625,20101.465087890625,17695.809503690172,16356.130144747332,17025.96982421875,0.0786844668922883,364.11577450164725,0.01731470703465122,0.5296845699915025,29.0,-0.0003425096739709631
2022-12-25,16841.986328125,16860.5546875,16755.25390625,16847.505859375,11656379938,-0.0003425096739709631,0.006252278038853094,-0.000342451024228807,46.9444879476878,47.22877456127478,23.112417899154025,22.43089697144752,-107.20846576294207,-104.16509454055354,-3.0433712223885294,16884.88717792404,16992.095643686982,17003.9128125,20034.6032421875,17693.68351168811,16344.972152374388,17019.32783203125,0.07924586520834132,345.62898926938675,0.017204247516646044,0.6523088105826677,29.0,0.004609855984671537
2022-12-26,16919.8046875,16920.123046875,16812.369140625,16842.25,11886957804,0.004609855984671537,0.006368507689075533,0.004620497716771643,48.4642379329088,51.4283456445746,27.164624782098404,24.56329842161611,-96.48165556931781,-102.6284067463064,6.146751176988587,16890.259102474185,16986.740758043503,16923.7791796875,19968.642275390626,17685.723334152175,16335.962408035326,17010.84287109375,0.07934709269524062,328.63791191085915,0.01716446767764427,0.6804495421768226,28.0,-0.012048246868378581
2022-12-27,16717.173828125,16959.845703125,16642.072265625,16919.291015625,15748580239,-0.012048246868378581,0.019008801413871613,-0.011975957353969946,44.86080149943664,41.41580726651692,16.61310236950822,22.296715016920217,-103.1422385806436,-102.73117311317384,-0.41106546746976846,16863.630598728156,16966.7728373088,16846.066328125,19906.80912109375,17687.848548224578,16320.741881462925,17004.29521484375,0.08039772595621891,327.8618780243692,0.01707954411420314,0.9117491913280794,27.0,-0.009895050300250239
2022-12-28,16552.572265625,16768.169921875,16497.556640625,16716.400390625,17005713920,-0.009895050300250239,0.01634871468357743,-0.009846255365429935,42.12107047536526,34.96454525497175,10.660966148793223,18.14623110013328,-120.31584292193293,-106.24810707492567,-14.067735847007256,16815.775470558438,16936.09131348037,16806.29234375,19847.7679296875,17672.329128217236,16268.171067095269,16970.25009765625,0.08274233161218374,323.7726925404857,0.016304352653338603,0.9945800793591265,28.0,0.00540864482551941
2022-12-29,16642.341796875,16651.755859375,16508.68359375,16552.322265625,14472237479,0.00540864482551941,0.008596883021106156,0.0054232979508825885,44.125248032678755,40.82901981765356,22.052336666178704,16.442135061493385,-125.23872311328887,-110.04623028259832,-15.192492830690554,16789.093366914833,16914.33209002812,16821.52357421875,19797.166396484376,17657.540559812114,16233.878580812889,16945.7095703125,0.08401312279618936,310.8655191893796,0.016359429377690582,0.8611568660604749,28.0,-0.002391695878759684
2022-12-30,16602.5859375,16643.427734375,16408.474609375,16641.330078125,15929162910,-0.002391695878759684,0.014151598183829609,-0.002388838052975517,43.40836873042935,39.0114544227633,33.252012376033186,21.988438397001705,-130.8398661978208,-114.20495746564282,-16.63490873217799,16760.399916235627,16891.239782433448,16801.83986328125,19767.7423828125,17641.05560260046,16197.749670837042,16919.40263671875,0.08530478071555156,305.44320531870966,0.01635818362862038,0.938848875316843,28.0,-0.003323665649558149
2022-12-31,16547.49609375,16628.986328125,16517.51953125,16603.673828125,11239186456,-0.003323665649558149,0.006736173028443928,-0.0033181483870876605,42.38086414668838,36.392374963375936,24.292094713502454,26.53214791857145,-138.13180496834684,-118.99032696618363,-19.14147800216321,16727.64548200707,16865.777286975415,16792.10392578125,19739.4458984375,17625.40512450037,16157.73042237463,16891.5677734375,0.08688800955667957,291.5877475727304,0.016362874069556114,0.6681032038598305,25.0,0.00467760631157723
2023-01-01,16625.080078125,16630.439453125,16521.234375,16547.9140625,9244361700,0.00467760631157723,0.00656869486413423,0.0046885633896178724,44.377709328821446,42.71168823008469,36.91050247457132,31.48486985470232,-136.08167499547199,-122.4085965720413,-13.673078423430681,16711.866189102137,16847.94786409761,16788.62181640625,19709.707099609375,17590.175683653513,16134.824121033984,16862.49990234375,0.08630698716370326,278.56041404074966,0.016333954455424078,0.5670041549093606,26.0,0.003805700684704715
2023-01-02,16688.470703125,16759.34375,16572.228515625,16625.509765625,12097775227,0.003805700684704715,0.011212245729619895,0.0038129515588565255,46.023667022359206,47.66767854791724,46.3178776707624,35.84015828627872,-127.8678574954065,-123.50044875671435,-4.3674087386921485,16708.266883567194,16836.1347410626,16795.32392578125,19691.241201171873,17403.492175798816,16212.222863263685,16807.85751953125,0.0708757383950238,272.0286154931961,0.014256025981206994,0.7766424114443208,27.0,-0.0005162548994983624
2023-01-03,16679.857421875,16760.447265625,16622.37109375,16688.84765625,13903079207,-0.0005162548994983624,0.008278018713392498,-0.000516121662866742,45.82523908607061,47.02282143685786,49.21963004158667,44.14933672897346,-120.66244619198915,-122.93284824376931,2.2704020517801666,16703.89619715301,16824.558643345,16796.55708984375,19672.283076171876,17127.933759524793,16374.20198266271,16751.06787109375,0.04499604339629894,262.4605838061821,0.014220423007036426,0.9271531228397031,26.0,0.010934153962035356
2023-01-04,16863.23828125,16964.5859375,16667.763671875,16680.205078125,18421743322,0.010934153962035356,0.017601735839493683,0.010994150293785143,50.6988280508087,60.34716676125912,81.77565334054486,59.1043870176313,-99.01343777116927,-118.14896614924932,19.135528378080053,16728.410363937164,16827.423801708333,16796.12958984375,19661.5110546875,16984.20852368271,16467.764523192287,16725.9865234375,0.030876743788281237,264.9149896503834,0.013531535120966961,1.2389932830563966,29.0,-0.0015728177184386805
2023-01-05,16836.736328125,16884.021484375,16790.283203125,16863.47265625,13692758566,-0.0015728177184386805,0.005567485255049963,-0.0015715814888571655,49.99879269671043,57.89218828963763,77.01006922371799,69.33511753528317,-83.03772159080108,-111.12671723755969,28.088995646758605,16745.07589688914,16828.11361847994,16799.47552734375,19642.92837890625,16995.33568246009,16475.56255972741,16735.44912109375,0.031058211761855033,252.68808190749886,0.009564224616761144,0.9541079005946972,29.0,0.006820792235553174
2023-01-06,16951.96875,16991.994140625,16716.421875,16836.47265625,14413662913,0.006820792235553174,0.016256062625469386,0.006844106816741524,53.03530504095449,65.09527470486461,93.14069393028565,83.9754721648495,-60.38250606810834,-100.97787500366942,40.59536893556108,16776.905566598503,16837.28807266661,16804.76455078125,19624.690537109374,17018.900699374648,16467.685238125352,16743.29296875,0.03292156819319204,254.32266645874893,0.009483164447129898,1.004515032454942,26.0,0.00018340582830352
2023-01-07,16955.078125,16975.017578125,16914.19140625,16952.1171875,7714767174,0.00018340582830352,0.0035874899205160697,0.00018342264818071996,53.11803892747977,65.28223651121053,93.6735595557668,87.94144090325682,-41.69653229884352,-89.12160646270425,47.42507416386073,16804.3167294295,16846.013261728345,16809.91056640625,19605.912939453126,17043.834475552274,16462.46161819773,16753.148046875,0.03470230524602746,240.50148827419545,0.009462676308660737,0.5437377238554497,25.0,0.00799308234902105
2023-01-08,17091.14453125,17091.14453125,16924.05078125,16954.146484375,9768827914,0.00799308234902105,0.009776627287568741,0.008025112314249405,56.71175983486405,72.73744546044686,100.0,95.60475116201748,-15.727049989032821,-74.44269516796997,58.71564517893715,16848.444083555733,16864.171133544765,16817.50251953125,19591.433515625,17074.59907916556,16496.843498959443,16785.7212890625,0.03441946701346583,235.25807839746722,0.008362752907956437,0.7070772691139967,25.0,0.006148589187306557
2023-01-09,17196.5546875,17389.95703125,17093.9921875,17093.9921875,18624736866,0.006148589187306557,0.01721070581452771,0.006167530562816603,59.31373206445423,77.16861758752081,80.29487442265865,91.32281132614183,13.207423544172343,-56.91267142554151,70.12009496971385,16901.99956108562,16888.792137541448,16835.59697265625,19571.986904296875,17137.067089150853,16463.400488974145,16800.2337890625,0.04009864437810901,239.79767994050528,0.00582300958944443,1.3683674731632427,25.0,0.014418133870887372
2023-01-10,17446.29296875,17484.720703125,17162.990234375,17192.94921875,15808338949,0.014418133870887372,0.018441193743925274,0.014522576515372032,64.72379080816177,84.24622155147796,96.42946584446082,92.24144675570649,55.64851300985538,-34.400434538462136,90.04894754831751,16985.737008418604,16930.08849540875,16868.7771484375,19553.060087890626,17270.90047365595,16392.44288571905,16831.6716796875,0.05219075114190975,245.65002199832634,0.006372365940546001,1.157510595421284,26.0,0.02762115049773119
2023-01-11,17934.896484375,17934.896484375,17337.994140625,17446.359375,18372283782,0.02762115049773119,0.03328161633216145,0.02800615102017323,72.44396370297761,90.77417915076768,100.0,92.24144675570649,127.24282636747375,-2.0717823572749587,129.31460872474872,17131.76154318113,17004.518716813654,16903.6796875,19535.222880859375,17538.161391374288,16235.637436750712,16886.8994140625,0.07713221490138701,270.73947355201733,0.008581559114076218,1.3358044264126339,26.0,0.05080318049018759
2023-01-12,18869.587890625,19030.087890625,17995.203125,18117.59375,34971338710,0.05080318049018759,0.05484405762455274,0.052115795988246116,81.0070984751068,95.20688489089879,93.87781557455824,96.76909380633968,256.44745384005,49.632064882190036,206.81538895785997,17399.11944278788,17142.67198894783,16948.8573046875,19524.434345703125,18070.242533413126,15910.81977127437,16990.53115234375,0.12709565950449264,329.62889731615894,0.01357503997916724,2.373218685383404,30.0,0.053649212803668606
2023-01-13,19909.57421875,19964.322265625,18753.1640625,18868.90625,29225029694,0.053649212803668606,0.06083295352365608,0.05511441660269112,86.16038338755328,97.0480142716661,98.41162807697124,97.42981455050983,437.7155448004414,127.24876086584032,310.4667839346011,17785.34325447436,17347.627709673918,17014.9594921875,19520.30482421875,18808.589000195196,15478.655140429804,17143.6220703125,0.19423747479430362,392.5952763025047,0.017249275508237443,1.8603001860329136,31.0,0.052192440560842025
2023-01-14,20976.298828125,21075.142578125,19907.828125,19910.537109375,38967784639,0.052192440560842025,0.055649209743325455,0.05357847423830919,89.35177118632876,97.97762277764194,97.82947425395683,96.70630596849543,659.8413336819394,233.76727542906016,426.07405825287924,18276.259496574457,17616.418162892518,17104.0486328125,19523.78314453125,19699.99189985166,15000.683490773343,17350.3376953125,0.27084823889899945,447.9323603612544,0.019684223347337066,2.282098649105946,46.0,-0.0045631527773636734
2023-01-15,20880.798828125,20993.748046875,20606.986328125,20977.484375,19298407543,-0.0045631527773636734,0.018522362191864927,-0.004552757413617381,87.4084495837036,94.85761356333099,95.68404488065887,97.30838240386231,818.7337171796171,350.76056377917155,467.97315340044554,18676.95785527454,17858.224138094924,17192.378984375,19527.667021484376,20344.767126734645,14752.007677952855,17548.38740234375,0.3187050365684784,443.56302881759336,0.019945495425389082,1.106180205508105,52.0,0.013737719952276949
2023-01-16,21169.6328125,21360.875,20715.74609375,20882.224609375,26792494050,0.013737719952276949,0.03047426055822148,0.013832516023570829,88.24141358187164,95.37705803591915,95.96408083049684,96.49253332170417,956.932640699968,471.99497916333087,484.93766153663717,19060.446310232302,18103.513669532334,17286.8791015625,19534.591552734375,20950.003292075482,14592.017411049519,17771.0103515625,0.3577728984028723,457.9605914913367,0.019230672321523132,1.4886220315168925,45.0,-0.00038332437933474676
2023-01-17,21161.51953125,21438.66015625,20978.533203125,21175.833984375,24999983362,-0.00038332437933474676,0.021743568671687943,-0.00038325091993141047,88.0651818205543,95.06237154916771,94.1910157575698,95.2797138229085,1053.6557219828646,588.3271277272377,465.32859425562697,19383.688344235026,18330.03262225216,17385.763046875,19544.052314453125,21450.481401702764,14552.434027984735,18001.45771484375,0.38319382146646913,458.1153316080269,0.018778019300830374,1.3588499800652565,51.0,-0.02259283115330066
2023-01-18,20688.78125,21564.501953125,20541.544921875,21161.05078125,30005625418,-0.02259283115330066,0.049445011713776035,-0.022339524368838015,78.25789631744814,77.64709372929616,81.93675250793947,90.69728303200203,1079.7171253727938,686.6051272563489,393.11199811644497,19584.471868198867,18504.754742826073,17470.6390234375,19551.28494140625,21782.45681890793,14625.10255609207,18203.7796875,0.3931795696105136,498.4611672967393,0.020299703133555103,1.5648658329859477,52.0,0.019055334102897954
2023-01-19,21086.79296875,21163.01171875,20685.380859375,20686.74609375,21152848261,0.019055334102897954,0.02265071128088727,0.019238045679950355,80.25191549162322,81.05600175769459,90.14642958290915,88.75806594947282,1119.5813577253284,773.2003733501448,346.38098437518363,19815.59819136058,18696.01683363525,17549.0035546875,19560.233525390624,22136.822431451754,14719.157646673248,18427.9900390625,0.40252164067025237,496.9732881594722,0.02012734664093213,1.0883473199773945,45.0,0.0726845526110478
2023-01-20,22676.552734375,22692.357421875,20919.126953125,21085.373046875,28799154319,0.0726845526110478,0.07819665050155486,0.07539125404137925,85.83860126005891,88.92593223358405,99.72647571119865,90.60321926734908,1264.8736993308703,871.53503854629,393.33866078458027,20255.74504413203,18990.87134480116,17663.191953125,19572.45998046875,22769.611995346724,14699.273746840776,18734.44287109375,0.43077546015302387,588.1345153445099,0.023910972805217093,1.4177172705408132,51.0,0.004447222994453112
2023-01-21,22777.625,23282.34765625,22511.833984375,22677.427734375,32442278429,0.004447222994453112,0.033827656389768465,0.004457126566322689,86.10768598294605,89.2569668836012,92.061983481229,93.9782962584456,1372.354960247394,971.6990228865109,400.6559373608832,20643.726575804023,19271.37161555663,17776.97125,19585.397529296875,23318.006720809753,14766.133513565246,19042.0701171875,0.4491041758913349,601.1615979538304,0.02391664497328665,1.5107950719695338,53.0,-0.002514790230431855
2023-01-22,22720.416015625,23056.73046875,22387.900390625,22777.986328125,24746386230,-0.002514790230431855,0.029437404564469267,-0.002511630794474806,85.12176876751585,87.52914882206757,90.91953195864966,94.2359970503591,1436.360872921341,1064.631392893477,371.72948002786416,20963.217258853405,19526.856385932064,17893.21484375,19596.25837890625,23761.57977046822,14925.75499515678,19343.6673828125,0.4567812607842072,605.9950608231997,0.02412354883993377,1.1194381900602617,53.0,0.00937544219856928
2023-01-23,22934.431640625,23126.486328125,22654.3046875,22721.087890625,26518700512,0.00937544219856928,0.02058832972292189,0.009419529327844067,85.77780971033522,88.50067862971073,94.31450082681398,92.43200542223087,1487.211642134018,1149.147442741585,338.0641993924328,21266.48100989519,19779.26936776117,18009.29375,19602.74259765625,24160.42692933072,15152.365258169284,19656.39609375,0.4582763609462297,596.4369593804711,0.023879635144452634,1.1663309441033922,50.0,-0.013077079200906103
2023-01-24,22636.46875,23134.01171875,22549.744140625,22929.626953125,26405069715,-0.013077079200906103,0.02581089765270919,-0.012991945703908492,80.45852671330138,78.55981792864159,89.13458116930161,91.45620465158841,1486.3345880811721,1216.5848718095026,269.7497162716695,21477.248354526702,19990.91376644553,18122.5266015625,19607.26935546875,24436.027708560694,15454.087525814306,19945.0576171875,0.4503341306472973,595.5677178622233,0.02473197113627798,1.1412967882281562,52.0,0.021043184701323544
2023-01-25,23117.859375,23722.099609375,22406.076171875,22639.267578125,30685366709,0.021043184701323544,0.05692669966334199,0.021266153759075257,82.36160771496625,82.30597699328897,89.44908056180898,90.96605418597487,1507.1106829049386,1274.6900340285897,232.42064887634888,21729.65004998413,20222.539367079193,18243.0937109375,19614.8976171875,24715.041197797593,15803.186341264907,20259.11376953125,0.4398936181470926,647.0288406934931,0.024463324544416194,1.2793216468927633,51.0,-0.003687148593844675
2023-01-26,23032.77734375,23237.078125,22911.373046875,23108.955078125,26357839322,-0.003687148593844675,0.014140938075510935,-0.003680359408276712,80.86270603611439,79.44374733577573,86.12736552683764,88.23700908598273,1499.4260289730737,1319.6372330174866,179.78879595558715,21930.131172101956,20430.705143128882,18366.78671875,19625.7592578125,24903.284059371024,16223.024339066473,20563.15419921875,0.42212686031573593,624.0771433671722,0.024778309553637818,1.072203804590658,54.0,0.001993046474165044
2023-01-27,23078.728515625,23417.720703125,22654.59375,23030.716796875,25383335641,0.001993046474165044,0.0330662476751412,0.0019950339114214177,81.06315297418453,79.88451442047541,83.13253012048193,86.23632540304284,1479.9834331478487,1351.706473043559,128.27696010428963,22106.838455720885,20626.855022573036,18483.691796875,19641.3001171875,25007.41797686007,16731.25546063993,20869.33671875,0.39657046257653417,634.0092726355886,0.024723343988430187,0.9967425228663775,55.0,-0.002066314313093378
2023-01-28,23031.08984375,23165.896484375,22908.845703125,23079.96484375,14712928379,-0.002066314313093378,0.01116103419308038,-0.0020641809553220147,80.12615012379725,77.86513424674041,78.27392283676933,82.51127282802963,1444.0844861477708,1370.1820756644015,73.9024104833693,22249.030976956135,20804.946490808365,18601.650546875,19659.83599609375,25019.978372369173,17312.689596380827,21166.333984375,0.3641296023051451,607.0836661080465,0.024983286165033303,0.5721869977440464,52.0,0.03177133538504421
2023-01-29,23774.56640625,23919.890625,22985.0703125,23031.44921875,27423687259,0.03177133538504421,0.039320183448403455,0.03228143207915801,83.35902258582709,84.84190595419312,95.69836152009033,85.70160482578052,1458.8103989124065,1387.9077403140027,70.90265859840383,22483.72873530904,21024.918336396633,18734.5673828125,19677.64845703125,25048.6299082285,17941.839232396498,21495.2345703125,0.3306216851267738,630.4934265646145,0.025166421372046693,1.0485688695763566,55.0,-0.040096914665951826
2023-01-30,22840.138671875,23789.34765625,22657.58203125,23774.6484375,27205595568,-0.040096914665951826,0.04955160917624546,-0.03930367092328346,68.31722030950543,58.02460608813324,68.03903306502292,80.67043914062752,1379.1819312546431,1386.1625785021308,-6.9806472474876955,22538.561033242266,21159.379101987623,18849.2862890625,19688.99955078125,24833.90885325548,18695.94485768202,21764.92685546875,0.282011698745094,666.2985835957135,0.028145013851838412,1.0180474928914314,61.0,0.013012288539514132
2023-01-31,23139.283203125,23225.021484375,22765.568359375,22840.796875,22837828665,0.013012288539514132,0.019855979157468027,0.013097316769725253,70.17280067885036,62.45679364189221,76.89379683219124,80.21039713910149,1324.9411635740034,1373.9182955165054,-48.977131942501956,22630.97982860884,21306.038665034837,18967.943203125,19700.514326171877,24592.58433806614,19457.70804474636,22025.14619140625,0.23313699026993523,651.5239079817339,0.02794728730862458,0.8475222151437797,51.0,0.024945734590003956
2023-02-01,23723.76953125,23764.5390625,22877.75,23137.8359375,26683255504,0.024945734590003956,0.037379770585440994,0.025259482888651652,73.44527516972987,69.74013161079546,93.93660529845073,79.62314506522164,1313.9714810128316,1361.9289326157707,-47.957451602939045,22799.101321322865,21485.129840310034,19086.7922265625,19713.181591796874,24490.840306029695,20044.870240845306,22267.8552734375,0.19965865641707406,668.3285618758957,0.026662281117709023,1.0056940493872857,56.0,-0.010674749877368259
2023-02-02,23471.87109375,24167.2109375,23468.595703125,23720.82421875,32066936882,-0.010674749877368259,0.029763934523354834,-0.01061797692681965,69.8865597829434,63.54203777180457,78.5923071233702,83.14090308467074,1270.3085041513732,1343.6048469228913,-73.29634277151808,22902.604363234736,21632.295859083362,19199.916640625,19726.644228515626,24444.068157175883,20447.872077199114,22445.9701171875,0.17803623809143235,670.4918956258317,0.02513965580254367,1.2021671253252717,60.0,-0.000961136247671562
2023-02-03,23449.322265625,23678.103515625,23279.955078125,23469.412109375,27083066007,-0.000961136247671562,0.01697910212457,-0.0009606745041729203,69.5616353547838,62.9576925739134,59.65354821642424,77.39415354608172,1219.8244020402344,1318.84875794636,-99.02435590612549,22986.71480975631,21766.890407716077,19321.60578125,19731.462392578123,24493.314012799066,20645.928565325932,22569.6212890625,0.1704674348850338,651.0387914739866,0.022962864605539073,1.038459551509829,60.0,-0.0050223137428644544
2023-02-04,23331.84765625,23556.94921875,23291.794921875,23446.3203125,15639298538,-0.0050223137428644544,0.011364479178054807,-0.005009723012217249,67.79323824450864,59.62493966238729,53.05129378808286,63.76571637595911,1156.9990038886026,1286.4788071348084,-129.47980324620585,23039.81217075534,21882.813166866737,19455.293046875,19731.174462890624,24477.192172343282,20907.155288594215,22692.17373046875,0.15732458803431354,623.4756132883448,0.022973758341105505,0.6039019132478378,58.0,-0.016254488231275857
2023-02-05,22955.666015625,23423.435546875,22841.759765625,23332.248046875,19564262605,-0.016254488231275857,0.02533909409790492,-0.01612309690031044,62.328898022325426,49.78006579266822,31.206575128562573,47.970472377689894,1064.5828601713583,1242.0996177421184,-177.5167575707601,23026.866608427594,21962.283748256235,19578.50453125,19729.794130859376,24426.057756849033,21136.893024400968,22781.475390625,0.14437891646831696,620.4899109998915,0.023386305013182052,0.7661541988946297,58.0,-0.008555376421285297
2023-02-06,22760.109375,23119.279296875,22692.025390625,22954.021484375,23825006542,-0.008555376421285297,0.018772049782823156,-0.008518883333286542,59.637781590550304,45.24888066877938,20.102561713916256,34.786810210187234,964.4450912242683,1186.5687124385486,-222.12362121428032,22985.827034054117,22021.38194282985,19698.5471875,19727.771533203126,24329.170589071386,21393.639176553617,22861.4048828125,0.12840555633239928,606.6873392320422,0.023538731351577632,0.9351602644796262,56.0,0.02191019571493288
2023-02-07,23264.291015625,23310.974609375,22756.2578125,22757.267578125,27187964471,0.02191019571493288,0.023844130753971203,0.022151986720186922,63.95840295352385,57.017154196944276,48.730787700135636,33.346641514204826,915.2183650480692,1132.2986429604528,-217.0802779123835,23028.667646603484,22113.449281555415,19835.0394140625,19730.518095703126,24074.804001747594,21905.556740439904,22990.18037109375,0.09435538244124218,602.9751576351106,0.0230261487484844,1.0730944519415093,54.0,-0.014063722484005989
2023-02-08,22939.3984375,23367.958984375,22731.09765625,23263.416015625,25371367758,-0.014063722484005989,0.027762773721384776,-0.013965290320121615,59.535715925281835,49.08536239046926,18.82860315574723,29.220650856599708,840.3032216117535,1073.8995586907129,-233.59633707895932,23014.933922126027,22174.630700514273,19955.7012890625,19732.8876953125,23729.359939032434,22436.26135003007,23082.81064453125,0.05601997992860219,605.3955983843883,0.023217830361214793,0.9931264365546189,58.0,-0.05007294792111713
2023-02-09,21819.0390625,22996.4375,21773.974609375,22946.56640625,32572572185,-0.05007294792111713,0.0560273478187234,-0.04883996317743455,47.37096827415687,31.47168294487743,1.8829921890875734,23.147461014990142,682.6595183882928,995.6515506302288,-312.99203224193604,22830.950097568177,22148.290579179884,20055.7313671875,19728.9370703125,23874.852512341542,22205.017409533455,23039.9349609375,0.07247568648258637,649.471833544432,0.020192233099701393,1.2656602106650123,55.0,-0.0077228177249046275
2023-02-10,21651.18359375,21941.185546875,21539.392578125,21819.005859375,27078406594,-0.0077228177249046275,0.0185575521546076,-0.007693073387383564,45.85910025829546,29.61420728835637,4.2541378564532275,8.32191106709601,537.9797190008176,904.1171843043467,-366.1374653035291,22649.447558519227,22111.46783951841,20152.148203125,19730.384482421876,24011.408290535426,21955.817490714577,22983.612890625,0.08943723554704158,631.7804860591153,0.020173385516301403,1.0632557729484728,48.0,0.010095720621826006
2023-02-11,21870.875,21891.41015625,21618.44921875,21651.841796875,16356226232,0.010095720621826006,0.012480567764206965,0.010146854341645195,48.18976310242213,35.4330645078886,12.614358244830886,6.250496096790562,436.02101719865095,810.4979508832076,-374.4769336845567,22529.667164900882,22093.64614770223,20253.626640625,19733.540087890626,24073.800303994245,21808.471375693258,22941.13583984375,0.09874528201723146,606.1505183048928,0.02037019371364424,0.6529969731787902,49.0,-0.0037871607629455096
2023-02-12,21788.203125,22060.994140625,21682.828125,21870.90234375,17821046406,-0.0037871607629455096,0.017356457228503097,-0.003779998514005456,47.36348351773207,34.19207072394288,9.468331248518146,8.778942449934085,344.57503553372226,717.3133678133106,-372.73833227958835,22415.5957741469,22071.020738613177,20352.4355859375,19727.828359375,24123.03068017924,21644.61814794576,22883.8244140625,0.10830412292057501,589.8659109706148,0.02019845210740372,0.7240485920397285,50.0,0.0009128497942385424
2023-02-13,21808.1015625,21898.4140625,21460.087890625,21787.0,23918742607,0.0009128497942385424,0.020099235626668273,0.0009132665684197239,47.596388789189554,34.8329802529896,12.855480369713293,11.646056621020776,270.5898821149458,627.9686706736377,-357.3787885586919,22322.13512620122,22051.545244086275,20451.757890625,19717.64943359375,24164.513922365375,21520.298187009626,22842.4060546875,0.11575907235976693,579.0416438923565,0.020056940742396372,0.976724234743941,48.0,0.018747466050136215
2023-02-14,22220.8046875,22293.140625,21632.39453125,21801.822265625,26792596581,0.018747466050136215,0.02973547101656914,0.018924303145655852,52.30969587237513,47.26132495090348,28.100562246446188,16.80812462155921,242.46284730405387,550.867505999721,-308.4046586956671,22306.545827939495,22064.08298063544,20557.777890625,19709.73029296875,24139.948526001102,21455.1581146239,22797.5533203125,0.11776660300581764,584.8776760250454,0.019925078489909227,1.102843841925613,50.0,0.08977000786319626
2023-02-15,24307.841796875,24307.841796875,22082.76953125,22220.5859375,32483312909,0.08977000786319626,0.09153722013737368,0.09392266116037784,67.98934107689234,75.18398159148018,100.0,46.98534753871983,384.15017807410914,517.5240404145986,-133.3738623404895,22614.437515468035,22230.287337393926,20709.59125,19712.988466796876,24354.9246946081,21367.688391329397,22861.30654296875,0.13066778566063458,702.034432425042,0.028581723852968217,1.3204399138793779,53.0,-0.028558101481565734
2023-02-16,23623.474609375,25134.1171875,23602.5234375,24307.349609375,39316664596,-0.028558101481565734,0.06483355117422843,-0.028154173176657027,60.91663317518303,62.52043604899613,58.88321904754817,62.32792709799812,436.1875968760178,501.2567517068825,-65.0691548308647,22769.673991453725,22333.486394577707,20851.009296875,19714.421357421874,24416.50106868409,21360.586626628407,22888.54384765625,0.1335128377932441,761.288669394682,0.029425123400434336,1.554200302318375,62.0,0.03910624942610064
2023-02-17,24565.6015625,24924.041015625,23460.755859375,23621.283203125,41358451255,0.03910624942610064,0.05956642879381961,0.03988096453648349,66.13881486428656,70.50057691090127,84.52609984673886,81.13643963142901,547.1422819772124,510.4338577609485,36.70842421626389,23045.970540845457,22498.828258868245,21009.4744921875,19720.678369140624,24659.24306111107,21271.29580607643,22965.26943359375,0.14752482067894784,811.4312755986332,0.030603694468110006,1.5531173857261817,61.0,0.0030758236488141917
2023-02-18,24641.27734375,24798.8359375,24468.373046875,24565.296875,19625427158,0.0030758236488141917,0.013410948061457472,0.0030805588480080637,66.52571905477055,71.07766701081302,86.58584883443385,76.66505590957361,633.8741655952144,535.1219193278017,98.75224626741272,23291.402356676925,22657.52819108171,21170.2483203125,19728.994169921876,24823.224212490582,21193.985748446918,23008.60498046875,0.15773396375505627,777.0763909576593,0.029858525746871707,0.7479373031065842,60.0,-0.01280971909443967
2023-02-19,24327.642578125,25093.0546875,24327.642578125,24640.02734375,25555105670,-0.01280971909443967,0.03146265023078091,-0.012728023845912761,63.29766402676726,64.93543872074662,78.04931468399126,83.05375445505466,669.583561307667,562.0142477237748,107.56931358389215,23450.823929207396,22781.24036789973,21325.85125,19736.39984375,24983.772677842506,21182.187673719993,23082.98017578125,0.16469212273167183,776.2432279874694,0.028433199861811937,0.9769937638499233,60.0,0.02040504474431612
2023-02-20,24829.1484375,25020.458984375,23927.91015625,24336.623046875,28987376573,0.02040504474431612,0.044002670122786004,0.020614650916729094,66.12794406080306,69.80342243787999,91.69933810110345,85.44483387317617,729.9365916159113,595.5987165022021,134.33787511370917,23662.873853560104,22932.937261944193,21489.9326171875,19747.39080078125,25215.311908732026,21119.634966267975,23167.4734375,0.17678565396926665,798.8364851401501,0.028615564479571882,1.0953366247154266,58.0,-0.015946381537723795
2023-02-21,24436.353515625,25126.8515625,24200.36328125,24833.048828125,31252098714,-0.015946381537723795,0.03791434268855164,-0.01581991113645098,62.08937489527961,61.94518889487346,81.00821698758654,83.58562325756041,737.5692957634965,623.992832354461,113.57646340903545,23781.87072464701,23044.301428883515,21644.8902734375,19753.12599609375,25312.292743527105,21093.912529910398,23203.10263671875,0.18180242011864176,807.954470576568,0.028464921796247846,1.170806464486892,60.0,-0.010180396881003117
2023-02-22,24188.84375,24472.33984375,23644.318359375,24437.41796875,30199996781,-0.010180396881003117,0.0342315446299495,-0.01012875204423358,59.61858767693329,57.21044185445396,74.27147795734736,82.32634434867911,715.399617757892,642.2741894351473,73.12542832274471,23844.4819593167,23129.08234155881,21795.07,19759.263818359374,25389.168054077338,21088.734484985165,23238.95126953125,0.18505282442459012,809.3878287050275,0.028454024459417308,1.1353617213269098,59.0,-0.010027916762018151
2023-02-23,23947.4921875,24572.08984375,23693.919921875,24190.71875,30476264066,-0.010027916762018151,0.03667064237871985,-0.00997780485063493,57.22713113853015,52.633687894345584,67.70235335332515,74.32734943275301,670.624393619506,647.9442302720191,22.680163347486882,23860.329686729514,23189.705293110008,21936.755078125,19763.121826171875,25434.690330897378,21093.02920035262,23263.859765625,0.18662686133278955,814.3008353600255,0.028567376044585303,1.1384862901819677,56.0,-0.03179206740644356
2023-02-24,23198.126953125,24103.705078125,23007.072265625,23946.0078125,26811744928,-0.03179206740644356,0.047272472243810766,-0.03129201289670536,50.45929140573553,40.80818203734947,47.30607521225579,63.09330217430943,568.1232233202682,631.980028881669,-63.85680556140085,23758.45234309805,23190.329119777783,22063.982890625,19760.065029296875,25427.949218797712,21086.398242139785,23257.17373046875,0.1866757769870442,834.467405155738,0.029479485152511635,0.9811185645183171,53.0,-0.000981248083164121
2023-02-25,23175.375,23210.2109375,22861.55859375,23200.125,16100721565,-0.000981248083164121,0.015044086395581517,-0.0009807668166905703,50.264924218458184,40.485976883765815,46.68681087638476,53.8984131473219,479.52672926593004,601.4893689585213,-121.96263969259121,23668.748136467584,23189.221407201654,22188.451015625,19760.1203125,25434.94027762769,21101.37808174731,23268.1591796875,0.1862443076143071,799.7663293410424,0.029240950357840315,0.5929289489370783,52.0,0.016511545833869257
2023-02-26,23561.212890625,23654.3671875,23084.220703125,23174.150390625,16644534842,0.016511545833869257,0.024198520128047445,0.016648614774302573,53.53373963672078,48.526781978999765,57.188575000943594,50.39382036319472,435.427920592123,568.2770792852416,-132.84915869311862,23652.204252491803,23216.77633189968,22320.5737109375,19758.1881640625,25465.545074819325,21150.883636118175,23308.21435546875,0.18511334128385565,783.3649118434679,0.029370386114024257,0.6211683128529357,51.0,-0.001628652491694882
2023-02-27,23522.87109375,23857.890625,23205.87890625,23561.451171875,22660763494,-0.001628652491694882,0.02771820311183182,-0.0016273269569350157,53.15983272752529,47.77839510723543,53.98704432305082,52.62081006679306,392.85682549193734,533.1930285265807,-140.3362030346434,23632.306843454604,23239.450017962667,22449.2082421875,19756.014873046875,25480.364711433867,21161.922007316134,23321.143359375,0.18517285527434219,773.9825409082202,0.02898828309026103,0.8528968952408267,50.0,-0.016092730875103014
2023-02-28,23147.353515625,23585.384765625,23077.650390625,23521.837890625,20535363434,-0.016092730875103014,0.021934877983233268,-0.01596393470118429,49.512360198701096,40.62037105646007,34.88897707851935,48.68819880083792,325.0705843465803,491.5685396905807,-166.4979553440004,23557.698639173126,23232.628054826546,22568.22421875,19749.737548828125,25485.305060171533,21177.77716639097,23331.54111328125,0.18462251905548344,754.9648147719188,0.029045622196427045,0.7800005388684685,53.0,0.021336804939163678
2023-03-01,23646.55078125,23880.6328125,23088.626953125,23150.9296875,24662841200,0.021336804939163678,0.033493504684962476,0.02156606219747892,54.028086530960444,51.81609760147574,34.54221993038546,41.139413777318545,308.079201968063,454.87067214607714,-146.79147017801415,23571.368199492645,23263.28899752458,22692.229375,19745.8499609375,25464.390401121847,21381.44299731565,23422.91669921875,0.1743142178336133,757.6106036721388,0.02681109598308084,0.9510624424150883,50.0,-0.007261350209481709
2023-03-02,23475.466796875,23739.138671875,23245.021484375,23647.01953125,20386398516,-0.007261350209481709,0.021048236943504602,-0.007235050302163204,52.30153778069647,48.18365709363417,27.100609572092463,32.177268860332426,277.6082660009306,419.41819091704787,-141.80992491611727,23556.61413755147,23279.00587155054,22803.04078125,19741.630625,25386.850658666877,21641.411060083123,23514.130859375,0.15928462850628652,738.7896453741289,0.026800653322292558,0.7964281919315481,51.0,-0.04856242572977136
2023-03-03,22362.6796875,23479.34765625,22213.23828125,23476.6328125,26062404610,-0.04856242572977136,0.05661706882595619,-0.047402129167592566,42.7354393479895,31.45218510283989,5.129074857384182,22.25730145328737,161.80205654946258,367.8949640435308,-206.09290749406824,23372.93191446663,23211.129857917167,22872.9026171875,19732.75916015625,25335.877382034836,21741.56480546516,23538.72109375,0.1526978701287232,776.4553403474055,0.02920534536151916,0.9992259900919943,50.0,-0.0004173035221196778
2023-03-04,22353.349609375,22405.177734375,22198.98046875,22362.923828125,11166012913,-0.0004173035221196778,0.009224445965741117,-0.0004172164631153219,42.66497818735826,31.34571380715262,5.272402222711414,12.500695550729352,68.48251805131076,308.0124748450868,-239.52995679377602,23216.073098298686,23147.590580247375,22921.778125,19725.109453125,25268.37058276917,21865.586253168327,23566.97841796875,0.14438780692421627,735.7226207243765,0.029185307900030006,0.4336342449921811,50.0,0.00366895467532336
2023-03-05,22435.513671875,22613.685546875,22307.142578125,22354.14453125,13317001733,0.00366895467532336,0.01366329174509965,0.0036756935285233716,43.54770141916695,33.65323080723297,8.07867544544284,6.160050841846146,1.142890104878461,246.63855789704513,-245.49566779216667,23095.98703269504,23094.844142590162,22950.962421875,19720.60703125,25188.352726164074,22008.345320710923,23598.3490234375,0.13475550354369362,705.0669312976353,0.02918998763098435,0.5280385245785442,47.0,-0.0002565841781915384
2023-03-06,22429.7578125,22584.29296875,22331.314453125,22436.81640625,17353192895,-0.0002565841781915384,0.011278700275756712,-0.00025655126328649747,43.49717964109922,33.561039977537774,7.882086893874202,7.077721520676152,-52.08825892129971,186.89319453337617,-238.9814534546759,22993.49022958811,23045.57848850941,22981.9416015625,19716.69212890625,25164.83991969117,22052.75343968383,23608.7966796875,0.13181893690858507,672.7749016067328,0.028904102030624098,0.7012018922708023,48.0,-0.009406138966041635
2023-03-07,22219.76953125,22527.41796875,22011.26171875,22428.322265625,22765452204,-0.009406138966041635,0.023229595125821408,-0.00936203961743065,41.6009697316001,30.056499845806883,8.14220253458049,8.034321624632511,-109.9511786407129,127.52431989855836,-237.47549853927126,22874.456275997632,22984.407454638345,23002.9443359375,19723.403212890626,25137.125921328632,21871.660211483868,23504.39306640625,0.13893001621522166,661.5878550633946,0.019873740069011915,0.9383214333067259,49.0,-0.022837315061132093
2023-03-08,21718.080078125,22268.896484375,21708.05078125,22216.44140625,22536575684,-0.022837315061132093,0.02582390805759566,-0.022578517406286358,37.40545846810329,23.280484949712275,0.3501801705960496,5.458156533016914,-194.05318119277945,63.208819680290794,-257.26200087307024,22696.55224555569,22890.60542674847,23014.075546875,19726.163310546875,25216.015153979602,21602.2315257079,23409.12333984375,0.15437500908548865,654.391987067795,0.019547605757940477,0.9621604821809926,50.0,-0.06442451332853331
2023-03-09,20363.021484375,21802.716796875,20210.306640625,21720.080078125,30364664171,-0.06442451332853331,0.07820107430873614,-0.06239311158608585,28.921326238122234,13.611097197324042,3.9224047115008376,4.138262472225793,-365.8294735063064,-22.59883895702864,-343.23063454927774,22337.54751306635,22703.376986572657,23007.5603515625,19720.3078125,25361.51604952631,21036.472622348687,23198.9943359375,0.18643236704781257,721.3932848665238,0.021119592859277402,1.3275216444208096,44.0,-0.00866965688311379
2023-03-10,20187.244140625,20370.595703125,19628.25390625,20367.001953125,39578257695,-0.00866965688311379,0.03677281513533115,-0.008632183779056501,28.03308120545016,12.806132984192416,13.14535338216017,5.80597942141902,-510.2651661478849,-120.13210439519989,-390.13306175268497,22006.731609613835,22516.99677576172,22989.569375,19714.2494921875,25400.381749405777,20552.203602156722,22976.29267578125,0.21100785125179927,722.8896071528435,0.020917299399428456,1.6580170635842288,34.0,0.021812221244110887
2023-03-11,20632.41015625,20792.525390625,20068.66015625,20187.876953125,30180288176,0.021812221244110887,0.03508389126103746,0.022051846825845045,33.59540780536264,25.775953338888115,23.613988126131606,13.560582073264206,-582.1002270434437,-212.52572892484866,-369.5744981185951,21795.297539865554,22377.397766908998,22948.6865234375,19709.771103515624,25335.77714178463,20247.28496759037,22791.5310546875,0.22326241102384023,722.959294811569,0.022070639878976242,1.2521851226191736,33.0,0.07160391184533008
2023-03-12,22163.94921875,22185.03125,20448.806640625,20628.029296875,29279035521,0.07160391184533008,0.07833552550762067,0.07422977009964415,48.37796204518017,53.52388854059622,59.63004164029509,32.129794382862286,-509.57358057081365,-271.93529925404164,-237.638281316772,21852.013182770854,22361.586763341667,22936.4130078125,19713.615751953126,25035.35968178467,20281.182505715333,22658.27109375,0.20982082685826445,795.3353887089569,0.027794679338172156,1.2140574375595172,33.0,0.08778363436848541
2023-03-13,24197.533203125,24550.837890625,21918.19921875,22156.40625,49466362688,0.08778363436848541,0.10879781214785178,0.09175187888693825,60.84269283706719,70.56830512440573,92.82277989321379,58.6889365532135,-284.72037924671895,-274.4923152525771,-10.228063994141849,22212.862416671494,22497.582795918213,22965.9553515625,19726.598896484375,24989.73144204527,20302.92871420473,22646.330078125,0.206956390358706,926.5713375065314,0.0346181353352446,1.976488761594982,49.0,0.02241616479750579
2023-03-14,24746.07421875,26514.716796875,24081.18359375,24201.765625,54622230164,0.02241616479750579,0.09834017232847066,0.022669294883089997,63.40924891805472,73.61358069284974,74.31711161135028,75.58997771495306,-61.55040682901745,-231.90393356786518,170.35352673884773,22602.587309298957,22664.137716127974,23002.188203125,19749.029169921876,25102.01785154496,20246.36535158004,22674.1916015625,0.21414886957338367,1034.2114707649935,0.03490409535940589,2.080965337705795,56.0,-0.015069419825617957
2023-03-15,24375.9609375,25240.615234375,23964.91015625,24770.92578125,43655701450,-0.015069419825617957,0.0523345554005403,-0.014956444322371198,60.526582806376,68.06942094933643,68.94260677296859,78.6941660925109,84.47458510028082,-168.62822983423598,253.1028149345168,22875.414021329885,22790.939436229604,23036.978046875,19770.700283203125,25175.02007727717,20216.21000084783,22695.6150390625,0.21849198921882038,1051.461014147851,0.035007037816977934,1.6224375407072258,50.0,0.027387721969650478
2023-03-16,25052.7890625,25190.326171875,24225.111328125,24373.45703125,33866061747,0.027387721969650478,0.038527241072522804,0.027766213062754286,63.7702444695806,72.48982231572322,78.77099234259695,74.01023690897195,251.91094390414582,-84.52039508655962,336.43133899070546,23210.39479689452,22958.483852990375,23075.676640625,19797.88015625,25466.743533327215,20109.952755735285,22788.34814453125,0.23506709409639476,1045.3005734051474,0.03459818385076744,1.2423265475387144,52.0,0.09043081735478727
2023-03-17,27423.9296875,27787.8125,24955.169921875,25055.123046875,50730261335,0.09043081735478727,0.10329090726250426,0.0946457745317153,72.34419126004158,82.43085119086844,95.54041057099921,81.08466989552159,569.3733154011388,46.258347010980074,523.1149683901588,23858.630933910747,23289.257618509608,23163.4996875,19833.509833984375,26356.5269096486,19645.0248481639,23000.77587890625,0.2917945940962689,1172.9678594565653,0.039602984000233044,1.749821964162113,51.0,-0.016843655914946763
2023-03-18,26965.87890625,27725.953125,26636.26171875,27448.1171875,35723036817,-0.016843655914946763,0.04041000888709908,-0.01670259464889101,68.94959521046242,76.22318786952827,89.92673948833973,88.0793808006453,775.0691473813968,192.02050708506343,583.0486402963334,24336.6690835014,23561.599936120005,23241.2426953125,19869.355185546876,26942.84400483799,19399.17435453701,23171.0091796875,0.3255650020161409,1167.019541370382,0.03994498409903123,1.1929312619254555,64.0,0.03901251239696352
2023-03-19,28038.67578125,28440.560546875,26907.716796875,26969.50390625,37769448859,0.03901251239696352,0.05466890669013128,0.039783493752593824,72.2355532564489,80.28086038380718,95.43950543241087,93.63555183058327,1012.9733915553152,356.2110839791138,656.7623075762014,24906.208575462726,23893.23518390741,23341.3944140625,19909.29974609375,27725.412043524895,19068.186784600108,23396.7994140625,0.3700175013562503,1193.1498419867833,0.040525908521776184,1.2302339485892746,63.0,-0.009728058677075274
2023-03-20,27767.236328125,28527.724609375,27242.880859375,28041.6015625,44774027664,-0.009728058677075274,0.04627193483777144,-0.00968089417783835,70.21095080864595,76.43057639604798,91.45467964760017,92.27364152278359,1166.168459629691,518.2025591092292,647.9659005204617,25346.36669125692,24180.19823162723,23421.2478125,19947.500224609375,28353.378517064062,18902.20859231094,23627.7935546875,0.4000022220812959,1199.69940684487,0.04034489375942261,1.4030044136501703,66.0,0.014607259457310753
2023-03-21,28175.81640625,28439.5625,27439.646484375,27768.392578125,36102192830,0.014607259457310753,0.035488448718142454,0.014714466837708162,71.50555741429157,78.261465394313,96.04574007978441,94.31330838659848,1305.4966991437468,675.6613871161328,629.835312027614,25781.6666474097,24476.169948265953,23527.9613671875,19988.53044921875,28978.985391732298,18729.528280142702,23854.2568359375,0.42966994034156336,1185.4291646148793,0.040265440865992604,1.1113520147245313,68.0,-0.031304934786025286
2023-03-22,27307.4375,28803.3359375,26759.99609375,28158.720703125,33382021890,-0.031304934786025286,0.07482722770124439,-0.030820008681536337,65.0363090469562,65.62169060282952,83.69607560559106,90.39883177765857,1330.5071541146572,806.6305405158377,523.8766135988195,26016.400624731283,24685.893470616626,23611.324453125,20025.907197265624,29381.78994123935,18709.920800948148,24045.85537109375,0.44381324663210686,1246.7084988388165,0.04111891096451978,1.0074637842345373,62.0,0.03690243092144147
2023-03-23,28333.97265625,28729.84375,27183.36328125,27301.95703125,24220433689,0.03690243092144147,0.05458043203161179,0.03759177902540278,68.64738813185932,71.88425621646141,94.88436964758064,91.54206177765205,1416.8286096005359,928.6701543327774,488.1584552677584,26372.950168041854,24956.12155844132,23703.528515625,20067.64349609375,29932.497348413814,18756.34269064869,24344.42001953125,0.459084860054116,1268.120782403901,0.03938376914005033,0.733006003018548,57.0,-0.03011973318555565
2023-03-24,27493.28515625,28388.4375,27039.265625,28324.111328125,25980310960,-0.03011973318555565,0.04907277785584292,-0.02967065403073854,62.916405699421695,61.2275664329782,85.00172400145433,87.86072308487535,1401.2497942735135,1023.1860823209247,378.06371195258885,26545.309396996956,25144.059602723442,23783.956796875,20106.04806640625,30271.744557553346,18931.089036196656,24601.416796875,0.4609757078217234,1273.9101461607654,0.040416527517576066,0.7690275816014669,61.0,5.171583626720892e-05
2023-03-25,27494.70703125,27791.826171875,27196.234375,27487.337890625,13383005987,5.171583626720892e-05,0.02166205285250215,5.17171735541222e-05,62.92204379401503,61.23890500062536,84.3362940059413,88.07412921832542,1373.188937031271,1093.186653262994,280.00228376827704,26691.37057149742,25318.18163446615,23864.8644921875,20149.33326171875,30566.876875848808,19141.876053838692,24854.37646484375,0.459677628130026,1225.4588354974965,0.04045606445173582,0.3961036283038553,64.0,0.01800847790347154
2023-03-26,27994.330078125,28178.14453125,27445.046875,27495.5234375,13878363192,0.01800847790347154,0.026187362019527254,0.018171608313816145,64.93919365808867,65.38830956644014,88.24996666846326,85.86266155861965,1375.4110276944048,1149.6315281492762,225.7794995451286,26891.825880209355,25516.41485251495,23958.114140625,20192.853291015625,30887.526703793956,19377.683452456047,25132.605078125,0.4579645928290929,1190.2901798369608,0.04041450469590136,0.412888168226352,64.0,-0.030997440056033318
2023-03-27,27139.888671875,28037.92578125,26606.689453125,27994.068359375,18188895178,-0.030997440056033318,0.052735526863387124,-0.03052194511765327,59.02515671697463,53.88016579777769,65.62007270895347,79.40211112778601,1293.3172141519099,1178.368665349803,114.94854880210687,26929.989386619454,25636.672172467544,24041.79859375,20231.903564453125,31034.224396634607,19722.99767367789,25378.61103515625,0.44569920344685543,1207.500619000392,0.041269882280931876,0.5448377411273398,64.0,0.004714100093914092
2023-03-28,27268.130859375,27460.71875,26677.818359375,27132.888671875,17783600385,0.004714100093914092,0.028711186500552995,0.004725228944394866,59.61956040906759,55.25898222504504,68.2705667600758,74.0468687124975,1224.4901875684482,1187.5929697935321,36.897217774916044,26982.011151658768,25757.52096409032,24131.9590234375,20261.33845703125,31106.993458561665,20205.233689875837,25656.11357421875,0.4249185963863506,1177.1720312592927,0.04056995059856215,0.5365166355669684,59.0,0.03885339931269162
2023-03-29,28348.44140625,28619.54296875,27259.662109375,27267.03125,20684945906,0.03885339931269162,0.04797021606539491,0.0396180637553154,64.31572640574893,65.41947519768806,90.06395338667973,74.65153095190301,1242.7901939837611,1198.632414631578,44.15777935218307,27192.23119082665,25949.440996842888,24233.64203125,20294.67796875,31047.456610754227,21063.312529870775,26055.3845703125,0.383189281046321,1190.2226618389861,0.03681241003535444,0.6332948784958244,57.0,-0.011169598741333131
2023-03-30,28033.5625,29159.90234375,27720.16015625,28350.140625,22435349951,-0.011169598741333131,0.051357803258148156,-0.0111074503792854,62.05057194626724,60.72970227976929,73.21256787018719,77.18236267231424,1217.8464094062,1202.4752135865024,15.371195819697732,27321.66677685332,26103.82036744712,24335.5253125,20325.999501953123,30713.935280552672,22181.46569600983,26447.70048828125,0.32261668980724834,1208.045485100487,0.03690664792713396,0.7053970552781236,60.0,0.015746414888453637
2023-03-31,28478.484375,28639.896484375,27583.71484375,28032.26171875,19001327598,0.015746414888453637,0.03708700318167828,0.015871042968584437,63.980930590174474,64.88005977556985,73.3113532658377,78.86262484090155,1219.9173099861036,1205.9636328664228,13.953677119680833,27499.63871502973,26279.721405043627,24468.71421875,20356.539677734374,30252.693286445097,23427.315111992404,26840.00419921875,0.2542986999477207,1197.1980676379521,0.036884900010246954,0.608113886592984,63.0,-0.0023712364214005313
2023-04-01,28411.03515625,28802.45703125,28297.171875,28473.33203125,10876469901,-0.0023712364214005313,0.017784820351357204,-0.0023684272611504964,63.4539804931701,63.68955946657228,70.66961434161156,72.39784515921217,1202.2570544149567,1205.2223171761298,-2.9652627611731077,27639.85355214054,26437.596497725583,24603.91125,20397.111318359373,29868.36946744224,24436.347524745262,27152.35849609375,0.20005709424757523,1147.7757168245269,0.034670191171073825,0.35864925499458183,61.0,-0.007480171844976413
2023-04-02,28199.30859375,28518.958984375,27884.087890625,28462.845703125,12284641999,-0.007480171844976413,0.0225137113429338,-0.00745226498561502,61.735144222394425,59.679172533728526,62.377060153223,68.78600925355742,1157.8298685183108,1195.743827444566,-37.91395892625519,27725.923558541996,26568.093690023685,24730.479921875,20436.902412109375,29737.734655588334,24967.159875661666,27352.447265625,0.17441125957025627,1111.1396723192036,0.030000130568457177,0.4315379835853447,63.0,-0.014613274150394037
2023-04-03,27790.220703125,28475.623046875,27276.720703125,28183.080078125,19556501327,-0.014613274150394037,0.043141159494828475,-0.014507018470504951,58.44116780586305,52.261196178391025,46.35458540671412,59.800419967182904,1077.1938100193038,1172.0338239595137,-94.84001394020993,27735.81542693938,26658.621616920078,24850.5202734375,20477.3474609375,29572.65378693149,25436.655392756013,27504.65458984375,0.15037448954922406,1117.4084345642605,0.030183105071982658,0.7320740371510166,63.0,0.01350558587463783
2023-04-04,28168.08984375,28433.7421875,27681.3046875,27795.2734375,15284538859,0.01350558587463783,0.02671240769870494,0.0135971982612757,60.535768089980145,57.90033611313018,61.15433602729404,56.62866052907706,1031.8851052050486,1144.0040802086207,-112.11897500357213,27802.319183371786,26770.434078166738,24977.7200390625,20519.324990234374,29198.622273662884,26189.899796649617,27694.26103515625,0.10864064844315106,1091.3390820953848,0.029817289328986807,0.6042448951572165,62.0,0.0003512057047058866
2023-04-05,28177.984375,28739.23828125,27843.763671875,28169.7265625,17052315986,0.0003512057047058866,0.03177922868640245,0.000351267384649967,60.591777777299704,58.05171181507988,61.54186858622523,56.35026334007781,985.416765120317,1112.28661719096,-126.86985207064299,27860.113828237667,26874.69706311735,25096.8636328125,20559.57703125,28754.26694652388,26946.774655038622,27850.52080078125,0.06489976630650852,1077.3487626153574,0.029466090037650747,0.6973054878559547,62.0,-0.004761257346579407
2023-04-06,28044.140625,28178.384765625,27738.759765625,28175.2265625,13837809380,-0.004761257346579407,0.015676180128981934,-0.004749940528704033,59.364414189024785,54.93445880433642,56.29969898527055,59.665301199596605,927.1031309784812,1075.2499199484644,-148.14678896998316,27888.425643124177,26961.322512145696,25171.589609375,20602.700205078127,28766.975988249153,26996.08670706335,27881.53134765625,0.06351477826323428,1031.797065285689,0.02177354414893881,0.6120226752370066,63.0,-0.00422660089629551
2023-04-07,27925.859375,28111.59375,27794.03125,28038.966796875,10861680497,-0.00422660089629551,0.0113716285588794,-0.004217681389550476,58.24163186266813,52.05265438879151,51.667055525169346,56.502874365555044,861.4149916254391,1032.4829342838593,-171.06794265842018,27894.18467879738,27032.76968717194,25257.6373046875,20644.608857421874,28708.956892750444,27150.10384943706,27929.53037109375,0.05581379359413623,980.7803106224255,0.021405406009994184,0.5083415701505326,64.0,0.0007851839396583646
2023-04-08,27947.794921875,28159.86328125,27883.38671875,27920.513671875,9373255556,0.0007851839396583646,0.009892607387196734,0.0007854922772632111,58.39877403576353,52.5907532313086,52.5261905763648,53.49764836226823,801.8830743146464,986.3629622900168,-184.4798879753704,27902.43240850163,27100.549334186984,25325.281171875,20689.89388671875,28702.87274914497,27147.09990710503,27924.986328125,0.05571257309705564,930.4729000422523,0.019527218412652567,0.46990604495216115,61.0,0.01369069252890777
2023-04-09,28333.05078125,28532.830078125,27828.48046875,27952.3671875,12175322951,0.01369069252890777,0.02485964588893189,0.013784839213681899,61.163040636181755,61.45452336334474,67.61525192293718,57.269499341490445,776.8356512513274,944.457500082279,-167.62184883095165,27968.68138892446,27191.84573767313,25399.116640625,20738.822138671876,28747.148659502986,27159.405442059513,27953.27705078125,0.05679989557428644,914.3212364231629,0.01962532458141486,0.6646952982328078,61.0,0.045533646757390224
2023-04-10,29652.98046875,29771.46484375,28189.271484375,28336.02734375,19282400094,0.045533646757390224,0.05335697573612897,0.04658621825410658,68.80981075926785,77.94016865394964,96.17007387242124,72.10383879057441,853.6523102330393,926.2964621124311,-72.64415187939176,28227.804324282235,27374.152014049196,25505.6233984375,20790.019287109375,29111.71147682626,26942.55903098624,28027.13525390625,0.07739472572523089,962.0263880625798,0.021845928723849176,1.1033545455484257,62.0,0.019439489564332186
2023-04-11,30235.05859375,30509.083984375,29609.30078125,29653.6796875,20121259843,0.019439489564332186,0.02975959845869118,0.019629666758571807,71.47694018836444,81.91882516999497,91.56694940926992,85.11742506820946,950.5416534781616,931.1455003855772,19.396153092584427,28536.612673431122,27586.07101995296,25613.7416015625,20844.70638671875,29574.226147985013,26772.806469202485,28173.51630859375,0.09943450608357368,957.580446281324,0.020618713370992064,1.1967593220888038,68.0,-0.0031803678161343176
2023-04-12,30139.052734375,30462.48046875,29725.57421875,30231.58203125,18651929926,-0.0031803678161343176,0.024450212702256696,-0.003175315803583212,70.40752510614412,79.17115565937489,88.5523000416926,92.09644110779459,1007.9611369995218,946.5086277083661,61.45250929115571,28783.141913576335,27775.180776576814,25727.7955859375,20900.716591796874,29906.00122001483,26621.53940498517,28263.7703125,0.11620749032117153,941.8180036898009,0.019267786921781164,1.1280479312798057,65.0,0.008590133768281546
2023-04-13,30399.06640625,30539.845703125,29878.623046875,29892.740234375,17487721001,0.008590133768281546,0.02175141326425912,0.00862713483952482,71.64488188231223,81.16707834188455,95.68575225052672,91.93500056716307,1062.2030066088519,969.6475034884634,92.5555031203885,29031.745681679975,27969.542675071123,25852.0000390625,20958.701435546875,30254.501087237182,26563.61766276282,28409.059375,0.12991924075185482,921.7754788726722,0.01763116407961387,1.0855151157545286,61.0,0.002845797962018112
2023-04-14,30485.69921875,31005.607421875,30044.498046875,30409.5625,22659995079,0.002845797962018112,0.031526564901909054,0.002849851088919886,72.06401174532978,81.84338917389402,86.05728083637564,90.09844437619832,1099.506199959651,995.6192427827009,103.88695717695009,29255.43084122921,28155.924641269557,25982.7641796875,21015.016572265624,30561.475264742658,26555.742704007345,28558.608984375,0.14026357386408178,924.585042881767,0.01760073916698256,1.3672082544600115,68.0,-0.0054997371675221595
2023-04-15,30318.49609375,30601.740234375,30245.8828125,30490.75,11940685378,-0.0054997371675221595,0.011737304540918774,-0.005484641300179338,69.9159821193507,75.72057195218171,81.57328500568303,87.77210603086179,1102.8642223859533,1017.0682387033514,85.7959836826019,29418.979341617025,28316.11511923107,26125.1715625,21071.056318359377,30799.249974391892,26550.384595920605,28674.81728515625,0.1481741046932755,883.9616413812836,0.017482321968276284,0.7246866505926377,68.0,-0.00010359312238552485
2023-04-16,30315.35546875,30555.537109375,30157.83203125,30315.9765625,12854816417,-0.00010359312238552485,0.013118931708881548,-0.00010358775680330279,69.87385198016389,75.59663846867953,81.4890608058915,83.03987554931673,1092.6763642027327,1032.1898638032276,60.486500399505076,29556.883361175947,28464.206996973215,26267.971171875,21125.4994921875,30950.06181405604,26717.11943594396,28833.590625,0.14680594009828002,849.2290297201205,0.015478424948452873,0.793001603573429,68.0,-0.02912872327682135
2023-04-17,29445.044921875,30319.197265625,29275.37109375,30317.146484375,17872186762,-0.02912872327682135,0.03544997722518439,-0.028708571396173888,59.22372059940472,49.43699626679956,53.05594512007041,72.03943031054833,1002.8157893602875,1026.3150489146396,-23.499259554352193,29539.677447437338,28536.86165807705,26385.6478125,21174.859462890625,30946.60776830281,26938.264887947193,28942.436328125,0.13849362351228472,863.1288255883262,0.017313691405369848,1.102217317706168,69.0,0.03183646099781629
2023-04-18,30397.552734375,30470.302734375,29154.849609375,29449.091796875,19480529496,0.03183646099781629,0.043274968103350735,0.032348662229154,65.43348179839867,64.93174556286925,81.3871122414694,71.97737272247711,996.9676341206468,1020.4455659558412,-23.47793183519434,29671.65826081236,28674.690626691714,26523.1414453125,21229.68828125,31125.18546683752,26964.59832222498,29044.89189453125,0.14324677673859476,895.4377041177314,0.016624207178301643,1.2058859759662752,58.0,-0.05319953662867234
2023-04-19,28822.6796875,30411.0546875,28669.8984375,30394.1875,24571565421,-0.05319953662867234,0.060409242613035576,-0.0518092051895368,51.47532462338398,40.808835983868654,33.17938379530152,55.874147052280456,855.3933932662767,987.4351314179283,-132.04173815165166,29541.04617261046,28685.652779344182,26636.64796875,21277.241201171873,31115.778902570866,27052.916605241637,29084.34775390625,0.139692398526749,955.8461716807506,0.020725465077730286,1.5110411458065705,63.0,-0.020211126619281063
2023-04-20,28245.98828125,29076.400390625,28037.2578125,28823.68359375,21340360360,-0.020211126619281063,0.036789032402693246,-0.020008250880993006,47.48110887450455,35.219052371759375,14.072748303713313,42.87974811349475,688.7214582719316,927.6923967887291,-238.97093851679745,29341.806497016543,28653.08503874461,26728.63671875,21323.25060546875,31120.484459191848,27024.961439245653,29072.72294921875,0.1408716695405461,961.795914998197,0.020972493905328564,1.30296558598245,52.0,-0.034910877271712444
2023-04-21,27276.91015625,28349.96875,27177.365234375,28249.23046875,20759504330,-0.034910877271712444,0.0429888689337608,-0.034308522518338824,41.63471564751366,27.763536832318692,2.6002775425242084,16.617469880513024,472.9839783387906,836.7507130987414,-363.76673475995074,29024.130136898617,28551.146158559826,26804.6655859375,21361.517255859377,31192.685570906942,26839.34782753056,29016.01669921875,0.15003223180160336,976.8536007572544,0.022349609148853894,1.2303786977525948,50.0,0.019624756556398195
2023-04-22,27817.5,27872.142578125,27169.5703125,27265.89453125,13125734602,0.019624756556398195,0.025256484789251372,0.01981858797984626,45.6546876986388,36.510508921107004,16.890600091341824,11.187875312526458,341.6927325554025,737.7391169900736,-396.04638443467115,28838.49473122191,28496.801998666506,26913.7619921875,21398.920537109374,31208.33207324691,26785.52046581559,28996.92626953125,0.15252691151884695,957.2620768192363,0.022819033293882206,0.7760046236833377,53.0,-0.008161741227378502
2023-04-23,27591.384765625,27820.244140625,27400.314453125,27816.14453125,12785446832,-0.008161741227378502,0.015219594488174205,-0.008128524647254443,44.28086358522574,34.473489170842655,10.996099388457836,10.162325674107967,216.8976041133683,633.5708144147326,-416.6732103013643,28646.631659591614,28429.734055478246,27018.5226953125,21436.073876953124,31221.666103325,26752.302841987505,28986.98447265625,0.15418517457562703,918.8811918678623,0.022656749051314005,0.7713249958802663,56.0,-0.0023965485595713668
2023-04-24,27525.33984375,27979.982421875,27070.849609375,27591.73046875,17703288330,-0.0023965485595713668,0.03302894052029046,-0.002393679129772508,43.865656569470254,33.83029872797778,11.550653331983186,13.14578427059429,111.38333473868624,529.1333184795234,-417.74998374083714,28474.12522638521,28362.741891646525,27120.31921875,21473.923359375,31253.28862656334,26656.405318749163,28954.84697265625,0.15876040761518376,918.1848790558722,0.022422401012553002,1.06027457167855,53.0,0.02802320777395386
2023-04-25,28307.59765625,28371.078125,27207.931640625,27514.873046875,17733373139,0.02802320777395386,0.0410895512399015,0.02841955147295372,49.86229931503456,47.39322218060517,31.43136390621246,17.992705542217838,89.84846674156142,441.276348131931,-351.4278813903696,28448.505600210563,28358.657133469,27237.876015625,21517.727099609376,31251.687712510025,26670.967560927475,28961.32763671875,0.15816678741532775,935.682136578667,0.02335456868255784,1.0599147252573269,53.0,0.004057925868580612
2023-04-26,28422.701171875,29995.837890625,27324.548828125,28300.05859375,31854242019,0.004057925868580612,0.0939843488606674,0.004066170397882152,50.6968969419974,49.18136658395437,34.35666505840377,25.779560765533148,81.13455184505074,369.247988874555,-288.11343702950427,28444.53568815894,28363.40113631389,27361.9346484375,21562.757763671874,31246.10947371903,26714.401854405973,28980.2556640625,0.15637224432539026,1059.6540598587621,0.02333863143444098,1.8066394485567943,56.0,0.03631313286229464
2023-04-27,29473.787109375,29871.546875,28402.88671875,28428.46484375,27153445027,0.03631313286229464,0.049829367050793744,0.036980508331842854,57.632440460587205,62.69162476954789,61.06951468185184,42.285847882156034,157.2301115204864,326.84441340374127,-169.61430188325488,28602.882060653716,28445.65194913323,27517.0487890625,21612.8945703125,31279.474958812218,26835.82914275028,29057.65205078125,0.15292515060391687,1088.8687810295648,0.024616416343603554,1.4720224013039502,59.0,-0.004540602889751968
2023-04-28,29340.26171875,29572.791015625,28929.609375,29481.013671875,17544464887,-0.004540602889751968,0.021921469099028944,-0.00453030993708059,56.54424976494611,60.315116874916306,64.27307867614846,53.23308613880136,204.40574550100428,302.3566798231939,-97.9509343221896,28716.32508497622,28511.919339475215,27696.59359375,21663.88845703125,31292.15979225393,26962.39098899607,29127.275390625,0.14864997653201206,1057.0339852863815,0.0246669447769383,0.9304982915398583,64.0,-0.0031328032278842735
2023-04-29,29248.48828125,29452.455078125,29088.04296875,29336.56640625,10662634333,-0.0031328032278842735,0.012459177577687308,-0.0031279011203009244,55.76489231510483,58.535808238760566,62.49164873105551,62.61141402968528,231.7163441125158,288.2286126810583,-56.51226856854248,28798.19634594142,28566.480001828902,27877.8184765625,21714.87380859375,31307.320955008705,27038.773576241292,29173.047265625,0.14631818678047737,1007.5609941498542,0.024549341162666407,0.5677871999237275,64.0,0.0006944394889976754
2023-04-30,29268.806640625,29952.029296875,29114.021484375,29245.515625,14652199272,0.0006944394889976754,0.028631430819487123,0.000694680667924441,55.90978510750755,58.849367803316454,64.65619470043436,63.80697403587945,252.09373244360904,281.0016366335684,-28.907904189959368,28870.59792973889,28618.504197295282,28050.54640625,21765.430615234374,31277.376914249624,27030.300234187875,29153.83857421875,0.14567812980269135,995.4500526034361,0.02226628101425892,0.7899709757583546,60.0,-0.041052856211014906
2023-05-01,28091.568359375,29329.935546875,27680.79296875,29227.103515625,18655599976,-0.041052856211014906,0.058705963192497636,-0.04022160164248023,46.42201590951124,38.94279505066674,30.025969250568796,52.39127089401956,171.27531360109424,259.05637202707356,-87.78105842597932,28750.747226605985,28579.47191300489,28169.0987890625,21808.973935546874,31157.433077213434,26935.895047786566,29046.6640625,0.1453364152366462,1042.1423758549765,0.02346952253849872,1.0098034578814221,63.0,0.020749270291120427
2023-05-02,28680.537109375,28881.298828125,27924.123046875,28087.17578125,16432924527,0.020749270291120427,0.03337370487866915,0.020966033026897257,50.91028946852821,49.01010572609098,48.191277551843804,47.624480500949,152.98744626179177,237.84258687401723,-84.85514061222545,28739.94567010891,28586.95822384712,28258.7588671875,21856.44833984375,31028.54249145189,26918.93407104811,28973.73828125,0.14183908132639086,1036.0733333831924,0.024097715949811832,0.8948671243282512,55.0,0.011294600825028724
2023-05-03,29006.30859375,29259.533203125,28178.388671875,28680.494140625,19122972518,0.011294600825028724,0.03727273767896666,0.01135862564681589,53.243430993417235,53.91371499161605,66.16980303072795,48.12901661104686,162.90336722801294,222.8547429448164,-59.951375716803454,28780.92458143831,28618.021214210297,28343.9635546875,21906.141708984374,30852.618471446607,26955.582309803394,28904.100390625,0.13482641248046628,1039.292704659393,0.024170583733143146,1.0367396648597957,64.0,-0.005482697825375376
2023-05-04,28847.7109375,29353.185546875,28694.0390625,29031.3046875,15548678514,-0.005482697825375376,0.022849178078741626,-0.005467695268338013,51.948949739574005,51.12139655983726,60.74763921329813,58.36957326528997,156.16413766048936,209.516621887951,-53.352484227461645,28791.199405447802,28635.035267787312,28433.3985546875,21954.039794921875,30630.580814609006,27013.821138515996,28822.2009765625,0.12548520076707775,1012.1394032105078,0.024148181819677043,0.8595305885275101,64.0,0.02352452363535224
2023-05-05,29534.384765625,29668.908203125,28845.509765625,28851.48046875,17936566518,0.02352452363535224,0.02787931572078493,0.023803407820215394,56.84149182086445,61.25718203734193,84.22376158024137,70.38040127475583,203.88186559721362,208.38967062980353,-4.507805032589914,28905.535614705834,28701.65374910862,28523.03046875,22003.9579296875,30491.13787120598,27074.85294910652,28782.99541015625,0.11869108386453776,998.6579056597573,0.0248372461868071,0.9753685804819147,61.0,-0.02155362050914689
2023-05-06,28904.623046875,29820.126953125,28468.966796875,29538.859375,15913866714,-0.02155362050914689,0.04674546884969945,-0.021323001096775096,51.647606774121776,50.13369635674049,62.69336014968009,69.2215869810732,188.70670774880637,204.45307805360412,-15.74637030479775,28905.395219654936,28716.68851190613,28552.6443359375,22051.80896484375,30271.6836587166,27153.2339194084,28712.4587890625,0.10860963744756391,1023.8366378447746,0.025242221056341586,0.8582383488477496,60.0,-0.015678412319992844
2023-05-07,28454.978515625,29157.517578125,28441.3671875,28901.623046875,11301355486,-0.015678412319992844,0.02516784155123338,-0.015556145829018653,48.257091171328625,43.54681119719334,47.32083595420388,64.74598589470845,138.79775585619427,191.32201361412217,-52.5242577579279,28836.10034211187,28697.302586255675,28582.426328125,22098.386181640624,30188.505405364354,27137.405532135643,28662.95546875,0.10644749724274583,1001.8590487576478,0.024664702909249245,0.6204784338704333,64.0,-0.027097480312589104
2023-05-08,27694.2734375,28663.271484375,27310.134765625,28450.45703125,19122903752,-0.027097480312589104,0.048859802074379656,-0.026733637409259936,43.10191199959846,34.579489793760374,17.444696961205207,42.48629768836307,37.430533686983836,160.5437176286945,-123.11318394171067,28660.434664479275,28623.00413079229,28575.53828125,22141.58884765625,29884.304998231157,27171.278009581343,28527.79150390625,0.0951011924031457,1026.9503108999586,0.02395619653797918,1.0509367198831658,60.0,-0.0012826051136456092
2023-05-09,27658.775390625,27821.400390625,27375.6015625,27695.068359375,14128593256,-0.0012826051136456092,0.016117807886610352,-0.0012817829272578907,42.87175366880507,34.19611978053233,12.981353812141839,25.915628909183653,-45.24654193632523,119.38566571569056,-164.63220765201578,28506.333237732462,28551.579779668788,28573.3690625,22184.020380859376,29869.67775848726,27069.51481963774,28469.5962890625,0.09835625733566485,985.4394907017473,0.021056702319225542,0.7994040412654007,51.0,-0.0013393336115541375
2023-05-10,27621.755859375,28322.6875,26883.669921875,27654.63671875,20656025026,-0.0013393336115541375,0.0520972520882154,-0.0013384371045779275,42.61618016718317,33.74099478485299,24.05474220241884,18.160264325255305,-112.45952342824603,73.01662788690325,-185.47615131514928,28370.244410292853,28482.7039337211,28562.2878515625,22226.088212890623,29884.101801599103,26992.667534338394,28438.38466796875,0.10167364641204263,1017.837925517694,0.020618840516275532,1.1709969908857223,52.0,-0.0227376278728039
2023-05-11,27000.7890625,27621.94140625,26781.826171875,27621.0859375,16724343943,-0.0227376278728039,0.031114469744952477,-0.022481076150133283,38.47309512355769,26.76883180561886,6.906904131734461,14.647666715431725,-213.3734896079186,15.738604387938885,-229.1120939958575,28159.558972170875,28372.932461778793,28556.1548828125,22263.257119140624,29918.85677299128,26930.30045357122,28424.57861328125,0.1051398636398314,1005.1434475789301,0.01972924693644013,0.9590783498669686,52.0,-0.007278017155925187
2023-05-12,26804.990234375,27055.646484375,25878.4296875,26987.662109375,19313599897,-0.007278017155925187,0.04391782226301,-0.007251596524522896,37.24359845508149,24.87775433203771,22.745498716727326,17.902381683626885,-305.62481134147674,-48.53407875794424,-257.0907325835325,27951.16378174074,28256.788593082216,28525.575234375,22300.554208984377,30009.04329780653,26738.86295219347,28373.953125,0.11525289871335326,1017.4344011000779,0.019194158730758398,1.0882540660603868,49.0,-0.0007804618022563855
2023-05-13,26784.078125,27030.482421875,26710.873046875,26807.76953125,9999171605,-0.0007804618022563855,0.011932812229280339,-0.0007801573211611013,37.107202690892784,24.660674539834375,22.2321417013036,17.294848183255137,-376.086786537664,-114.0446203138882,-262.0421662237758,27771.612142242164,28147.698928779828,28511.39109375,22333.9953125,30080.029973172423,26587.145612765074,28333.58779296875,0.12327716440041317,967.5897563786438,0.019137367065900607,0.5678762234411519,48.0,0.0054570113859458225
2023-05-14,26930.638671875,27150.9765625,26661.35546875,26788.974609375,10014858959,0.0054570113859458225,0.018180819984092527,0.005471927993601522,38.79886109400617,29.67792653855851,26.694312461567506,23.890650959866154,-415.31470881772475,-174.29863801465552,-241.01607080306923,27642.231608339524,28057.54631715725,28500.1097265625,22364.796298828125,30123.062423154322,26484.643045595676,28303.852734375,0.12854855526928988,933.4491376194549,0.019198151034324127,0.5814617275441684,48.0,0.009683688179724162
2023-05-15,27192.693359375,27646.34765625,26766.09765625,26931.384765625,14413231792,0.009683688179724162,0.03237082801496467,0.009730726801279843,41.81256453949621,38.25549417997369,33.342582732989484,27.423012298620208,-420.41125736970935,-223.52116188566632,-196.89009548404303,27573.071877729595,27993.483135099304,28484.0769921875,22399.3305859375,30130.66588576556,26365.549153296943,28248.10751953125,0.13328739738990825,929.6491992180653,0.018143303649246396,0.8449749903392108,50.0,-0.005754943306692564
2023-05-16,27036.650390625,27299.3046875,26878.947265625,27171.513671875,12732238816,-0.005754943306692564,0.015547688630125556,-0.005738415341494774,40.53264431013024,35.267078351522045,29.38380664658556,29.80690061371419,-432.0611404104966,-265.2291575906324,-166.8319828198642,27490.54549509812,27922.606635508615,28482.0122265625,22431.537080078124,30131.30177200122,26226.30818893628,28178.80498046875,0.13857910531591258,893.271215122132,0.018103238835384266,0.7907494129661076,54.0,0.013305949198470446
2023-05-17,27398.802734375,27465.927734375,26600.14453125,27035.470703125,15140006925,0.013305949198470446,0.03159930787920064,0.013394867282656264,44.759030413865275,46.56861566799945,38.571532627174705,33.765974002249926,-407.37512231811706,-293.6583505361293,-113.71677178198775,27476.43122421764,27883.806346535755,28484.6256640625,22464.4387109375,29960.6519744124,26189.4595490251,28075.05576171875,0.13432537614153,891.3077856937655,0.016130605214069466,0.9767234829619246,50.0,-0.020896322938492334
2023-05-18,26832.208984375,27466.52734375,26415.1015625,27401.650390625,15222938600,-0.020896322938492334,0.03918521139509121,-0.02067950762275983,39.97253746569303,35.314868045929984,24.197172755827246,30.717504009862513,-428.59013523926114,-320.6447074767557,-107.94542776250546,27377.320110395696,27805.910245634957,28454.301015625,22495.42173828125,29815.491861812458,26083.814388187544,27949.653125,0.1335142678492513,902.7447853763537,0.01658629083927948,0.9894832822296868,51.0,0.0021562704301694635
2023-05-19,26890.12890625,27128.619140625,26700.2109375,26826.75390625,11258983301,0.0021562704301694635,0.01593180176333875,0.0021585968530852817,40.67100244372105,37.12692369623664,25.666588542273143,29.47843130842504,-435.70697341549385,-343.65716066450335,-92.0498127509905,27302.367617450207,27738.0745908657,28431.43234375,22527.393515625,29651.861350714225,26011.608961785776,27831.73515625,0.13079502116888247,868.8636009298283,0.016650737471724117,0.7304125733014729,48.0,0.008865600285434393
2023-05-20,27129.5859375,27155.158203125,26843.27734375,26888.841796875,7044911360,0.008865600285434393,0.011495968279556424,0.008905016115201336,43.59320542952195,44.61098173140398,38.15561801734834,29.339793105149585,-417.2155367482628,-358.3688358812553,-58.84670086700754,27275.78582053479,27693.001357283054,28404.454375,22560.615078125,29443.106023388988,26006.44221879851,27724.77412109375,0.12395642213639428,829.0791193901977,0.016875965723943388,0.4685927228600992,48.0,-0.01394736681453699
2023-05-21,26753.826171875,27265.91796875,26706.921875,27118.423828125,8647416921,-0.01394736681453699,0.020894061662763044,-0.013850552916312875,40.24350097646947,36.6287549084757,31.434334451505393,31.7521803370423,-427.9484889050109,-372.28476648600645,-55.66372241900444,27195.48433612559,27623.432825030603,28371.3101953125,22593.586689453125,29417.548730974635,25898.225292462866,27657.88701171875,0.12724484111966392,809.7874747016122,0.014670677191702562,0.5949874888157287,52.0,0.0036358955711424203
2023-05-22,26851.27734375,27045.734375,26549.734375,26749.892578125,11056770492,0.0036358955711424203,0.018472119357683024,0.0036425134576618667,41.4989888780232,39.88337608790313,39.80135202083966,36.463768163231144,-423.7067084918672,-382.5691548871786,-41.13755360468855,27142.529414221655,27566.236122713522,28344.3495703125,22626.793134765627,29293.823409844168,25839.02463703083,27566.4240234375,0.12532633067952528,787.374083651497,0.013714938493103027,0.775099362916492,49.0,0.013848962643426162
2023-05-23,27225.7265625,27434.68359375,26816.1796875,26855.9609375,13697203143,0.013848962643426162,0.022717627198309963,0.013945303754316907,46.17823479584422,51.133811371133135,55.12089879021303,42.11886175418604,-385.68421683208726,-383.1921672761604,-2.492049555926883,27155.328975495246,27541.013192327333,28333.0596875,22657.185615234375,29077.634076898747,25877.15576685125,27477.394921875,0.11647677369514993,775.3119281228186,0.013868983476571459,0.9788132900622276,50.0,-0.03327040018789596
2023-05-24,26334.818359375,27224.603515625,26106.576171875,27224.603515625,16299104428,-0.03327040018789596,0.042454340428438556,-0.03272302765106416,38.32393753914442,33.65237056905946,25.815036666983364,40.2457624926787,-422.5688539082512,-391.06750460257854,-31.501349305672647,27029.096573015206,27451.665426923457,28296.3942578125,22682.44625,28895.49965924503,25808.00092669247,27351.75029296875,0.11288121233492886,799.8718183015459,0.01541844289238369,1.1616325864077996,50.0,0.005354526205137628
2023-05-25,26476.20703125,26591.51953125,25890.59375,26329.4609375,13851122697,0.005354526205137628,0.026473798925302775,0.005368887301425707,40.06617887730913,37.602101140661574,33.81250455713487,38.249480004777105,-435.37260595329644,-399.92852487272216,-35.44408108057428,26944.036643512867,27379.409249466164,28262.3587109375,22710.194853515626,28419.56829942101,25978.114513078992,27198.84140625,0.08976315387393669,792.8042442264356,0.014160732519226428,1.001749508909698,51.0,0.009139332662057487
2023-05-26,26719.291015625,26916.669921875,26343.94921875,26474.181640625,12711619225,0.009139332662057487,0.021434726796833135,0.009181223884829448,43.045035983371484,44.258087829041315,47.19894187192557,35.60882769868128,-421.0512094463884,-404.1530617874554,-16.898147658933,26909.46039306858,27330.51160251497,28235.86171875,22740.7772265625,28041.66350915467,26137.486100220332,27089.5748046875,0.07029188987509855,777.0839912906188,0.013987526744657797,0.9301080457989518,49.0,0.00556333034484893
2023-05-27,26868.353515625,26888.8828125,26621.140625,26720.181640625,7892015141,0.00556333034484893,0.009964964445785538,0.005578834405180588,44.8550429409871,48.21033776964575,55.688884538114635,45.566776989058376,-393.1414120754889,-401.9507318450621,8.809319769573165,26903.13625807726,27296.277670152747,28214.7116015625,22782.41263671875,27730.11953376047,26290.367575614528,27010.2435546875,0.053303923573694685,740.7024338770032,0.013854389681058966,0.5847516852945606,48.0,0.04430949975360071
2023-05-28,28085.646484375,28193.44921875,26802.751953125,26871.158203125,14545229578,0.04430949975360071,0.049516298882373674,0.0453058267244435,56.900695243857264,69.09033221051082,95.31873641928924,66.06885427644316,-269.68852589229937,-375.49829065450956,105.8097647622102,27085.06090827691,27354.74943416921,28217.4686328125,22843.436967773436,27838.76746707228,26220.856946990218,27029.81220703125,0.05985652092918341,787.1306361447172,0.01627193094367452,1.0963077658721074,50.0,-0.012171112107334788
2023-05-29,27745.884765625,28432.0390625,27563.876953125,28075.591796875,15181308984,-0.012171112107334788,0.03128976122796363,-0.0120973437068298,53.3948866295155,61.0724648172496,73.00141405757674,74.66967833832689,-196.99630458476167,-339.79789344056,142.80158885579834,27186.726117099694,27383.722421684455,28205.7253125,22894.232534179686,27857.432989569486,26210.902361993012,27034.16767578125,0.06090554173234378,792.9185985183087,0.016522045463313432,1.1397289237982953,52.0,-0.0015702994220325468
2023-05-30,27702.349609375,28044.759765625,27588.501953125,27745.123046875,13251081851,-0.0015702994220325468,0.01647000413082628,-0.0015690671469931194,52.9447504891247,60.031035321108654,71.28840626488987,79.86951891391864,-141.2716273684855,-300.09264022614514,158.82101285765964,27266.052808218974,27407.32443558746,28166.7126953125,22947.572817382814,27873.626754635105,26202.7679719274,27038.19736328125,0.0617962344256273,768.871399517001,0.01652322723159692,1.0232607933479918,51.0,-0.017577792723265092
2023-05-31,27219.658203125,27831.677734375,26866.453125,27700.529296875,15656371534,-0.017577792723265092,0.035460570524878436,-0.01742420455507676,48.10271522360586,49.18249655872533,52.29561488449301,65.52847840231989,-134.5080565167773,-266.9757234842716,132.46766696749432,27258.915176666054,27393.42323318283,28106.4046875,22999.675180664064,27888.050208754765,26210.231431870234,27049.1408203125,0.06202854234928513,782.8966287925723,0.01618392360184504,1.2140054270233616,51.0,-0.014792581991188054
2023-06-01,26819.97265625,27346.10546875,26671.720703125,27218.412109375,14678970415,-0.014792581991188054,0.025144871483224446,-0.014683709247646393,44.47560721064639,41.87245991664755,36.568912251579285,53.38431113365407,-159.55985452878303,-245.4925496931739,85.93269516439088,27191.385558140508,27350.94541266929,28040.0230859375,23052.008217773437,27887.952245204815,26211.827637607686,27049.88994140625,0.06196419324543807,775.14578142346,0.01645658173437064,1.1590434994191392,52.0,0.01589161106579633
2023-06-02,27249.58984375,27303.861328125,26574.64453125,26824.556640625,14837415000,0.01589161106579633,0.026760652217385727,0.01601855426947596,48.93298323243383,51.004630483065064,53.473355773812266,47.44596096996153,-143.09752913045304,-225.01354558062974,81.9160164501767,27200.34006361889,27343.437592749342,27977.0335546875,23105.16517089844,27906.247899799317,26240.083154888183,27073.16552734375,0.06154303393994751,771.8651396699986,0.01683146682656576,1.1495954832681512,50.0,-0.006422915434419119
2023-06-03,27075.12890625,27317.052734375,26958.00390625,27252.32421875,8385597470,-0.006422915434419119,0.013261204752458906,-0.0064023326039167605,47.27334649586631,47.47128274422761,46.60872104640261,45.55032969059807,-142.48606659181314,-208.50804978286644,66.0219831910533,27181.07680863906,27323.562875230873,27908.8221484375,23156.117749023437,27910.90521356762,26249.874864557376,27080.3900390625,0.061337017177901354,742.3782602739273,0.016870334606512168,0.6538387381378158,53.0,0.0016214839752998166
2023-06-04,27119.06640625,27407.01953125,26968.224609375,27075.123046875,9360912318,0.0016214839752998166,0.016180310756342006,0.001622799291266075,47.753949669331924,48.51915034309508,48.33756013587249,49.4732123186958,-136.8782419066447,-194.18208820762212,57.303846300977426,27171.53674673305,27308.414988639695,27844.8335546875,23208.36588378906,27905.851628978617,26247.565753833882,27076.70869140625,0.061243997342670026,720.6937361025754,0.016729229182608576,0.7445509618165156,52.0,-0.051410345698891795
2023-06-05,25760.09765625,27129.982421875,25445.16796875,27123.109375,21513292646,-0.051410345698891795,0.06540403982964811,-0.05011119223804861,36.632099357484016,28.211580626128267,10.543799099967435,35.16336009408085,-239.33254459597083,-203.21217948529187,-36.12036511067896,26954.39227127412,27193.72481587009,27753.7283984375,23253.728784179686,28021.619936745938,26004.14217262906,27012.8810546875,0.07468576787616614,789.5595016041772,0.02027544552155432,1.6533916011464236,53.0,0.05581511856233619
2023-06-06,27238.783203125,27313.8203125,25434.8671875,25732.109375,21929670693,0.05581511856233619,0.06898080251927094,0.057402171630208665,50.21806625317186,53.11997555153445,60.187272897888114,39.689544044576024,-198.91775185717051,-202.3532939596676,3.435542102497095,26998.1447223281,27197.06247418527,27709.6031640625,23306.433813476564,28003.738084668406,26006.022071581592,27004.880078125,0.07397611125498171,867.3733318467359,0.02391246157352253,1.6425370168593003,44.0,-0.03332542412080894
2023-06-07,26345.998046875,27332.181640625,26146.98828125,27235.650390625,19530045082,-0.03332542412080894,0.0449857074029344,-0.03277624957004588,44.073954975837964,42.68706334424001,30.399686683800876,33.71025289388549,-236.20620018879345,-209.1238752054928,-27.08232498330065,26897.814464566083,27134.020664754877,27628.5720703125,23354.606069335936,28017.97752783374,25943.16153466626,26980.56953125,0.07690037790953023,890.0747623844691,0.024626936099171513,1.4395838291367133,53.0,0.006138366063704449
2023-06-08,26508.216796875,26797.513671875,26246.6640625,26347.654296875,11904824295,0.006138366063704449,0.02078033439955639,0.0061572444403654725,45.38156168062653,44.977857482020895,35.812080659371595,42.133013413686875,-249.78846084532051,-217.25679233345835,-32.531668511862165,26837.876361844377,27087.664822689698,27582.2828125,23405.68799316406,28018.70819621863,25904.23965534387,26961.47392578125,0.07842555442982856,865.8443943123641,0.02466912915738625,0.8754355660886748,50.0,-0.001050860137740086
2023-06-09,26480.375,26770.2890625,26339.314453125,26505.923828125,11015551640,-0.001050860137740086,0.01627524570082561,-0.0010503081775867784,45.18628492064636,44.62073832063755,34.883145048196475,33.69830413045633,-259.8042390494884,-225.76628167666436,-34.037957372824025,26782.87615232986,27042.68039137935,27546.970546875,23459.153447265624,28003.3357047258,25854.6910530867,26929.01337890625,0.07978920807110425,834.7822668168382,0.024565868867885855,0.7983859638791552,50.0,-0.024045314677471934
2023-06-10,25851.240234375,26531.044921875,25501.8359375,26481.76171875,19872933189,-0.024045314677471934,0.03981275076336325,-0.02375852931180167,40.903174720096196,36.89742488719872,13.892197853184513,28.19580785358421,-314.87801536700863,-243.58862841473325,-71.28938695227538,26639.547549567575,26954.425564934583,27518.4571484375,23507.46080078125,28055.294652549415,25712.473511513086,26883.88408203125,0.08714593225769161,848.6698894995641,0.024942299549732466,1.3840485587535036,49.0,0.0034340762243438776
2023-06-11,25940.16796875,26203.439453125,25668.986328125,25854.03125,10732609603,0.0034340762243438776,0.020603302401274087,0.0034399794195076883,41.74374379929226,38.64860839630601,16.859252733045214,21.87819854480875,-347.34468164435384,-264.33983906065737,-83.00484258369647,26531.95069098026,26879.295372624612,27480.9105078125,23554.10810546875,28080.024591533034,25596.632635029466,26838.32861328125,0.09253154293947477,826.2258348924523,0.024940061108592548,0.7483162893708372,47.0,-0.0014531650030546537
2023-06-12,25902.5,26087.919921875,25675.197265625,25934.28515625,11677889997,-0.0014531650030546537,0.0159336996911495,-0.001452109670044499,41.47464510240963,38.12574922941567,17.917703449540323,16.223051345256696,-371.8280367004663,-285.83747858861915,-85.99055811184718,26435.11212313714,26806.940159837606,27447.1328125,23600.59828125,28064.23509356455,25480.09947674795,26772.16728515625,0.09652321342879731,796.6898935608486,0.02467036620506075,0.8199971772236379,47.0,0.0006263269559741463
2023-06-13,25918.728515625,26376.3515625,25728.365234375,25902.94140625,14143474486,0.0006263269559741463,0.025000698924500252,0.0006265231396582749,41.649170450513886,38.54364793833775,20.187716912205104,18.32155769826356,-385.47821349855076,-305.7656255706055,-79.71258792794526,26355.668491212196,26741.146704710747,27415.0005859375,23647.58271484375,28083.700829668043,25419.024756269457,26751.36279296875,0.09960898418599304,786.068210315431,0.02358502978364142,1.0006988804014454,45.0,-0.031115354032620144
2023-06-14,25124.67578125,26041.80078125,24902.15234375,25920.2578125,14265717766,-0.031115354032620144,0.04535972712334441,-0.030636253390914137,35.993391151260084,27.818342600059907,8.883642159171364,15.663020840305613,-455.1231204158721,-335.6371245396588,-119.48599587621328,26166.28499737186,26621.40811778773,27351.3421484375,23690.8846875,28190.749489813843,25176.82297112366,26683.78623046875,0.11294973257013825,811.3239408286145,0.024477409806039255,1.0078697647670305,46.0,0.017819375410116443
2023-06-15,25576.39453125,25735.30859375,24797.16796875,25121.673828125,15837384409,0.017819375410116443,0.03667994031972536,0.017979087727655774,40.90935085905266,39.070811138856676,29.857121902886,19.642826991420836,-468.4670860016231,-362.2031168320517,-106.2639691695714,26075.532617968496,26543.99970397012,27294.416015625,23736.543525390625,28208.693016793084,25044.589795706917,26626.64140625,0.11883223170397544,820.3822754122848,0.024772059574781912,1.1066879113839723,41.0,0.0289427732653721
2023-06-16,26327.462890625,26463.173828125,25245.357421875,25575.283203125,16324646965,0.0289427732653721,0.04625650452188672,0.029365685552642073,48.053287535735365,53.2176930953525,58.63532408751695,32.45869604985812,-413.66881856451437,-372.4962571785443,-41.172561385970084,26114.291121454113,26527.959940018627,27231.48953125,23787.094228515623,28182.688243120756,25016.505506879243,26599.596875,0.1190312301017349,848.7704276149788,0.025691543619025273,1.1080894607747638,47.0,0.0069349007932065195
2023-06-17,26510.67578125,26769.39453125,26174.4921875,26328.6796875,11090276850,0.0069349007932065195,0.022440104833945877,0.006959002900740696,49.652328068966845,56.117380782494195,65.6553743178641,51.382606769422374,-351.40625515436477,-368.2782567737084,16.87200161934362,26175.273376807327,26526.67963196169,27174.8978125,23837.4226953125,27949.58402447527,25092.11265521223,26520.84833984375,0.1077443425883968,830.6369930531946,0.023485677522069807,0.7617210614925457,47.0,-0.006602603438313832
2023-06-18,26336.212890625,26675.92578125,26325.890625,26510.45703125,9565695129,-0.006602603438313832,0.013291020911157782,-0.006580854145875503,48.13291692727394,52.502115111752516,60.71150380568399,61.667400737021694,-312.5376824452251,-357.13014190801175,44.59245946278668,26200.033302010044,26512.57098445527,27116.6523046875,23883.260927734376,27764.9327776202,25135.7967145673,26450.36474609375,0.09939885851446258,796.308290424395,0.02340266337406478,0.6699267458172296,49.0,0.019359247201741925
2023-06-19,26851.029296875,26984.611328125,26312.83203125,26335.44140625,12826986222,0.019359247201741925,0.02501875400929914,0.019547852547670663,52.72973894963259,61.12429707111263,81.01973377547428,69.12887063300747,-237.45543857116718,-333.19520124064286,95.73976266947568,26300.186531989268,26537.641970560435,27068.2967578125,23932.68041015625,27607.57156048286,25208.02590045464,26407.79873046875,0.09086503894244224,787.413362313724,0.023913828714140824,0.8996650373168599,47.0,0.05352849528514009
2023-06-20,28327.48828125,28388.96875,26668.791015625,26841.6640625,22211859147,0.05352849528514009,0.06072468258732236,0.05498705349618893,62.88826713135037,75.81420509936436,98.2883107250563,80.00651610207154,-58.14406996105026,-278.18497498472436,220.0409050236741,26612.07910879861,26670.22317875966,27073.01515625,23988.87455078125,27888.81304649168,25037.567422258322,26463.190234375,0.1077438358331288,854.0393888895294,0.02654788452461011,1.5228948276848961,49.0,0.05827421320682117
2023-06-21,30027.296875,30737.330078125,28283.41015625,28311.310546875,33346760979,0.05827421320682117,0.08172297133805854,0.06000562340273241,70.69611449835168,83.95673052781119,88.04690528555783,89.11831659536283,218.60192226865183,-178.82759553404915,397.42951780270096,27137.497226675747,26918.895304407095,27099.9503515625,24054.469853515624,28731.78878683068,24515.324103794323,26623.5564453125,0.15837345741908693,968.316569817063,0.02902780155058535,2.148814654850108,59.0,-0.0038377235796951737
2023-06-22,29912.28125,30495.998046875,29679.158203125,29995.935546875,20653160491,-0.0038377235796951737,0.027307841783214045,-0.0038303689299371557,69.6286593863104,81.78319646138476,86.11066814451284,90.81529471837568,423.7594797447018,-58.31018047829896,482.06966022300077,27564.387076417937,27140.627596673236,27118.0698046875,24118.378828125,29298.04950186332,24215.332529386684,26756.691015625,0.18996059600600465,957.4968036694156,0.02899658515013688,1.3063795128350946,65.0,0.02584590576815378
2023-06-23,30695.46875,31389.5390625,29845.21484375,29896.3828125,24115570085,0.02584590576815378,0.0503111462909326,0.02618280743799839,72.65630389886527,84.89069607895608,89.47161343574811,87.87639562193961,642.1427856903865,81.78041275543814,560.3623729349483,28046.091949276717,27403.94916358633,27155.0249609375,24186.982041015624,30005.27183271615,23870.14418290885,26937.7080078125,0.22775240001962985,999.4130476037432,0.02924405997579502,1.4530985601902935,65.0,-0.004793067902493928
2023-06-24,30548.6953125,30804.1484375,30290.146484375,30708.73828125,12147822496,-0.004793067902493928,0.01682565974968755,-0.0047815994828226405,71.22335808788002,81.83841430651371,87.24519997369119,87.60916051798405,794.2145285459483,224.26723591354016,569.9472926324081,28431.10785131107,27636.89332276512,27175.311171875,24254.277998046877,30557.898191870223,23660.480714379777,27109.189453125,0.2544309740214438,964.7408265695473,0.029332822552971694,0.7258798018119619,62.0,-0.0022426607224285255
2023-06-25,30480.26171875,31041.271484375,30327.943359375,30545.150390625,12703464114,-0.0022426607224285255,0.023402952756183017,-0.002240147837737516,70.52495548099402,80.26849149139476,86.20712743838018,87.64131361593984,898.8490885063366,359.1836064320995,539.665482074237,28746.36229245552,27847.513203949184,27206.8239453125,24322.438671875,31030.249675647083,23660.145636852914,27345.19765625,0.2695209642088531,946.7827764574367,0.026160933949653405,0.7796015120753111,64.0,-0.006884835938176551
2023-06-26,30271.130859375,30636.029296875,29955.744140625,30480.5234375,16493186997,-0.006884835938176551,0.022473067141438326,-0.006861189753050945,68.32017264736078,75.13006194393171,83.0348111897808,85.49571286728407,953.9016342971663,478.1272120051129,475.77442229205343,28980.942071981593,28027.040437684427,27243.1469921875,24387.626953125,31395.226161204686,23598.403916920317,27496.8150390625,0.28355364914838516,927.7472321569055,0.023834900684621865,1.0293449544654423,55.0,0.013682563415242948
2023-06-27,30688.1640625,31006.787109375,30236.650390625,30274.3203125,16428827944,0.013682563415242948,0.025095561832292324,0.013776598074988877,70.31324438402635,78.35384217022775,89.36080827329413,86.20091563381838,1019.4309027951385,586.387950163118,433.0429526320205,29243.591608984425,28224.160706189286,27303.0248046875,24455.40201171875,31810.401215793638,23617.445463893862,27713.92333984375,0.2956259801772969,916.4893383421265,0.022081078544336892,1.0353477566480775,59.0,-0.01980891791303767
2023-06-28,30086.24609375,30703.279296875,29921.822265625,30696.560546875,14571500779,-0.01980891791303767,0.025973896138951572,-0.01961401038928634,64.04985209220484,64.31539348849748,80.23028512479209,84.20863486262235,1011.1378033671135,671.3379208039171,339.79988256319643,29373.230760486822,28362.09295711971,27351.57421875,24520.189619140627,32074.683894595077,23710.965714779926,27892.8248046875,0.29985195972010675,906.8441735498318,0.02291955112274836,0.9106467457899284,62.0,0.011865197537731036
2023-06-29,30445.3515625,30796.25,30057.203125,30086.1875,13180860821,0.011865197537731036,0.024274539037029717,0.011935868224670187,65.99598318900993,68.27208227594289,84.63281922270848,84.74130420693159,1021.7640129649044,741.4231392361146,280.3408737287898,29538.172422335003,28516.4084093701,27408.0461328125,24586.89541015625,32361.297366546853,23820.849899078145,28091.0736328125,0.3040270934142161,894.8586522248437,0.022882553068409354,0.8182026202086268,54.0,0.0010472432791648364
2023-06-30,30477.251953125,31256.86328125,29600.275390625,30441.353515625,26387306197,0.0010472432791648364,0.05435489699572933,0.0010477918298796851,66.17117627921748,68.63253734832105,82.5066364456216,82.45658026437407,1020.9901170248231,797.3365347938563,223.65358223096678,29682.646196302692,28661.65607927787,27477.575390625,24653.249482421874,32583.384610270143,24061.363827229856,28322.37421875,0.3008935874238443,949.2678835391406,0.021752115644712376,1.6055311649309578,56.0,0.0036951443630783326
2023-07-01,30590.078125,30641.2890625,30328.865234375,30471.84765625,9086606733,0.0036951443630783326,0.010213240608551078,0.0037019798257575953,66.82225301453906,70.03713997954641,84.2523720084916,83.7972758922739,1017.7489516712012,841.4190181693253,176.32993350187587,29822.251108409968,28804.502156738767,27553.2771484375,24717.29328125,32777.84353536206,24331.895917762944,28554.8697265625,0.29577958850719144,903.7790224381306,0.021749163582551474,0.5556555099661777,59.0,0.001002809469143997
2023-07-02,30620.76953125,30766.140625,30264.01953125,30587.26953125,10533418042,0.001002809469143997,0.016398056006971373,0.0010033124506771962,67.00826547922851,70.4569789195481,84.8569254337942,83.87197796263581,1006.0596157625696,874.3471376879743,131.7124780745953,29945.100096539205,28939.040480776635,27630.0109765625,24781.318876953126,32920.85129983191,24660.715106418087,28790.783203125,0.2869021011042609,875.0891703889785,0.02169840365693096,0.6463914419652249,63.0,0.017342426317960315
2023-07-03,31156.439453125,31375.61328125,30586.513671875,30624.515625,15271884873,0.017342426317960315,0.025327014999971476,0.01749367929268808,70.1535045183987,77.01498136994894,95.06223151372576,88.05717631867053,1028.1677410462617,905.1112583596318,123.0564826866298,30131.459997552407,29103.292256506145,27714.5269921875,24850.276748046876,33084.12662499048,25021.21087500952,29052.66875,0.27752754211197755,868.94705888798,0.021706492093202842,0.9339376053352175,62.0,-0.012234379050443955
2023-07-04,30777.58203125,31325.197265625,30659.35546875,31156.865234375,12810828427,-0.012234379050443955,0.0216339865879957,-0.012159843310882601,65.40432895459008,65.09235388025225,80.29840197492608,86.73918630748203,1003.5496660500503,924.7989398977155,78.75072615233478,30230.863387352038,29227.313721301987,27786.224765625,24920.927236328123,33001.69354642776,25668.93457857224,29335.3140625,0.24996354060613776,854.4395401727671,0.02022041745671749,0.7869348102608498,64.0,-0.008595533521292817
2023-07-05,30514.166015625,30877.330078125,30225.61328125,30778.724609375,12481622280,-0.008595533521292817,0.021357843977819473,-0.0085586975402272,62.24894710027363,57.83021227041139,51.0763527681931,75.47899541894833,951.8122936122782,930.2016106406281,21.61068297165002,30274.44840708634,29322.636113474062,27855.775078125,24989.522607421874,32845.72310162195,26318.682171815548,29582.20263671875,0.22064080251092424,839.9593442229267,0.02055283297682079,0.7746971882648194,61.0,-0.020020299639946313
2023-07-06,29909.337890625,31460.052734375,29892.2265625,30507.150390625,21129219509,-0.020020299639946313,0.052419287167384296,-0.019821224171432172,55.614456107715505,44.52373923631994,16.618252773034406,49.33100250538454,852.182054025845,914.5976993176715,-62.415645291826536,30218.27755839998,29366.095504374134,27905.98578125,25055.2794140625,32663.882280640733,26858.710492796767,29761.29638671875,0.19505775932645789,891.9498319123605,0.020942931353607957,1.2921613564162895,56.0,0.01437090998029806
2023-07-07,30342.265625,30434.64453125,29777.28515625,29907.998046875,13384770155,0.01437090998029806,0.021664808525648782,0.014474667943441766,58.984185693582155,53.465334165325054,39.896724028203984,35.86377652314385,798.9482433709381,891.4678081283249,-92.51956475738677,30237.35264556921,29438.404402198274,27976.1869140625,25124.79234375,32449.351845406574,27456.399912405923,29952.87587890625,0.1666935740389738,875.1933707043347,0.02101920707364117,0.8128451844798859,55.0,-0.0016401345457067653
2023-07-08,30292.541015625,30374.4375,30080.16015625,30346.921875,7509378699,-0.0016401345457067653,0.009714514988960837,-0.0016387902600796256,58.43544080956622,52.33501032916335,37.2230378720571,31.24600489109851,744.1693830687109,862.0081231164022,-117.83874004769132,30245.843164039332,29501.67378097062,28044.23515625,25191.723525390626,32016.942851357566,28284.44171895493,30150.69228515625,0.12379487333497198,833.6993687790251,0.020882135653095796,0.4589032401588133,58.0,-0.004012544787339061
2023-07-09,30171.234375,30427.58984375,30085.591796875,30291.611328125,7903327692,-0.004012544787339061,0.011335235496973265,-0.004004505286051452,57.04125127282356,49.36466605043641,30.7003946624995,35.94005218758687,683.094026792678,826.2253038516574,-143.13127705897932,30234.364888802513,29551.270862009835,28105.068125,25258.492021484373,31409.946695910825,29223.458382214172,30316.7025390625,0.07212157426683868,798.5778457858805,0.020807791924854224,0.49035482824939697,55.0,0.008029538805166095
2023-07-10,30414.470703125,31026.083984375,29985.39453125,30172.423828125,14828209155,0.008029538805166095,0.034216918100701064,0.008061862007427312,59.14603857603616,55.29960780469642,43.77918223577671,37.23420492344445,646.8618846400277,790.3526200093315,-143.49073536930382,30262.073475621357,29615.21159098133,28178.281015625,25326.412666015625,31022.836405953894,29819.266914358603,30421.05166015625,0.03956370427428905,815.871532024389,0.01755058036101281,0.9415700663227483,56.0,0.006765948365584515
2023-07-11,30620.951171875,30788.314453125,30358.09765625,30417.6328125,12151839152,0.006765948365584515,0.014049752878680963,0.006788889103658935,60.897483643928815,59.948782194431224,54.881611752078854,43.120396216785046,627.5746096954717,757.7970179465597,-130.22240825108793,30317.285428891148,29689.710819195676,28253.6744921875,25395.53265625,31030.047781389956,29871.420968610044,30450.734375,0.03804922398624129,788.3247652280041,0.01199961516147273,0.8272950361657844,57.0,-0.007516669538967959
2023-07-12,30391.646484375,30959.96484375,30228.8359375,30622.24609375,14805659717,-0.007516669538967959,0.024056903485827567,-0.007488490028050299,57.92742380349197,52.82970887739285,42.55192678895113,47.07090692560225,587.0195376198753,723.6415218812228,-136.6219842613475,30328.72559127328,29741.706053653405,28316.992890625,25463.252109375,31000.07682217432,29949.32845126318,30474.70263671875,0.03447936419386423,784.2393467295752,0.012105071734853604,1.0284375508613934,64.0,0.03505911799946575
2023-07-13,31476.048828125,31814.515625,30268.3515625,30387.48828125,23686079548,0.03505911799946575,0.049121923496269516,0.03568093437476372,66.29843802792118,71.5015889969358,84.71408875963556,60.71587576688853,635.0609696817846,705.9254114413352,-70.86444175955057,30505.236858481236,29870.17588879945,28419.8175,25536.422421875,31192.4924864415,29834.970794808498,30513.731640625,0.04448887824082592,838.662540713177,0.013231464613321652,1.6477512680027868,57.0,-0.036955452769762046
2023-07-14,30334.068359375,31582.25390625,29966.38671875,31474.720703125,20917902660,-0.036955452769762046,0.05326905604472282,-0.036280934592069825,54.09255091905364,48.106008127170305,27.330398384755654,51.53213797778079,574.3649492068507,679.6133189944383,-105.24836978758754,30478.90324323412,29904.53829402727,28496.9747265625,25603.493740234375,31185.984133025868,29820.016452911634,30503.00029296875,0.04478142041748934,894.1771583408072,0.015724834895952375,1.412103324706435,60.0,-0.0012621409438578614
2023-07-15,30295.806640625,30407.78125,30263.462890625,30331.783203125,8011667756,-0.0012621409438578614,0.004763641420310528,-0.001261344778969442,53.735591726985156,47.498502030235876,25.452274169704197,45.83225377136515,517.213400624416,647.1333353204338,-129.9199346960179,30450.734535140407,29933.52113451599,28568.5050390625,25671.386904296876,31182.69634587758,29804.85873224742,30493.7775390625,0.04518422198972072,840.6158155575353,0.015720159597408204,0.5495459188381256,56.0,-0.0015417915284865274
2023-07-16,30249.1328125,30437.560546875,30089.669921875,30297.47265625,8516564470,-0.0015417915284865274,0.011500846227771509,-0.001540603578530031,53.273755441969115,46.65990957534265,23.161231067760113,25.314634540740002,462.81910817379685,610.2704898911065,-147.4513817173097,30419.71888550342,29956.89977732962,28636.120625,25739.86970703125,31183.08344701777,29802.27182641973,30492.67763671875,0.045283383671602895,805.4211590891399,0.0156476615361739,0.6006093306537311,57.0,-0.003418965294113633
2023-07-17,30145.888671875,30336.400390625,29685.783203125,30249.626953125,13240156074,-0.003418965294113633,0.021582285882552264,-0.0034131272874816654,52.20491209402282,44.626599497490425,21.61405839559377,23.40918787768604,406.69220562646296,569.5548330381778,-162.8626274117148,30377.591160329815,29970.898954703353,28677.32546875,25807.38744140625,31165.656065113184,29765.471669261813,30465.5638671875,0.04595957593154609,794.3637325470585,0.015322407682427555,0.9443466784688441,54.0,-0.009643886494910275
2023-07-18,29856.5625,30233.65625,29556.427734375,30147.0703125,13138897269,-0.009643886494910275,0.02268273568415654,-0.009597533349379406,49.22441760559256,39.06144615830661,13.291544889420926,19.35561145092495,335.0033172061703,522.6445298717763,-187.64121266560596,30297.43290489446,29962.42958768829,28719.5390234375,25873.65732421875,31185.517776788613,29722.64159821139,30454.0796875,0.04803547483911213,785.99693133834,0.014822307176700649,0.9419367892538262,56.0,0.0019193869502834365
2023-07-19,29913.923828125,30184.181640625,29794.26953125,29862.046875,12128602812,0.0019193869502834365,0.013034468885302354,0.0019212301525000086,49.835903035934656,40.7699031471623,15.831805982142317,16.91246975571902,279.59494000701307,474.0346118988237,-194.43967189181063,30238.43150846839,29958.83656846138,28763.7705078125,25940.489462890626,31195.958662576842,29659.057938985658,30427.50830078125,0.05051023923479544,757.7051583409585,0.01455416065103318,0.8728001451590813,50.0,-0.004083626307646249
2023-07-20,29792.015625,30195.53125,29638.095703125,29915.25,14655207121,-0.004083626307646249,0.018710904085564032,-0.0040752996439197275,48.49911236668306,38.120026708035475,10.433070014816533,13.185473628793273,223.27268024263321,423.88222556758564,-200.60954532495242,30169.752141780948,29946.479461538314,28815.21765625,26006.324140625,31209.393390449262,29577.099578300735,30393.246484375,0.0537058064194518,743.4001860933901,0.014563610308157234,1.1011011459225766,56.0,0.003910458253167224
2023-07-21,29908.744140625,30045.998046875,29733.8515625,29805.111328125,10972789818,0.003910458253167224,0.01043662959926866,0.0039181140710413676,49.885277962149864,42.30879535335811,15.60242219590863,13.955766064289174,185.91281209826047,376.2883428737206,-190.3755307754601,30129.597064680034,29943.684252581774,28876.9930859375,26072.4255078125,31196.230307873717,29522.129262438786,30359.17978515625,0.05514315792725935,712.5963502563621,0.014567449402292758,0.8186265777380839,50.0,-0.004589155219131938
2023-07-22,29771.802734375,29991.615234375,29664.12109375,29908.697265625,7873300598,-0.004589155219131938,0.011000144786223175,-0.004578641136054662,48.24471592190243,38.72130416679322,9.537936981734926,11.857809730820044,143.59949482448428,329.7505732638733,-186.15107843938904,30074.551783094645,29930.95228827016,28927.43734375,26137.885234375,31182.04217115857,29451.42071946643,30316.7314453125,0.0570846977621568,685.0890495684077,0.014578095447375577,0.593275763772331,52.0,0.010449658783391701
2023-07-23,30084.5390625,30330.640625,29741.52734375,29790.111328125,9220145050,0.010449658783391701,0.01958192811351138,0.010504447141318263,52.11751673164903,50.01402706710493,23.38754529075606,16.17596815613322,133.7592012572859,290.55229886255586,-156.79309760526996,30076.088287618546,29942.32908636126,28987.625546875,26203.99173828125,31042.26010058544,29484.012750977057,30263.13642578125,0.05148994894927377,678.2336375456644,0.01418779372464501,0.7109751531935231,54.0,-0.030633538164858885
2023-07-24,29176.916015625,30093.39453125,28934.294921875,30081.662109375,15395817395,-0.030633538164858885,0.039726597860934715,-0.03016908602087709,42.23892224961805,30.797399411145207,8.4236979994887,13.783060090659909,52.12227006494868,242.86629310303445,-190.74402303808577,29937.75409192723,29885.63182186228,29028.7825390625,26265.69263671875,31057.435146257045,29308.771103742958,30183.103125,0.05793519755977995,712.5812069620455,0.015444244123205445,1.1754723724403442,55.0,0.0017284554802405464
2023-07-25,29227.390625,29353.16015625,29062.43359375,29178.970703125,10266772793,0.0017284554802405464,0.009947058436729673,0.0017299501204297574,42.88725301003061,32.48057085076053,10.176154306751394,13.995799198998732,-8.405809979638434,192.6118724864999,-201.01768246613833,29828.467404707655,29836.873214687294,29098.1283984375,26327.06974609375,31071.998494260326,29165.530216677173,30118.76435546875,0.06329835630315261,682.4487323576137,0.015408273720695058,0.7905535343958856,50.0,0.004355653333464597
2023-07-26,29354.97265625,29675.552734375,29113.912109375,29225.759765625,13497554655,0.004355653333464597,0.019132725197085833,0.004365152978824893,44.580518384675706,36.999283861400144,14.605746494307551,11.068532933515897,-45.55481823417722,144.97853434236447,-190.5333525765417,29755.622058791094,29801.17687702527,29140.4521875,26389.06921875,31097.76640165612,29084.325785843877,30091.04609375,0.0669116191420956,673.81958183207,0.014875547195322178,1.0707898526886497,51.0,-0.004927238584293436
2023-07-27,29210.689453125,29560.966796875,29099.3515625,29353.798828125,10770779217,-0.004927238584293436,0.015802955802045122,-0.004915119656712763,43.026904729978725,33.99733096530137,10.438021618950327,11.739974140003104,-85.65079454347142,98.85266856519729,-184.5034631086687,29671.786273304002,29757.437067847473,29197.746015625,26449.666943359374,31103.609204821398,28965.325365491102,30034.46728515625,0.07119433213277221,658.6621284422793,0.0144502511457059,0.8634214665539216,51.0,0.0037094442045335473
2023-07-28,29319.24609375,29521.513671875,29125.845703125,29212.1640625,11218474952,0.0037094442045335473,0.013495161761145855,0.0037163327075591113,44.59149158806416,38.38547684335604,25.60766144539492,16.88380985288428,-107.4291545701999,57.596303938117856,-165.02545850831774,29617.549322603387,29724.978477173587,29253.9666015625,26510.280400390624,31091.505607156065,28880.099470968937,29985.8025390625,0.07374843922574124,639.8768313214022,0.014504729800499357,0.886136344515908,52.0,0.0012840607690722545
2023-07-29,29356.91796875,29396.84375,29264.166015625,29319.4453125,6481775959,0.0012840607690722545,0.004519470828519311,0.001284885528077373,45.15437362398836,40.00048575742264,28.113664002328264,21.386449022224514,-120.26254456755123,22.024534236984042,-142.28707880453527,29577.452191241326,29697.714735808877,29311.4974609375,26569.833525390626,31080.062634836442,28810.11080266356,29945.08671875,0.07580381561398389,603.6483243966592,0.014507347410322547,0.5148798472285326,52.0,-0.0027837737874393067
2023-07-30,29275.30859375,29443.169921875,29059.501953125,29357.09375,8678454527,-0.0027837737874393067,0.013105514072425849,-0.002779902682116475,44.1089903546053,37.51524093835027,24.321542100468324,26.01428918273052,-135.4568310946197,-9.471738829336708,-125.98509226528299,29530.968560858044,29666.425391952664,29379.978828125,26626.5355859375,31037.410871636468,28738.84635492603,29888.12861328125,0.07690560176755379,587.9354418504691,0.01433920452156095,0.706632706903426,52.0,-0.0015450628224417467
2023-07-31,29230.111328125,29489.873046875,29131.578125,29278.314453125,11656781982,-0.0015450628224417467,0.012257733740830855,-0.0015438698273756435,43.50822636140361,36.06734616939158,21.18504075229848,24.5400822850317,-149.42299892386654,-37.46199084824268,-111.96100807562387,29484.682832745268,29634.105831669134,29445.7776953125,26678.338203125,30950.265428749248,28686.90781343825,29818.58662109375,0.07590425542536922,571.5325475665071,0.014194276009055404,0.9510562595801151,50.0,0.01513023382608844
2023-08-01,29675.732421875,29675.732421875,28657.0234375,29230.873046875,18272392391,0.01513023382608844,0.03432801488748007,0.015245275282999904,50.64563567525652,55.72363692709795,60.868697572156115,35.45842680830766,-123.1142055687269,-54.59243379233952,-68.52177177638738,29514.075077226767,29637.189282795494,29521.24234375,26727.168994140626,30884.59559090939,28680.986245028107,29782.79091796875,0.07398935015696555,603.4737216242567,0.014654127816383051,1.470022830885912,53.0,-0.01780750751690934
2023-08-02,29151.958984375,29987.998046875,28946.509765625,29704.146484375,19212655598,-0.01780750751690934,0.03572618505014437,-0.01764989082843693,43.662833730149,39.19775758904593,29.5728049742558,37.208847766236815,-142.88138863158383,-72.25022476018839,-70.63116387139544,29458.364909095726,29601.24629772731,29585.906953125,26768.047294921875,30482.751186673708,28850.421664888792,29666.58642578125,0.055022492252980164,634.7604758832383,0.012359362578280143,1.573990566477394,53.0,0.0009161807791750279
2023-08-03,29178.6796875,29375.70703125,28959.48828125,29161.8125,12780357746,0.0009161807791750279,0.014264481959350135,0.0009166006009861949,44.086373749531695,40.252379855475624,31.169388907820355,40.53696381807743,-154.60865387448575,-88.72191058304787,-65.88674329143788,29415.336413465615,29569.9450673401,29666.98703125,26809.53669921875,30390.66087545892,28826.97310891608,29608.8169921875,0.05281155835964099,619.1503526058641,0.009614236843385615,1.083130969741825,52.0,-0.0035908335462961935
2023-08-04,29074.091796875,29302.078125,28885.3359375,29174.3828125,12036639988,-0.0035908335462961935,0.014333798985418115,-0.0035843942133476636,42.73220447064738,37.298145839631594,24.92017663836283,28.55412350681301,-170.37795377135626,-105.05311922070956,-65.3248345506467,29362.837241682442,29533.2151954538,29736.9409765625,26849.058994140625,30295.49407182448,28799.96842817552,29547.73125,0.05061389082618511,604.6926265268738,0.009619673779772365,1.0029943210997643,54.0,-0.0011000318899209226
2023-08-05,29042.126953125,29102.46484375,28957.796875,29075.388671875,6598366353,-0.0011000318899209226,0.004981314522297183,-0.0010994270766331304,42.30451245920353,36.34697276276591,23.010251000126036,26.36660551543642,-183.34109132563754,-120.71071364169516,-62.63037768394237,29313.49719728899,29496.83828861463,29791.2342578125,26888.46203125,30192.586541868382,28782.17537219412,29487.38095703125,0.047831008516134435,571.8337223999542,0.00962142867353506,0.5542611808984708,50.0,-9.347994530765627e-06
2023-08-06,29041.85546875,29160.822265625,28963.833984375,29043.701171875,7269806994,-9.347994530765627e-06,0.006782909634061292,-9.347950838400898e-06,42.30064006361849,36.337790496843326,26.791964341561716,24.90746399335021,-191.42969538439866,-134.85450999023587,-56.57518539416279,29271.706162129147,29463.135857513545,29841.8578515625,26930.22740234375,30094.069116852144,28770.28947689786,29432.179296875,0.044977289197706126,545.0590480321003,0.009625840729562041,0.6263684688608251,49.0,0.004765273802377892
2023-08-07,29180.578125,29244.28125,28724.140625,29038.513671875,13618163710,0.004765273802377892,0.01782489102072922,0.004776645775930843,45.06763618149869,44.670524526903314,39.3361889710166,29.71280143756813,-184.5191909958594,-144.78744619136057,-39.73174480449882,29257.686464109276,29442.205655105136,29898.74515625,26970.696328125,30038.824450694385,28757.935705555614,29398.380078125,0.043570045075098054,543.2791606726646,0.009551970676127683,1.170926944595332,49.0,0.01984638697905339
2023-08-08,29765.4921875,30176.796875,29113.814453125,29180.01953125,17570561357,0.01984638697905339,0.03571190475128104,0.020044635853149417,54.890440464991244,66.34191179534906,72.93644714724131,46.35486681993989,-130.3423840989053,-141.89843377286954,11.556049673964225,29335.810421554,29466.152805652906,29957.0344140625,27006.141025390625,30010.4307419398,28771.4862502477,29390.95849609375,0.04215393287894174,580.4008221871171,0.010634462531611556,1.4762274888438094,54.0,-0.006877101417061734
2023-08-09,29561.494140625,30093.435546875,29376.80078125,29766.6953125,18379521213,-0.006877101417061734,0.02424216997341017,-0.006853508270246889,51.43588589513935,57.22230263547153,59.513522266374,57.26205279487732,-102.68413304318165,-134.05557362693196,31.371440583750314,29370.53099371877,29473.215126761952,29981.71453125,27040.06037109375,29976.811345932256,28782.053497817746,29379.432421875,0.04066647139258317,590.1318181469659,0.010705588450351392,1.5204067217507757,50.0,-0.004471948989328098
2023-08-10,29429.591796875,29688.564453125,29354.447265625,29563.97265625,11865344789,-0.004471948989328098,0.011353103019780195,-0.004461964714047806,49.27642320691072,51.84607756720114,50.83444283944461,61.094804084353314,-90.36649786512498,-125.31775847457057,34.95126060944558,29379.617271127423,29469.983768992548,29969.7604296875,27073.60625,29902.315478633267,28808.63413074173,29355.4748046875,0.0372564693696215,571.8450588150397,0.010692508420808733,0.9779251193747681,53.0,-0.0010837469218066252
2023-08-11,29397.71484375,29517.7734375,29253.517578125,29424.90234375,10195168197,-0.0010837469218066252,0.008988993218674655,-0.001083159880198692,48.74381485721628,50.508113829316805,48.73696223224062,53.02830911268643,-82.2290022015186,-116.70000721996018,34.47100501844159,29382.40151306936,29464.630515270877,29959.4691015625,27105.922666015624,29849.923759901496,28823.617060411,29336.77041015625,0.034983629252359434,549.8744017121797,0.010655925110734677,0.8323077689118635,51.0,0.0006206039371356436
2023-08-12,29415.96484375,29465.11328125,29357.587890625,29399.787109375,6194358008,0.0006206039371356436,0.0036553412813806066,0.0006207965516027425,49.08312844731257,51.34674916255788,49.93779911685027,49.83640139617851,-73.46054830893263,-108.05211543775468,34.59156712882205,29387.565102404842,29461.025650713775,29933.8790234375,27139.820146484373,29688.412089760346,28918.27130867715,29303.34169921875,0.02628167084110164,518.2780437773812,0.010339898952770432,0.5120155781039859,54.0,-0.004533340724443713
2023-08-13,29282.9140625,29441.43359375,29265.806640625,29416.59375,7329897180,-0.004533340724443713,0.00599759138554826,-0.004523080645381872,46.65807648492338,44.87860293693165,41.18315332774725,46.61930489227939,-76.3672573154945,-101.71514381330266,25.34788649780816,29371.464942419483,29447.832199734978,29908.5633984375,27170.645419921875,29689.50065263835,28927.78255048665,29308.6416015625,0.025989539621348194,493.80296587363966,0.007739476254864237,0.6267713222645087,54.0,0.004277614074716283
2023-08-14,29408.443359375,29660.25390625,29124.10546875,29283.263671875,14013695304,0.004277614074716283,0.018231105636847093,0.004286776125049352,49.20782850176655,51.59086163069222,49.442890850301495,46.854614431633024,-67.76057821305221,-94.92423069325258,27.16365248020037,29377.15392964341,29444.91450785646,29887.12703125,27202.52375,29699.004544717056,28936.38393184544,29317.69423828125,0.02601229846635864,496.8276424183797,0.007787140067683384,1.1794017058878656,50.0,-0.008129120118753778
2023-08-15,29170.34765625,29439.12109375,29088.853515625,29408.048828125,12640195779,-0.008129120118753778,0.012007658676291166,-0.008096168172366025,44.830639028746795,40.63985840039215,30.716629020114016,40.44755773272093,-79.2386426617013,-91.78711308694233,12.548470425241021,29345.337579890576,29424.576222552278,29865.1113671875,27232.981845703125,29694.6248103791,28922.301166183403,29308.46298828125,0.026351557381378378,486.35906639742404,0.007944474582621656,1.06765898677197,53.0,-0.016193584838703763
2023-08-16,28701.779296875,29221.9765625,28701.779296875,29169.07421875,14949271904,-0.016193584838703763,0.01812421662937246,-0.016063173634291772,37.719582826960526,27.32349647924262,0.0,26.719839956805185,-124.70709626635289,-98.37110972282444,-26.33598654352845,29246.328613272795,29371.03570953915,29825.383671875,27261.33529296875,29750.170715310236,28815.86424562726,29283.01748046875,0.03190608585013962,488.7760806279652,0.008656237809403715,1.2407997198661311,52.0,-0.07362412009606191
2023-08-17,26664.55078125,28745.947265625,25409.111328125,28699.802734375,31120851211,-0.07362412009606191,0.1251412770788698,-0.07097917151940503,21.644393993077898,10.264038128861557,26.332262075209286,19.016297031774446,-321.4233207498655,-142.98155192823268,-178.44176882163285,28849.13202373083,29170.555344480694,29756.949765625,27275.78521484375,30382.666235222157,27917.899194465343,29150.28271484375,0.08455379540801913,692.2089275473962,0.018346787021504572,2.385980447327908,50.0,-0.023334248653811243
2023-08-18,26049.556640625,26808.1953125,25668.921875,26636.078125,24026236529,-0.023334248653811243,0.04373484943399274,-0.02306411031148714,19.01049805576295,8.413899377679996,13.433044318952255,13.255102131387195,-520.9421366685783,-218.5736688763018,-302.36846779227653,28418.42811863762,28939.3702553062,29669.0338671875,27291.8323046875,30808.028348564072,27161.80094831093,28984.9146484375,0.12579741719024518,724.1421068297251,0.018742538520543185,1.7259686739275402,37.0,0.0017891559507894222
2023-08-19,26096.205078125,26249.44921875,25802.408203125,26047.83203125,10631443812,0.0017891559507894222,0.017130499024156184,0.0017907574452629138,19.807642401789195,9.851888461951674,14.41147372754813,18.05892670723657,-667.6023918850187,-308.3794134780452,-359.22297840697354,28061.163035481834,28728.765427366852,29581.4129296875,27306.6169140625,31033.84068313539,26618.07826217711,28825.95947265625,0.153187005801038,704.3491717436733,0.018811303190537854,0.7584091144467323,39.0,0.003571869420107809
2023-08-20,26189.583984375,26260.681640625,26004.314453125,26096.861328125,9036580420,0.003571869420107809,0.009788898810036523,0.00357825614760654,21.473811684477823,13.040499376886743,16.37005311228137,14.738190386260598,-767.4501162211454,-400.19355402666525,-367.2565621944802,27773.227796850013,28540.67791307116,29493.403046875,27318.945986328126,31151.77869647967,26196.08751445783,28673.93310546875,0.1728291394066438,672.350458583411,0.01890602907377308,0.6507187542371335,37.0,-0.002501958864606914
2023-08-21,26124.140625,26220.201171875,25846.087890625,26188.69140625,13371557893,-0.002501958864606914,0.014320596670345017,-0.002498831574187843,21.142269171431025,12.673959851096413,14.997408907214298,15.259645249014612,-842.1530728879552,-488.58545779892324,-353.56761508903196,27519.52207810386,28361.675150991814,29403.47046875,27332.207333984374,31163.40220183165,25829.30482941835,28496.353515625,0.1871852610716852,651.0478030595959,0.018295015262487356,0.9801733515535246,38.0,-0.0035464695192522202
2023-08-22,26031.65625,26135.5078125,25520.728515625,26130.748046875,14503820706,-0.0035464695192522202,0.023616603222278643,-0.0035401882238949023,20.656888525423454,12.112634354573416,13.289962282779916,14.885808100758544,-898.461515314797,-570.560669302098,-327.90084601269905,27290.619643010956,28189.081158325753,29300.9748046875,27345.11900390625,31194.242480161243,25486.434277651257,28340.33837890625,0.20140226013526766,648.4571954749819,0.018102821128028898,1.08184248130036,37.0,0.015248455549160829
2023-08-23,26431.640625,26786.8984375,25804.998046875,26040.474609375,16985265785,0.015248455549160829,0.037148673612650555,0.015365306423789304,28.321324060445946,28.165632766444133,23.893924457345236,17.393765215779833,-900.4313532239757,-636.5348060864735,-263.89654713750224,27158.469024855425,28058.9003780794,29214.0559765625,27360.61796875,31145.327088632093,25260.64576293041,28202.98642578125,0.20865454590022808,672.2745665571259,0.01865220425145893,1.2473723038754916,37.0,-0.01023956576112509
2023-08-24,26162.373046875,26554.91015625,25914.92578125,26431.51953125,12871532023,-0.01023956576112509,0.02446201550040369,-0.01018731988472621,26.467735041825208,24.632029845456884,17.71904152606032,18.300976088728504,-913.193382282745,-691.8665213257278,-221.32686095701717,27005.223489781514,27918.41687206426,29127.0201171875,27376.65150390625,31099.38063193754,25015.420344624963,28057.40048828125,0.21683977066420204,669.9681243030454,0.01868604003519068,0.9423768925829926,41.0,-0.004393992436939317
2023-08-25,26047.66796875,26248.103515625,25786.8125,26163.6796875,12406045118,-0.004393992436939317,0.017709493847142925,-0.004384352975912553,25.696206197307816,23.18633789217921,15.020823905337949,18.877929962914518,-921.935623449499,-737.8803417504821,-184.05528169901686,26857.907255776667,27779.842879226166,29049.78671875,27393.089296875,31034.631818582384,24780.723259542618,27907.6775390625,0.2240927626559445,655.062616540328,0.018661794279912925,0.8893881603814029,39.0,-0.0015062619864454853
2023-08-26,26008.462890625,26107.384765625,25983.87890625,26047.234375,6034817316,-0.0015062619864454853,0.00474867968531577,-0.0015051281432193475,25.423425387084592,22.65610426800076,14.09859941146337,15.612821614287228,-921.4060394453954,-774.5854812894647,-146.8205581559307,26727.223507291797,27648.629546737193,28963.1106640625,27406.81015625,30941.90805011786,24570.10777019464,27756.00791015625,0.2295647234482774,617.0942767428045,0.018641854652872117,0.43455917562292024,38.0,0.003118365040993392
2023-08-27,26089.693359375,26165.373046875,25965.09765625,26008.2421875,6913768611,0.003118365040993392,0.007676417958091239,0.0031232321991347956,27.14903066456735,26.707618448405753,16.009390857696804,15.042938058166056,-904.0108460439478,-800.4705542403614,-103.54029180358646,26629.141946073825,27533.152792117773,28879.0537109375,27422.561630859374,30795.812555840057,24407.114787909944,27601.463671875,0.23146228199629823,587.3214991629613,0.018597635458798417,0.5101660504798171,38.0,0.0006305878251208892
2023-08-28,26106.150390625,26198.578125,25880.599609375,26089.615234375,11002805166,0.0006305878251208892,0.012180214656971772,0.0006307866874213364,27.514966205724548,27.603984313379087,17.296212739869098,15.801401003009772,-878.7672037517113,-816.1298841426315,-62.637319609079896,26548.681706774005,27427.448910525716,28797.75203125,27443.9971875,30513.742201873756,24323.250962188744,27418.49658203125,0.2257779240799789,568.0827146245355,0.017688056030242198,0.8320576699073872,39.0,0.060249892570851026
2023-08-29,27727.392578125,28089.337890625,25912.62890625,26102.486328125,29368391712,0.060249892570851026,0.0785039191204828,0.062101924766441385,52.71396336081959,69.90553528266642,60.80155231030634,31.369051969290762,-719.6451191495144,-796.8329311440082,77.18781199449381,26730.021840828,27449.666959977516,28744.01046875,27474.378232421874,30267.45500077076,24386.12800704174,27326.79150390625,0.215222009978314,682.984591035283,0.023149964727053093,2.132308141748773,39.0,-0.015634289371322937
2023-08-30,27297.265625,27760.16015625,27069.20703125,27726.083984375,16343655235,-0.015634289371322937,0.025312173552181565,-0.015512708305083889,47.95111188711956,59.19894583412469,56.58517027030191,44.89431177349246,-621.0878568854023,-761.6839162922871,140.59605940688482,26817.290115316002,27438.377972201404,28677.5367578125,27501.510185546875,29998.277820098338,24442.07257052666,27220.1751953125,0.20412084822027504,683.5537720327628,0.023316136764791197,1.1676568351859147,49.0,-0.05132914544958933
2023-08-31,25931.47265625,27456.078125,25752.9296875,27301.9296875,20181001451,-0.05132914544958933,0.06567881662862318,-0.0500340578984273,36.63274576194042,37.76934624678127,15.990914952765054,44.459212511124456,-645.7448499760758,-738.4961030290449,92.7512530529691,26681.010506228926,27326.755356205,28588.33328125,27522.226533203124,29689.11986898334,24404.60630289166,27046.8630859375,0.19538360324082316,756.3819624232798,0.025606909616123056,1.392152325228887,52.0,-0.005054814300673318
2023-09-01,25800.724609375,26125.869140625,25362.609375,25934.021484375,17202862221,-0.005054814300673318,0.029582880991941618,-0.005042060225742162,35.76248820199318,36.30169095311047,16.067431424304395,29.547838882457132,-668.1341349120703,-724.42370940565,56.28957449357972,26545.581906712934,27213.716041625004,28474.826796875,27542.1896484375,29323.51127213224,24408.69087630526,26866.10107421875,0.1829376128024524,756.8732340805456,0.025557895595006114,1.1432991709024791,40.0,0.0026349868784771645
2023-09-02,25868.798828125,25970.28515625,25753.09375,25800.91015625,10100387473,0.0026349868784771645,0.008395882920310386,0.0026384615075991658,36.60689648720738,37.7705324327165,18.563984284624503,16.874110220564663,-672.6311112446856,-714.0651897734572,41.43407852877158,26441.46143308402,27114.092544328705,28385.52140625,27560.429619140625,28920.93533739758,24469.855287602422,26695.3953125,0.16673587327290704,718.3245320926495,0.02563790275218714,0.6651464121741261,39.0,0.0038877655416867615
2023-09-03,25969.56640625,26087.1484375,25817.03125,25869.47265625,8962524523,0.0038877655416867615,0.010401297552468642,0.0038953327054152,37.90803055659498,40.15377754929697,22.25953290809657,18.963649539008504,-660.4506322104717,-703.3422782608602,42.891646050388545,26368.862198186478,27029.31283039695,28298.9966015625,27568.7382421875,28385.71063980652,24661.192289880983,26523.45146484375,0.14042359286695033,686.3097217646031,0.02562966559455774,0.6001964873089328,40.0,-0.006069712504034206
2023-09-04,25812.416015625,26081.525390625,25657.025390625,25968.169921875,10680635106,-0.006069712504034206,0.01644557408895928,-0.006051329012069284,36.6448306599264,37.538087936681016,16.49620187882543,19.10657302384885,-655.917232422009,-693.8572690930899,37.940036671080975,26283.25509317702,26939.17232559903,28210.262265625,27579.68294921875,27789.135915783754,24921.973849841244,26355.5548828125,0.10878777087756554,667.6090273528456,0.025625719235156955,0.7199778056620176,40.0,-0.0012573014244295709
2023-09-05,25779.982421875,25858.375,25589.98828125,25814.95703125,11094740040,-0.0012573014244295709,0.010410663372767344,-0.0012565113521479931,36.37542099057048,36.95839330409333,15.306732756243353,18.020822514388467,-647.4778784433329,-684.5813909631386,37.10351251980569,26205.828528361322,26853.306406804655,28122.944140625,27585.754853515624,27176.464801025624,25242.465277099374,26209.4650390625,0.07379011822804561,639.093148166928,0.02553401510589433,0.7577367073289336,40.0,-0.001038013801593385
2023-09-06,25753.236328125,25953.015625,25404.359375,25783.931640625,12752705327,-0.001038013801593385,0.02130436124646652,-0.0010374752516241204,36.139464382341174,36.417330941881666,14.325846921928106,15.376260518998977,-635.6207752156697,-674.7892678136448,39.168492597975046,26136.198959094196,26771.819734309865,28040.8776171875,27591.3146484375,27126.703512543907,25201.09512026859,26163.89931640625,0.07359791325400229,632.6333697264332,0.01984698326291648,0.9292577877436271,42.0,0.01873210550195057
2023-09-07,26240.1953125,26409.302734375,25608.201171875,25748.3125,11088307100,0.01873210550195057,0.030529557915233218,0.018908652030005024,43.34518833297824,51.499379807531845,32.184573288875676,20.605717655682394,-580.2417494294277,-655.8797641368014,75.63801470737371,26152.198398079705,26732.440147509133,27967.403046875,27600.877412109374,27135.29291124405,25211.569588755952,26173.43125,0.07349908783885943,644.6668120674022,0.019666110740684375,0.8479475695371373,41.0,-0.012831149860508746
2023-09-08,25905.654296875,26414.005859375,25677.48046875,26245.208984375,10817356400,-0.012831149860508746,0.02843106690858015,-0.012749181613965876,40.005496462712586,43.27246497037433,19.915621183523925,22.14201379810925,-556.9282148099592,-636.089454271433,79.16123946147388,26114.268536355903,26671.196751165862,27889.6758203125,27606.25994140625,27132.388549419396,25195.4188724556,26163.9037109375,0.07403213596731245,651.2281391072307,0.01988092528093643,0.8266397422529561,46.0,-0.00038518556307899995
2023-09-09,25895.677734375,25921.9765625,25810.494140625,25905.42578125,5481314132,-0.00038518556307899995,0.004305059053427035,-0.0003851113886439439,39.90674851254535,43.03328881140924,19.549740882539385,23.88331178497968,-533.1117158652487,-615.4939065901963,82.38219072494758,26080.639182204995,26613.750898070244,27809.4144921875,27613.5565625,27124.5833074562,25173.833489418797,26149.2083984375,0.07460072168586052,612.6748735906428,0.01985934729827939,0.42463898060316385,41.0,-0.0024532679048573473
2023-09-10,25832.2265625,25978.130859375,25640.26171875,25895.2109375,7899553047,-0.0024532679048573473,0.013079365799442012,-0.0024502611024840304,39.2432847913864,41.337934277804834,17.222733572812544,18.896031879625298,-513.4383504499892,-595.0827953621549,81.64444491216568,26042.421856096535,26555.860206546524,27730.62296875,27621.7734765625,27119.73902891354,25149.486361711457,26134.6126953125,0.07538863078523705,593.0458926645255,0.019859100240706393,0.6252330139129394,40.0,-0.026261881067480307
2023-09-11,25162.654296875,25883.947265625,24930.296875,25831.71484375,14600006467,-0.026261881067480307,0.03789943538442348,-0.02592003689674205,33.00707920780431,27.836598091430986,7.355315132843543,14.709263196065171,-545.5867679613912,-585.1835898820023,39.59682192061109,25907.073000831686,26452.659768793077,27632.1852734375,27627.849287109377,27163.423232456047,25018.901962856453,26091.16259765625,0.08219339638748926,618.8033568045594,0.020671716638938794,1.1551201228575512,40.0,0.0263051279529175
2023-09-12,25833.34375,26451.939453125,25133.078125,25160.658203125,18657279324,0.0263051279529175,0.0510526759868242,0.026654161568650414,42.81054684266923,47.77124224114674,31.911325221376362,18.82979130901083,-511.05446897646107,-570.357765700894,59.303296724432926,25895.730039165275,26406.784508141736,27565.313828125,27641.02537109375,27127.20850911983,24995.286998692667,26061.24775390625,0.08180427624028924,668.8074976131622,0.02128744310902486,1.466423187569954,30.0,0.015173852958685846
2023-09-13,26228.32421875,26376.11328125,25781.123046875,25837.5546875,13072077070,0.015173852958685846,0.02268502666859882,0.01528956036711282,47.66747135659797,56.102848899990924,51.39112279616455,30.2192543834615,-446.6668529600465,-545.6195831527245,98.95273019267802,25946.898374486005,26393.56522744605,27505.3325,27656.2901171875,27132.143776403973,24996.946848596024,26064.5453125,0.08191959238912769,663.5348359532935,0.021473656309698465,1.0266288477215335,41.0,0.011800835130971608
2023-09-14,26539.673828125,26774.623046875,26171.451171875,26228.27734375,13811359124,0.011800835130971608,0.022727177391336218,0.011870739692642074,51.18665074011776,61.71880881236422,87.26097247152637,56.85447349635577,-366.2934886328294,-509.75436424874556,143.46087561591617,26038.094598122774,26404.388086755604,27449.0265234375,27671.182421875,27176.545363974845,25001.745846962658,26089.14560546875,0.08336031964788873,659.2231958852011,0.02159922268119388,1.0787362293889702,45.0,0.0025972414093191217
2023-09-15,26608.693359375,26840.498046875,26240.701171875,26533.818359375,11479735788,0.0025972414093191217,0.022541387767493457,0.0026006171627044328,51.95790921299325,62.944854505525186,87.86490706251284,75.50566744340126,-293.64278772252874,-466.5320489435022,172.88926122097348,26125.87902293081,26419.52181065334,27396.9866015625,27686.611533203126,27228.895612633758,25009.41864517874,26119.15712890625,0.08497506089117664,654.9784586791153,0.021594295311259757,0.8779561287602311,45.0,-0.0015199103541191222
2023-09-16,26568.28125,26754.76953125,26473.890625,26606.19921875,7402031417,-0.0015199103541191222,0.01057196374906638,-0.001518755875352329,51.44536446587393,61.59723060812323,85.74931264397668,86.95839739267198,-236.60012436434772,-420.54566402767136,183.94553966332364,26193.940904018375,26430.541028382722,27341.9673046875,27703.716171875,27269.76212495816,25016.410921916842,26143.0865234375,0.08619300559714592,628.2570620770357,0.021596845707515782,0.5650433091816373,43.0,-0.0012840741866492755
2023-09-17,26534.1875,26617.998046875,26445.07421875,26567.927734375,6774210670,-0.0012840741866492755,0.006517019905923255,-0.0012832501161511578,50.98838226053626,60.32600372514194,83.9644875427265,85.85956908307202,-191.9320106294217,-374.8229333480214,182.8909227185997,26246.286534169394,26438.218544798816,27285.5126953125,27718.15435546875,27303.735890461187,25025.240867351316,26164.48837890625,0.08708349233179684,595.7332596518902,0.021602387142145855,0.5256008967898862,46.0,0.008260511389751386
2023-09-18,26754.28125,27414.734375,26415.515625,26532.994140625,15615339655,0.008260511389751386,0.03734799453825731,0.008294723552398242,53.8390425764749,65.66307506573503,73.41639204045181,81.04339740905168,-137.1910296618371,-327.29655261078454,190.10552294894745,26324.439567374102,26461.63059703594,27235.0921484375,27734.548427734375,27048.277263921296,25183.388361078705,26115.8328125,0.07140836427586511,624.5536518196124,0.016629384003130684,1.279856275186252,46.0,0.016931102662432373
2023-09-19,27211.1171875,27488.763671875,26681.60546875,26760.8515625,13807690550,0.016931102662432373,0.02966281015083736,0.017075246134672373,59.150031465141645,74.10017553766428,89.14793482119342,82.17627146812391,-56.296613323567726,-273.09656475334117,216.79995142977344,26460.851508931933,26517.1481222555,27194.712265625,27758.790615234375,27022.651788984207,25200.398992265793,26111.525390625,0.06978729773376893,637.5968340557114,0.016795585240657718,1.1435834592876764,46.0,-0.0029114788993918343
2023-09-20,27132.0078125,27379.505859375,26864.08203125,27210.228515625,13281116604,-0.0029114788993918343,0.018996892219953543,-0.00290724465500225,57.907554949491605,70.59568831393888,86.05587300133213,82.8733999543258,1.4130403696435678,-218.19464372874424,219.6076840983878,26564.10632486548,26562.693284495836,27143.8377734375,27782.68390625,27180.27983439296,25162.824462482036,26171.5521484375,0.07708581288830327,628.8701907749463,0.011768889573203947,1.1323255904674063,47.0,-0.021020467716698094
2023-09-21,26567.6328125,27152.939453125,26389.30078125,27129.83984375,13371443708,-0.021020467716698094,0.028743195800105686,-0.02080107760178318,49.86086105551441,50.65585583605294,63.99676319817396,79.73352367356652,1.5896859655294975,-174.2377777898895,175.827463755419,26564.648861424637,26563.059175459108,27092.15125,27803.344501953125,27217.629382164014,25202.16573502349,26209.89755859375,0.07689704405119625,638.4965108535216,0.012788661974285034,1.158955970861602,47.0,0.0004491505408555205
2023-09-22,26579.568359375,26726.078125,26495.533203125,26564.056640625,10578746709,0.0004491505408555205,0.008673764703695177,0.0004492514240630463,50.01903906013739,50.99735074472242,64.46327489531923,71.50530369827513,2.662090830221132,-138.85780406586736,141.5198948960885,26566.944168801616,26564.282077971395,27040.1690234375,27824.0935546875,27252.676386996496,25238.195683316004,26245.43603515625,0.07675546715939709,609.3571116407701,0.012787473033645221,0.9150049998392117,43.0,-6.686902016047694e-06
2023-09-23,26579.390625,26634.185546875,26520.51953125,26578.556640625,7404700301,-6.686902016047694e-06,0.004276471843492461,-6.686879658768241e-06,50.01650861814525,50.99121990570513,64.45632798573975,64.30545535974433,3.4577786136069335,-110.3946875299725,113.85246614357943,26568.85900821675,26565.401229603143,26990.275,27845.89166015625,27284.836852442346,25267.017639745154,26275.92724609375,0.07679345409198322,573.9506047825008,0.012776526299980755,0.6448111694089773,47.0,-0.012210127075315798
2023-09-24,26256.826171875,26716.05859375,26221.05078125,26579.373046875,8192867686,-0.012210127075315798,0.018852537974685897,-0.01213588594546644,45.51606326668071,40.64519778473283,51.8486031749667,60.25606868534191,-21.689861447710427,-92.65372231352009,70.96386086580966,26520.853956471867,26542.543817919577,26934.568984375,27868.585390625,27284.569584547593,25311.72592326491,26298.14775390625,0.0750183503319029,568.3118339051794,0.013030663860334558,0.7212584385339396,44.0,0.001585160786217759
2023-09-25,26298.48046875,26421.5078125,26011.46875,26253.775390625,11997833257,0.001585160786217759,0.015591739719990358,0.0015864178176880905,46.18940862393025,42.40574334911798,49.47189769432498,55.25894295167716,-37.822400645920425,-81.68745798000016,43.86505733407974,26486.642650668502,26524.465051314422,26879.701484375,27898.262685546873,27281.486143514354,25366.659168985643,26324.07265625,0.07274052915493996,557.0066359476666,0.013021928001511624,1.0520461920221806,47.0,-0.003093569595525136
2023-09-26,26217.25,26389.884765625,26090.712890625,26294.7578125,9985498161,-0.003093569595525136,0.011411260715750127,-0.0030887894396227633,45.02091186563872,39.724965206644825,25.539738674523512,42.286746514605085,-56.510753357953945,-76.65211705559092,20.141363697636976,26445.197627488735,26501.70838084669,26820.434921875,27928.41271484375,27270.09449911299,25424.452180574506,26347.27333984375,0.07005060048272267,538.5898673085476,0.01304691171313226,0.886345294854688,46.0,0.005153782852789497
2023-09-27,26352.716796875,26817.841796875,26111.46484375,26209.498046875,11718380997,0.005153782852789497,0.026804710822406163,0.005167086436411061,47.41028782579309,46.32666087601684,23.099520740373492,32.70371903640734,-59.70215982483933,-73.2621256094406,13.559965784601275,26430.969807394315,26490.671967219154,26752.1794140625,27957.014248046875,27274.411794124477,25431.387034000523,26352.8994140625,0.0699363182458957,550.5746591525799,0.012407371667181906,1.037261045516127,44.0,0.02506320623495958
2023-09-28,27021.546875,27259.5,26327.322265625,26355.8125,14079002707,0.02506320623495958,0.03449757109343874,0.02537992888096885,57.281501517828566,67.08936794025462,68.3734919847959,39.00425046656432,-8.168216666988883,-60.243343820950265,52.07512715396138,26521.82781779519,26529.99603446218,26701.38046875,27981.302236328123,27350.04687298645,25467.341212951047,26408.69404296875,0.0712911307530813,577.8320216684671,0.013179782129528377,1.2284796647391094,46.0,-0.004072674570297436
2023-09-29,26911.720703125,27225.9375,26721.763671875,27024.841796875,10396435377,-0.004072674570297436,0.01873435867170155,-0.004064392478456136,55.441248678075105,62.4605707706383,60.939216658403566,50.804076461191016,23.539402770551533,-43.486794502649914,67.02619727320145,26581.81133861516,26558.27193584461,26651.023046875,27994.873173828124,27394.264470193997,25524.727912618506,26459.49619140625,0.07065654402681695,572.5707221296481,0.013242150168271221,0.8881086319393576,48.0,0.002085958120685116
2023-09-30,26967.916015625,27091.794921875,26888.96875,26911.689453125,5331172801,0.002085958120685116,0.0075210176328598805,0.0020881352448591795,56.21634213805996,63.945530231743895,64.74314989257974,64.6852861785931,52.596116400869505,-24.270212321946026,76.86632872281552,26641.212058155135,26588.615941754266,26602.4270703125,28005.9823828125,27429.461114877377,25603.10021324762,26516.2806640625,0.06887696373288965,546.1603971114589,0.013202011728589052,0.46046325095592566,47.0,0.036976120856382695
2023-10-01,27983.75,28047.23828125,26965.09375,26967.396484375,9503917434,0.036976120856382695,0.03867046165185152,0.037668241913332734,67.292244786586,80.34375687837992,96.8813620463699,74.18790953245109,155.79715157247847,11.74326045693887,144.0538911155396,26847.7563569005,26691.95920532802,26573.7827734375,28024.021328125,27562.07027671397,25752.60062172353,26657.33544921875,0.06787886427874286,584.4449781213547,0.01360549840735774,0.8393431254338122,48.0,-0.01631914578851585
2023-10-02,27530.78515625,28494.458984375,27347.787109375,27976.798828125,19793041322,-0.01631914578851585,0.041650532975797974,-0.016186709920936293,60.00324005600226,64.9711685408108,61.188980335737455,74.2711640915624,198.74324969470763,49.14325830449262,149.599991390215,26952.837710646578,26754.09446095187,26538.7401953125,28036.41130859375,27640.27346859766,25844.14157046484,26742.20751953125,0.06716468327534338,624.6040421841151,0.01348202323758095,1.7393090411403531,50.0,-0.0036683170659445614
2023-10-03,27429.978515625,27667.19140625,27216.001953125,27508.251953125,11407814187,-0.0036683170659445614,0.016448771655726523,-0.003661597010505724,58.48494345512839,61.89627009839392,57.12909160845157,71.73314466351965,222.08404185235122,83.73141501406434,138.35262683828688,27026.243988335566,26804.159946483214,26499.1708984375,28036.441552734374,27715.45686628274,25889.123602467258,26802.290234375,0.06814094048847877,612.2172858227498,0.013256384191874524,1.0098434128562916,50.0,0.013377719302482879
2023-10-04,27799.39453125,27826.658203125,27248.10546875,27429.07421875,11143355314,0.013377719302482879,0.020811702705418073,0.013467601347721292,62.2542482586929,68.30871092991774,72.00695985419546,63.44167726612818,267.3091988707092,120.44697178539333,146.8622270853159,27145.190225707018,26877.88102683631,26471.7518359375,28040.609130859375,27866.8022330159,25863.750306046597,26865.27626953125,0.0745591412079029,609.8126750050534,0.013320775508902283,0.9982208158520633,49.0,-0.013890662255842758
2023-10-05,27415.912109375,28091.861328125,27375.6015625,27798.646484375,11877253670,-0.013890662255842758,0.026125695281174744,-0.01379463216164356,56.51765350141904,56.74361117801113,56.56258087251463,61.899544111720566,269.1045651728855,150.17849046289177,118.92607470999371,27186.839746271322,26917.735181098436,26446.0344921875,28037.4953125,27927.40589029452,25883.86852376798,26905.63720703125,0.07595201521532839,617.4160386207639,0.01380406235588565,1.0620723682476163,48.0,0.019171883788155934
2023-10-06,27946.59765625,28252.537109375,27215.552734375,27412.123046875,13492391599,0.019171883788155934,0.037105925657039254,0.01935684447622399,61.76800756739135,66.02933780794032,77.93542155179263,68.83498742616759,309.778362280882,182.09846482648982,127.67989745439218,27303.725578575733,26993.94721629485,26471.6754296875,28038.392119140626,28078.623497902034,25870.482556785468,26974.55302734375,0.081860149411121,647.385205504995,0.014331590853370544,1.1745167926708255,50.0,0.0007955652201821253
2023-10-07,27968.83984375,28028.091796875,27870.423828125,27946.78125,6553044316,0.0007955652201821253,0.005637272394236723,0.0007958817661306572,61.975244412181766,66.38221352631444,78.83120387071095,71.10973543167275,339.8893651457729,213.65664489034643,126.23272025542647,27406.050850141004,27066.16148499523,26510.06109375,28037.357236328124,28211.32908818723,25881.24220087527,27046.28564453125,0.0861518257233634,612.4054028796382,0.014309998326584519,0.570994157005223,49.0,-0.0012074286830624696
2023-10-08,27935.08984375,28102.169921875,27740.662109375,27971.677734375,7916875290,-0.0012074286830624696,0.01294099337149192,-0.001206700034343422,61.431106059172556,65.1835457978557,77.47195567340601,78.07952703196987,356.914915935693,242.30829909941576,114.60661683627723,27487.441464542386,27130.526548606693,26546.8387890625,28040.495498046876,28323.654602933264,25886.997545504233,27105.32607421875,0.08989587694894617,594.4841464239498,0.014270580878163306,0.713770287392398,50.0,-0.012659387727925962
2023-10-09,27583.677734375,27989.470703125,27302.5625,27934.47265625,12007668568,-0.012659387727925962,0.02490270549633668,-0.012579594744121514,55.925229231369855,53.45763558161731,62.109922825537616,72.80436078988488,338.1537414085833,261.47738756124926,76.67635384733404,27502.247044516633,27164.09330310805,26574.7206640625,28036.7440234375,28359.454850446848,25888.453352678152,27123.9541015625,0.09110034210042962,601.0858647597391,0.014192208274133996,1.091444699599316,50.0,-0.0070090060125914885
2023-10-10,27391.01953125,27715.84765625,27301.654296875,27589.201171875,9973350678,-0.0070090060125914885,0.015121502100440368,-0.006984500217130485,53.1145755422624,47.9414676325669,53.69525109971125,64.42570986621831,304.2324660578997,270.02840326057935,34.204062797320375,27485.13511939869,27180.90265334079,26600.0582421875,28036.2326953125,28377.889395739443,25895.919979260554,27136.9046875,0.09146103599730562,587.7364000894006,0.014276109545809696,0.920370068431255,50.0,-0.019081220842271783
2023-10-11,26873.3203125,27474.115234375,26561.099609375,27392.076171875,13648094333,-0.019081220842271783,0.03397479784346987,-0.018900326735168282,46.37058669633248,36.22344608229419,25.194443993821054,46.99987263968999,232.89098824972825,262.60092025840913,-29.70993200868088,27391.0097644912,27158.11877624147,26616.8915234375,28033.12576171875,28372.10293184619,25932.27519315381,27152.1890625,0.08985749668567372,610.9706304401577,0.014128249361754256,1.257880504107053,47.0,-0.00434538164717781
2023-10-12,26756.798828125,26921.439453125,26558.3203125,26873.29296875,9392909295,-0.00434538164717781,0.0135710980583863,-0.0043359541366684295,44.986081852553276,34.03874608017627,10.25125516618027,29.713650086570876,165.0474785268052,243.09023191208837,-78.04275338528316,27293.438851204093,27128.391372677288,26623.3946875,28026.93810546875,28366.68881351284,25955.412358362162,27161.0505859375,0.08877699511369798,593.266952596218,0.01417105555971114,0.8704569065060996,45.0,0.0039380057832304975
2023-10-13,26862.375,27092.697265625,26686.322265625,26752.87890625,15165312851,0.0039380057832304975,0.015128036891749148,0.003945769916393171,46.543471300809024,37.99201497904319,15.70417924691038,17.04995946897058,118.43487945156085,218.15916141998287,-99.72428196842202,27227.121335634234,27108.686456182673,26637.3947265625,28025.550537109375,28359.656850477473,25990.74275889753,27175.1998046875,0.08717191073499761,579.9175274107738,0.014193522898515986,1.35661233217463,44.0,-2.4866641728645306e-05
2023-10-14,26861.70703125,26969.0,26814.5859375,26866.203125,5388116782,-2.4866641728645306e-05,0.005748482861508388,-2.4866332556272575e-05,46.53449547164025,37.975215155507804,15.66967920000242,13.875037871031038,80.51206637890937,190.62974241176818,-110.11767603285881,27170.90375034435,27090.39168396544,26653.6755078125,28023.51841796875,28323.5910663585,26087.296628954,27205.44384765625,0.08220025557852287,549.52442277429,0.013875860071904708,0.48811712925538914,47.0,0.011030760315870677
2023-10-15,27159.65234375,27289.169921875,26817.89453125,26858.01171875,7098201980,0.011030760315870677,0.017352040617465793,0.011091823470242623,51.06742505969179,49.577944029380006,31.05831415823416,20.81072420171567,73.65066150570783,167.2339262305561,-93.58326472484828,27169.17276471445,27095.522103208743,26676.699296875,28017.57447265625,28287.126478745668,26209.878404066832,27248.50244140625,0.07623347665236431,543.9352061921978,0.014051486677236729,0.6576311256602138,45.0,0.04885439730476576
2023-10-16,28519.466796875,29448.138671875,27130.47265625,27162.62890625,27833876539,0.04885439730476576,0.08126610613487895,0.05006744695824206,65.46039572348775,74.73918686198303,67.86400529336903,38.19733288386855,175.91082019900568,168.96930502424604,6.941515174759644,27376.910308123766,27200.99948792476,26725.294765625,28020.003994140625,28429.49865413687,26297.72790836313,27363.61328125,0.0779053089174618,670.6302640088264,0.017511365271801617,2.3818116387703814,47.0,-0.0036433994327744555
2023-10-17,28415.748046875,28618.751953125,28110.185546875,28522.09765625,14872527508,-0.0036433994327744555,0.01789734359310415,-0.0036367703063566736,63.91611918723691,71.5614699682279,64.27489562965881,54.399071693754024,245.75063603906165,184.3255712272092,61.42506481185245,27536.73149870088,27290.980862661818,26771.48671875,28019.6903125,28520.598711744555,26412.930975755444,27466.76484375,0.07673520154189932,659.0542741689103,0.017596648897330855,1.2557312955130706,52.0,-0.0030807197496875486
2023-10-18,28328.341796875,28889.009765625,28174.251953125,28413.53125,12724128586,-0.0030807197496875486,0.025231191349817994,-0.0030759792019486865,62.57636031103859,68.69007567631576,61.25026781122029,64.4630562447494,290.69528507569703,205.59951399690675,85.09577107879028,27658.517698419975,27367.822413344278,26783.505703125,28019.276845703123,28628.602584801152,26435.60659488635,27532.10458984375,0.0796523194497732,663.0330983354168,0.016916277195716433,1.0805159836937914,50.0,0.013724231161473081
2023-10-19,28719.806640625,28892.474609375,28177.98828125,28332.416015625,14448058195,0.013724231161473081,0.024877825156188145,0.013818840741083749,66.01249723837506,74.11670553387582,74.79661554203977,66.77392632763964,353.82352715482193,235.2443166284898,118.57921052633213,27821.792920297674,27467.969393142852,26811.9565234375,28021.8793359375,28795.013941836914,26450.00383160059,27622.50888671875,0.0848948992958361,666.7083290346727,0.017027729731552418,1.2061603020277025,52.0,0.03298576898255148
2023-10-20,29682.94921875,30104.0859375,28601.669921875,28732.8125,21536125230,0.03298576898255148,0.05061545618505995,0.033535830870205396,72.66304081243203,82.71565920730731,88.12282696349959,74.72323677225323,476.08268570365544,283.41199044352294,192.6706952601325,28108.124658521112,27632.041972817457,26886.9860546875,28031.342978515626,29195.075969374255,26321.445124375747,27758.260546875,0.10352344809739956,726.4017352196961,0.018272745720628546,1.683982849716252,53.0,0.007901299916077796
2023-10-21,29918.412109375,30287.482421875,29481.751953125,29683.380859375,11541146996,0.007901299916077796,0.026930923533121685,0.007932597562652743,74.00237259513233,84.21168951846472,90.10313036346238,84.3408576230006,585.2276965173696,343.77513165829225,241.45256485907737,28386.63042019094,27801.40272367357,26969.3398046875,28040.09458984375,29572.576616703045,26137.410687984455,27854.99365234375,0.12332316322138352,732.0680733290036,0.01666354551195435,0.8953104668114253,63.0,0.002519829955235934
2023-10-22,29993.896484375,30199.43359375,29720.3125,29918.654296875,10446520040,0.002519829955235934,0.01597395303406455,0.002523007395046406,74.43479337261503,84.70676157433414,92.12729484830027,90.11775072508743,670.0924534623882,409.0385960191115,261.05385744327674,28633.902122373103,27963.809668910715,27051.8417578125,28049.174150390623,29923.2407077284,26033.0577297716,27978.14921875,0.13904361391245035,714.0004319305034,0.016013402563197145,0.8408786380343758,53.0,0.09812340552916099
2023-10-23,33086.234375,34370.4375,30097.828125,30140.685546875,38363572311,0.09812340552916099,0.12913555911422755,0.10309890521346299,85.25495146557824,93.8794773152287,83.5613945083309,88.5972732400312,975.6277790564927,522.3564326265878,453.27134642990495,29318.876315084934,28343.24853602844,27194.1751171875,28074.384619140626,31197.26192245272,25324.662100984784,28260.96201171875,0.20779900624164138,975.6104736229674,0.02625439990511091,2.7857976832699576,53.0,0.024342751787773464
2023-10-24,33901.52734375,35150.43359375,32880.76171875,33077.3046875,44934999645,0.024342751787773464,0.06694895636961415,0.02464145540134477,86.83677503094623,94.83277658412004,85.46450437606072,87.05106457756398,1268.926658108212,671.6704777229127,597.2561803852993,30023.899550264177,28754.972892155965,27355.95734375,28104.262958984375,32383.146521910934,24748.990782776567,28566.06865234375,0.26724558538467313,1068.043430864184,0.026456118650778775,2.906399729601539,66.0,0.017581001125127033
2023-10-25,34502.8203125,35133.7578125,33709.109375,33916.04296875,25254318008,0.017581001125127033,0.04129078216205605,0.017736456610143003,87.87029568688813,95.44343399485317,92.46270085075294,87.16286657838153,1532.2249151788383,843.7813652140978,688.4435499647404,30712.964282915844,29180.739367737006,27530.4141015625,28137.0380859375,33486.84295428743,24353.98517071257,28920.4140625,0.3157927740535737,1093.5152170524566,0.0258952077096448,1.5657162981770534,72.0,-0.010083818433932462
2023-10-26,34156.6484375,34832.91015625,33762.32421875,34504.2890625,19427195376,-0.010083818433932462,0.03134341296567675,-0.010033147199696724,83.79136378804625,88.42458547705614,88.25883642447143,88.72868055042836,1693.436620403074,1013.712416251893,679.7242041511809,31242.761845159563,29549.32522475649,27698.48234375,28166.15607421875,34306.405930096626,24155.427273028377,29230.9166015625,0.34726857167816766,1091.8774113701381,0.02626248183193358,1.1826883023681978,71.0,-0.007253169256571986
2023-10-27,33909.80078125,34238.2109375,33416.88671875,34156.5,16418032871,-0.007253169256571986,0.024220850604470108,-0.007226928505637331,80.90724149152871,83.32672280846242,85.1168967613053,88.61281134550991,1780.752113508639,1167.1203557032422,613.6317578053968,31653.075527635017,29872.32341412638,27851.874453125,28187.44017578125,34956.359037234106,24099.570259640896,29527.9646484375,0.3676781961389847,1072.5521833258424,0.02647231410404712,0.9703586302806902,70.0,0.0052875149613998505
2023-10-28,34089.57421875,34399.390625,33874.8046875,33907.72265625,10160330825,0.0052875149613998505,0.015388456720925146,0.005301518539129857,81.40911657924246,84.10531548743869,87.26847402643064,86.88140240406915,1843.2091174972302,1302.33810806204,540.8710094351902,32027.921480114244,30184.712362617014,28015.5528515625,28206.71275390625,35557.82965598401,24113.548078390984,29835.6888671875,0.38357691784952025,1033.411737195425,0.026372009173917462,0.596553268925116,65.0,0.013082482218137433
2023-10-29,34538.48046875,34743.26171875,33947.56640625,34089.37109375,11160323986,0.013082482218137433,0.023037936287322643,0.013168432293093613,82.63649680717799,86.00869151989941,92.36962461826205,88.25166513533269,1906.947620707695,1423.260010591171,483.68761011652396,32414.161324519744,30507.21370381205,28188.40890625,28228.709892578125,36155.71008713994,24211.147920672563,30183.42900390625,0.3957324452739132,1016.4319925743232,0.02583285578568925,0.6569009009087473,72.0,-0.001046255776520464
2023-10-30,34502.36328125,34843.93359375,34110.97265625,34531.7421875,17184860315,-0.001046255776520464,0.0212437893464046,-0.0010457086417764438,82.16647640068018,85.05267429073453,90.7947801244352,90.14429292304266,1932.2724544685152,1525.06249936664,407.20995510187527,32735.42316401671,30803.150709548194,28361.811640625,28249.226376953124,36649.11548350284,24428.87689930966,30538.99619140625,0.400151940410929,996.1840600690144,0.025644852494079478,0.9904857112380925,68.0,0.004782938801692802
2023-10-31,34667.78125,34719.25390625,34083.30859375,34500.078125,15758270810,0.004782938801692802,0.018343986536490563,0.004794395311462418,82.65312939292686,85.89067641888514,93.08142521778204,92.08194332015978,1943.2893849282045,1608.707876478953,334.5815084492515,33032.709023398755,31089.41963847055,28551.9141796875,28270.136787109375,37048.192976501145,24809.245500061355,30928.71923828125,0.3957146554355648,970.452720956942,0.024682195184915053,0.9027712586674751,66.0,0.021952875620689455
2023-11-01,35437.25390625,35527.9296875,34170.69140625,34657.2734375,22446272005,0.021952875620689455,0.0382997589158743,0.022195613001625203,84.7393087106056,89.1820890013527,98.76630606642804,94.21417046954845,1991.1575692920233,1685.1978150415673,305.95975425045594,33402.639005375866,31411.481436083843,28743.9923828125,28295.730576171874,37468.38272988644,25257.101254488563,31362.7419921875,0.3893563094208958,998.0802609778748,0.024423581544173102,1.239570146831753,66.0,-0.014181643038139046
2023-11-02,34938.2421875,35919.84375,34401.57421875,35441.578125,20998158544,-0.014181643038139046,0.04345580762483802,-0.014081557224217889,78.1734433196306,75.8029914853992,86.58679630254836,92.81150919558617,1966.1626755537982,1741.3907871440138,224.77188840978442,33638.88564877958,31672.72297322578,28918.1907421875,28318.845009765624,37693.83087532449,25839.239827800502,31766.5353515625,0.3731785955354712,1035.2366374258838,0.025143825541295923,1.1412196610446854,72.0,-0.005911206955145199
2023-11-03,34732.32421875,34942.47265625,34133.44140625,34942.47265625,17158456701,-0.005911206955145199,0.02329332309881094,-0.005893770145759425,75.57129465541625,70.6969959709441,81.55479032115676,88.96929756337774,1907.7468647126916,1774.6620026577496,133.08486205494205,33807.10696723656,31899.36010252387,29082.04375,28345.28140625,37769.083827908034,26551.048593966967,32160.0662109375,0.3488187853955929,1019.0791097526064,0.02533975679951481,0.9036345998914554,65.0,0.010022958693683921
2023-11-04,35082.1953125,35256.03125,34616.69140625,34736.32421875,9561294264,0.010022958693683921,0.018224054625287357,0.010073356782761111,76.9737668545823,74.14872474340974,86.48851979736371,84.8767021403563,1868.1487313361868,1793.3593483934371,74.78938294274963,34003.2744049694,32135.125673633214,29251.5137890625,28368.704619140626,37804.08357213443,27308.303146615573,32556.193359375,0.32238966975223626,991.954876466706,0.025344563255034272,0.5002921051455526,68.0,-0.0009365213169939803
2023-11-05,35049.35546875,35340.33984375,34594.2421875,35090.01171875,12412743996,-0.0009365213169939803,0.021287057815234878,-0.0009360829177728069,76.52964594878034,73.20444262591164,85.04833484966815,84.3638816560629,1813.2154058977721,1797.3305598943043,15.884846003467828,34164.20995324334,32350.99454734557,29421.1352734375,28399.837998046874,37892.48783061009,27872.887755327407,32882.68779296875,0.30470745391516185,974.393646451227,0.02402763052755551,0.6767991133539342,70.0,-0.0003419870125084872
2023-11-06,35037.37109375,35286.02734375,34765.36328125,35044.7890625,12693436420,-0.0003419870125084872,0.0148602491067852,-0.0003419285416157436,76.35650352164319,72.80966890713303,70.96252594777668,80.8331268649362,1748.5570337634235,1787.5758546681284,-39.01882090470485,34298.54243639821,32549.985402634786,29591.1989453125,28433.794912109373,37861.07562614266,28566.46226448234,33213.7689453125,0.2798421756038644,941.9843904547108,0.02393790854976454,0.6962398875974796,74.0,0.011526405303600254
2023-11-07,35443.5625,35892.41796875,34545.81640625,35047.79296875,18834737789,0.011526405303600254,0.03799283896758403,0.011593090279608864,78.16004279709018,77.58870107024788,80.97125743456567,78.9940394106702,1710.3749223759623,1772.1356682096953,-61.760745833732926,34474.69936926002,32764.32444688406,29764.9845703125,28474.628173828125,37730.31258761297,29408.74737332454,33569.52998046875,0.24789042977754056,970.8856170293744,0.023724478412402883,1.0160649507961925,68.0,0.005955525293475274
2023-11-08,35655.27734375,35994.41796875,35147.80078125,35419.4765625,17295394918,0.005955525293475274,0.02374451275018348,0.005973294692089626,79.0567749122833,79.75271305769509,86.84242431590306,79.59206923274849,1677.857644039621,1753.2800633756806,-75.42241933605965,34656.326749950786,32978.469105911165,29933.8677734375,28513.817060546877,37521.46779527391,30311.139235976087,33916.303515625,0.21259181608562014,962.0093006344192,0.02374463157176017,0.9259118956934477,66.0,0.02869223982446583
2023-11-09,36693.125,37926.2578125,35592.1015625,35633.6328125,37762672382,0.02869223982446583,0.06361290432472023,0.029107827327892632,82.78770213604882,86.95601922207733,72.6539957155195,80.15589248866276,1716.0515251118413,1745.8343557229127,-29.782830611071404,34969.68032688143,33253.62880176959,30125.0901171875,28559.32576171875,37501.572516675296,31032.0520926997,34266.8123046875,0.18879843174355038,1060.019797017675,0.023552269293509297,1.93747759789376,69.0,0.01677834605033404
2023-11-10,37313.96875,37493.80078125,36362.75390625,36702.25,22711265155,0.01677834605033404,0.030311620899344832,0.01691989303173269,84.55969687251824,89.55052672150998,84.88717396921629,81.46119800021296,1775.9453604235605,1751.8565566630423,24.088803760518203,35330.34008428429,33554.39472386073,30340.0168359375,28608.26890625,37463.61094978952,31809.56932364797,34636.59013671875,0.16323897946719707,1065.0931597306983,0.023582344543165275,1.132779858027313,70.0,-0.004725682318407844
2023-11-11,37138.05078125,37407.09375,36773.66796875,37310.0703125,13924272142,-0.004725682318407844,0.017055978112071504,-0.0047145338500075296,81.98416962727845,84.02554558933625,80.18928962392432,79.24348643622007,1788.5986941672309,1759.20498416388,29.39371000335086,35608.449422279016,33819.850728111785,30551.186484375,28652.421171875,37096.700006367784,32890.895696757216,34993.7978515625,0.12018713508750455,1034.2597755535055,0.023775063173334932,0.6885353901292857,70.0,-0.002251742592082081
2023-11-12,37054.51953125,37227.69140625,36779.1171875,37133.9921875,11545715999,-0.002251742592082081,0.012105789642521044,-0.002249209321512735,80.72685426367893,81.24862016298555,77.31590422801499,80.7974559403852,1771.4659220955436,1761.6571717502127,9.808750345330964,35830.92174673609,34059.45582464054,30760.6890625,28695.580263671876,37286.55680084182,33097.867417908186,35192.212109375,0.11902319098087587,992.4250929246837,0.012046892249839531,0.6114623375259939,73.0,-0.015013537055029228
2023-11-13,36502.35546875,37405.1171875,36399.60546875,37070.3046875,19057712790,-0.015013537055029228,0.027546488598820088,-0.014901395821212304,72.78107450193248,64.74664007627862,62.947666942808205,73.48428693158252,1693.807888596697,1748.0873151195096,-54.27942652281263,35934.21924243053,34240.411353833835,30965.5996484375,28730.72310546875,37402.8203395691,33241.6866916809,35322.253515625,0.11780487465352399,993.3598519122063,0.012049494514680858,1.083546548491536,72.0,-0.02678435783979465
2023-11-14,35537.640625,36753.3515625,34948.5,36491.7890625,23857403554,-0.02678435783979465,0.05078703962216118,-0.026428838121854925,61.40841826017884,45.78978523793657,37.02259925990848,59.09539014357724,1536.70473648396,1705.8107993924,-169.10606290843998,35873.207147441215,34336.502410957255,31150.3828515625,28761.71,37421.68443565579,33326.304626844205,35373.99453125,0.11577374461325418,1051.3235455256201,0.01337012816070019,1.3618461757863984,69.0,0.06384619927627835
2023-11-15,37880.58203125,37964.89453125,35383.78125,35548.11328125,27365821679,0.06384619927627835,0.06813816321831281,0.06592844558740318,72.60456899136993,70.37013249241569,97.79946413934009,65.92324344735228,1583.0072253673352,1681.250084587387,-98.24285922005174,36182.03405264257,34599.02682727524,31383.6494921875,28804.87046875,37799.514101263114,33320.86832061188,35560.1912109375,0.1259454920836788,1160.5942409345046,0.01902815685195336,1.527506197171461,60.0,-0.046629756190665436
2023-11-16,36154.76953125,37934.625,35545.47265625,37879.98046875,26007385366,-0.046629756190665436,0.06608124943750397,-0.04555929205565723,59.02136373424663,50.6383799105668,52.75617524356376,62.52607954760413,1463.572483320204,1637.7145643339504,-174.14208101374652,36177.83951088987,34714.267027569666,31579.690546875,28839.300283203123,37791.42882301291,33553.450473862096,35672.4396484375,0.11880259356851816,1248.3483911356113,0.022160916990799848,1.4138423861431453,70.0,0.01214874696667944
2023-11-17,36596.68359375,36704.484375,35901.234375,36164.82421875,22445028430,0.01214874696667944,0.021948710132225737,0.012222842746045792,61.03174384098065,54.4536223180401,59.98304550294533,70.17956162861641,1388.5717703679475,1587.88600554075,-199.31423517280246,36242.27706209912,34853.705291731174,31771.19328125,28881.825859375,37821.9028040893,33773.6874302857,35797.7951171875,0.11308560654507853,1216.555648911639,0.022247785485284898,1.1807541678293212,63.0,-0.000300085015663709
2023-11-18,36585.703125,36839.28125,36233.3125,36625.37109375,11886022717,-0.000300085015663709,0.016562993143240293,-0.000300039994658885,60.951728282066576,54.33188678359184,59.66189259714561,57.467037781218245,1313.1104134780835,1532.9308871282167,-219.82047365013318,36295.11184100695,34982.00142752886,31964.6729296875,28921.351689453124,37865.375283882335,33934.937216117665,35900.15625,0.10948247802583504,1172.9422989893792,0.0221469613452915,0.6240906587111471,69.0,0.021653391391504333
2023-11-19,37386.546875,37509.35546875,36414.59765625,36585.765625,12915986553,0.021653391391504333,0.02928213231781653,0.021889527372586093,64.5973075821824,61.63064236403472,83.08469022625799,67.57654277544965,1302.9090180404091,1486.9265133106553,-184.01749527024617,36463.024923159726,35160.11590511932,32173.045546875,28963.252880859374,38001.40581824083,34087.32504113417,36044.3654296875,0.10859064185058107,1167.3576928115665,0.022513818708783405,0.6858566986036415,66.0,0.002415334454994771
2023-11-20,37476.95703125,37756.8203125,36882.53125,37374.07421875,20888209068,0.002415334454994771,0.02332871000628407,0.0024182537251242753,64.99463945168542,62.42166605667084,85.72897482417136,76.15851921585833,1287.280711936357,1446.9973530357959,-159.7166410994389,36619.01447825054,35331.73376631418,32362.9096875,29006.399111328126,38129.7045069296,34239.9439305704,36184.82421875,0.10749701457285596,1146.424219217883,0.02251578808319453,1.0942881325474565,69.0,-0.045392621921948366
2023-11-21,35813.8125,37631.140625,35813.8125,37469.16015625,25172163756,-0.045392621921948366,0.05074377727866867,-0.04437779006078835,53.1723760341291,43.274742071400304,28.686980135897965,65.83354839544246,1127.6939486846168,1383.13667216556,-255.4427234809432,36495.13725082738,35367.44330214276,32528.570234375,29037.79625,38126.38432850522,34280.91996836977,36203.6521484375,0.10621758115365752,1194.3459267737485,0.024611475668812687,1.3093661522240068,71.0,0.04420138946783627
2023-11-22,37432.33984375,37856.98046875,35670.97265625,35756.5546875,24397247860,0.04420138946783627,0.05839890911508149,0.045192824521265385,60.66997268774563,57.92698550623058,82.34466075366778,65.58687190457906,1118.923663602087,1330.2940704528655,-211.37040685077864,36639.32226512316,35520.398601521076,32728.6174609375,29080.434833984375,38230.034191483384,34426.67987101662,36328.35703125,0.10469381583084211,1265.1789186113378,0.026186852832702136,1.257937093482346,62.0,-0.003819999415433914
2023-11-23,37289.62109375,37643.91796875,36923.86328125,37420.43359375,14214948217,-0.003819999415433914,0.019309788256890767,-0.003812712499291715,59.761344951887054,56.42755392852769,77.61322564060725,62.881622176724356,1087.9161192941028,1281.818480221113,-193.90236092701025,36739.36823875806,35651.45211946396,32918.4219921875,29124.608046875,38252.41783327957,34660.025916720435,36456.221875,0.09853988514982769,1226.2414735319564,0.02615166878379432,0.7385358121655063,66.0,0.01148288092363248
2023-11-24,37720.28125,38415.33984375,37261.60546875,37296.31640625,22922957823,0.01148288092363248,0.030586579335221686,0.011549062275727495,61.62882361228103,60.06656090100802,79.95123440723552,79.96970693383687,1085.5792110693874,1242.5706263907682,-156.99141532138083,36890.27793279528,35804.698721725894,33124.509375,29174.7380859375,38348.4398848868,34827.812458863205,36588.126171875,0.09622322306108895,1221.0623950653883,0.02617270997436524,1.151007656645979,66.0,0.002026342935600158
2023-11-25,37796.79296875,37892.4296875,37617.41796875,37721.4140625,9099571165,0.002026342935600158,0.007276059611125655,0.0020283973558654633,61.96654295985852,60.74606825867155,82.15819296887588,79.9075510055729,1077.4805259381246,1209.5526063002394,-132.07208036211478,37029.74178448062,35952.261258542494,33321.51328125,29225.428173828124,38411.271539924324,35039.724553825676,36725.498046875,0.09180398266608493,1153.4873467571463,0.02615390910209734,0.46074016727686795,73.0,-0.00844024984109134
2023-11-26,37479.12109375,37820.30078125,37162.75,37796.828125,13744796068,-0.00844024984109134,0.01754445574124343,-0.008404730932136117,59.620261047809436,56.12038698378036,72.9950389347287,78.36815543694672,1033.5150757533775,1174.345100190867,-140.83002443748956,37098.87706282976,36065.36198707638,33511.71890625,29274.715,38372.65795716426,35322.513136585745,36847.585546875,0.08277733195566708,1118.0633063637786,0.026283343956066938,0.6940951847095995,73.0,-0.00602017674392167
2023-11-27,37254.16796875,37559.35546875,36750.12890625,37454.19140625,19002925720,-0.00602017674392167,0.0217217725323729,-0.006002091789647501,57.947044456974446,52.79882872938103,66.50633062576127,73.88652084312197,969.3462820103014,1133.3453365547539,-163.99905454445252,37122.76797143287,36153.42168942257,33698.10046875,29325.98189453125,38328.03259656749,35548.19904405751,36938.1158203125,0.07525650647782459,1096.0035389449372,0.026289550422542128,0.9592168773301195,66.0,0.015367313611233842
2023-11-28,37831.0859375,38368.48046875,36891.08984375,37247.9921875,21696137014,0.015367313611233842,0.039052292272042315,0.01548599794884531,60.97214420241469,59.900061489233956,80.72760633904538,73.40965863317847,954.0468510063511,1097.4856394450735,-143.43878843872244,37231.73996621243,36277.69311520608,33903.0486328125,29381.112373046875,38356.43724589005,35737.37525410995,37046.90625,0.07069583554713409,1123.245473663156,0.026438642110939502,1.0831327513558218,68.0,0.0007241750284948421
2023-11-29,37858.4921875,38366.11328125,37612.6328125,37826.10546875,20728546658,0.0007241750284948421,0.0199025482847619,0.0007244373065387055,61.11524523645854,60.23165106721389,80.59674473176295,75.94356056552321,933.3740420886461,1064.663319973788,-131.28927788514193,37328.16338487205,36394.789342783406,34112.3980859375,29436.484443359375,38449.79081283195,35760.55840591805,37105.174609375,0.07247593995244096,1096.8336875979305,0.02573638554290019,1.0807823212521226,72.0,-0.0038571889984724806
2023-11-30,37712.74609375,38141.75390625,37531.140625,37861.1171875,18115982627,-0.0038571889984724806,0.01619116464582235,-0.0038497596002547985,59.85827705438564,57.292325358333116,74.39869733175054,78.57434946751964,894.9141866877326,1030.713493316577,-135.7993066288443,37387.32995546866,36492.41576878093,34329.1866015625,29490.39498046875,38493.14568524523,35757.081267879774,37125.1134765625,0.07369847957751742,1062.1036585730783,0.02550692568641566,0.9560166920037646,74.0,0.02555073011462817
2023-12-01,38688.75,38954.109375,37629.359375,37718.0078125,23512784002,0.02555073011462817,0.03424121999289199,0.025879947957747618,65.04323539329027,69.08070177556141,91.91750457772496,82.30431554707951,932.4412305424194,1011.0590407617455,-78.61781021932609,37587.5484238581,36655.10719331568,34567.825625,29547.875263671875,38731.18492840823,35674.11194659177,37202.6484375,0.08217353092353896,1080.864111532144,0.026070705090918772,1.2101983905925606,71.0,0.020152443138720524
2023-12-02,39476.33203125,39678.9375,38652.59375,38689.27734375,15534035612,0.020152443138720524,0.025998964371551348,0.020356874575942596,68.57106684631714,75.45814368571749,94.94492899392714,87.08704363446758,1014.043706362565,1011.6559738819094,2.387732480655586,37878.130517303005,36864.08681094044,34820.104765625,29610.073671875,39142.340456019374,35505.13766898062,37323.7390625,0.09745011829999459,1076.9697999941338,0.026356120360626897,0.7914108099882379,74.0,0.012637770520489717
2023-12-03,39978.390625,40135.60546875,39298.1640625,39472.20703125,15769696322,0.012637770520489717,0.020947351635668802,0.012717964611113297,70.6074397277761,78.72214369147184,96.47866128408516,94.4470316185791,1106.4714745964375,1030.619074024815,75.85240057162241,38201.247456948695,37094.77598235226,35082.4384375,29672.971611328125,39609.64489125126,35385.43674937374,37497.5408203125,0.1126529380185182,1059.86062901241,0.02607607354081519,0.8102030164563704,73.0,0.04885656688656327
2023-12-04,41980.09765625,42371.75,39978.62890625,39978.62890625,39856129827,0.04885656688656327,0.05700608686873104,0.05006972516793251,77.00474054054885,86.85445779584903,94.15512076199181,95.19290368000138,1325.9573641717288,1089.6867320541978,236.27063211753102,38782.60902607197,37456.65166190024,35378.84734375,29748.7110546875,40520.83980142408,35118.48754232592,37819.663671875,0.14284506350900408,1155.1105394400952,0.026768705542163183,1.9668617338505783,74.0,0.04882523455973004
2023-12-05,44080.6484375,44408.6640625,41421.1484375,41986.265625,36312154535,0.04882523455973004,0.06777385839130443,0.05003682455553493,81.5442456556193,91.04474433665672,96.24596921830664,95.62658375479457,1650.373922723069,1201.8241701879722,448.5497525350968,39597.692012445514,37947.318089722445,35690.0709765625,29834.66365234375,41970.39453865606,34288.93944571894,38129.6669921875,0.20145612849204778,1285.9966169800884,0.025299518738066466,1.7532672022187203,75.0,-0.007610515703398493
2023-12-06,43746.4453125,44265.76953125,43478.08203125,44080.0234375,29909761586,-0.007610515703398493,0.018005748681366077,-0.007581629055975703,78.87628959256074,85.95871076747929,91.35319305207375,93.91809434412409,1859.0786817279877,1333.2750724959753,525.8036092320124,40235.961750915434,38376.88306918745,35996.684921875,29917.74794921875,42948.22007807883,34070.28148442116,38509.25078125,0.23054041336946254,1250.4031086243679,0.022215743178767983,1.4306609490287574,72.0,-0.010427160036986542
2023-12-07,43292.6640625,44042.58984375,42880.6484375,43769.1328125,27635760671,-0.010427160036986542,0.026839221642090415,-0.010372985662227885,75.27500952917886,78.97041034804718,85.4280227585134,91.00906167629796,1965.2086503873652,1459.6617880742533,505.5468623131119,40706.22364500537,38741.014994618,36295.9713671875,30000.442138671875,43650.36988852685,34037.72972084815,38844.0498046875,0.24746750701876358,1244.0844155976272,0.022645082914040476,1.3056805112816041,72.0,0.01998568323480024
2023-12-08,44166.6015625,44705.515625,43125.296875,43293.13671875,24421116687,0.01998568323480024,0.03577859047551662,0.02018673414826888,77.41381738419798,82.21851692961955,93.22579678961631,90.00233753340119,2095.6791825234905,1586.8652669641008,508.81391555938967,41238.589478466085,39142.910295942595,36604.907265625,30087.018759765626,44435.761801573906,34010.427651551094,39223.0947265625,0.2657958078703721,1268.0940109120825,0.02268909417943002,1.1206179006380548,72.0,-0.010026349184727985
2023-12-09,43725.984375,44361.2578125,43627.59765625,44180.01953125,17368210171,-0.010026349184727985,0.016778585244829038,-0.009976252913108663,73.94096369840108,75.37102190546663,87.68719504620248,88.78033819811075,2138.8683516327146,1697.2658838978236,441.602467734891,41621.265616394376,39482.39726476166,36885.76796875,30169.520048828126,45031.025970537026,34049.10723258798,39540.0666015625,0.2777415336350262,1229.9201641505053,0.022894665399507238,0.7889205765321428,73.0,0.001227688266422679
2023-12-10,43779.69921875,44034.625,43593.28515625,43728.3828125,13000481418,0.001227688266422679,0.010080924529535887,0.0012284421841561866,74.09354229052535,75.65934144998236,88.36239595910594,89.75846259830826,2152.6163964290317,1788.3359864040654,364.2804100249664,41953.33232444909,39800.71592802006,37162.9937109375,30256.744453125,45555.81788195707,34154.589539917935,39855.2037109375,0.28606624180697093,1173.5929984076122,0.022910987385697246,0.6012959383652171,74.0,-0.05966864669683699
2023-12-11,41243.83203125,43808.375,40234.578125,43792.01953125,40632672038,-0.05966864669683699,0.08665045654080283,-0.05792335792051162,57.096854210917286,45.999875613415135,55.70136961239054,77.25032020589967,1936.565016039487,1817.9817923311498,118.5832237083373,41844.17843318769,39907.613417148204,37387.992421875,30330.582578125,45541.61373051795,34711.79564448205,40126.7046875,0.2698905422305842,1345.0361324499256,0.024799122145092247,1.8144611301713673,74.0,0.004991678164292342
2023-12-12,41450.22265625,42048.3046875,40667.5625,41238.734375,24779520132,0.004991678164292342,0.033310850919924,0.005004157345118276,57.94247529009154,47.93778583881326,54.62611072393066,66.2299587651424,1761.689083927573,1806.7232506504345,-45.03416672286153,41783.56985212036,40021.88076819279,37555.2721875,30404.237236328125,45624.600404647455,35030.59725160255,40327.598828125,0.26269858511031674,1347.5865649535024,0.02320699991645862,1.1055914104486178,67.0,0.03416274957103686
2023-12-13,42890.7421875,43429.78125,40676.8671875,41468.46484375,26797884674,0.03416274957103686,0.06418434193713496,0.03475299863154757,63.36929951575503,59.71113242622548,74.70478700235212,61.677422446224455,1719.5150360885746,1789.2816077380626,-69.76657164948801,41953.90405756338,40234.3890214748,37735.056484375,30484.3491796875,45824.22263947422,35391.087126150785,40607.6548828125,0.25692533940784984,1447.967100492538,0.023980072108645674,1.1629988399380582,65.0,0.003101461159203954
2023-12-14,43023.97265625,43390.859375,41767.08984375,42884.26171875,25578530178,0.003101461159203954,0.037741041354397535,0.0031062756659134827,63.834104057396445,60.67080599898076,76.23649182774899,68.52246318467728,1677.505149549892,1766.9263161004285,-89.42116655053655,42118.52999582286,40441.024846272965,37905.47953125,30559.040810546874,46014.00865398477,35731.670252265234,40872.839453125,0.25156897683880836,1460.5244169752139,0.023970786833039298,1.1037200626353318,72.0,-0.025761678809584642
2023-12-15,41929.7578125,43087.82421875,41692.96875,43028.25,19639442462,-0.025761678809584642,0.03326648045494241,-0.025432678020983368,57.39290025900917,49.39669718294981,54.14185297906228,68.36104393638782,1538.186759175711,1721.1784047154852,-182.99164553977425,42089.48812146549,40551.30136228978,38060.94171875,30629.96017578125,46038.500667340486,36120.47472328451,41079.4876953125,0.24143499591860054,1455.83377781627,0.025030403714235167,0.8286045326927205,70.0,0.007374628549158558
2023-12-16,42240.1171875,42664.9453125,41723.11328125,41937.7421875,14386729590,0.007374628549158558,0.022297097971326504,0.007401888090740938,58.66687115043711,52.32809030013486,54.4065443312851,61.59496304603214,1436.2629931084666,1664.1953223940816,-227.93232928561497,42112.661823932336,40676.39883082387,38227.548046875,30702.649013671875,46012.430794761065,36622.64420523893,41317.5375,0.22725910491452045,1419.1193673472505,0.02482616350359553,0.6061673124730403,67.0,-0.02094342240847231
2023-12-17,41364.6640625,42359.49609375,41274.54296875,42236.109375,16678702876,-0.02094342240847231,0.026228984317645816,-0.02072563201266564,53.781854815834755,43.94961338317697,29.322368796190013,45.956922035512484,1270.2038046727757,1585.3970188498206,-315.19321417704487,41997.58524525043,40727.38144057766,38373.04984375,30773.37404296875,45832.50670749692,37213.617901878075,41523.0623046875,0.20756871789405248,1395.2503500367327,0.025422886990145662,0.7061946346070984,73.0,0.029979669511789556
2023-12-18,42623.5390625,42720.296875,40530.2578125,41348.203125,25224642008,0.029979669511789556,0.051380976584058144,0.030433584522719714,59.06079663943359,55.81757734972905,53.43310966659677,45.72067426469064,1226.04827179954,1513.5272694397645,-287.4789976402244,42093.8858325196,40867.83756072006,38534.751015625,30852.391875,45744.858602439715,37780.51131943528,41762.6849609375,0.19070486704707426,1452.0209723555377,0.025934282481475987,1.0601199645027526,65.0,-0.008316570718615267
2023-12-19,42270.52734375,43354.296875,41826.3359375,42641.51171875,23171001281,-0.008316570718615267,0.03614719364805653,-0.008282083715112631,57.091561915744315,52.20152974055157,45.53741175648284,42.76429673975656,1149.3209420208077,1440.686003955973,-291.3650619351654,42121.06144963197,40971.74050761116,38690.114296875,30927.4965625,45542.23079018451,38424.34264731549,41983.28671875,0.169540993551849,1457.445255580142,0.026108620552363168,0.9688387484682952,73.0,0.032164737244750545
2023-12-20,43652.25,44275.5859375,42223.81640625,42261.30078125,27868908174,0.032164737244750545,0.04700260653803641,0.032687613405284255,62.37899641835908,63.11361591059957,76.4419514922765,58.47082430511872,1186.332152612733,1389.8152336873252,-203.4830810745923,42356.62891891936,41170.29676630663,38869.803671875,31010.38216796875,45317.18306515487,39243.34076297013,42280.2619140625,0.14365668582021174,1499.8969895565604,0.026664847599776907,1.1419854529721505,74.0,0.0049565656400486135
2023-12-21,43869.15234375,44240.66796875,43330.05078125,43648.125,22452766169,0.0049565656400486135,0.020757574260030918,0.0049688697318006625,63.146722788165114,64.59395550598177,81.29333543020898,67.7575662263228,1219.1128361663723,1355.6747541831346,-136.56191801676232,42589.32483043177,41370.211994265395,39038.441640625,31094.13259765625,45162.19022393626,39916.37383856373,42539.28203125,0.12331699396146065,1457.8055751239488,0.026318887608472407,0.9220504958372481,70.0,0.0029305657871948458
2023-12-22,43997.90234375,44367.95703125,43441.96875,43868.98828125,21028503216,0.0029305657871948458,0.021046191566483595,0.002934864092908329,63.62128279799412,65.5513635890112,91.04716272344527,82.92748321531026,1241.1733393931063,1332.7744712251292,-91.60113183202293,42806.02906324996,41564.855723856854,39219.63484375,31185.32162109375,45051.05158222062,40479.669511529384,42765.360546875,0.10689450555854796,1419.8186255615237,0.026122228007365873,0.8539274982045254,74.0,-0.005889392398977758
2023-12-23,43739.54296875,44015.69921875,43351.35546875,44012.19921875,13507796558,-0.005889392398977758,0.01518863035388012,-0.005872083923035065,61.89878444299863,61.64864707359471,84.79660159996976,85.71236658454136,1223.702919250034,1310.9601608301105,-87.25724158007642,42949.64658717305,41725.94366792301,39399.77921875,31267.825419921875,44881.96343152737,41024.87289659763,42953.4181640625,0.08979705690004482,1365.8561344499863,0.02618131495766667,0.5510566804022743,70.0,-0.016677702596480784
2023-12-24,43016.1171875,43945.5234375,42786.91796875,43728.3671875,18830554085,-0.016677702596480784,0.02693421778864499,-0.01653939964043194,57.22671140168874,51.61076442810356,67.2945579292063,81.04610741754045,1138.3607565966158,1276.4402799834115,-138.0795233867957,42959.87283337719,41821.51207678057,39558.45765625,31351.176015625,44881.350573998505,41129.08770725149,43005.219140625,0.08725133697092191,1351.0525154714157,0.024375839983361937,0.8026234120718926,71.0,0.013783631646973108
2023-12-25,43613.140625,43765.09375,42765.76953125,43010.57421875,21115795370,0.013783631646973108,0.02291337437362091,0.013879063861056418,59.91567057267883,58.168660420964784,80.33153816322645,77.47423256413418,1106.1502679753248,1242.3822775817944,-136.23200960646955,43060.37557054993,41954.2253025746,39729.733359375,31436.700634765624,44814.952473306446,41148.735026693554,42981.84375,0.08529688646995029,1325.9290657056004,0.021908383283053525,0.9301522868444152,73.0,-0.025374479539831175
2023-12-26,42520.40234375,43603.17578125,41676.48828125,43599.84765625,30026850982,-0.025374479539831175,0.04531207123639084,-0.025055253200995553,53.309826807474956,45.113228648736616,51.85775168430792,66.49461592558025,981.1384237651873,1190.133506818473,-208.99508305328573,42977.30276642686,41996.16434266167,39879.393984375,31516.900771484376,44729.10962689495,41111.973576230055,42920.5416015625,0.08427517257921117,1369.552156994486,0.022560787631679995,1.32234390088399,71.0,0.021462391204340153
2023-12-27,43442.85546875,43683.16015625,42167.58203125,42518.46875,25260941032,0.021462391204340153,0.034886705964579365,0.021694364920222586,57.5632876296944,55.04927888530998,75.8943703044732,69.3612200506692,945.5996107941173,1141.226727613602,-195.62711681948463,43048.92625909196,42103.32664829784,40039.37984375,31604.85884765625,44743.96968812352,41112.132655626476,42928.051171875,0.0846028863028495,1379.9825832805943,0.023013160265443765,1.1183072081430587,73.0,-0.018938483263033618
2023-12-28,42627.85546875,43804.78125,42318.55078125,43468.19921875,22992093014,-0.018938483263033618,0.034865241340595675,-0.01876027694786908,52.97173919551651,46.39253968566826,54.6576877625449,60.803269917108686,841.9655025028842,1081.3744825914584,-239.40898008857425,42984.14613750089,42142.180634998,40178.83140625,31688.29728515625,44578.85943302045,41123.36830135455,42851.1138671875,0.08063947047854643,1387.5717179569804,0.022895034725722626,1.0210947109432469,73.0,-0.01247437935200907
2023-12-29,42099.40234375,43124.32421875,41424.0625,42614.64453125,26000021055,-0.01247437935200907,0.040386837439330484,-0.012396896798793966,50.17693580566477,41.46043582129674,40.887637144244344,57.14656507042083,709.0198350097271,1006.9035530751123,-297.8837180653852,42848.03170769306,42139.01187268333,40286.956953125,31769.281796875,44478.170381057695,41061.39915019231,42769.784765625,0.07988750117843751,1409.9067180136246,0.022947963510952123,1.1329631015100292,65.0,0.001364883236683238
2023-12-30,42156.90234375,42584.125,41556.2265625,42091.75390625,16013925945,0.001364883236683238,0.024382684219026632,0.0013658151137276864,50.483066466387186,42.23994251079502,42.38593069781597,45.97708520153509,601.3670204779337,925.7962465556767,-324.429226077743,42741.70411324028,42140.33709276235,40383.815625,31850.472666015627,44350.988522375446,41026.30132137455,42688.644921875,0.07788223793670297,1382.6204122626514,0.022948966718637456,0.6932626333745653,68.0,0.0025653289520551383
