Date,Close,High,Low,Open,Volume,Log_Return,Daily_Range,Price_Change,RSI_14,RSI_7,Stoch_K,Stoch_D,MACD,MACD_Sig,MACD_Hist,EMA_12,EMA_26,SMA_50,SMA_200,BB_Upper,BB_Lower,BB_Mid,BB_Width,ATR_14,Vol_20,Vol_Ratio,FearGreed_Score,Target
2021-02-11,1783.7979736328125,1806.5390625,1708.67919921875,1743.7142333984375,36021495262,0.022423899594163507,0.05486039603574191,0.022677205052725746,67.63458149553193,70.15063784240012,92.23324723670488,90.17452023469036,160.24716335747667,145.10810894389553,15.139054413581135,1638.3791716038622,1478.1320082463856,1219.5749584960938,630.8486770629883,1883.095194970144,1132.5749954595435,1507.8350952148437,0.49774687025948455,135.67165701616233,0.05696305163828188,0.9198647472379533,93.0,0.03293883410355654
2021-02-12,1843.5325927734375,1861.35693359375,1744.1689453125,1783.4891357421875,37905036865,0.03293883410355654,0.06356708242676126,0.03348732312940794,69.65912431819639,74.08661516320709,96.96348095960299,91.82215475470065,164.7425181878291,149.03499079268227,15.707527395146826,1669.9412363991814,1505.1987182113523,1244.213466796875,638.45876953125,1918.301703931132,1158.6226857173058,1538.4621948242188,0.4937911511700327,134.35139496366858,0.05678903422027988,0.9549765367749826,92.0,-0.01608870440834598
2021-02-13,1814.10986328125,1871.603515625,1770.612060546875,1843.98681640625,35359490535,-0.01608870440834598,0.05566997739346276,-0.015959972504702824,67.42200600276983,68.8681856334693,90.37353476254216,93.19008765295001,164.03999989670183,152.0359926134862,12.004007283215628,1692.121025150269,1528.081025253567,1267.9674499511718,645.9460325622558,1951.2199085527666,1167.954529923796,1559.5872192382812,0.5022260819831068,131.9685421147012,0.0518770189750442,0.8920338634022298,92.0,-0.004987726893274724
2021-02-14,1805.0841064453125,1848.154052734375,1789.9141845703125,1814.372314453125,31439114900,-0.004987726893274724,0.032264351536922115,-0.004975308838028325,66.71419945617441,67.17480745261297,88.8623047244257,92.06644014885694,160.90018872561063,153.8088318359111,7.09135688969954,1709.499960734122,1548.5997720085113,1291.3524157714844,653.3804986572266,1973.5671734038353,1193.674196225071,1583.6206848144532,0.4924746087603304,126.70220826108414,0.04996311191801748,0.8054527850307525,95.0,-0.014111236608850447
2021-02-15,1779.791015625,1833.83056640625,1683.9066162109375,1804.6767578125,38955610883,-0.014111236608850447,0.08423682830125113,-0.014012139783403876,64.66545312785891,62.176460723415026,81.95623500307316,87.06402483001368,154.58891986543586,153.96484944181606,0.6240704236197985,1720.3139691788724,1565.7250493134366,1313.2953894042969,660.6065205383301,1989.0770827368476,1220.4375779076838,1604.7573303222657,0.4789755374881549,128.36090411352902,0.050342569739426524,1.0013785866681228,93.0,0.0007169559279818775
2021-02-16,1781.0675048828125,1824.5186767578125,1729.6419677734375,1778.945556640625,34269369268,0.0007169559279818775,0.05326957497358727,0.0007172130023165302,64.7243300534387,62.34144617041992,75.52110046807783,82.11321339852555,147.9843246609032,152.7687444856335,-4.784419824730293,1729.6606669794787,1581.6763423185755,1334.3087927246095,667.784084777832,1986.695762624068,1275.6069351298381,1631.151348876953,0.4359428865897786,125.96917589001802,0.04548640245728124,0.886756968530712,95.0,0.03713900792867221
2021-02-17,1848.458251953125,1853.6676025390625,1736.705810546875,1781.35009765625,35955412703,0.03713900792867221,0.06327532248488862,0.03783727842182305,67.77699683938536,70.31642550730531,93.74204165371218,83.73979237495438,146.49925325941786,151.5148462403904,-5.015592980972542,1747.937218513886,1601.437965254468,1356.6475549316406,675.1003775024415,1996.58860663831,1317.310697560909,1656.9496520996095,0.4099568796291739,125.32579132588727,0.04457253114475991,0.928801127901691,95.0,0.04702035790880112
2021-02-18,1937.44921875,1949.9034423828125,1848.206298828125,1848.206298828125,28255902969,0.04702035790880112,0.05249022403813003,0.04814334686912458,71.30797961572037,77.61851651112285,97.2209896790512,88.82804393361373,150.76522312228508,151.36492161676935,-0.5996984944842723,1777.0929108579035,1626.3276877356184,1380.36416015625,682.9342649841309,2020.7750864232805,1348.6168569360946,1684.6959716796875,0.3989789497846463,123.63803077080158,0.04487531580647335,0.7546209663011129,91.0,0.011656276525288275
2021-02-19,1960.164794921875,1969.5469970703125,1896.6844482421875,1938.85986328125,26268814253,0.011656276525288275,0.03717164445402104,0.0117244756414987,72.14698418568233,79.14622453117809,97.9943849354064,96.31913875605657,154.20145375650668,151.93222804471682,2.2692257117898578,1805.2578160985145,1651.0563623420078,1404.8113879394532,690.8036131286622,2038.9680695641207,1388.8288054358793,1713.8984375,0.3793335998815516,120.01121063203895,0.044611168802779745,0.7056492453953581,93.0,-0.020946070485595023
2021-02-20,1919.5340576171875,2036.2864990234375,1830.531494140625,1959.9029541015625,34696091102,-0.020946070485595023,0.10719007775159059,-0.02072822520328288,68.29983959507325,69.27828750622197,78.1581809765465,91.1245185303347,151.8951773030983,151.9248178963931,-0.02964059329480051,1822.8387763321564,1670.943599029058,1428.594718017578,698.4519059753418,2024.5656500304183,1463.686010125832,1744.125830078125,0.32158209587404757,126.13576736423705,0.04309756758685647,0.9202887674717644,91.0,0.008335432652435207
2021-02-21,1935.60107421875,1974.2596435546875,1890.3681640625,1918.673095703125,23626547717,0.008335432652435207,0.043341306537581815,0.00837026909619265,69.00371405696549,70.94930145432708,78.33354698182973,84.82870429792753,149.63896571034616,151.46764745918372,-1.8286817488375675,1840.186822160863,1690.5478564505167,1451.8160400390625,706.1219584655762,2006.1873403471852,1538.7203744965648,1772.453857421875,0.26373999181596475,123.11831823051922,0.042855157183917976,0.6313527564080637,91.0,-0.08268555498368403
2021-02-22,1781.992919921875,1936.4537353515625,1580.6265869140625,1935.557861328125,42409646036,-0.08268555498368403,0.19967932782420927,-0.0793594074434344,56.163996654989745,44.158919292123905,44.19224242826901,66.89465679554841,133.91234926829293,147.95658782100557,-14.044238552712642,1831.2339141240955,1697.3215648558025,1467.9457446289061,713.0571133422851,1987.5391184362243,1584.0485158411193,1785.7938171386718,0.2259446744202569,139.74037753101786,0.04360355535689296,1.1378808094402093,94.0,-0.12652682176855595
2021-02-23,1570.2039794921875,1781.4090576171875,1378.8409423828125,1781.4090576171875,52029864713,-0.12652682176855595,0.2563795025946678,-0.11884948478862234,44.005856035337054,27.472461488058812,29.10705459584975,50.54428133531616,103.17001522080295,138.99927330096506,-35.829258080162106,1791.0754626422636,1687.9054474214606,1478.5451635742188,719.0105690002441,1997.5811473837057,1564.9359302530129,1781.2585388183593,0.24288737861585125,158.55549181730677,0.04859036242999269,1.3772350570232883,94.0,0.03527146325136985
2021-02-24,1626.57568359375,1710.9837646484375,1511.0189208984375,1571.4764404296875,31329000537,0.03527146325136985,0.12293608331104425,0.03590087965500732,47.27737010320549,35.08917346355071,37.68140779242578,36.993568272181506,82.40530237436633,127.68047911564531,-45.27517674127898,1765.7678043271076,1683.3625019527412,1489.0765551757813,725.1735105895996,1994.0707958519488,1571.6275806128951,1782.849188232422,0.23694837343919053,161.513302669642,0.04844425126013874,0.8438765462119271,76.0,-0.09734201269119057
2021-02-25,1475.7037353515625,1670.22412109375,1465.0589599609375,1625.3939208984375,24481681873,-0.09734201269119057,0.13902869269619028,-0.09275433646521236,40.463395308775105,26.424300214314584,14.733203683616566,27.17388869063069,53.16219185286013,112.77682166308828,-59.61462981022815,1721.1425629462547,1667.9803710933945,1494.4483862304687,730.5964270019531,2019.8357621856626,1521.5678999237125,1770.7018310546875,0.28139568928167064,164.63129255986846,0.04990857223361809,0.6736145988160089,79.0,-0.020310561531698162
2021-02-26,1446.03369140625,1559.0289306640625,1407.979248046875,1478.6533203125,31435997881,-0.020310561531698162,0.10445792758140617,-0.02010569143015961,39.264873905219275,25.00747770866903,10.22027578477751,20.87829575360661,27.27824486911527,95.67710630429369,-68.39886143517842,1678.8181211708693,1651.539876301754,1498.855498046875,735.8471575927734,2043.5190012854096,1474.7033497888092,1759.1111755371094,0.32335400934675085,163.66117756396267,0.04985113343913552,0.8751211571288053,55.0,0.00959361820155691
2021-02-27,1459.97314453125,1524.932373046875,1433.7869873046875,1446.929443359375,20742103233,0.00959361820155691,0.062429494736666084,0.009639784472410318,40.161632277861905,27.148517226934544,12.340520264978572,12.431333244457539,7.79991520385488,78.10166808420593,-70.30175288035105,1645.1496632263124,1637.3497480224576,1503.5710180664062,741.2451029968262,2058.560191311998,1444.236695895033,1751.3984436035157,0.3507616999778701,158.4814781481216,0.04942640786880079,0.5932329923889349,56.0,-0.03054747737339837
2021-02-28,1416.0489501953125,1468.3914794921875,1300.47216796875,1459.8604736328125,27637026080,-0.03054747737339837,0.1185829850728513,-0.03008561801322729,38.24536087795519,24.56974905423391,15.707329600512029,12.756041883422695,-11.053696648476489,60.270595137669446,-71.32429178614593,1609.9033996830815,1620.957096331558,1506.2704516601561,746.3702268981933,2075.0800908247743,1394.6600092728816,1734.870050048828,0.39220233327144144,159.15560910350132,0.04556068037093611,0.8141527380701865,55.0,0.09982843204163686
2021-03-01,1564.7076416015625,1567.694580078125,1416.4161376953125,1417.151123046875,24032838645,0.09982843204163686,0.09668160259508343,0.10498132242232572,47.39392159813011,45.14398557938891,35.91061800251535,21.31948928933531,-13.840263923183329,45.448423325498894,-59.28868724868222,1602.9502061320786,1616.790470055262,1512.3196704101563,752.0500561523437,2072.4111974141333,1376.9961634257106,1724.703680419922,0.403208413064386,158.61918201630925,0.05166269317501093,0.729630776883884,38.0,-0.047173558296895124
2021-03-02,1492.6087646484375,1597.610107421875,1461.325439453125,1564.0634765625,22523669722,-0.047173558296895124,0.09130635649245293,-0.046078177824534605,43.99014201744905,39.10823390162548,26.112103090501975,25.91001689784311,-21.617225460332065,32.035293568332705,-53.65251902866477,1585.97459974998,1607.591825210312,1520.3689379882812,757.3261108398438,2074.0122178391152,1350.2316786452598,1712.1219482421875,0.42273889423411176,157.02385958434073,0.05245855724479476,0.7045530324346563,78.0,0.05427137002269247
2021-03-03,1575.8531494140625,1650.360595703125,1481.90576171875,1491.451171875,22674780680,0.05427137002269247,0.10689754565456196,0.055771067902868676,48.581773327223566,48.40101780212125,37.425335417236596,33.14935217008463,-20.823358643913707,21.46356312588342,-42.28692176979713,1584.417453544454,1605.2408121883677,1531.0173095703126,763.0386019897461,2066.7158073520604,1336.7336067104397,1701.72470703125,0.4289660940018399,157.84035775577175,0.0538878517152559,0.7244014855070079,78.0,-0.021772107057521358
2021-03-04,1541.914306640625,1622.953857421875,1511.1033935546875,1574.623779296875,22906118718,-0.021772107057521358,0.07254000004116737,-0.02153680549869552,46.89387822182891,45.125372005816295,32.81291604171412,32.116784849817556,-22.671452058630166,12.636560088980705,-35.30801214761087,1577.8785078669418,1600.549959925572,1539.2408081054687,768.5792404174805,2051.876246007402,1321.4113394418164,1686.6437927246093,0.4330878337894872,154.55536533515857,0.0531806123863215,0.749755433120464,84.0,-0.005618714183079258
2021-03-05,1533.2750244140625,1547.878173828125,1450.891357421875,1541.541748046875,21067146937,-0.005618714183079258,0.0632546769900679,-0.005602958730816177,46.45145619729152,44.236276479208996,31.638804331470684,33.95901859680713,-24.55019787958804,5.199208495266957,-29.749406374855,1571.0164334895758,1595.5666313691638,1545.5372485351563,774.0979592895508,2038.745381805783,1306.458719756717,1672.60205078125,0.437812844786974,150.4433261259508,0.05315799259545903,0.7060784284071233,77.0,0.07623886335092327
2021-03-06,1654.7415771484375,1669.1065673828125,1519.14111328125,1532.372802734375,22746262366,0.07623886335092327,0.09062771865561818,0.07922032955620151,53.14478622214107,57.85649597197873,52.57880593158971,39.01017543492483,-16.052735864438773,0.9488196233258108,-17.001555487764584,1583.8972248217083,1599.949960686147,1555.1953881835936,780.2533206176757,2026.178278425381,1303.9915702074313,1665.0849243164062,0.4337236483685302,150.40919240992304,0.05643506356177204,0.7736246526939227,77.0,0.040511371564089405
2021-03-07,1723.15380859375,1730.9241943359375,1636.564453125,1655.3924560546875,23809935410,0.040511371564089405,0.05475990636491331,0.04134315133557287,56.446782303012256,63.68482801872716,66.46130364507528,50.22630463604522,-3.754857009474108,0.008084296765827004,-3.7629413062399353,1605.3213146327917,1609.0761716422658,1564.9877124023437,786.8367707824707,2020.58145278863,1303.9246751410574,1662.2530639648437,0.4311357838247485,146.40566018142408,0.05725349233811208,0.8312099762002921,76.0,0.06273996854411362
2021-03-08,1834.7279052734375,1835.192138671875,1670.9420166015625,1724.229248046875,27630991158,0.06273996854411362,0.08952287780559678,0.06474993475523938,61.243827560366164,71.25012549751474,99.9131819599281,72.98443051219769,14.823521395609532,2.971171716534568,11.852349679074964,1640.6146362698141,1625.7911148742046,1577.0788256835938,793.9282113647461,2027.5606553444868,1302.3115126242633,1664.936083984375,0.435601792583306,147.68026460205897,0.059038485653834655,0.9759121011512192,81.0,0.017998288711284574
2021-03-09,1868.048828125,1868.048828125,1804.266357421875,1835.1480712890625,23461244507,0.017998288711284574,0.03414389910093775,0.01816123402047265,62.56973968582802,73.19567886535685,100.0,88.79149520166779,31.868381269282963,8.750613627084247,23.117767642198714,1675.6045119398427,1643.7361306705598,1589.2942114257812,801.3228237915039,2030.6177131250538,1301.2135124608835,1665.9156127929687,0.437839825176557,141.6875650378494,0.05858347308143698,0.8473347485931906,81.0,-0.03757111014038683
2021-03-10,1799.166259765625,1873.80322265625,1766.490478515625,1868.489013671875,25154173185,-0.03757111014038683,0.0596458184773899,-0.03687407273423038,58.14144344364452,62.92560239641111,86.9818733382048,95.63168509937763,39.36453803885706,14.873398509438811,24.491139529418252,1694.6140116053475,1655.2494735664905,1597.7316186523437,808.3394793701171,2007.7441312470742,1310.2587984404258,1659.00146484375,0.4204247841772338,139.23222068804765,0.058101776666077735,0.913594357556134,68.0,0.014911169281362695
2021-03-11,1826.1949462890625,1843.81884765625,1734.6170654296875,1798.033935546875,24013132909,0.014911169281362695,0.05979743972485909,0.015022895397648561,59.3569543397048,65.16323340679207,91.69619786370427,92.89269040063635,46.9451311503492,21.287745037620887,25.65738611272831,1714.857232325919,1667.91210117557,1606.6100366210937,815.5135316467286,1982.2921085022008,1322.3138363220178,1652.3029724121093,0.3994293317869639,137.08718936937015,0.058151598239297636,0.8757392967640526,73.0,-0.030067889946876186
2021-03-12,1772.1024169921875,1839.497314453125,1728.98095703125,1826.5467529296875,22435821312,-0.030067889946876186,0.062364543020857595,-0.02962034771084776,55.86088944432796,57.114624385365666,82.26141688426496,86.97982936205801,48.034281465866115,26.637052323269934,21.39722914259618,1723.6641838130374,1675.6299023471713,1619.6206665039062,822.3333227539063,1956.8021326047387,1333.0606481569798,1644.9313903808593,0.3791899699253359,135.18927280169194,0.058330799807214055,0.8369264455890764,70.0,0.08259589078773466
2021-03-13,1924.6854248046875,1937.6455078125,1733.639892578125,1772.1663818359375,25014689475,0.08259589078773466,0.10599426410426369,0.08610281570039335,62.559740126614194,69.50861228669719,97.9660035664721,90.64120610481378,60.51206901473688,33.41205566156332,27.10001335317356,1754.5905285809836,1694.0784595662467,1633.384130859375,830.0367446899414,1954.2514809521065,1334.5197348682061,1644.3856079101563,0.3768773839315677,140.1047258325979,0.061437812585122535,0.9307165897903511,74.0,-0.0371127321901929
2021-03-14,1854.5643310546875,1930.77978515625,1845.1199951171875,1923.86376953125,19344589211,-0.0371127321901929,0.04618863234059286,-0.036432495849089586,58.18909527605865,60.18323005374899,84.06053428279887,88.09598491117863,64.00481167821408,39.53060686489348,24.474204813320604,1769.971113576938,1705.966301898724,1645.85560546875,837.3772357177735,1965.8381200565186,1330.1902368770752,1648.014178466797,0.38570534858553707,136.21580184734538,0.05901822840446325,0.7520185446169458,78.0,-0.03448364945036978
2021-03-15,1791.7022705078125,1889.1966552734375,1749.6063232421875,1854.086669921875,26244738810,-0.03448364945036978,0.07790933478679282,-0.03389586410902523,54.51229798783847,52.77756458101118,70.01705333430303,84.01453039452466,60.99725410109431,43.82393631213365,17.173317788960667,1773.3143684893803,1712.317114388286,1653.8574633789062,844.4225839233399,1980.7096941369439,1337.4684918982123,1659.089093017578,0.3877074503990585,136.4568397176243,0.051589957045857435,1.0740942809910272,76.0,0.008486249424844293
2021-03-16,1806.9718017578125,1817.0601806640625,1720.05322265625,1792.413818359375,23828509590,0.008486249424844293,0.053684821154068176,0.008522359714190797,55.2519441852925,54.36879976103258,73.1540643362115,75.74388398443779,59.163862434107614,46.89192153652844,12.27194089757917,1778.4924351460622,1719.3285727119546,1663.508603515625,851.4780696105958,1995.6402992835071,1340.5774985680553,1668.1088989257812,0.3926978635131647,133.6389910240663,0.05115223767672597,0.99040856309002,71.0,0.009077543107777147
2021-03-17,1823.4493408203125,1839.8189697265625,1749.179931640625,1807.05615234375,24512917348,0.009077543107777147,0.049707461598665445,0.009118868953279069,56.081843604425224,56.225823311702335,76.5392515090947,73.2367897265364,58.36765997140742,49.18706922350424,9.180590747903182,1785.40888217287,1727.0412222014627,1672.8364282226562,858.5957089233399,2007.1943752505144,1363.7979831479229,1685.4961791992187,0.3817252154248549,130.56756581419998,0.04509398559340278,1.0187891650974155,71.0,-0.02251388011599787
2021-03-18,1782.8551025390625,1848.6461181640625,1705.716064453125,1823.158447265625,23263845504,-0.02251388011599787,0.08016919238550733,-0.022262334013067764,53.451757255874234,50.33781133928834,68.19946883879332,72.63092822803317,53.840409290486605,50.11773723690071,3.722672053585896,1785.0159929984382,1731.1755837079515,1683.4297875976563,865.3680058288575,2006.9395118805223,1397.7349876311964,1702.3372497558594,0.35786359273798124,131.45060066396695,0.04517604014857729,0.9835795064765221,72.0,0.019314164260592667
2021-03-19,1817.6241455078125,1841.196044921875,1746.473388671875,1782.5687255859375,21249297710,0.019314164260592667,0.052113445171876355,0.019501889367920855,55.38182499315223,55.042296563048204,71.32136152617498,72.02002729135432,52.45345096772235,50.584879983065036,1.8685709846573104,1790.032631846034,1737.5791808783117,1693.1324267578125,872.2807278442383,2007.2973807346962,1433.1422188746787,1720.2197998046875,0.33376848814622795,128.8271760629693,0.04521838955936522,0.8974435693622146,71.0,-0.0027488426499713142
2021-03-20,1812.6346435546875,1874.708984375,1811.7286376953125,1817.522705078125,22677674970,-0.0027488426499713142,0.03474519639334443,-0.00274506804140795,55.02920119982734,54.18296596134821,58.479332288919814,66.0000542179627,50.3710196363304,50.54210791371811,-0.17108827738771026,1793.509864416596,1743.1388447802656,1701.7346630859374,878.9586415100098,1993.1199339782872,1486.9782349670252,1740.0490844726562,0.29087782840600424,124.12383110702059,0.04429329277375026,0.9679062667945479,75.0,-0.013562334109678883
2021-03-21,1788.217041015625,1823.35302734375,1764.1392822265625,1812.6065673828125,22977404620,-0.013562334109678883,0.033113287570258707,-0.013470780019506856,53.24257416561501,49.74854678500367,43.97206196348923,57.92425192619468,46.21761346604012,49.67720902418252,-3.4595955581423965,1792.6955838933695,1746.4779704273294,1709.9766943359375,885.6995242309571,1991.7664352939069,1510.682673592812,1751.2245544433595,0.27471277768487606,119.48739639346108,0.0395042359257559,0.9829128973825572,73.0,-0.05570149954010517
2021-03-22,1691.333984375,1811.96826171875,1674.2998046875,1788.3621826171875,23599296129,-0.05570149954010517,0.08139637605763757,-0.0541785781135381,46.75610296312115,36.07977730870475,6.468371986086492,36.306588746165176,34.70826094002473,46.68341940735096,-11.975158467326231,1777.1014916597742,1742.3932307197495,1717.5036499023438,892.2278344726562,1972.836109320915,1549.48552153846,1761.1608154296875,0.2403815620205961,120.78604358187457,0.040156699479360715,1.0071985948371978,70.0,-0.00752757122376337
2021-03-23,1678.650146484375,1725.1087646484375,1662.5399169921875,1690.871826171875,21998237965,-0.00752757122376337,0.03727331021731299,-0.0074993100167096705,45.966554244642126,34.62663242514965,5.856016754930303,18.765483568168673,24.283610087170473,42.20345754331486,-17.91984745614439,1761.955130863559,1737.6715207763884,1723.6958422851562,898.6798794555664,1964.2768600617667,1568.3244705046397,1766.3006652832032,0.22417043561133526,116.62767244432996,0.03861511504024179,0.9402241612737654,66.0,-0.05211144586696932
2021-03-24,1593.4134521484375,1740.42822265625,1570.7879638671875,1678.0025634765625,31228051473,-0.05211144586696932,0.10646342828368399,-0.050776926040515424,40.96079864805966,26.316675108560574,6.167377134439625,6.163921958485468,9.039903915404693,35.570746817732825,-26.530842902328132,1736.0256418304634,1726.9857379150587,1725.2602368164062,904.9706463623047,1956.1620400672998,1581.5892050498876,1768.8756225585937,0.21175758783741425,120.414285754668,0.04020912005579851,1.3113923149706304,65.0,0.0012204074750494925
2021-03-25,1595.3592529296875,1625.9114990234375,1560.3704833984375,1593.123291015625,29650328701,0.0012204074750494925,0.04108229259625487,0.0012211524752892,41.1184375772409,26.784635750675463,9.274075214915243,7.099156368095052,-2.8509689934905964,27.88640365548814,-30.737372648978738,1714.3846589226516,1717.2356279161422,1723.9492309570312,911.1806312561035,1945.0628065887547,1598.8968613799955,1771.979833984375,0.19535546543460927,116.49476645969172,0.040173181027203915,1.2230945813345344,60.0,0.06519969619018433
2021-03-26,1702.842041015625,1702.9228515625,1594.7366943359375,1595.2100830078125,22548516548,0.06519969619018433,0.06353270275265056,0.06737215325548651,49.189034907245166,48.047921675500476,37.76331545891672,17.73492260275719,-3.5605647415420663,21.597009976082102,-25.15757471762417,1712.6088715523397,1716.1694362938817,1726.1108178710938,917.9314739990234,1942.1395112695304,1606.6302030859383,1774.3848571777344,0.1890848576769528,115.90129437161106,0.03916239177697824,0.930519912546527,54.0,0.007985560802970545
2021-03-27,1716.49462890625,1732.8243408203125,1674.3193359375,1703.0361328125,18102277710,0.007985560802970545,0.034084001136718896,0.008017530435460829,50.12417607840375,50.19157148050393,42.14908879634246,29.72882649005814,-2.9868442595206943,16.680239128961542,-19.667083388482236,1713.206680376018,1716.1935246355388,1726.0676928710936,924.8259365844726,1942.2378433872996,1605.8659529994193,1774.0518981933594,0.1896065671643717,111.80155940812544,0.038115521075111285,0.7559376443292107,65.0,-0.014753656144677068
2021-03-28,1691.35595703125,1728.5841064453125,1672.660400390625,1716.4056396484375,16599472938,-0.014753656144677068,0.03306442137280641,-0.014645354230451879,48.359309586266725,46.10487918581823,39.83426041969838,39.91555489165251,-4.508674182329969,12.44245646670324,-16.95113064903321,1709.845030630669,1714.353704812999,1726.3378759765626,931.5271662902832,1936.3305349730554,1597.4360665894446,1766.88330078125,0.19180353803432532,107.81028416859417,0.035209272068719016,0.7095243943806331,74.0,0.07313282563305222
2021-03-29,1819.6849365234375,1837.18798828125,1683.716552734375,1691.26318359375,22796570548,0.07313282563305222,0.08433956476008796,0.07587343099405097,56.734156552526244,63.70504088722731,82.49528846112771,54.82621255905618,4.587459418063418,10.871457056975276,-6.283997638911858,1726.743477691095,1722.1560182730316,1730.4470190429688,938.7850814819336,1929.3883740502124,1599.5418383521314,1764.465106201172,0.18693854275657984,111.07179498132851,0.03898397145567454,0.9757979910370783,72.0,0.014376012643932736
2021-03-30,1846.03369140625,1860.9747314453125,1793.92236328125,1819.46630859375,22512781703,0.014376012643932736,0.036322396755924934,0.014479844479645232,58.23194052383473,66.33825390975443,90.87757532734176,71.06904140272262,13.76367605383166,11.449900856346552,2.313775197485107,1745.0958182626573,1731.3321422088256,1732.4353564453124,946.1417720031739,1934.9381049262245,1598.678850640182,1766.8084777832032,0.19032014987156026,107.92755020866664,0.03816285729602782,0.9691291905611883,72.0,0.03843234153645627
2021-03-31,1918.362060546875,1947.8377685546875,1793.002197265625,1846.0982666015625,30226902621,0.03843234153645627,0.08071238191862641,0.039180416629085224,62.10957395864889,72.68482364709399,92.39272342801118,88.58852907216021,26.56595299559376,14.473111284195994,12.092841711397767,1771.7521632294602,1745.1862102338664,1735.4418969726562,953.7976667785645,1950.5005315680476,1592.3331354241398,1771.4168334960937,0.20219261179596193,111.27812314298065,0.038958967890380565,1.2840330086507044,76.0,0.030248844074212137
2021-04-01,1977.27685546875,1989.0550537109375,1912.178466796875,1919.1572265625,30914259795,0.030248844074212137,0.03888003174741935,0.03071098836529318,64.96289748679447,76.83524845605302,97.25247908185698,93.5075926124033,40.99323676999461,19.777136381355717,21.216100388638893,1803.3713466508893,1762.3781098808947,1740.1025659179688,961.8562010192871,1981.9892622336483,1581.3618486061955,1781.675555419922,0.22485991481935622,108.82087055520078,0.03864157080503428,1.2900013085053192,74.0,0.08059140481363898
2021-04-02,2143.2255859375,2152.451904296875,1960.6787109375,1976.9327392578125,34862511022,0.08059140481363898,0.08947877191167847,0.08392791834374091,71.47817705724466,84.54989852439634,98.44171459638528,96.02897236875113,65.0675802002088,28.835225145126334,36.232355055082465,1855.6566142334448,1790.589034033236,1747.2911181640625,970.6859846496582,2041.0000342413405,1544.2050927117843,1792.6025634765624,0.27713613248776964,114.74603646978467,0.038433059561898505,1.4254667534486993,74.0,-0.05505358722875399
2021-04-03,2028.4224853515625,2144.96240234375,2028.4224853515625,2142.89599609375,32011518871,-0.05505358722875399,0.05745347324523915,-0.053565570203716883,62.78066304870641,66.63814979226329,79.05196573182324,91.5820531366885,74.02965229736492,37.87411057557405,36.15554172179087,1882.2359790208475,1808.2063267234826,1750.988916015625,979.0039010620117,2069.1637072451213,1533.4272351376915,1801.2954711914062,0.29741732029842105,114.87417079281344,0.03966657284859508,1.2758546272709126,73.0,0.03139872466981926
2021-04-04,2093.122802734375,2110.353515625,2007.11181640625,2027.6712646484375,26006501902,0.03139872466981926,0.049324243701267326,0.031896864607867226,65.34033059316359,70.71701889181794,89.97957046642796,89.15775026487883,85.36885487356813,47.37305943517286,37.99579543839526,1914.6801057460057,1829.3112508724375,1756.5691748046875,987.6404536437989,2112.7768230299066,1519.956172575562,1816.3664978027343,0.32637722132151303,114.04327996609462,0.03899033205192596,1.0370103393954324,74.0,0.00702900733451175
2021-04-05,2107.88720703125,2140.9853515625,2032.3876953125,2093.2607421875,28889391170,0.00702900733451175,0.05151967139785863,0.007053768788714887,65.91637362436458,71.64012219045435,92.47321471462463,87.16825030429193,94.45776829030342,56.79000120619898,37.66776708410444,1944.4042751745048,1849.9465068842014,1762.6252368164062,996.234793548584,2153.79836083257,1509.026175300243,1831.4122680664063,0.3520628297489092,113.65430684351644,0.038990293671213684,1.1404582809627815,71.0,0.004965007167249875
2021-04-06,2118.37890625,2151.223388671875,2057.609130859375,2109.4931640625,29222865881,0.004965007167249875,0.04419146052498133,0.004977353239657756,66.34443104837456,72.36241258094981,94.24521749134234,92.23266755746498,101.33921471356825,65.69984390767284,35.63937080589541,1971.1696030322732,1869.830388318705,1769.3969946289062,1004.9048654174804,2191.875750500835,1500.4417421749463,1846.1587463378905,0.3745257604187304,112.2228747698724,0.038993499991164395,1.1429967098579719,75.0,-0.07207089820407934
2021-04-07,1971.0772705078125,2133.1875,1945.442138671875,2117.728515625,36116271935,-0.07207089820407934,0.09525012749995122,-0.06953507481952037,55.756765148882096,51.06110656059506,69.36660611409819,85.36167944002172,93.8252406587601,71.3249232578903,22.50031740086979,1971.15539802851,1877.33015736975,1773.1971899414064,1012.8325299072266,2204.117453199966,1507.0222562726906,1855.5698547363281,0.375677151225509,117.61733809546188,0.042424469800464326,1.3779836581355183,72.0,0.05790117629552683
2021-04-08,2088.57373046875,2091.516357421875,1959.0794677734375,1969.1331787109375,25312956529,0.05790117629552683,0.0634102055945681,0.059610275923209555,61.09073630180585,61.584649848020845,88.54645297685192,84.05275886076414,96.24192741431261,76.30832408917476,19.933603325137852,1989.21975686547,1892.9778294511573,1777.9994995117188,1021.4201344299316,2231.5003874931713,1506.7342804755788,1869.117333984375,0.3877584856979617,118.675877492103,0.043958511066391696,0.9583634557079096,73.0,-0.007914532883689318
2021-04-09,2072.10888671875,2102.873779296875,2055.163330078125,2088.772216796875,19812472092,-0.007914532883689318,0.02302506857846694,-0.007883295432574822,59.99912944807884,59.493165842292484,83.25459769003666,80.38921892699558,95.72513403288758,80.19168607791732,15.533447954970256,2001.9719306890515,1906.246796656164,1780.6926928710936,1030.0717485046387,2253.9125945692,1510.2694977159563,1882.091046142578,0.3951153682906947,113.60691832972064,0.04403359396825341,0.7542026021627287,70.0,0.030340957572639226
2021-04-10,2135.942138671875,2196.996337890625,2062.78759765625,2071.111572265625,24986243611,0.030340957572639226,0.06283350929994094,0.030805935133171092,62.77619242348723,64.88687688590637,88.35590032034567,86.71898366241142,99.32146548207265,84.01764195874838,15.303823523324269,2022.5827319171783,1923.2612664351057,1784.2082397460938,1039.0289433288574,2284.402938138481,1514.5516639123002,1899.4773010253907,0.40529638012025404,115.07847703719595,0.044065196970030356,0.9475299738018929,70.0,0.010115070495779255
2021-04-11,2157.656982421875,2165.19140625,2119.86572265625,2136.156982421875,19692836132,0.010115070495779255,0.021006899596651325,0.010166400745060589,63.69945214020313,66.64934115338777,92.33568969470042,87.9820625683609,102.73947377722266,87.76200832244324,14.97746545477942,2043.3633858409778,1940.6239120637551,1788.9706982421876,1048.2116467285157,2310.9426442101594,1534.6442576453092,1922.7934509277343,0.4037346737322679,110.0961346483784,0.04136275344627445,0.7523658398191053,76.0,-0.008519328817561397
2021-04-12,2139.353271484375,2199.71875,2110.368896484375,2157.36181640625,21727936609,-0.008519328817561397,0.041764889748026626,-0.008483142170705449,62.29684429620783,63.5142424836768,85.15785056944819,88.61648019483141,102.78645520117539,90.76689769818967,12.01955750298572,2058.1310605553467,1955.3446053541713,1793.0457421875,1057.161635131836,2327.922526400417,1563.7346879550514,1945.8286071777343,0.39273132054202753,108.6142574246103,0.04138820411906332,0.8305458077844587,74.0,0.07205233206732248
2021-04-13,2299.187744140625,2318.42333984375,2138.5595703125,2139.3642578125,29456642939,0.07205233206732248,0.07822926596126158,0.07471158447120319,68.7647235989375,75.33443435163615,96.33901376546437,91.277518009871,114.40223669734996,95.49396549802174,18.908271199328226,2095.216704183851,1980.8144674865011,1803.389638671875,1066.8966575622558,2356.813791325231,1605.4208522294566,1981.1173217773437,0.37927735568011084,113.70350828937028,0.04054928685147155,1.1297990136555964,74.0,0.057433962894236565
2021-04-14,2435.10498046875,2449.6875,2284.563720703125,2299.347900390625,35592822986,0.057433962894236565,0.06780971687926539,0.05911532743444026,73.00552434402215,81.33382732445882,97.28701870471835,92.9279610132103,133.0415916313841,103.00349072469422,30.03810090668989,2147.5072082276815,2014.4656165962974,1820.6876586914063,1077.2947419738769,2404.621592932369,1641.5876233762247,2023.1046081542968,0.3771599187114054,117.37638478990633,0.04124292429724038,1.3497679001219154,75.0,0.033918261330721
2021-04-15,2519.1162109375,2544.267333984375,2409.924072265625,2436.03466796875,32325606817,0.033918261330721,0.053329521335878975,0.03450004461515177,75.24295136074264,84.11928128216162,95.79992237404944,96.47531828141071,152.83068192613882,112.96892896498315,39.86175296115567,2204.677824029192,2051.847142103053,1838.5384692382813,1088.1031304931641,2473.288630799325,1654.5480025014567,2063.918316650391,0.39669236020281684,118.58830457053803,0.04006046904812028,1.2035547924806151,79.0,-0.03521615090518885
2021-04-16,2431.946533203125,2547.5556640625,2318.675048828125,2516.601806640625,36196928256,-0.03521615090518885,0.09411416415183912,-0.034603277671709454,68.86494477394483,71.24884125693507,80.79944628641702,91.29546245506161,159.63958827027136,122.30306082604079,37.33652744423057,2239.6422408251815,2080.00265255491,1857.6633251953126,1098.487066040039,2506.4016809720115,1692.9801427584569,2099.6909118652343,0.3874006091167779,126.4663267608121,0.04184362565246666,1.303774824884404,78.0,-0.03645134605396751
2021-04-17,2344.89501953125,2497.38525390625,2333.682861328125,2429.98095703125,32349808978,-0.03645134605396751,0.06981224797468737,-0.03579499486660964,63.11155748755988,60.46950685653515,66.3417883862063,80.98038568222425,156.21066664275804,129.08458198938425,27.126084653373795,2255.8349760107303,2099.6243093679723,1875.6405517578125,1108.4127542114259,2506.293045287972,1758.442684692497,2132.3678649902345,0.35071357661774727,129.12604574776302,0.04298735818099683,1.1330656896877138,76.0,-0.047043726324970614
2021-04-18,2237.136962890625,2365.46044921875,2011.766845703125,2346.452392578125,50696368718,-0.047043726324970614,0.15810100560790621,-0.04595432023313606,56.786969940533545,49.626535513582155,48.44515393164622,65.19546286808985,143.1479267565055,131.8972509428085,11.250675813697,2252.9583586076374,2109.810431851132,1891.183828125,1117.7987496948242,2500.6862441525222,1805.794688464665,2153.2404663085936,0.32271897475489314,145.16658558832458,0.04302949861335943,1.692944234356445,79.0,-0.032227633325533446
2021-04-19,2166.188720703125,2276.77685546875,2086.688720703125,2238.03271484375,34060654971,-0.032227633325533446,0.08775234260472196,-0.03171385720426667,53.01961569615642,43.618636212266,36.66195372177352,50.48296534654201,125.62258214968051,130.64231718418293,-5.019735034502418,2239.6091835454044,2113.986601395724,1906.1866235351563,1126.8636637878417,2486.8201105204575,1851.6763250264169,2169.2482177734373,0.29279442540972367,148.37526767241746,0.04404847476277585,1.1158985413041218,74.0,0.07298952114067536
2021-04-20,2330.2109375,2345.8349609375,2060.143798828125,2161.939453125,39433483315,0.07298952114067536,0.12260313326650284,0.07571926454479683,59.67940402801379,57.496947770559366,63.90303200355843,49.67004655232605,123.54469603810503,129.22279295496736,-5.67809691686233,2253.5479149230346,2130.0032188849295,1921.496689453125,1136.783523864746,2492.741204273664,1886.9401189685234,2189.8406616210937,0.2766416278235873,158.18354584648588,0.04594226196551737,1.2727292054179518,73.0,0.014714236206438901
2021-04-21,2364.751708984375,2467.20068359375,2238.366943359375,2331.16015625,38899067643,0.014714236206438901,0.09676861184409742,0.014823023499079602,60.935268415883634,59.9207479348041,68.93604937108947,56.500345032140466,123.26419500313841,128.03107336460158,-4.766878361463171,2270.6561909324714,2147.391995929333,1938.9395483398437,1146.8746719360352,2504.7300074025343,1913.6988011912151,2209.214404296875,0.267530034686437,163.2299883027637,0.04570771860628202,1.2395089145414517,73.0,0.016267604548972796
2021-04-22,2403.53515625,2641.094970703125,2315.960205078125,2357.87109375,53575904724,0.016267604548972796,0.13527356351728004,0.016400642451499525,62.353161147821844,62.70667034469883,62.25183572510366,65.03030569991718,124.73354531313635,127.37156775430853,-2.6380224411721827,2291.09910867363,2166.3655633604935,1955.4931884765624,1157.1294526672364,2527.7344933393642,1916.7252722856354,2222.2298828125,0.2749532016374575,174.794615254352,0.04255559110129558,1.6577567872476424,65.0,-0.01676060119782354
2021-04-23,2363.586181640625,2439.537109375,2117.03955078125,2401.25634765625,55413933925,-0.01676060119782354,0.1364441716146336,-0.01662092376951263,59.93982448917217,57.87244124206433,55.90395883506716,62.36394797708675,121.2764680052569,126.15254780449821,-4.87607979924131,2302.2509660531678,2180.974498047911,1971.9266259765625,1167.1775996398926,2536.8030759821913,1941.173059271715,2238.988067626953,0.26602643637211054,185.34482549288046,0.04048803828069085,1.6547185318373954,55.0,-0.06645216353330151
2021-04-24,2211.625732421875,2367.740966796875,2163.693115234375,2367.19921875,31854226936,-0.06645216353330151,0.09226147470216592,-0.06429232426518516,51.736887958963116,43.119998274837286,31.75750117933312,49.97109857983464,105.0636625641946,121.9347707564375,-16.8711081922429,2288.308622417584,2183.2449598533894,1985.4936401367188,1176.531649017334,2535.512171671957,1954.3142565506998,2244.913214111328,0.2588954938070201,186.68075592642472,0.043282405452301026,0.9429678082582025,37.0,0.046139409965625544
2021-04-25,2316.0595703125,2354.086669921875,2172.51513671875,2214.413818359375,31814355546,0.046139409965625544,0.07839674571868893,0.047220393740067035,56.17567651757052,52.77258617608403,48.351998348933634,45.33781945444463,99.49491987014517,117.44680057917904,-17.951880709033873,2292.577999016802,2193.083079146657,1998.72,1186.4029035949707,2540.4034561725857,1970.2402083781953,2255.3218322753905,0.25280793172615795,186.31581144618903,0.04435594002699806,0.9377277814788415,31.0,0.09012187379809421
2021-04-26,2534.481689453125,2536.33740234375,2308.315185546875,2319.47802734375,35208325408,0.09012187379809421,0.08996798743733526,0.09430764300727978,63.69610261892769,66.60206800350224,83.05919010849864,54.389563212255126,111.4220862963366,116.24185772261055,-4.819771426273945,2329.793951391621,2218.371865095284,2014.9465576171874,1197.321481323242,2578.4107606075554,1973.843182263538,2276.1269714355467,0.26561241351255477,189.29484039980943,0.048294185062980347,1.0286908543402984,27.0,0.04941354447385342
2021-04-27,2662.865234375,2676.392822265625,2485.375,2534.03125,32275969215,0.04941354447385342,0.071733942746997,0.050654753378619466,67.2531835268889,72.18701313667417,97.96463148181617,76.45860664641616,129.7383873784729,118.94116365378304,10.797223724689871,2381.0356872352177,2251.2972998567448,2031.5093041992188,1208.8078550720215,2623.593368022424,1997.8393712353886,2310.7163696289062,0.27080519487881993,189.41791053308197,0.045099375899101575,0.9483357482379536,50.0,0.030881028242382532
2021-04-28,2746.380126953125,2757.477294921875,2564.08154296875,2664.685546875,34269031076,0.030881028242382532,0.07041842098081344,0.03136279354284577,69.35656110971615,75.31927844521414,98.51186637113962,93.17856265381813,149.27242225101145,125.00741537322872,24.265006877782724,2437.242524114896,2287.9701018638843,2049.075930175781,1220.684917755127,2692.3989414223206,1994.8144374839292,2343.606689453125,0.2976542553312011,189.70204206308503,0.04414243360911488,0.9938199898700627,59.0,0.0038147732329112433
2021-04-29,2756.876953125,2797.972412109375,2672.106689453125,2748.649658203125,32578127990,0.0038147732329112433,0.04565518330935211,0.003822058741562495,69.6206833170723,75.72023403655342,94.77293716295821,97.08314500530467,163.7131089568711,132.74855408995722,30.964554866913886,2486.417051654912,2322.703942698041,2068.2301440429687,1232.593592224121,2747.1460713467563,2008.5441142001187,2377.8450927734375,0.3106181977082273,185.14230496259682,0.04391763652710211,0.9276123050551308,52.0,0.005905923178421575
2021-04-30,2773.20703125,2796.054931640625,2728.169921875,2757.734130859375,29777179889,0.005905923178421575,0.024478882752228707,0.005923397526498064,70.05313120180695,76.41564179379284,96.85001201752137,96.71160518387306,174.46404512719573,141.09165229740495,33.37239282979078,2530.5385869772335,2356.074541850038,2087.1703857421876,1244.520971069336,2799.4274054252737,2019.9892693794134,2409.7083374023437,0.3234574591239086,176.76678387709882,0.043786904645959364,0.8421157541087949,51.0,0.06040751310203988
2021-05-01,2945.892822265625,2951.44091796875,2755.908447265625,2772.83837890625,28726205272,0.06040751310203988,0.06637460440694004,0.062269347030246225,74.23059911628647,82.57340206689001,99.40957233291027,97.01084050446327,194.67445371627764,151.8082125811795,42.866241135098136,2594.4392385600627,2399.764784843785,2110.6461938476564,1257.3444813537599,2885.538022978928,2012.7022358101347,2449.1201293945314,0.3563874947141016,178.1071900789578,0.04503550372295895,0.8021474036645961,68.0,0.0020899917405673187
2021-05-02,2952.05615234375,2984.891845703125,2860.526123046875,2945.56005859375,28032013047,0.0020899917405673187,0.042128508482981025,0.0020921772956372653,74.36803089900602,82.76082417844168,96.44922814702484,97.56960416581883,208.78196878556537,163.2029638220567,45.57900496350868,2649.4572252960143,2440.675256510449,2131.1936083984374,1270.2073419189453,2953.7095227974555,2025.8010240775443,2489.7552734375,0.3726906449880864,174.26851383447868,0.044798692371569,0.7759333107923787,66.0,0.15037495372643486
2021-05-03,3431.086181640625,3450.037841796875,2951.17578125,2951.17578125,49174290212,0.15037495372643486,0.14539479165992172,0.16226995848861292,82.27866490212904,91.27227278234459,98.63646727229867,98.16508925074459,255.66880522210204,181.69613210206575,73.97267312003629,2769.707833964416,2514.039028742314,2162.724045410156,1285.475563659668,3156.5953787218014,1936.105011903199,2546.3501953125,0.47930970730788186,197.45376717107843,0.052677731685211074,1.324998450956374,61.0,-0.053105772046597124
2021-05-04,3253.62939453125,3523.5859375,3180.74267578125,3431.131591796875,62402045158,-0.053105772046597124,0.10537256096069399,-0.051720294307653125,73.25873255871893,75.22120487106778,80.80713544055125,91.96427695329157,275.3338045386172,200.42366658937604,74.91013794924115,2844.157304820852,2568.823500282235,2191.962587890625,1299.912565612793,3267.918051000192,1906.6347810310576,2587.276416015625,0.5261452783098818,207.8387310673407,0.054318589255700676,1.622805996108837,68.0,0.07948024985726106
2021-05-05,3522.783203125,3541.462646484375,3213.1015625,3240.5546875,48334198383,0.07948024985726106,0.09321069877166768,0.08272417536125909,77.31992150932217,81.10199552532383,98.68863096816368,92.71074456033786,309.0741072010446,222.15375471170978,86.92035248933485,2948.5612891753362,2639.4871819742916,2226.2788159179686,1315.6822019958497,3429.485641462829,1845.4338897871708,2637.459765625,0.6005975038259151,216.44747056141458,0.056102462467055116,1.2313314212553128,48.0,-0.009097400160043746
2021-05-06,3490.88037109375,3598.89599609375,3386.239990234375,3524.930908203125,44300394788,-0.009097400160043746,0.060917586182635756,-0.00905614401787469,75.84951502945113,78.52485456976962,92.71079021576742,90.73551887482745,329.44164995457277,243.61133376028238,85.83031619429039,3031.9949940858614,2702.5533441312887,2259.6274365234376,1331.2455354309081,3558.340664411975,1822.4722506270875,2690.406457519531,0.6452067526574786,216.17665165412603,0.05512418560188933,1.117038789769726,65.0,-0.0017636792576329369
2021-05-07,3484.72900390625,3573.2900390625,3370.261962890625,3490.105224609375,39607240515,-0.0017636792576329369,0.058262228122843464,-0.0017621248893077146,75.55117308684873,77.96752818663911,92.04523669022049,94.4815526247172,341.1540983196778,263.11988667216144,78.03421164751637,3101.6463802120747,2760.492281892397,2293.6649145507813,1346.7695024108887,3665.347830281534,1829.4484831950288,2747.398156738281,0.6682319934530676,215.2374676911081,0.05384933263379057,0.9896453466339389,64.0,0.11326494105268313
2021-05-08,3902.647705078125,3950.1650390625,3453.7685546875,3481.988037109375,50208491286,0.11326494105268313,0.12719479745227552,0.11992860871057798,81.01480471907342,85.89976598952956,97.3269576916284,94.02766153253877,379.7809659548284,286.4521025286948,93.32886342613358,3224.8773532683904,2845.096387313562,2335.3653857421873,1364.437056427002,3845.43442891443,1815.9129587808818,2830.673693847656,0.7169747168473086,235.32025459710036,0.055286588701692126,1.2552983653353582,67.0,0.006690198432838535
2021-05-09,3928.8447265625,3981.259033203125,3743.989013671875,3911.463134765625,50568290278,0.006690198432838535,0.06039180370939394,0.006712627801450655,81.29695500683414,86.26149137933425,96.86694166609023,95.41304534931304,407.8059840101264,310.72287882498114,97.08310518514526,3333.180026082869,2925.3740420727427,2377.689587402344,1382.1203302001952,3991.913038242915,1845.6999500383356,2918.806494140625,0.7353050270763092,235.4595235209682,0.053724601995350445,1.2387315433499018,73.0,0.00595073603534954
2021-05-10,3952.2939453125,4197.47314453125,3684.45166015625,3924.413330078125,62691789007,0.00595073603534954,0.12980347400108075,0.005968476837850734,81.5611115130477,86.61994568450956,85.67960604350303,93.29116846707387,426.9861382955005,333.97553071908504,93.01060757641545,3428.428321348966,3001.4421830534657,2420.9711254882814,1399.8129350280763,4126.665470852997,1873.1558182095036,2999.91064453125,0.7511922585932937,255.28537786768473,0.052972130116965326,1.4931752236674474,72.0,0.053308361725376514
2021-05-11,4168.701171875,4178.208984375,3783.889404296875,3948.27197265625,52679737865,0.053308361725376514,0.09459051244509517,0.05475484100041772,83.8307969573167,89.55434946341866,98.23851349371904,93.5950204011041,454.4106403440637,358.06255264408077,96.34808769998295,3542.316452199125,3087.905811855061,2470.5184692382813,1418.607607421875,4285.751453572153,1894.4647817794093,3090.108117675781,0.7738521050814705,265.2163923112876,0.05322574086686462,1.2344521861612427,61.0,-0.09633444649972905
2021-05-12,3785.8486328125,4362.3505859375,3785.8486328125,4174.6357421875,69023382175,-0.09633444649972905,0.15227813075472005,-0.09183976573938502,67.90571378893601,61.648684636400475,65.89238071948694,83.27016675223634,440.17766145012865,374.4855744052904,65.69208704483827,3579.7829415242595,3139.605280074131,2512.6624389648437,1435.4745625305177,4347.916168785299,1970.5314142225136,3159.2237915039063,0.7525217937888039,287.4510752265528,0.06008419736127909,1.5886814624809085,68.0,-0.018851437590013696
2021-05-13,3715.1484375,4032.5634765625,3549.4072265625,3828.91845703125,78398214539,-0.018851437590013696,0.1300503218453166,-0.0186748605582725,65.4336864576361,57.77033927498502,60.39592422856207,74.84227281392268,418.37029589348276,383.26251870292884,35.10777719055392,3600.608402443604,3182.2381065501213,2555.097138671875,1452.01921585083,4380.025630922215,2073.578177671535,3226.801904296875,0.7147781368851208,301.430016281799,0.060158272781557824,1.757958250553919,31.0,0.09344729207531106
2021-05-14,4079.057373046875,4171.01708984375,3703.39990234375,3720.122314453125,48174271215,0.09344729207531106,0.11463854139190759,0.09795273100628976,71.2376881403513,69.34953951562728,82.36517792512356,69.55116095772418,425.54677305490986,391.7193695733251,33.82740348158478,3674.2159363825685,3248.6691633276587,2604.7711010742187,1470.4450611877442,4431.120514382057,2209.2264582741927,3320.173486328125,0.6692102280971832,313.3005285116705,0.05829515727550964,1.0608227509700494,26.0,-0.11439829193568456
2021-05-15,3638.1220703125,4129.185546875,3638.1220703125,4075.95166015625,42422321751,-0.11439829193568456,0.13497718522686064,-0.10809735250304064,58.43468125132568,49.97785054797636,51.7767533077037,64.8459518204631,391.1455071022333,391.6045970791068,-0.45908997687348574,3668.6630339102503,3277.517526808017,2643.4767016601563,1486.615686340332,4403.77064853281,2368.78257412344,3386.276611328125,0.600951519318214,325.9978819438726,0.06651664290906946,0.9233770825994434,27.0,-0.014010351356841278
2021-05-16,3587.506103515625,3878.89599609375,3350.95166015625,3641.830810546875,47359478734,-0.014010351356841278,0.1471619338626724,-0.013912663131868785,57.1646138046531,48.1756186942171,45.09223946969052,59.74472356750592,355.6977087099044,384.42321940526637,-28.725510695361947,3656.1773523110774,3300.479643601173,2680.8969311523438,1502.6099630737306,4380.83719895557,2497.0184651069303,3438.92783203125,0.5477924591211721,340.4226286577031,0.06500995415773114,1.0173865261238824,20.0,-0.08888311942681767
2021-05-17,3282.397705078125,3587.765625,3129.0087890625,3581.343017578125,54061732774,-0.08888311942681767,0.13976272138740758,-0.08504749250140786,50.09633932034648,38.429866247105224,12.436853790593709,36.4352821893293,299.53255045070136,367.4450856143534,-67.91253516365202,3598.6727911983153,3299.140240747614,2712.7177661132814,1517.0883010864259,4346.146862500593,2593.66204863222,3469.9044555664063,0.5050527575930928,348.8750720348315,0.06867435326206923,1.1348108506348427,27.0,0.029322276578025004
2021-05-18,3380.070068359375,3562.465087890625,3246.404052734375,3276.872314453125,40416525218,0.029322276578025004,0.09350724356719041,0.029756407375664207,52.13662809603093,42.75491125519677,20.356180252141428,25.961757837475208,259.90656027631803,345.93738054674634,-86.03082027042831,3565.0416030692477,3305.1350427929297,2743.92546875,1532.0745515441895,4314.4245318883495,2688.753373385088,3501.5889526367187,0.46426670305751366,346.53121225778995,0.06865083672321942,0.8429452677605658,21.0,-0.31745903048406077
2021-05-19,2460.67919921875,3437.935791015625,1952.460205078125,3382.6572265625,84482912776,-0.31745903048406077,0.6036851883858445,-0.2720034941722024,36.85999417040487,24.135834717180018,21.08888429852118,17.96063944708543,152.55693670082474,307.26129177756206,-154.70435507673733,3395.139694784556,3242.5827580837313,2756.21837890625,1542.444995880127,4361.766938178474,2611.791191704339,3486.7790649414064,0.5018889106194467,427.8843818063406,0.10047799014023798,1.6715375930591019,23.0,0.12355699930846506
2021-05-20,2784.294189453125,2993.145263671875,2170.22900390625,2439.638671875,67610826680,0.12355699930846506,0.2955565050858571,0.13151449824793127,43.17190633749777,35.64468144052053,34.51750299440447,25.32085584835568,92.52800649141864,264.3146347203334,-171.78662822891476,3301.163463195105,3208.6354567036865,2773.537021484375,1554.3846759033204,4360.524432691801,2614.1424130113237,3487.3334228515623,0.5007786202021589,456.1009445177181,0.10455351233336338,1.2894532211531755,11.0,-0.13584748911494268
2021-05-21,2430.621337890625,2938.205078125,2113.34716796875,2772.34130859375,53774070802,-0.13584748911494268,0.3393609268945567,-0.12702423935739582,38.6271858762609,29.867523735728554,19.84161340326136,25.14933356539566,16.229124219902133,214.69753262024716,-198.46840840034503,3167.2339054559543,3151.004781236052,2782.6039111328123,1564.621998901367,4423.081155871392,2500.058541394233,3461.5698486328124,0.555534829157551,482.44072777761323,0.10776565186053665,1.0016384021792886,19.0,-0.05710668666712583
2021-05-22,2295.70556640625,2483.983154296875,2168.124267578125,2436.0146484375,42089937660,-0.05710668666712583,0.13758684534323917,-0.05550670085100928,37.02594106515307,27.858068767339176,14.243193966595383,22.867436788087062,-54.4966613160218,160.85869383299337,-215.35535514901517,3033.1526225252305,3087.6492838412523,2785.6535107421873,1574.1625158691406,4496.517788249472,2360.986850422403,3428.7523193359375,0.6228303297919947,470.5420248448373,0.10823919100464123,0.7738684621103399,12.0,-0.0845514357605226
2021-05-23,2109.579833984375,2384.41162109375,1737.46875,2298.3671875,56005721977,-0.0845514357605226,0.3066690630389017,-0.08107561141354924,34.87789628950735,25.136188746896906,14.176298486650627,16.08703528550245,-124.13519375171245,103.85991631605219,-227.99511006776464,2891.0645012112527,3015.199694962965,2787.2766577148436,1582.6997050476075,4575.401796032249,2149.952207874001,3362.677001953125,0.7212853291438599,483.1420852911882,0.10220413686314933,1.0232985438319298,14.0,0.22564944769507495
2021-05-24,2643.591064453125,2672.595703125,2090.6396484375,2099.93603515625,53697121740,0.22564944769507495,0.22013845579701571,0.2531362984543515,44.77680672063859,43.586118404462916,34.520499248664095,20.979997233970025,-134.6814649530893,56.151640062223905,-190.8331050153132,2852.991664786925,2987.6731297400142,2798.286022949219,1593.8473236083985,4584.380579566607,2079.9695913318305,3332.175085449219,0.7515844528010899,490.20022596235333,0.11613027498609725,0.9889822709428782,10.0,0.023565669974520264
2021-05-25,2706.62890625,2750.534912109375,2394.35546875,2649.033203125,49558333256,0.023565669974520264,0.13159522627461223,0.023845534449147276,45.823703621452125,45.437990030070345,36.92204894639975,28.53961556057148,-136.38072179141864,17.645167691495395,-154.02588948291404,2830.4743173197057,2966.8550391111244,2810.260856933594,1605.1068716430664,4569.003012990286,2013.7317282206516,3291.3673706054688,0.7763555376984781,480.6273129192835,0.11451488361688777,0.9117271533892827,22.0,0.06510221993494893
2021-05-26,2888.69873046875,2911.735595703125,2652.094482421875,2707.052734375,42499766020,0.06510221993494893,0.08988168636025189,0.06726811488576234,48.840395124100475,50.8721912440276,47.306641155222195,39.583063116762,-121.63376357275729,-10.210618561355144,-111.42314501140214,2839.431919342636,2961.065682915393,2825.667253417969,1617.371799621582,4547.024179662541,1975.4923974858953,3261.2582885742186,0.7885090828855779,464.84258437370966,0.11584819514030577,0.7831675068267762,22.0,-0.05413059602708892
2021-05-27,2736.488525390625,2888.75244140625,2642.60791015625,2888.75244140625,33373635283,-0.05413059602708892,0.08994904563499445,-0.052691616288219056,46.50883034203606,46.36800487634665,41.05197990251423,41.760223334712045,-120.83586379430835,-32.33566760794579,-88.50019618636256,2823.5944741192498,2944.430337913558,2840.975478515625,1628.7864683532714,4524.878207875585,1922.81432142129,3223.8462646484377,0.8071302639296454,449.2212948648733,0.11625598388911393,0.6185477090383686,27.0,-0.12294673867439189
2021-05-28,2419.90625,2761.36328125,2336.361328125,2742.468994140625,39999114805,-0.12294673867439189,0.1756274455363715,-0.115689239130076,42.01608867421891,38.1678319129966,28.533374055476298,38.9639983710709,-144.0881082862943,-54.686155743615494,-89.4019525426788,2761.488593485519,2905.576701771813,2847.60212890625,1638.6651843261718,4456.540675061369,1842.8777087276928,3149.709191894531,0.8298108831950843,447.4913418834538,0.1148411244156743,0.7484253788981943,21.0,-0.059766467139590496
2021-05-29,2279.51416015625,2566.9384765625,2208.490966796875,2414.067138671875,33773720220,-0.059766467139590496,0.15724732753625673,-0.05801550776760467,40.16321738494661,34.96833031337451,25.312343024728644,31.63256566090638,-171.86301802354728,-78.12152819960187,-93.74148982394541,2687.3386806656313,2859.2016986891786,2851.750234375,1647.814356994629,4375.15820159613,1759.3271255523064,3067.2426635742186,0.8528282118362391,441.1310681607518,0.11487098050132266,0.6420294136585503,18.0,0.04745881593198355
2021-05-30,2390.305419921875,2472.187744140625,2188.83447265625,2278.288818359375,25876619428,0.04745881593198355,0.118542705514861,0.048603014494119634,42.32477335697105,39.62775023391788,35.282806707538484,29.709507929247803,-182.82738506688884,-99.06269957305926,-83.76468549382957,2641.6412559358228,2824.4686410027116,2856.8375,1657.4510813903808,4262.418786890102,1715.867687719273,2989.1432373046873,0.8519334461425997,429.86122554101064,0.11587241455680261,0.5097447905993805,10.0,0.12735066191626665
2021-05-31,2714.9453125,2715.85498046875,2279.505126953125,2387.198486328125,31007383150,0.12735066191626665,0.160721415457839,0.1358152351044477,48.22659461461495,51.505685347440064,53.560467065363596,38.0518722658769,-163.4369987548207,-111.93755940941156,-51.499439345409144,2652.918803099542,2816.3558018543627,2867.9832666015627,1668.7207815551758,4072.682965361644,1760.227923310231,2916.4554443359375,0.7928991497341211,430.32469896776877,0.11963268595449959,0.6241389754487869,18.0,-0.030451097608125335
2021-06-01,2633.518310546875,2739.737548828125,2531.16064453125,2707.560546875,27363223090,-0.030451097608125335,0.0792008559278109,-0.0299921333878157,46.929435315695024,48.701789629935114,52.694320967944094,47.179198246948715,-152.8781720421407,-120.1256819359574,-32.7524901061833,2649.934111937593,2802.812283979734,2877.8665673828127,1679.5152409362793,3948.988096805831,1768.6897596394815,2858.8389282226562,0.7626516889924413,414.48557077699064,0.11836224902525457,0.5748908827712039,20.0,0.027197009476149905
2021-06-02,2706.125,2801.392333984375,2555.4013671875,2634.4560546875,27723267359,0.027197009476149905,0.09090155362256917,0.027570223894910928,48.26565704042996,51.45120359693231,77.14218108352091,61.132323038942864,-137.0713989970045,-123.51482534816682,-13.556573648837684,2658.578863947194,2795.6502629441984,2886.0053125,1690.7451167297363,3826.3538856600326,1790.42162703528,2808.3877563476562,0.7249469928157315,402.4502419212681,0.11879491859038974,0.6152044970557264,23.0,0.05359841571873146
2021-06-03,2855.12646484375,2891.2548828125,2667.684326171875,2708.376220703125,30038207402,0.05359841571873146,0.07830495755390651,0.05506082122730849,50.99265361907156,56.97254128047127,93.08102775477937,74.30584326874812,-111.23895113653225,-121.05965050583991,9.820699369307661,2688.816956392818,2800.0559075293504,2894.4057421875,1702.782953643799,3583.128779276512,1911.2536425984877,2747.1912109375,0.6085761813818137,389.67312154407927,0.1171886925513201,0.6802639263985772,24.0,-0.06024614794219391
2021-06-04,2688.195068359375,2857.16552734375,2562.637451171875,2857.16552734375,34173841611,-0.06024614794219391,0.10956350587743159,-0.05846725128986907,47.94357751207223,49.59963667067662,80.96339616827903,83.72886833552643,-103.0486381319356,-117.45744803105906,14.408809899123455,2688.72128131075,2791.7699194426855,2897.7873193359374,1713.9242274475098,3428.8810886312276,1970.50863304846,2699.694860839844,0.5401989968336958,382.8770468746361,0.11545299489450274,0.7812186613046369,27.0,-0.021666812721206
2021-06-05,2630.576904296875,2817.48486328125,2558.233642578125,2691.619384765625,30496672724,-0.021666812721206,0.09855299051689198,-0.021433773441770665,46.90113978277152,47.14290597596548,76.05666101916567,83.36702831407469,-100.05370355916693,-113.97669913668065,13.922995577513717,2679.7759925393843,2779.8296960985513,2901.7599267578125,1724.6753115844726,3256.7195588427203,2046.9772429150926,2651.8484008789064,0.4561883384912504,374.0466307195282,0.11546178078381952,0.7108593996574821,24.0,0.03162294611651662
2021-06-06,2715.0927734375,2743.441162109375,2616.162353515625,2629.748779296875,25311639414,0.03162294611651662,0.046878253973106784,0.032128263957071024,48.66434287592085,51.27312648606233,76.05117612375561,77.69041110373342,-89.82502504724243,-109.14636431879302,19.321339271550585,2685.2093434467865,2775.034368494029,2909.1638818359374,1735.8533551025391,3156.336092741142,2090.630215852608,2623.483154296875,0.40621792259007494,356.42035771054407,0.1145723168491965,0.6104540588122823,17.0,-0.047066637661180626
2021-06-07,2590.26318359375,2845.18505859375,2583.9951171875,2713.04736328125,30600111277,-0.047066637661180626,0.10083529081545806,-0.04597617844406354,46.22294417319069,45.188623115055336,55.53023755801666,69.2126915669793,-90.74537212603673,-105.46616588024176,14.720793754205033,2670.6022419309347,2761.3476140569715,2916.22640625,1746.4465188598633,2988.2579043235296,2179.7277157936583,2583.992810058594,0.31289955040994766,349.61818511738016,0.11448367947813264,0.7468395263868345,15.0,-0.02851748185124347
2021-06-08,2517.438720703125,2620.84619140625,2315.546630859375,2594.602294921875,41909736778,-0.02851748185124347,0.12127387969213578,-0.028114696356679736,44.81056061431753,41.811566718524425,45.45632003750081,59.01257790642435,-96.24166534285132,-103.62126577276368,7.379600429912358,2647.038623280502,2743.2802886233535,2923.25140625,1756.4849896240235,2988.381144178427,2185.2804280871983,2586.8307861328126,0.3104573829863164,346.4525690766298,0.08961091235093623,1.078920234805835,13.0,0.03544404658570407
2021-06-09,2608.26708984375,2625.070556640625,2412.19775390625,2510.19921875,36075832186,0.03544404658570407,0.08161464888441593,0.03607967431090309,46.98632502949757,47.518543430426895,59.71247576564571,53.56634445372105,-92.20553895343528,-101.338120408898,9.132581455462727,2641.07377198254,2733.2793109359754,2928.812529296875,1766.7788919067382,2969.470842530575,2186.588019774113,2578.029431152344,0.3036748973057782,336.9111571950402,0.08533984334863776,0.9680265944726347,14.0,-0.053853289373844766
2021-06-10,2471.5185546875,2619.957763671875,2435.401611328125,2611.142578125,28753626390,-0.053853289373844766,0.0746731809857221,-0.05242888494385056,44.16337010298372,40.53538774912851,40.24428646205885,48.47102742173511,-98.90127135079092,-100.85075059727659,1.9494792464856658,2614.9883539371494,2713.8896252879404,2930.9478662109377,1776.346144104004,2968.83223324563,2191.3163507387453,2580.0742919921877,0.3013540675631208,326.02865684851946,0.08046570471952531,0.7983486933421754,21.0,-0.04881497348290394
2021-06-11,2353.768798828125,2495.414794921875,2326.86962890625,2472.85888671875,24832564195,-0.04881497348290394,0.07160650871892722,-0.04764267524354615,41.83275300872123,35.320974949848804,23.480856163502732,41.14587279706909,-112.41327843891622,-103.16325616560452,-9.2500222733117,2574.800730074223,2687.214008513139,2929.9525390625,1785.0727178955078,2963.987616636519,2201.967290590044,2582.9774536132813,0.29501625148934163,314.77983607474124,0.08017228751136786,0.7064036101680469,21.0,0.0079198778865485
2021-06-12,2372.484375,2447.227783203125,2265.758056640625,2354.752197265625,25724364410,0.0079198778865485,0.07648932421841556,0.007951323078627226,42.353479519778325,36.827882090168856,26.145296988579528,29.956813204713693,-120.22556534110026,-106.57571800070369,-13.649847340396576,2543.6751369858807,2663.900702326981,2930.1305029296873,1793.9156509399413,2925.543327140394,2266.702034187731,2596.1226806640625,0.2537789519192282,305.2576853952955,0.07758851626308913,0.7647084834495087,28.0,0.05570408595543939
2021-06-13,2508.3916015625,2547.367919921875,2312.64013671875,2372.690185546875,27092945370,0.05570408595543939,0.09357700889163834,0.05728477202826676,46.12521121719409,47.24149928795076,38.7905317452728,29.472228299118342,-114.13460891086106,-108.08749618273518,-6.047112728125882,2538.246900766899,2652.3815096777603,2936.0658203125,1803.604175720215,2920.1555011734754,2258.5699138655873,2589.3627075195313,0.255501319064586,300.2198352387118,0.05943451458674832,0.8385512494993043,23.0,0.011691714247570262
2021-06-14,2537.89111328125,2606.432861328125,2469.38818359375,2508.7705078125,26964576331,0.011691714247570262,0.053999431660875855,0.011760329487777943,46.93676697062416,49.355604657472085,43.50670463127943,36.14751112171058,-105.70857534366951,-107.61171201492205,1.9031366712525397,2538.1921642306456,2643.900739574315,2940.502451171875,1813.6996255493164,2907.9101303929156,2253.941505349272,2580.925817871094,0.2533852854333787,288.5644668455449,0.059218036323938086,0.8648162955427188,28.0,0.028375605917595616
2021-06-15,2610.936767578125,2639.229248046875,2515.153076171875,2587.7626953125,29005279219,0.028375605917595616,0.047521706927468654,0.028782028478138377,48.98597754781038,54.6099779471588,55.18472620397458,45.8273208601756,-92.07532220217445,-104.50443405237253,12.429111850198083,2549.3836416687195,2641.458963870894,2942.031552734375,1824.1668408203125,2862.6430678340935,2271.4323716190315,2567.0377197265625,0.2303085348812237,276.81530291907745,0.0575334061287227,0.9508425583289156,38.0,-0.097805436490534
2021-06-16,2367.66357421875,2554.62890625,2354.3505859375,2544.86474609375,24101926180,-0.097805436490534,0.08458901107966117,-0.09317467829181958,43.02643648867938,38.9203426086057,16.29193199936769,38.32778761154055,-99.75111568178272,-103.55377037825457,3.8026546964718477,2521.426708214878,2621.177823896661,2936.12751953125,1833.3140097045898,2845.630979010287,2251.561965325651,2548.596472167969,0.23309653771092684,275.3703656849023,0.06025849194684717,0.8022948498622156,33.0,0.0018306693131994191
2021-06-17,2372.001953125,2457.175537109375,2312.301513671875,2367.306396484375,21871633186,0.0018306693131994191,0.06107668808899392,0.0018323460112703582,43.15924282583574,39.28327788246395,17.96458478247857,29.81374766194027,-104.28206763275193,-103.69942982915404,-0.5826378035978905,2498.438284354897,2602.720351987649,2928.6399560546874,1842.2952291870117,2848.0811013240186,2244.3214133244187,2546.2012573242187,0.23712174607677552,266.0491983815164,0.053756780814731356,0.7507032577145626,26.0,-0.06095582169829324
2021-06-18,2231.733154296875,2377.195068359375,2147.308349609375,2374.5869140625,22752818388,-0.06095582169829324,0.10300815682528479,-0.05913519533292433,39.91923605439206,32.090597281492336,12.097381041755073,15.451299274533769,-117.83309294093715,-106.52616245151066,-11.306930489426492,2457.406725884432,2575.239818825369,2918.137080078125,1850.3796823120117,2854.717732831745,2232.9066812307556,2543.81220703125,0.24444062729248095,263.4661641221224,0.05382582583503615,0.7960036005726787,25.0,-0.024142364542997615
2021-06-19,2178.4990234375,2278.4150390625,2168.885009765625,2235.1591796875,18765854896,-0.024142364542997615,0.05027775000974994,-0.023853268817950024,38.73088887862626,29.68411308909306,4.469367357669381,11.510444393967665,-131.35376317469718,-111.49168259614797,-19.86208057854921,2414.4978485849037,2545.851611759601,2906.242919921875,1858.335556640625,2877.011800033333,2189.431974380729,2533.221887207031,0.27142502957397296,252.470725920319,0.052800353990255934,0.6647892858419604,23.0,0.030677014228902497
2021-06-20,2246.364501953125,2275.3828125,2049.962646484375,2171.337890625,22535930423,0.030677014228902497,0.10034888185761086,0.03115240254206708,41.13663414442423,36.739829374213826,24.69772638170274,13.754824927042387,-135.03620153124302,-116.20058638316698,-18.835615148076045,2388.6311798723223,2523.6673814035653,2892.252353515625,1866.5756173706054,2864.5442746343733,2155.0414187250017,2509.7928466796875,0.2826937915804499,250.53854306998372,0.04372659188499642,0.8105078768386192,21.0,-0.1735580644172144
2021-06-21,1888.447509765625,2259.464111328125,1867.1854248046875,2245.31787109375,33745173825,-0.1735580644172144,0.20772549117455913,-0.1593316631723415,33.63554094391753,22.7153394957638,2.753999749864932,10.640364496412342,-164.93421156877912,-125.94731142028942,-38.986900148489696,2311.6798460097534,2476.6140575785325,2870.9801806640626,1872.9343112182617,2913.5037928674187,2031.5748204138313,2472.539306640625,0.3566895661011114,260.66283903094467,0.05702637821198084,1.1998795941931537,23.0,-0.007173036650366665
2021-06-22,1874.9500732421875,1993.1597900390625,1707.6005859375,1886.6676025390625,35547251725,-0.007173036650366665,0.15230229763279504,-0.0071473718245484985,33.38828678661598,22.340149049688264,17.963110637426947,15.138278922998197,-187.55570483574093,-138.26899010337974,-49.28671473236119,2244.4906501993587,2432.0463550350996,2839.857458496094,1879.4622906494142,2929.0280316052817,1932.9330890001868,2430.9805603027344,0.4097502706813293,262.44115082170305,0.05614728230728349,1.2466159074870873,10.0,0.059420100064373885
2021-06-23,1989.736328125,2043.5303955078125,1827.571533203125,1878.625,28408659206,0.059420100064373885,0.10853642226464916,0.06122096610515215,37.58996590033619,33.27486232719012,30.284141489238202,17.00041729217668,-193.9849717655211,-149.41218643580802,-44.57278532971307,2205.297677572534,2399.2826493380553,2814.5795971679686,1886.4279949951172,2881.190159004003,1894.2319479295907,2387.711053466797,0.4133490983515007,259.1209873562019,0.05655351950506612,0.9991255856098632,14.0,-0.0006435230573685713
2021-06-24,1988.456298828125,2032.33935546875,1887.4320068359375,1968.9573974609375,20272845769,-0.0006435230573685713,0.07287429385207614,-0.0006433160408149119,37.561512769568225,33.214019540546715,30.14674454677222,26.131332224479113,-196.91360236079163,-158.91246962080476,-38.00113273998687,2171.9374654580097,2368.8510678188013,2783.8930590820314,1893.3607315063477,2855.166178640437,1850.2820513400316,2352.7241149902343,0.4271151559580867,250.96287030453124,0.05577833818469897,0.7308566131494542,22.0,-0.0922558354753354
2021-06-25,1813.21728515625,2017.759521484375,1794.400390625,1989.2158203125,22774334998,-0.0922558354753354,0.12318387470044856,-0.08812816946248714,33.790575637279474,25.706540288446163,11.336780791996542,23.922555609335642,-210.94326443221235,-169.31862858308628,-41.624635849126065,2116.749745411585,2327.6930098437974,2750.3397973632814,1899.4676010131836,2849.015653391712,1774.696614674694,2311.856134033203,0.464699780795957,248.9911746298772,0.058389547425938895,0.8326279336665381,27.0,0.008797401314845006
2021-06-26,1829.2392578125,1850.1798095703125,1719.5594482421875,1810.88427734375,20637542361,0.008797401314845006,0.07140693092511455,0.008836212177885328,34.438648718722206,27.45561548029343,13.056561784991475,18.180029041253402,-218.25314698929742,-179.10553226432853,-39.14761472496889,2072.5173627040335,2290.770509693331,2717.230002441406,1905.8396585083008,2810.4785870676865,1724.6483294362201,2267.5634582519533,0.4788533055954801,240.53611653689492,0.057573495159364996,0.7610091981107864,20.0,0.07863825861456836
2021-06-27,1978.8946533203125,1979.9581298828125,1811.245849609375,1830.9969482421875,19885474742,0.07863825861456836,0.085255816923029,0.0818129147779052,40.31527957153156,42.26725914545661,29.120407992660283,17.837916856549423,-209.55472545374914,-185.19537090221266,-24.359354551536484,2058.1138689526915,2267.6685944064407,2678.75494140625,1912.8667361450196,2772.5863269811325,1701.4037364954302,2236.9950317382813,0.4788488911633068,235.40584251807653,0.061182416372412514,0.7480546095937969,22.0,0.04966476968104638
2021-06-28,2079.657470703125,2139.805419921875,1963.615478515625,1981.386474609375,25514602841,0.04966476968104638,0.08472065418863463,0.05091873749506903,43.9576921145011,50.24675699047333,39.93617842577119,27.37104940114097,-192.3135752805024,-186.6190117778706,-5.69456350263178,2061.428269221989,2253.7418445024914,2641.7711962890626,1920.466630859375,2738.7115463646674,1691.5003921118955,2215.1059692382814,0.4727589419177454,231.17613529580322,0.06264983032338538,0.9903521550394181,25.0,0.03826065517150592
2021-06-29,2160.768310546875,2242.23876953125,2076.240234375,2083.44873046875,24815124419,0.03826065517150592,0.07682384749257867,0.03900201883549914,46.77358705470836,55.96283472920992,53.500894095510844,40.85249350464743,-170.143563558594,-183.3239221340153,13.180358575421309,2076.7113525027407,2246.8549160613347,2605.94068359375,1928.541485595703,2684.4988939066734,1700.963166640202,2192.7310302734377,0.4485437172583008,226.52059242869228,0.06275937016885509,0.9847222185348895,25.0,0.05131732097104266
2021-06-30,2274.547607421875,2282.989013671875,2090.7607421875,2164.21630859375,25828056268,0.05131732097104266,0.08451274919774461,0.052656870391718735,50.528698273726505,62.93235471610595,75.63580140958793,56.35762464362332,-141.7585271191092,-175.01084313103408,33.252316011924876,2107.147699413377,2248.906226532486,2568.0576123046876,1937.0713870239258,2659.581496824809,1706.1834689955033,2182.8824829101563,0.4367610420137061,224.0711409326696,0.06324381576454495,1.0309017733454866,28.0,-0.07338593655568243
2021-07-01,2113.60546875,2274.3974609375,2081.0810546875,2274.3974609375,29061701793,-0.07338593655568243,0.09146286244439393,-0.07075786769497328,45.625347154908255,49.89965549929365,60.6344427068768,63.25704607065851,-130.7427457899862,-166.15722366282452,35.41447787283832,2108.1412023882417,2238.883948178228,2534.6127490234376,1944.6910983276366,2641.814439947074,1699.9341928654258,2170.87431640625,0.4338713853507989,221.88509891850572,0.0643854209212355,1.1502612773889997,28.0,0.017091336144911744
2021-07-02,2150.040283203125,2155.596435546875,2021.8248291015625,2109.892578125,31796212554,0.017091336144911744,0.06221818609185307,0.017238228700587443,46.88203605889509,52.49782493730722,76.89409031178411,71.05477814274961,-117.71572113654929,-156.46892315756946,38.75320202102017,2114.5872148213007,2232.30293595785,2503.3105859375,1952.5112438964843,2621.53915631155,1697.9650673212627,2159.7521118164063,0.42762967283941583,215.59127802756333,0.064517665964419,1.2435504071440477,21.0,0.03477100195522171
2021-07-03,2226.1142578125,2237.567138671875,2117.590087890625,2150.8349609375,17433361641,0.03477100195522171,0.053895279795362315,0.035382581063104546,49.50610008009171,57.82555778866983,90.11541541019123,75.8813161429507,-100.09929391915966,-145.19499730988753,45.09570339072786,2131.745221435331,2231.844515354491,2466.2517236328126,1960.6950372314452,2580.4041098917764,1710.872379366036,2145.6382446289062,0.4052555143917693,208.76169036711238,0.063646281739091,0.6949461293151923,24.0,0.04205248502583866
2021-07-04,2321.72412109375,2384.286865234375,2190.837646484375,2226.55029296875,18787107473,0.04205248502583866,0.08332136320264755,0.0429492165308718,52.67066959713634,63.7817627358413,90.75454223696805,85.92134931964779,-77.52951946806616,-131.66190174152325,54.1323822734571,2160.9727444597033,2238.5022639277695,2439.9237646484376,1969.1227487182616,2539.777867600625,1729.8819224384374,2134.8298950195312,0.379372589381309,207.6679423944615,0.06444672236389863,0.7613191847349555,27.0,-0.05449722191480288
2021-07-05,2198.58251953125,2321.9228515625,2163.04150390625,2321.9228515625,20103794829,-0.05449722191480288,0.0722653556301923,-0.05303886040710504,48.458262395393376,52.61602949444892,72.55680344278815,84.47558702998246,-68.78638212284386,-119.08679781778739,50.300415694943524,2166.7588637014796,2235.5452458243235,2412.14529296875,1976.9013165283204,2457.3737026709905,1771.0506625633845,2114.2121826171874,0.3246235386166422,204.1831856274464,0.06488769052714739,0.829639295409332,29.0,0.05576931230607369
2021-07-06,2324.679443359375,2346.294921875,2197.91943359375,2197.91943359375,20891861314,0.05576931230607369,0.06382621427874538,0.057353737104673064,52.63558540941875,60.81184278156955,91.0328022658195,84.78138264852521,-51.09344148006585,-105.48812655024308,54.39468507017723,2191.054337495002,2242.147778975068,2392.990927734375,1985.2506539916992,2449.3360471583023,1774.7899049901348,2112.0629760742186,0.31937785464237206,200.19692153128952,0.06282925059651358,0.8679097621660766,20.0,-0.004102550428395551
2021-07-07,2315.161865234375,2403.7734375,2298.02685546875,2323.20849609375,22398345285,-0.004102550428395551,0.045675675476170116,-0.004094146464876158,52.29109795873032,59.89951135653811,87.04914344681193,83.54624971847318,-37.408426508031425,-91.87218654180076,54.46376003376933,2210.1478033010594,2247.556229809091,2371.692763671875,1993.5299737548828,2438.549066321113,1779.8928770382618,2109.2209716796874,0.3122746256208175,193.45046870985811,0.0628296061450626,0.9294766634529971,28.0,-0.08805107932235774
2021-07-08,2120.0263671875,2324.0068359375,2089.414306640625,2317.94921875,23188123689,-0.08805107932235774,0.11065547718073598,-0.08428589852706492,45.68875890278543,44.08081456005637,58.529484230468746,78.87047664770004,-41.82660634270587,-81.8630705019818,40.03646415927592,2196.2829669758967,2238.1095733186025,2364.87970703125,2000.9386514282226,2428.218001213503,1779.0532634349345,2103.635632324219,0.3085918149529221,196.38918732321645,0.06445666955309148,0.9613822140822952,20.0,0.012499704988266244
2021-07-09,2146.6923828125,2185.376220703125,2051.066650390625,2115.573974609375,23029574602,0.012499704988266244,0.06256582050965943,0.012578152818153887,46.679523804797405,46.340074118772975,62.42680525045044,69.33514430924369,-42.684283242035235,-74.02731304999249,31.34302980795725,2188.653646335374,2231.3379295774093,2352.1276708984374,2008.6230239868164,2425.454435687483,1778.636164898455,2102.045300292969,0.3077090064133627,191.95492896530814,0.0643317865333212,0.9464434076594572,20.0,-0.01657530818125756
2021-07-10,2111.403564453125,2190.1240234375,2081.923583984375,2146.999755859375,17581542471,-0.01657530818125756,0.05124574064132075,-0.016438693611583566,45.496688326846694,43.619198141849616,50.65717124029612,57.204486907071754,-45.684884177676395,-68.35882727552928,22.673943097852884,2176.7690183534896,2222.453902531166,2345.7433154296873,2016.0057708740235,2411.9409543472175,1778.6535524887204,2095.297253417969,0.3022422717470957,185.97246542872364,0.06398417599191647,0.7299778792145594,20.0,0.013296256111609964
2021-07-11,2139.664794921875,2172.6533203125,2083.8037109375,2110.875732421875,14705386138,0.013296256111609964,0.04152501344410078,0.013385044405790802,46.66234453432164,46.55136947973875,39.9968494975004,51.026941996082314,-45.260699754501275,-63.73920177132368,18.478502016822404,2171.0606762870875,2216.321376041589,2342.6225,2023.7855218505858,2410.2956559420663,1805.4205794094958,2107.858117675781,0.2869619503610295,179.03511856774338,0.04986926904511925,0.6356874335874052,20.0,-0.04930798309757231
2021-07-12,2036.7210693359375,2167.710205078125,2011.0189208984375,2140.5068359375,17768129077,-0.04930798309757231,0.0769331090735836,-0.04811208084100682,43.05057489400108,38.125269264658364,6.544074568485242,32.3993651020939,-52.62460517049885,-61.516282451158716,8.891677280659863,2150.393044448449,2203.017649618948,2341.1653247070312,2030.9110913085938,2401.200292343895,1830.693042617043,2115.946667480469,0.2696226981969138,177.43913039716796,0.051334421421238535,0.7987798025034734,25.0,-0.04860993272705791
2021-07-13,1940.083984375,2040.693603515625,1922.577880859375,2034.098388671875,16621628658,-0.04860993272705791,0.06088175749479273,-0.04744738315710828,39.92635379629029,31.817801308650942,3.638043467782729,16.72632251125611,-65.5032773859507,-62.313681438117115,-3.189595947833581,2118.037804437149,2183.5410818231,2327.0951831054685,2037.4794577026366,2403.885646692224,1823.0424538937136,2113.4640502929688,0.2748299374753943,173.20174412995954,0.05089304265486414,0.7675746991906417,20.0,0.027577542543094778
2021-07-14,1994.331298828125,2015.107421875,1869.22314453125,1941.1678466796875,17342819679,0.027577542543094778,0.073149469914789,0.02796132275201524,42.451106737675495,38.48307466988021,23.40437484414378,11.195497626803904,-70.51950799853739,-63.95484675020117,-6.564661248336222,2099.006034343453,2169.5255423419903,2312.849230957031,2044.271935119629,2403.6845038024926,1823.8310967834445,2113.7578002929686,0.27432348537693385,171.25049650237315,0.05130073171225227,0.8063338845728555,21.0,-0.04259022453127296
2021-07-15,1911.1756591796875,2037.7425537109375,1883.272216796875,1994.7120361328125,15688092552,-0.04259022453127296,0.08082477200466444,-0.04169600090882597,39.6969409181975,32.756390201029646,7.848188505415347,11.630202272447272,-80.27946041057021,-67.21976948227498,-13.059690928295225,2070.1090535490275,2150.3885139595977,2293.29876953125,2050.4146017456055,2390.8771720601426,1846.434265928138,2118.6557189941404,0.25697563849141375,170.05191367463667,0.0476656880214591,0.7416161873099851,20.0,-0.01624313636360114
2021-07-16,1880.3829345703125,1959.6962890625,1853.59033203125,1916.598388671875,14884569147,-0.01624313636360114,0.056427845137563076,-0.016111927996504405,38.69577578195154,30.77772119243545,4.869761043686628,12.04077479774857,-89.46768081150822,-71.66935174812164,-17.798329063386575,2040.9204198599946,2130.388100671503,2276.1766577148437,2056.164529724121,2383.283063497985,1859.142742166078,2121.2129028320314,0.247094631864688,165.48434534296618,0.04782379118990556,0.7133313837695625,22.0,0.009759931976866861
2021-07-17,1898.8251953125,1917.597900390625,1855.5908203125,1876.88134765625,13364282076,0.009759931976866861,0.032655496794121774,0.009807715440898646,39.67703128798686,33.58109899724275,8.22178340840008,6.979910985834004,-94.17567678367527,-76.17061675523237,-18.005060028442898,2019.0596160834568,2113.235292867132,2265.755036621094,2062.0010549926756,2390.0775658375474,1844.3412940257335,2117.2094299316404,0.2577620636374335,158.09311210976324,0.04431893279643979,0.6506398077637925,15.0,-0.0017252222567385265
2021-07-18,1895.5521240234375,1988.33642578125,1883.0125732421875,1900.1943359375,13791868728,-0.0017252222567385265,0.055563680472951335,-0.001723734916274866,39.55601877768453,33.30184963485529,7.626877593130838,6.906140681739168,-97.05215023468645,-80.34692345112319,-16.705226783563262,2000.0584634588386,2097.110613693525,2258.0757958984377,2067.7207208251953,2397.2487548204335,1818.7595703748793,2108.0041625976564,0.2744250674214477,154.3238792832846,0.04261904219090681,0.6911804170616074,19.0,-0.04216012524464765
2021-07-19,1817.296630859375,1916.1180419921875,1807.909912109375,1893.0535888671875,14157735481,-0.04216012524464765,0.05954346034947654,-0.04128374639361532,36.675865978681585,27.031712930775242,1.5753135323808303,5.807991511303903,-104.44239355857007,-85.16601747261257,-19.27637608595751,1971.9412584435363,2076.3836520021064,2246.6156201171875,2073.1181869506836,2405.199897922209,1776.461259304354,2090.8305786132814,0.3007123795916829,151.02989718325088,0.042150139533437346,0.7289831951541511,24.0,-0.016526023993509314
2021-07-20,1787.5107421875,1836.998046875,1722.05078125,1819.08203125,17368597636,-0.016526023993509314,0.06430577613443102,-0.01639021839697663,35.61296810626159,24.9460108259603,9.602139570596089,6.268110232035904,-111.41832581682138,-90.41647914145433,-21.001846675367048,1943.5673328656844,2054.985658682506,2228.0669287109376,2078.4039028930665,2395.273831332032,1737.6836393710932,2066.4787353515626,0.31821773953510596,148.4525663576615,0.03973007275185031,0.9142215602766851,19.0,0.1077983664489609
2021-07-21,1990.9708251953125,2025.680419921875,1759.0233154296875,1786.2762451171875,21253359756,0.1077983664489609,0.13393320540798415,0.1138231386284283,46.92744533000483,53.52364278254553,44.67436482301351,18.617272641996795,-99.38364132546235,-92.20991157825594,-7.1737297472064085,1950.8601778394734,2050.2438191649358,2215.2159790039063,2084.4860821533202,2389.970918692529,1730.723087655127,2060.347003173828,0.31996932071242085,156.8957476529848,0.045277196092084006,1.1421735683160095,10.0,0.01704745171080369
2021-07-22,2025.2027587890625,2044.116455078125,1954.2978515625,1994.8228759765625,17495480331,0.01704745171080369,0.04435042522326534,0.01719358875607435,48.56513126757917,56.755708951990435,64.76592768309247,39.680810692234004,-86.0914278181956,-90.98621482624387,4.894787008048269,1962.2974979855642,2048.38892580376,2201.5975341796875,2089.7345574951173,2381.418628497216,1726.7916254090337,2054.105126953125,0.31869206424658375,152.1045230717448,0.045276172812105504,0.9777953660688256,21.0,0.047996849426457225
2021-07-23,2124.776611328125,2129.441162109375,2000.436279296875,2025.105712890625,16200392492,0.047996849426457225,0.06071456270965985,0.04916734984036908,53.0987367978116,65.01266072301931,86.03906264669617,65.15978505093403,-66.75298822598802,-86.1395695061927,19.38658128020468,1987.2942846536505,2054.0472728796385,2186.990537109375,2095.157275390625,2368.589333858872,1729.4871553989408,2049.0382446289063,0.3119034894225104,150.45454876751305,0.0459483383923434,0.90854524302791,23.0,0.02987807225389395
2021-07-24,2189.21875,2197.6494140625,2107.323486328125,2123.961181640625,16057446601,0.02987807225389395,0.04125943455142388,0.03032890061397775,55.81322357895312,69.421094554468,98.2273573806038,83.0107825701308,-45.70038787392696,-78.05173317973956,32.3513453058126,2018.3595870146273,2064.0599748885543,2177.0110107421874,2100.603338623047,2344.0682748291215,1740.7576773193161,2042.4129760742187,0.29539109111490575,146.15964726514605,0.0454068748642476,0.9074745878101889,22.0,0.0009838986193359512
2021-07-25,2191.373779296875,2194.438232421875,2108.829833984375,2187.1455078125,14566483636,0.0009838986193359512,0.039066086874950355,0.0009843828063664795,55.90513281304131,69.57068217350302,98.68047670185395,94.3156322430513,-28.51347200889859,-68.14408094557137,39.630608936672786,2044.97715505805,2073.4906270669485,2168.2269482421875,2105.5246466064455,2342.9769124957334,1741.1281656292665,2042.0525390625,0.2947273565952293,141.83455806317133,0.0437559326016361,0.8362993817481478,27.0,0.018981533923100646
2021-07-26,2233.36669921875,2428.817138671875,2177.32958984375,2191.309814453125,29614324233,0.018981533923100646,0.11260468283873733,0.01916282850447759,57.7493326493149,72.61604833610205,72.34582017088584,89.75121808444784,-11.373137226189101,-56.78989220169492,45.41675497550582,2073.9601618520037,2085.333299078193,2158.5924267578125,2110.563089599609,2323.5231347395747,1751.4506689713626,2037.4869018554687,0.28077356730354713,149.6669145463823,0.042019659985538915,1.6587025309081127,26.0,0.02867411582796314
2021-07-27,2298.33349609375,2316.9501953125,2154.731201171875,2230.197021484375,23067480378,0.02867411582796314,0.07058113821006941,0.029089175950248514,60.501652669529605,76.80580480365677,81.53793807417489,84.18807831563821,7.368044901018493,-43.958304781152236,51.32634968217073,2108.479136350734,2101.1110914497153,2152.7538330078123,2115.9337713623045,2319.4906825270386,1753.8002842698365,2036.6454833984376,0.2777559486264963,150.5634916602568,0.04256906819452078,1.2895962741614517,32.0,-0.0007782951691405303
2021-07-28,2296.54541015625,2341.77783203125,2250.9140625,2302.081298828125,18991302378,-0.0007782951691405303,0.03956541382957801,-0.0007779923760146135,60.38505859905623,76.43031165820264,81.28494273579707,78.38956699361925,21.82470159369086,-30.80170350618362,52.62640509987448,2137.41240924389,2115.5877076501993,2148.335966796875,2121.011112060547,2348.471331543963,1742.471539549787,2045.471435546875,0.2962641186099754,146.29922579389918,0.0372479884450586,1.0743190910592981,50.0,0.036096420064220765
2021-07-29,2380.956787109375,2396.451904296875,2273.40478515625,2299.011962890625,16313373113,0.036096420064220765,0.05167969440134679,0.03675580573317805,63.91993192397661,81.43032949593194,93.22826404229485,85.35038161742226,39.63609857032225,-16.714143090882448,56.35024166120469,2174.8807750693495,2135.2446764990273,2143.7897607421874,2126.604662475586,2391.431700703889,1722.9376108195484,2057.1846557617187,0.3249558021016911,144.63836103295102,0.03789944335575588,0.9407012725571671,50.0,0.035484783052220324
2021-07-30,2466.96142578125,2469.704833984375,2322.337158203125,2382.545166015625,20212848934,0.035484783052220324,0.05973651401321804,0.03612188139554173,67.1374545613676,85.16995328165059,99.63306449111168,91.38209042306785,59.99997223728769,-1.371320025248421,61.371292262536116,2219.8162597942573,2159.8162875569697,2143.6986181640623,2133.4887426757814,2453.7135691074654,1696.2115285487846,2074.962548828125,0.3650678133860752,144.83331208640095,0.03811388508874366,1.1567861829474801,53.0,0.027683623974512444
2021-07-31,2536.2099609375,2551.1611328125,2423.816162109375,2461.57568359375,18001710283,0.027683623974512444,0.05021073675463858,0.028070376144742504,69.49620268748093,87.52910943935017,98.19672111838626,97.01934988393093,80.79491341632274,15.061926663065814,65.73298675325692,2268.4922138162947,2187.697300399972,2147.34744140625,2140.952619628906,2523.266660157564,1666.312954100249,2094.7898071289064,0.4090881591751896,143.58414484473838,0.03835843592448468,1.0206152647781248,60.0,0.010059628943105539
2021-08-01,2561.85205078125,2695.429443359375,2520.931884765625,2530.462890625,22697987055,0.010059628943105539,0.06811383137466352,0.010110397103823221,70.34500344091235,88.33103857039669,86.27693437529706,94.70223999493165,98.21202933140648,31.69194719673395,66.52008213467253,2313.624496426288,2215.4124670948813,2151.134794921875,2148.1081829833984,2594.1106439379896,1647.982068464354,2121.046356201172,0.446066901228961,145.79224582681064,0.03586549278375555,1.2691366212162525,60.0,0.018678508765239733
2021-08-02,2610.1533203125,2665.73095703125,2511.375244140625,2557.774658203125,22162754104,0.018678508765239733,0.05913664599294297,0.01885404331468732,71.92950175959984,89.77586889930939,91.2391624794737,91.90427265771899,114.5917851895183,48.271914795290826,66.31987039422748,2359.244315485705,2244.652530296187,2153.170029296875,2155.0666845703126,2665.0354150056514,1644.064230990442,2154.5498229980467,0.47386752124141296,146.40392204565453,0.032972386949690326,1.2203054062391254,48.0,-0.04217882877647995
2021-08-03,2502.349609375,2630.314208984375,2449.353515625,2609.4130859375,22696753413,-0.04217882877647995,0.07231631131054174,-0.04130167760589376,63.743202242355345,67.88814727762065,79.38075924265279,85.63228536580783,117.51931172505329,62.121394181243325,55.39791754380996,2381.2605145455964,2263.741202820543,2152.45919921875,2161.719259643555,2706.328603554097,1653.5728734966842,2179.9507385253905,0.48292638519416287,148.8722628537774,0.035169618227757674,1.231555270378538,48.0,0.08509878800758405
2021-08-04,2724.619873046875,2764.443603515625,2463.469482421875,2508.544921875,25038698173,0.08509878800758405,0.11046462813808154,0.0888246242008488,71.057181666247,79.75874898617016,95.08437458658004,88.56809876956883,136.2046676600512,76.9380488770049,59.2666187830463,2434.085031238101,2297.8803635780496,2154.732861328125,2169.174671020508,2782.1758198071366,1659.070078630363,2220.62294921875,0.5057615663982487,159.73668129948973,0.03643036265481646,1.3250181112745962,42.0,0.03700347704203304
2021-08-05,2827.328857421875,2840.4306640625,2540.68408203125,2725.669677734375,31057928075,0.03700347704203304,0.1060175866151547,0.03769662894668069,73.69759271851674,83.1222772299768,98.4402506875947,90.96846150560917,157.4853108907755,93.04750127975903,64.43780961101648,2494.5840814202197,2337.098770529444,2163.9261669921875,2177.1604541015627,2865.331374791531,1670.6091159311254,2267.970245361328,0.5267803937480956,169.73738849461546,0.03575628977255798,1.5761013163372517,50.0,0.022249880340911833
2021-08-06,2890.941650390625,2944.9033203125,2727.792724609375,2827.50341796875,26528577879,0.022249880340911833,0.07510030362383445,0.02249925501300054,75.20626002189994,84.93156890011508,93.55742966432479,95.69401831283317,177.437999916448,109.92560100709684,67.51239890935116,2555.562168954128,2378.12416903768,2174.3049609375,2185.3287646484373,2947.942968460965,1687.2091677695034,2317.576068115234,0.5439880994787591,173.12118900950898,0.03566977390621303,1.3027350655367165,52.0,0.08811555885840777
2021-08-07,3157.23876953125,3170.229736328125,2868.53564453125,2891.70751953125,33081467129,0.08811555885840777,0.09555631164432553,0.09211431822037741,80.30031799476939,90.10969962412906,98.77605351496747,96.92457795562898,212.2914381453138,130.39876843474025,81.89266971057356,2648.127799812147,2435.836361666833,2192.8150732421873,2194.228479003906,3078.3922584058982,1682.9285423753518,2380.660400390625,0.586166643424478,182.30496778003513,0.038220757830273476,1.5510644479134124,69.0,-0.04651843963291938
2021-08-08,3013.732666015625,3184.60400390625,2951.747314453125,3161.232666015625,28433638008,-0.04651843963291938,0.07726521070662136,-0.045453041087839874,71.74559994845634,74.10028216610573,83.40850079379209,91.91399465769477,225.73120698269076,149.46525614433037,76.2659508383604,2704.37470230499,2478.6434953222993,2209.51974609375,2202.3857720947267,3139.9073269215355,1741.0570773753393,2440.4822021484374,0.5731860073860575,185.9158050423987,0.0386370393641645,1.2899736446848704,74.0,0.04987568301418011
2021-08-09,3167.856201171875,3185.701171875,2900.926025390625,3012.8857421875,31983260936,0.04987568301418011,0.08989522516174472,0.0511404136452529,74.8451168705126,78.81608457689248,98.26910858606729,93.4845542982756,245.98325993631715,168.76885690272775,77.2144030335894,2775.679548284511,2529.696288348194,2227.949580078125,2212.617198486328,3209.9865989542204,1809.012351241092,2509.499475097656,0.558268396393512,192.9771865739684,0.0376960258955001,1.404452347348997,65.0,-0.008293840284283538
2021-08-10,3141.691162109375,3228.940673828125,3059.22900390625,3163.050048828125,27605221710,-0.008293840284283538,0.05401920849786146,-0.008259541279942217,73.37353485082926,76.07268829040822,91.07902477211042,90.91887805065657,256.9597853743571,186.40704259705365,70.55274277730348,2831.98902733449,2575.029241960133,2253.014453125,2222.1430932617186,3276.6829476721887,1857.3880362145303,2567.0354919433594,0.5528925937767963,191.31536395596171,0.033573488756078705,1.1955303409059732,71.0,0.007153275977337787
2021-08-11,3164.2451171875,3269.20947265625,3122.91650390625,3142.830322265625,26729035052,0.007153275977337787,0.0462331340752864,0.007178921769949609,73.85080614441883,76.88192121269455,89.45934310348886,92.93582548722217,264.4304865029926,202.01173137824145,62.41875512475116,2883.1053488503376,2618.674862347345,2278.8003540039062,2231.8093658447265,3333.3821838723443,1914.5930358542182,2623.9876098632812,0.5406996369514298,188.09947858410732,0.0337353279011514,1.1348928440210597,70.0,-0.03893450520374174
2021-08-12,3043.414306640625,3236.314697265625,2984.1669921875,3164.17578125,25403699845,-0.03893450520374174,0.08285027264541256,-0.03818629912409377,66.92919695557006,63.46594820155531,76.15357819960813,85.56398202506911,257.6312220273521,213.1356295080636,44.49559251928852,2907.7682654334585,2650.1370434061064,2299.873913574219,2240.0683905029296,3362.843109512413,1976.9958797453996,2669.9194946289062,0.5190595568723817,192.67435190510858,0.03578957898874675,1.0579497224125949,70.0,0.0876507144106246
2021-08-13,3322.211669921875,3324.671630859375,3037.676025390625,3049.001220703125,23868866254,0.0876507144106246,0.08638691148643728,0.09160677291715547,73.17615421082499,75.1424734619086,99.72693056513124,88.44661728940939,271.60844012696634,224.83019163184417,46.77824849512217,2971.5287892009073,2699.920349073941,2326.5490209960935,2250.0573748779298,3438.0385930329194,2015.0996882170805,2726.569140625,0.5218789003420118,199.41158430251153,0.03899001346267237,0.9781211614985781,70.0,-0.017235181729072072
2021-08-14,3265.443359375,3329.281005859375,3214.519775390625,3322.7626953125,19860862133,-0.017235181729072072,0.03514414976431105,-0.017087505609842735,70.26564600713415,69.83993637009954,92.74512420706718,89.54187765726884,274.93547295196186,234.85124789586774,40.08422505609411,3016.7464153815367,2741.810942429575,2355.593542480469,2259.599301147461,3484.149595279047,2076.3956439787657,2780.2726196289063,0.5063366597079172,193.36513045724286,0.03968532861362022,0.8051432299113902,76.0,0.013704944038436707
2021-08-15,3310.504150390625,3320.084228515625,3117.791748046875,3266.276123046875,22166205051,0.013704944038436707,0.06110624584019336,0.013799287280931383,71.24336670868655,71.68996426726108,97.86609059528887,96.7793817891624,278.00354783373814,243.48170788344186,34.52183995029628,3061.9399130752427,2783.9363652415045,2385.218840332031,2269.8858862304687,3527.129076639082,2141.129907735918,2834.1294921875,0.48903875871719316,194.00279831520766,0.039709591366212695,0.9123741046382908,71.0,-0.047633653797058716
2021-08-16,3156.509521484375,3333.994873046875,3139.778564453125,3309.422119140625,23080039949,-0.047633653797058716,0.06152882076605242,-0.04651697201106941,63.55241937631535,57.60228938091578,79.9370275792047,90.18274746052022,264.9547067846743,247.77630766368836,17.178399120985915,3076.489083599725,2811.5343768150506,2408.7711376953125,2279.0059729003906,3537.533615103131,2216.5429718109312,2877.038293457031,0.4591494824022331,194.01804904938925,0.042376257897842794,0.9499635346749997,72.0,-0.045918101850540585
2021-08-17,3014.845947265625,3288.812744140625,2996.46826171875,3149.38037109375,25509056745,-0.045918101850540585,0.09696829872419276,-0.04487981843695865,57.41228929239521,47.5697430660432,63.338355294598045,80.38049115636385,240.4110310189867,246.30325233474804,-5.892221315761333,3067.0055241637097,2826.594493144723,2427.4749072265627,2287.1675885009768,3519.1697055062227,2306.7369351187776,2912.9533203125,0.4162211463990696,201.04136571885252,0.04446014828345374,1.0360438631962032,72.0,0.0017378470909151286
2021-08-18,3020.08984375,3124.97607421875,2959.0283203125,3011.963623046875,21539248425,0.0017378470909151286,0.05494795270732581,0.0017393580222999638,57.57568510400222,47.961161905174066,60.43101482396294,67.90213256592187,218.8602450985377,240.814650887506,-21.9544057889683,3059.787727176985,2840.927482078447,2444.661337890625,2295.3874603271483,3500.882076490789,2388.9378697982734,2944.9099731445312,0.37758173147316904,198.53467916080947,0.04420852354066839,0.8656247672511074,73.0,0.052443987656742644
2021-08-19,3182.7021484375,3184.435546875,2963.150146484375,3019.126953125,19546290360,0.052443987656742644,0.069527524119485,0.05384353217968729,62.394025227955304,59.027386701176695,75.04252913003765,66.2706330828662,212.45351410917146,235.1424235318391,-22.68890942266765,3078.697638140141,2866.2441240309695,2462.8244287109374,2304.7260400390624,3499.931246225713,2461.462772328974,2980.6970092773436,0.3483978648834592,200.15973067722487,0.04484302197396381,0.7865848089183198,70.0,0.03222504353107742
2021-08-20,3286.935302734375,3298.24658203125,3178.103759765625,3182.16259765625,20885619828,0.03222504353107742,0.03655162368595426,0.03274989283808627,65.12801242094483,64.64913287642378,89.88964716360323,75.12106370586793,213.32776835931418,230.77949249733416,-17.451724138019983,3110.7342019238695,2897.4064335645553,2486.291025390625,2314.315513916016,3511.3974870300426,2525.0690657043324,3018.2332763671875,0.32678998970976725,194.44423721925344,0.0449340951864177,0.8356333502843268,70.0,-0.01868659875979763
2021-08-21,3226.083984375,3307.3515625,3209.8662109375,3286.931640625,18113977628,-0.01868659875979763,0.03021785918613838,-0.01851308673728791,62.28128437437533,59.123888881862804,75.08227865941313,80.00481831768467,206.7274034911934,225.96907469610602,-19.24167120491262,3128.4803223009667,2921.7529188097733,2507.8118994140623,2322.869965209961,3505.07745213822,2597.8122939555296,3051.444873046875,0.29732313573693503,187.51860252948535,0.045488232604175956,0.7314475848756874,78.0,0.004957029250544763
2021-08-22,3242.115478515625,3272.733154296875,3142.007080078125,3226.227294921875,15983278460,0.004957029250544763,0.040321227015208544,0.004969335646024975,62.74331530903018,60.170169109080526,78.7841136510979,81.25201315803805,200.47917523831347,220.8710948045475,-20.391919566234037,3145.9626540262984,2945.483478787985,2528.131923828125,2330.775994873047,3495.489540130555,2670.596421783508,3083.0429809570314,0.2675580987492381,183.46199336443283,0.04547816787607752,0.6535634964902163,76.0,0.02351501817097296
2021-08-23,3319.25732421875,3373.38427734375,3235.851318359375,3241.357421875,20511110509,0.02351501817097296,0.041434858930904366,0.023793676139643116,64.96709142862095,65.17442548577185,86.93708821931627,80.26782684327574,199.4529422160699,216.58746428685203,-17.13452207078211,3172.6233725174447,2973.170430301375,2548.082587890625,2339.398468017578,3451.2372125212537,2796.539520877184,3123.8883666992188,0.20957781290239907,180.18134805157155,0.043788231366946935,0.842473273088032,79.0,-0.045234914863446364
2021-08-24,3172.456298828125,3358.688232421875,3154.121337890625,3324.85546875,20131028906,-0.045234914863446364,0.06448217887408411,-0.04422706980850821,57.88623329525982,50.959563659078064,51.508364944184606,72.40985560486625,184.6653223843923,210.2030359063601,-25.537713521967788,3172.597668872934,2987.9323464885415,2567.5600634765624,2346.6674951171876,3417.832015490927,2874.7283604856357,3146.2801879882813,0.17261770171605395,181.92317280012,0.04234438664484563,0.8352804941884308,79.0,0.016400535612025917
2021-08-25,3224.915283203125,3248.727294921875,3086.114990234375,3174.269775390625,18902728235,0.016400535612025917,0.05042374462810274,0.01653576265002532,59.58153784424018,55.047092210316684,64.16873183038908,67.53806166462995,175.15989451901123,203.19440762889033,-28.0345131098791,3180.64653261604,3005.486638097029,2585.5647802734375,2354.4028375244143,3396.4861268147984,2935.832891739889,3166.1595092773437,0.1454927440405713,180.54382507779,0.04183924156716836,0.8046055835109751,73.0,-0.039399594678693924
2021-08-26,3100.325439453125,3249.6552734375,3060.228759765625,3228.747314453125,17405668117,-0.039399594678693924,0.06109891279842172,-0.03863352454525626,54.019642735265,44.71923177788817,34.10041939615909,49.92583872357758,155.77770686643044,193.71106747639837,-37.933360609967934,3168.289441360207,3012.5117344937767,2601.2680517578124,2361.833325805664,3372.4086415614684,2980.8487558994693,3176.628698730469,0.12326271742696428,181.17830283451033,0.04288191073699133,0.7555522272781189,75.0,0.05346662166628677
2021-08-27,3270.600830078125,3281.840576171875,3064.485107421875,3096.406005859375,18489602004,0.05346662166628677,0.06645735142946442,0.05492177964873113,59.573909754272975,57.44857778309679,75.19440820833348,57.82118647829386,152.40020973131504,185.44889592738173,-33.04868619606668,3184.0296550091175,3031.6294452778025,2624.279541015625,2369.453245849609,3382.0272072306125,2982.566396285012,3182.2968017578123,0.12552594425666055,183.76238611418816,0.039878030887377944,0.8288542746204294,71.0,-0.008042251504535707
2021-08-28,3244.4033203125,3284.845947265625,3217.403564453125,3275.1044921875,13709633698,-0.008042251504535707,0.02078729928250843,-0.008009999118418598,58.40495707381656,55.16835655852573,68.87194335146907,59.38892365198719,145.92743815148742,177.54460437220285,-31.617166220715433,3193.3179112096377,3047.3904730581503,2646.233759765625,2376.8350872802735,3379.434256092019,3008.226412853294,3193.8303344726564,0.11622653815767472,175.45381444978187,0.03832400184629886,0.6355520282342436,78.0,-0.00537771133044636
2021-08-29,3227.002685546875,3283.235595703125,3158.84033203125,3246.77099609375,13296586731,-0.00537771133044636,0.038548236798505775,-0.005363277326429605,57.596555585987794,53.52215442922295,64.67250215354449,69.579617904449,137.80510279394912,169.5967040565521,-31.791601262602995,3198.5001841845974,3060.6950813906483,2668.5457421875,2384.2488836669922,3382.526675888548,3011.0486414942643,3196.7876586914062,0.1162035374430678,171.8067751085028,0.03677960499596667,0.6443116201724606,72.0,-0.0008148394159196747
2021-08-30,3224.374267578125,3346.5810546875,3151.444580078125,3227.192626953125,19306924485,-0.0008148394159196747,0.06051917625429534,-0.0008145075244350153,57.46716247095665,53.24217570359487,64.0381639899081,65.86086983164053,129.66134684630242,161.6096326145022,-31.94828576819978,3202.480812398986,3072.8194655526836,2690.239931640625,2391.4517651367187,3385.246790462636,3016.5968374670515,3200.9218139648438,0.11516993366949932,173.47318221570796,0.036718912222647074,0.9547497847867744,73.0,0.06290900442875601
2021-08-31,3433.732666015625,3466.9921875,3195.216552734375,3227.758056640625,27280502987,0.06290900442875601,0.0791487460440487,0.0649299309148601,64.3392113871672,68.53675906981063,93.45238438542357,74.05435017629203,138.50424394961328,156.9885548815244,-18.484310931911125,3238.0580206477,3099.5537766980865,2718.1801635742186,2399.4027655029295,3423.7299061308513,3005.062476681649,3214.39619140625,0.13024761246560634,180.49478596927347,0.03921827570770993,1.3472155025014376,73.0,0.11047670605029397
2021-09-01,3834.828125,3836.867431640625,3387.408447265625,3430.762451171875,30070890104,0.11047670605029397,0.1172044664648432,0.11681033382537342,73.2547962317122,81.82490154392887,99.76659422043363,85.75238086525508,175.8502626937002,160.76089644395955,15.089366249740635,3329.868805932669,3154.018543238969,2756.075046386719,2409.5063568115233,3583.6598329047156,2924.2739317437217,3253.9668823242187,0.20264063065387214,199.70651442682535,0.04447070159188168,1.4680968637602716,71.0,-0.011497420215943173
2021-09-02,3790.989990234375,3830.71142578125,3726.75048828125,3825.02783203125,24387397330,-0.011497420215943173,0.02742316328130761,-0.011431577462321041,71.160739925332,77.64354421007559,94.09282037224719,95.7705996593681,199.6089132076927,168.53049979670618,31.078413410986514,3400.8105265944696,3201.201613386777,2792.0082202148437,2419.435886230469,3681.444415312988,2873.3671813666997,3277.405798339844,0.24656001840102207,193.16159459053424,0.04092676619837692,1.1891167978390242,74.0,0.03870954193797657
2021-09-03,3940.61474609375,4022.46923828125,3712.67822265625,3787.486572265625,26207765094,0.03870954193797657,0.07861489528558696,0.039468517786860335,73.90283033725547,81.4235516411495,91.49334350247138,95.11758603171738,227.88437304410263,180.40127444618548,47.48309859791715,3483.857329594359,3255.972956550256,2832.597001953125,2430.2400048828126,3807.7821700934,2814.5465652581624,3311.1643676757812,0.2999656599748998,201.4922675215675,0.041123331564233465,1.2584049474116186,74.0,-0.013485996181977149
2021-09-04,3887.828369140625,3969.44873046875,3837.93115234375,3937.91015625,20806963328,-0.013485996181977149,0.03382803087937521,-0.013395467548673934,71.32621310601175,76.12585516481624,86.00756545304297,90.53124310925382,243.2296591072045,192.9669513783893,50.2627077288152,3546.0067202937844,3302.77706118658,2872.7459106445312,2440.773809204102,3896.63132967482,2783.4298275517426,3340.0305786132812,0.3332908115425871,196.49407542181265,0.04142180241748201,1.0023483560765032,72.0,0.0164048291616595
2021-09-05,3952.133544921875,3979.1865234375,3838.4873046875,3886.3310546875,18371468576,0.0164048291616595,0.03560082602238617,0.016540127206146282,72.58039019813687,78.1466657296103,92.69042459449675,90.06377785000369,257.6102287732988,205.8956068573712,51.71462191592758,3608.4877702365675,3350.8775414632687,2913.8120776367186,2451.2921856689454,3989.461050108983,2770.16250946133,3379.8117797851564,0.36075930261570943,192.5087285166832,0.03931334007091139,0.8951741547882363,73.0,-0.006028598015504731
2021-09-06,3928.37939453125,3968.426513671875,3868.994384765625,3951.520751953125,18674691198,-0.006028598015504731,0.025311233697201143,-0.0060104624807395535,71.33908211523972,75.39631388832797,90.22179529433794,89.63992844729252,264.04640977656254,217.5257674412095,46.520642335353045,3657.7018662819037,3393.655456505341,2954.468623046875,2461.2468365478517,4055.4662874902474,2795.5106168066272,3425.4884521484373,0.3678178129292442,185.86039997308083,0.03721691580596403,0.9253568967497497,79.0,-0.13671849302853073
2021-09-07,3426.394287109375,3945.314208984375,3062.222412109375,3926.527587890625,39131346397,-0.13671849302853073,0.25773210053417606,-0.1277842736169259,51.351858701156715,40.368262410995214,38.05343212214535,73.65521733699332,226.03552980214272,219.22771991339616,6.8078098887465615,3622.1160848707455,3396.0805550686027,2986.650576171875,2468.577984008789,4047.760315432803,2843.8470332000093,3445.803674316406,0.34938533823219964,235.6626426089322,0.05011142005249591,1.858029185425466,79.0,0.020487104285756428
2021-09-08,3497.315185546875,3559.121337890625,3224.764892578125,3428.378173828125,31738430771,0.020487104285756428,0.09560374961178018,0.02069840552335589,53.34083668406122,44.609851382755885,45.4238244534786,57.89968395665394,199.33652992771522,215.24948191625998,-15.912951988544762,3602.915946513227,3403.579416585512,3020.8466650390624,2476.4668896484377,4051.4904166793212,2871.5782356644286,3461.534326171875,0.340863926176853,242.71219994490133,0.04906150131096965,1.464606351072005,47.0,-0.02021110853351262
2021-09-09,3427.340087890625,3562.99267578125,3400.51708984375,3452.54833984375,24118055831,-0.02021110853351262,0.047405737910735456,-0.020008233157088995,51.120039625230724,41.233717343666726,38.02331503003556,40.500190535219815,170.5648096440873,206.31254746182546,-35.74773781773817,3575.9042759559034,3405.339466311816,3049.574050292969,2483.925584716797,4053.3519141575557,2883.7572167018193,3468.5545654296875,0.3371994516427179,236.98101323008694,0.04891476730745548,1.1047161743926472,45.0,-0.06504453354220181
2021-09-10,3211.505859375,3512.5712890625,3157.05908203125,3425.56494140625,22355974097,-0.06504453354220181,0.11069953554449911,-0.06297426662682348,44.90925599477029,32.40776495564528,15.546361955785802,32.997833813099966,128.8615597437697,190.82234991821434,-61.96079017444464,3519.842981097303,3390.9814213535333,3073.3001123046874,2491.0731494140623,4053.8650987938972,2881.786219565478,3467.8256591796876,0.33798667938389787,245.44752707302717,0.051004898729568066,1.0141522283134976,46.0,0.018135077666313993
2021-09-11,3270.278076171875,3346.5263671875,3208.9619140625,3209.030517578125,18627122934,0.018135077666313993,0.04206506294597134,0.01830051675767863,46.8045059735221,36.71137853461707,21.66689421843088,25.07885706808406,99.40794751798603,172.53946943816868,-73.13152192018265,3481.4483803395447,3382.0404328215586,3096.2101416015626,2499.5735198974608,4053.2288967848463,2885.2386813401536,3469.2337890625,0.336670944208785,237.74159321959664,0.051160268548009195,0.8399602951741177,31.0,0.04187671975472418
2021-09-12,3410.134521484375,3462.46826171875,3235.109375,3270.291748046875,16810411424,0.04187671975472418,0.06667153019517379,0.04276591838826538,51.11437554253328,46.21808207286047,36.23152921650241,24.481595130239672,86.35554101253729,155.3026837530424,-68.94714274050511,3470.477017438749,3384.1214764262118,3120.62845703125,2508.491314086914,4054.4390441278856,2893.116253723677,3473.7776489257812,0.33431120462282093,236.99997132667903,0.05175755905081278,0.7644167802119655,32.0,-0.037229325474852665
2021-09-13,3285.51171875,3426.502197265625,3121.51416015625,3407.471923828125,22721552948,-0.037229325474852665,0.09282816900906085,-0.036544834800279036,47.42702146064928,39.975552508962515,23.25332409905392,27.050582511329043,65.20376770880193,137.28290054419432,-72.07913283539239,3442.02081764048,3376.817049931678,3142.5112158203124,2517.540354003906,4050.368018514202,2908.492821329548,3479.430419921875,0.32817877048114474,241.85626173972875,0.05140809402679324,1.0271631331230016,44.0,0.04279574125220146
2021-09-14,3429.169677734375,3429.169677734375,3273.630859375,3286.31640625,19125420848,0.04279574125220146,0.04535757427498841,0.043724683179346746,51.74819957357798,49.20271478244324,38.213848317299195,32.56623387761849,59.348696831879806,121.69605980173142,-62.347362969851616,3440.043719193387,3380.695022361507,3166.427275390625,2527.4560339355467,4049.1984813142776,2930.0877979825977,3489.6431396484377,0.32069487868734453,235.69073006970348,0.0521376149161017,0.8641594077379379,30.0,0.05285190318499516
2021-09-15,3615.28271484375,3615.28271484375,3365.9130859375,3431.21728515625,17548551804,0.05285190318499516,0.06897652232905044,0.054273499009923176,56.712252059070074,58.77999011258293,57.59563975225079,39.68760405620128,68.93167620675513,111.14318308273617,-42.211506875981044,3467.0035646780584,3398.0718884713033,3192.766259765625,2538.232581787109,4047.644492524406,2983.137514311532,3515.391003417969,0.30281325098057876,236.66779427231396,0.05226311747269454,0.7926545842462895,49.0,-0.012241805357654444
2021-09-16,3571.294921875,3673.310791015625,3489.8056640625,3613.07373046875,20093903064,-0.012241805357654444,0.05138335840849044,-0.012167179288121388,55.265100991704905,55.875149333753214,53.01475577848001,49.60808128267664,72.14516458321805,103.34357938283254,-31.198414799614497,3483.048388862203,3410.903224278985,3218.26125,2549.0088116455076,4051.0313275746594,3009.8200884409653,3530.4257080078123,0.29492512383761227,232.8704608923719,0.051289802529809525,0.9043494562434874,53.0,-0.04958267329461904
2021-09-17,3398.538818359375,3589.30517578125,3356.449951171875,3569.568115234375,17722363229,-0.04958267329461904,0.06851627627480933,-0.04837351921216426,49.881617176479736,45.559050279393766,36.67716130818702,49.095852279639246,60.0595741181387,94.68677832989377,-34.62720421175507,3470.0469164771525,3409.987342359014,3238.612890625,2558.177967529297,4045.9805927684497,3030.284373051863,3538.1324829101563,0.2870712797281023,232.86937258644357,0.052643329795558434,0.7904776338625641,48.0,0.00980293690936187
2021-09-18,3432.018310546875,3540.8076171875,3371.892333984375,3397.4228515625,15995220233,0.00980293690936187,0.049217477273951135,0.009851143087328929,50.88023400016946,47.740543882812645,40.32828481170217,43.34006729945637,52.57709579016273,86.26484182194756,-33.687746031784826,3464.196361718648,3411.619265928485,3257.9140283203124,2567.875015258789,4038.6699986079743,3058.096529712338,3548.383264160156,0.27634373062226747,228.30122334477798,0.052635928698038806,0.7091730907679313,50.0,-0.030341992953112053
2021-09-19,3329.447998046875,3448.322021484375,3286.17236328125,3433.287841796875,14257609743,-0.030341992953112053,0.048701664149205945,-0.029886295240556526,47.74169748514741,41.759546276002894,29.48845469544255,35.49796693844389,37.93333888602092,76.59854123476224,-38.66520234874132,3443.465844230683,3405.5325053446622,3273.7787890625,2576.6429895019533,4032.030973705996,3075.242927661191,3553.6369506835936,0.26924192294340954,223.57611154894562,0.053162378154211085,0.6392892745679093,53.0,-0.11795737819471988
2021-09-20,2958.993408203125,3343.325439453125,2940.839111328125,3329.670654296875,27371684581,-0.11795737819471988,0.1360213669314706,-0.11126606874805267,38.50368806582994,27.331450038705384,1.8073416570863299,23.874693721410324,-3.5239118826630147,60.57405061127719,-64.0979624939402,3368.931623303367,3372.45553518603,3281.7216162109376,2583.7283850097656,4072.534163514395,2987.2658120715423,3529.8999877929687,0.30745017003198577,236.35541273294953,0.05739947450278606,1.227053367358456,50.0,-0.06801426341716456
2021-09-21,2764.43115234375,3101.697509765625,2676.407470703125,2977.310546875,30405062665,-0.06801426341716456,0.1538435995057895,-0.06575285207462656,34.705415798054375,22.5562591481756,8.82971095060975,13.375169101046184,-51.48514116448632,38.16221225612449,-89.64735342061081,3275.9315508480413,3327.4166920125276,3284.8071728515624,2589.884165649414,4094.1071223063045,2858.6531560140083,3476.3801391601564,0.3553851756243102,249.85074318506028,0.051693049698447575,1.3620173731746918,27.0,0.10740224120202764
2021-09-22,3077.867919921875,3089.0830078125,2741.440673828125,2763.209228515625,23742102645,0.10740224120202764,0.11294907482358735,0.11338201253895797,44.24714157173446,41.70026376749569,40.270750537063506,16.969267714919837,-63.47137477034403,17.835494850830788,-81.30686962117481,3245.4602230132464,3308.9315977835904,3296.3175390625,2596.9997973632812,4063.9958230158422,2817.4522482732204,3440.7240356445313,0.3622910648540617,256.8358568135828,0.05865102614134483,1.0650845193496714,21.0,0.02491734340194673
2021-09-23,3155.523681640625,3173.544677734375,3038.097900390625,3077.974365234375,18516291047,0.02491734340194673,0.04292370807793409,0.0252303749670717,46.3393925634122,45.58812447672148,48.06044890966068,32.38697013244462,-65.94421640682413,1.0795525992998058,-67.02376900612393,3231.623832032843,3297.568048439667,3304.935615234375,2604.1616467285157,3991.8877621560755,2811.0512026876745,3401.469482421875,0.3471548298671301,248.1652082800233,0.05812166589594806,0.8452337156329495,27.0,-0.0735825168405753
2021-09-24,2931.669189453125,3159.64404296875,2747.337646484375,3154.56201171875,25595422789,-0.0735825168405753,0.14063878624766898,-0.07094052042452526,41.50418275099696,37.23679966820472,25.605463794621823,37.97888774711531,-84.98746531182269,-16.13385098292469,-68.853614328898,3185.476963943656,3270.4644292554785,3307.022421875,2609.646353149414,3933.562214066447,2773.760832808553,3353.6615234375,0.3458313765871931,259.88957886604845,0.05978079688184087,1.1557512654198547,33.0,-0.0020840953032145396
2021-09-25,2925.565673828125,2968.99462890625,2818.970458984375,2930.884765625,18932786754,-0.0020840953032145396,0.051280397245558065,-0.002081925084507441,41.37740962007649,37.02106813457904,24.993216297734488,32.88637633400564,-99.4257616797072,-32.792233122281196,-66.63352855742599,3145.4906116181896,3244.916373297897,3307.71490234375,2614.93393737793,3841.5602195611273,2763.1060402044977,3302.3331298828125,0.3265734064191458,252.04204965575036,0.05942592015173273,0.8538205004220893,28.0,0.045667107856888885
2021-09-26,3062.265380859375,3114.857421875,2744.5830078125,2926.343017578125,21172766310,0.045667107856888885,0.12091519447559718,0.046725906122755845,45.399951587486726,45.30146728063079,38.705650015820474,29.768110036058903,-98.69994019131491,-45.973774536087944,-52.726165655226964,3132.6867299629876,3231.3866701543025,3305.8154345703124,2621.2494329833985,3724.219904551454,2793.8349538469834,3259.0274291992187,0.28547932501846945,260.4872185419468,0.060943337841148595,0.9494895536873549,27.0,-0.042740937032609935
2021-09-27,2934.138916015625,3163.6650390625,2932.69287109375,3065.837890625,19164053681,-0.042740937032609935,0.0787188932016878,-0.04184041841853481,42.45916840527647,39.607081654353706,25.85320362176231,29.850689978439068,-107.22740556325789,-58.224500741521936,-49.00290482173595,3102.140912432624,3209.368317995882,3304.2235595703123,2626.789152832031,3713.4648269058725,2755.3644943831896,3234.414660644531,0.29622062507339725,258.37900064386133,0.05409625354707252,0.8996895998868779,26.0,-0.04419205837126463
2021-09-28,2807.296630859375,2970.7705078125,2793.360595703125,2928.96337890625,16895079070,-0.04419205837126463,0.0631959979430695,-0.04322981589722885,39.71641032887964,34.58590245015667,13.129574101049245,25.89614257954399,-122.80497633079722,-71.14059585937699,-51.66438047142023,3056.7802537290477,3179.585230059845,3297.0123681640625,2631.9651239013674,3697.2973180952863,2702.5301477250264,3199.9137329101563,0.3108731214030481,252.59549431996945,0.05425213905130424,0.8218021780311755,25.0,0.016199335296305763
2021-09-29,2853.143310546875,2946.88134765625,2786.98828125,2809.297607421875,15763456158,0.016199335296305763,0.056041021779450174,0.01633125590773976,41.19503692858962,37.90543613164061,17.72848341886839,18.90375371389329,-129.952853893476,-82.9030474661968,-47.04980642727921,3025.4514932394823,3155.4043471329583,3291.2414111328126,2636.607413330078,3678.9428104141243,2663.4649776718134,3171.203894042969,0.3202183986497563,245.97389232613233,0.05453653834097488,0.7826612369826969,24.0,0.050750481317291936
2021-09-30,3001.678955078125,3046.51953125,2840.28955078125,2852.558837890625,17661065099,0.050750481317291936,0.06870487602275321,0.0520603518169509,45.83078111684835,47.89901888295003,35.63066075920999,22.16290609304252,-122.22310137862587,-90.76705824868262,-31.456043129943254,3021.7941796761966,3144.0172810548224,3287.990087890625,2642.3429864501954,3673.334656432127,2648.090441224123,3160.712548828125,0.3243712293888055,243.13504147917644,0.05443880975545166,0.8872189095903084,20.0,0.09702570492125512
2021-10-01,3307.51611328125,3329.853515625,2978.654296875,3001.12939453125,22307625573,0.09702570492125512,0.10618216411396096,0.10188869721917504,53.890819854386564,62.42566336703584,73.01116793477233,42.123437370950214,-90.37690543336703,-90.6890276856195,0.3121222522524647,3065.7514002308203,3156.1283056641873,3293.2721240234373,2649.9220556640626,3677.0420345419907,2648.1068668251964,3162.5744506835936,0.32534733450919673,250.85391128423527,0.05876584462895274,1.1103778337825796,27.0,0.02513211190777341
2021-10-02,3391.6943359375,3464.83740234375,3260.027587890625,3308.870361328125,19202671704,0.02513211190777341,0.06038569345209388,0.02545058580916182,55.83852113566706,65.51330751975041,90.72294652055531,66.45492507151252,-57.681173977371145,-84.08745694396983,26.40628296659868,3115.896467262617,3173.577641239988,3294.66177734375,2657.845668334961,3674.405287394882,2648.899595417618,3161.65244140625,0.32435750323053736,247.56504722487026,0.058263452808929674,0.9501694199205322,54.0,0.007830906157729635
2021-10-03,3418.358642578125,3484.605712890625,3348.1201171875,3390.767578125,15516566862,0.007830906157729635,0.03992723115798862,0.00786164789618482,56.4658286056524,66.52972592867113,91.80311625855641,85.179076904628,-29.280457646186733,-73.1260570844132,43.84559943822647,3162.429109618849,3191.7095672650357,3297.7200830078127,2665.82021484375,3690.645616681838,2645.943958513474,3168.294787597656,0.3297362550536226,239.63080068760274,0.05762683046857822,0.7817112993696715,49.0,-0.011258433355315508
2021-10-04,3380.089111328125,3434.775390625,3283.44873046875,3418.7763671875,17747154101,-0.011258433355315508,0.04477002089947558,-0.01119529436534994,55.25272448088102,63.40086817114518,87.06794990303229,89.86467089404799,-9.748343838036817,-60.45051443513793,50.702170597101116,3195.9152637279685,3205.6636075660053,3299.1117822265624,2673.8063848876955,3683.708044474106,2647.9734740805816,3165.8407592773438,0.32715940224041723,233.3233620782204,0.056874573362415595,0.8972012654920123,54.0,0.04013796243015964
2021-10-05,3518.5185546875,3541.45166015625,3365.817626953125,3381.784423828125,16632591670,0.04013796243015964,0.049917040502497526,0.040954376881792376,58.70840838713066,69.46175622548823,97.13340118315026,92.00148911491296,16.708491166680233,-45.0187133147743,61.727204481454535,3245.546539260204,3228.838048093524,3306.351962890625,2682.3108569335936,3663.5655853663093,2658.439517172753,3161.002551269531,0.3179769873295024,229.2026957299993,0.05631254250775681,0.8428062970139931,59.0,0.01747973872931597
2021-10-06,3580.56201171875,3622.55126953125,3354.4697265625,3516.5703125,21855226591,0.01747973872931597,0.07487135876752064,0.01763340339603814,60.192249000845926,71.89540095202071,95.21745151353194,93.13960086657147,42.19570614817758,-27.57582942218393,69.77153557036151,3297.0873811769034,3254.891675028726,3317.6662841796874,2691.150493774414,3665.555983769702,2657.3758277537354,3161.4659057617187,0.3188964189613986,231.9797562470529,0.05640226386142812,1.102527516902784,68.0,0.0020681610706543684
2021-10-07,3587.974853515625,3650.01318359375,3479.9091796875,3576.814453125,19090322927,0.0020681610706543684,0.04740947494087816,0.0020703011908782543,60.37546493296853,72.20416616199776,93.14819278862721,95.16634849510312,62.27479693345322,-9.605704151056502,71.88050108450972,3341.839299998245,3279.564503064792,3329.023984375,2700.149282836914,3699.0373287627767,2642.8380862762856,3170.937707519531,0.33308735141085566,227.56005965128128,0.05517539113244158,0.9597352823016188,76.0,-0.006771971181186702
2021-10-08,3563.75927734375,3667.95751953125,3547.828125,3587.832763671875,16222029488,-0.006771971181186702,0.03370861643067781,-0.00674909305681104,59.41346458068895,69.30244043841839,88.71549508188745,92.36037979468217,75.36486714828061,7.3884101088109215,67.9764570394697,3375.9808349744767,3300.615967826196,3336.645126953125,2709.511409301758,3721.5328385404528,2633.5166731782974,3177.524755859375,0.34240997284312163,219.88644071413617,0.05518775788855439,0.8150717511345801,74.0,0.003349694175783596
2021-10-09,3575.716796875,3628.2373046875,3544.640380859375,3559.997802734375,12707036942,0.003349694175783596,0.023379067352645094,0.003355310670748457,59.75447162609731,69.99706623476308,90.01047554533912,90.62472113861789,85.7156374826377,23.05385558357628,62.661781899061424,3406.709444497634,3320.9938070149965,3342.4207568359375,2718.996742553711,3757.670527402166,2622.0058641993965,3189.8381958007812,0.35602578986539185,210.1514752222782,0.054664047279283354,0.6409586381439762,72.0,-0.042815230151979806
2021-10-10,3425.852783203125,3603.244873046875,3414.970947265625,3575.0205078125,16171746693,-0.042815230151979806,0.05495680570524005,-0.041911600438504726,53.66835085577115,52.59518818655815,72.51836661170309,83.74811241297652,80.89343494476088,34.6217714558132,46.27166348894768,3409.6545735292484,3328.7611385844875,3346.4161328125,2728.1589392089845,3779.517366777648,2646.844962323915,3213.1811645507814,0.3525081053473953,208.58879311934763,0.048054617560557136,0.8394343241447185,71.0,0.034287586538183354
2021-10-11,3545.35400390625,3622.28955078125,3385.76171875,3419.726806640625,18579189588,0.034287586538183354,0.06671487015701254,0.03488218212091221,57.394778147231484,61.4995676764521,86.08311047679751,82.87065087794655,85.72635443761646,44.842688052173855,40.88366638544261,3430.531408971864,3344.8050545342476,3352.4809033203123,2737.9089129638674,3796.681835351198,2707.772778906615,3252.2273071289064,0.3348194801936773,210.5844387559121,0.04495808516998905,0.994935690497093,71.0,-0.014999231849763954
2021-10-12,3492.5732421875,3546.477783203125,3407.338134765625,3546.477783203125,18109578443,-0.014999231849763954,0.03983872027558477,-0.014887303682677766,55.27997135019846,56.072317499913886,80.09189541215757,79.56445750021938,84.32546017738787,52.739242477216656,31.58621770017121,3440.0763063896543,3355.7508462122664,3355.9472216796876,2746.8575689697263,3820.853002778057,2725.0721437063175,3272.9625732421873,0.3347978580721325,205.48123944745407,0.039329495779132015,0.9846372016581507,78.0,0.032016263514870025
2021-10-13,3606.20166015625,3607.74169921875,3417.60205078125,3492.753662109375,16211275589,0.032016263514870025,0.05272573925587445,0.03253429780547168,58.79959174391433,64.0423061845847,92.53857081502527,86.23785890132676,91.33129476671138,60.457652935115604,30.873641831595776,3465.6340531229766,3374.3027583562653,3364.62212890625,2756.3061041259766,3859.0602179245193,2731.9327264114186,3295.496472167969,0.34202054258963016,204.38541151817162,0.03953765120411816,0.886982545572383,70.0,0.048658746194800685
2021-10-14,3786.01416015625,3819.258544921875,3590.275146484375,3604.958984375,19443499909,0.048658746194800685,0.06048138986042508,0.049862020193349066,63.672090746548136,73.06468691685906,96.04518001867496,89.55854874861923,110.1234011285269,70.39080257379787,39.73259855472902,3514.923300358865,3404.7998992303383,3375.8441064453127,2766.7793951416015,3914.3669159193255,2762.0605254869247,3338.213720703125,0.34518652394421634,206.14241058383794,0.03574434362305881,1.0820407521183857,70.0,0.020035739475399373
2021-10-15,3862.634765625,3895.46630859375,3735.363525390625,3790.154296875,20966841512,0.020035739475399373,0.04144911256635969,0.020237802139014605,65.54212317306965,76.05194079026657,94.83324797512792,94.47233293627603,129.7037789009205,82.2533978392224,47.450381061698096,3568.4173719382707,3438.71359303735,3391.09029296875,2776.9941442871095,3971.684021184107,2798.4503294018305,3385.067175292969,0.34659096290481634,202.85386577092987,0.035601914671580616,1.1602487076521373,71.0,-0.008384974363497505
2021-10-16,3830.382080078125,3962.453125,3805.885986328125,3865.66650390625,16578095629,-0.008384974363497505,0.04087507078893854,-0.008349918515181298,64.04755316685888,72.12372492102013,80.54930925549456,90.47591241643245,140.99356117012803,94.00143050540353,46.9921306647245,3608.7196347290173,3467.7260735588893,3402.28591796875,2786.915886230469,4021.0013898593725,2825.9446306484397,3423.473010253906,0.3490773129017015,199.54767097814025,0.03511115592500167,0.929200064297082,78.0,0.004356227365992981
2021-10-17,3847.1044921875,3914.89794921875,3660.723388671875,3829.85888671875,15908090346,0.004356227365992981,0.0660690555879206,0.004365729517258554,64.49956227653908,72.96829994370559,83.0120933323074,86.13155018764327,149.56604954167824,105.11435431265848,44.45169522901976,3645.3942281841682,3495.82817864249,3414.33994140625,2796.559598388672,4049.3869681625456,2888.8556099624548,3469.1212890625,0.3345317910500945,203.4495916616213,0.0328074720951113,0.8998573897483115,79.0,-0.025895599030286126
2021-10-18,3748.76025390625,3888.209228515625,3686.75048828125,3847.72998046875,17386204158,-0.025895599030286126,0.05374009714930496,-0.02556318355297138,59.74252057202758,60.41052033031493,64.8521864835562,76.13786302378604,146.73280575858553,113.4380446018439,33.29476115674163,3661.296693679873,3514.5638879212875,3424.7750927734373,2805.4170153808595,4022.042209457467,3010.346730972221,3516.194470214844,0.2877245519424954,203.30738798824657,0.03133479387228823,0.9821042167758108,78.0,0.03380434033523954
2021-10-19,3877.65087890625,3883.9287109375,3736.7802734375,3747.162841796875,15998757133,0.03380434033523954,0.03794783029603362,0.03438220005285597,63.53808808843817,68.6580493134134,86.05188129944183,77.9720537051018,153.1227323586295,121.37498215320102,31.747750205428474,3694.5819529454698,3541.4592205868403,3437.840625,2814.089141845703,3995.8922009847784,3138.9474962808463,3567.4198486328123,0.24021414385311274,199.29603438194323,0.031632089445962165,0.9031305209343561,75.0,0.06932166672355176
2021-10-20,4155.9921875,4167.47216796875,3833.2880859375,3877.73095703125,20338319988,0.06932166672355176,0.08041018051871639,0.0717809099596558,70.09519339061603,79.44607462444485,98.53142803959916,83.14516527419904,178.58796177801014,132.81757807816285,45.77038369984729,3765.5681428769362,3586.980181098926,3452.2858154296873,2824.726990356445,4044.104595309705,3206.166425198108,3625.1355102539064,0.23114671651347662,208.9308949283223,0.03297052192734685,1.1394884188606829,82.0,-0.02476753487036384
2021-10-21,4054.32275390625,4366.08837890625,4032.48388671875,4161.71337890625,28220661820,-0.02476753487036384,0.0822836543701607,-0.02446333607159845,65.46420152148377,69.28346869631972,68.19778165062766,84.26036366322286,188.3937797341141,143.9328184093531,44.460961324761,3809.9919291891383,3621.598149455024,3456.6757080078123,2834.5329901123046,4094.473312652521,3230.4783719177917,3662.4758422851564,0.23590461150882308,217.83615187540642,0.028167465328848097,1.5553464516363527,84.0,-0.020971750100473262
2021-10-22,3970.181884765625,4162.9755859375,3908.34033203125,4055.6865234375,19432937968,-0.020971750100473262,0.06413692402439695,-0.02075337220243678,61.82385175955941,61.66707522858786,59.61483960075888,75.44801643032854,187.2173708539276,152.589728898268,34.62764195565961,3834.6365377393668,3647.419166885439,3460.2595458984374,2843.8444635009764,4124.467665792563,3258.332773660562,3691.4002197265627,0.2346358673067856,220.46465916332383,0.02875965721074972,1.0703428740246714,75.0,0.049502986465353095
2021-10-23,4171.66357421875,4171.66357421875,3944.6318359375,3971.3564453125,14781537792,0.049502986465353095,0.05442235075817864,0.050748730234816186,66.61176210816487,70.67354661138057,80.16734496881769,69.32665540673473,200.23476509672128,162.11873613795865,38.11602895876263,3886.4868510438873,3686.252085947166,3464.8805224609373,2854.1108868408205,4190.685404141726,3267.4455284754617,3729.065466308594,0.24757942278234682,220.9337362431757,0.030228404819580553,0.8158007060452839,74.0,-0.020282751648381038
2021-10-24,4087.903076171875,4185.7294921875,3967.120361328125,4171.85595703125,14978083638,-0.020282751648381038,0.05347708269641558,-0.02007844030485162,63.07041929205496,63.443810693556706,71.6232033626387,70.46846264407174,201.46995145304254,169.98897920097545,31.48097225206709,3917.473962602039,3716.0040111489966,3468.8820166015626,2864.6950158691407,4222.144866290484,3306.767462811078,3764.456164550781,0.2431632521317032,220.76769300147566,0.030626495010861204,0.8330134967193321,73.0,0.031299766509272686
2021-10-25,4217.876953125,4236.6669921875,4072.03466796875,4084.42578125,15995727040,0.031299766509272686,0.039032035796296737,0.031794755044642464,66.0836199072198,69.15596962276776,84.54118508057338,78.77724447067658,210.5100226691784,178.09318789461605,32.416834774562346,3963.6898072978793,3753.179784628701,3474.196884765625,2875.3415319824217,4282.755178774198,3316.092990171115,3799.4240844726564,0.25442334604173333,216.75802380270957,0.03022234802892179,0.8911885099613686,72.0,-0.020787698018054492
2021-10-26,4131.10205078125,4289.13134765625,4106.82373046875,4217.337890625,17157714562,-0.020787698018054492,0.044130504389990326,-0.02057312323429894,62.42167479272714,61.65230318909059,75.22512226512227,77.1298369027781,208.2715104986246,184.12885241541778,24.14265808320681,3989.4455370645514,3781.174026565927,3478.251337890625,2885.6364978027345,4319.901323936131,3334.0008489154316,3826.9510864257813,0.2576203491384289,214.29728047305176,0.030866044114311392,0.968602705001509,76.0,-0.04983931112215124
2021-10-27,3930.25732421875,4299.15283203125,3930.25732421875,4132.17333984375,26219530404,-0.04983931112215124,0.09386039574032941,-0.04861771122902114,54.84611302614917,47.681861521123295,43.82268354369832,67.8629969631313,188.12242436572797,184.92756680547984,3.194857560248124,3980.3396581651973,3792.2172337994693,3488.3285986328124,2894.6080737304687,4326.290127958967,3361.840291962908,3844.0652099609374,0.25089320376171753,225.34001099729807,0.03339469305850373,1.4509702722588544,73.0,0.0869566596858413
2021-10-28,4287.31884765625,4293.15087890625,3905.7060546875,3924.8154296875,25958154575,0.0869566596858413,0.09036995800546875,0.09084940093801008,63.35959142320077,64.40923002468159,88.83279829016934,69.29353469966328,198.6757983607149,187.67721311652684,10.998585244188064,4027.5672257792053,3828.8914274184904,3504.128671875,2905.2563830566405,4381.128366251116,3379.3580107020093,3880.2431884765624,0.25817205440219215,236.91892622740176,0.037982839882549364,1.3988223252499388,66.0,0.0292888727711617
2021-10-29,4414.74658203125,4455.7353515625,4271.70751953125,4288.6865234375,22967641914,0.0292888727711617,0.041684800840046804,0.029722010166018054,65.83527649781215,68.59046475755754,94.84425751504206,75.83324644963655,214.8451750492577,193.11080550307304,21.734369546184666,4087.133280587212,3872.2881055379544,3523.8768017578127,2916.633349609375,4453.643416954232,3390.7459385145185,3922.194677734375,0.27099559450059924,233.14099092767665,0.038213202224575346,1.204374714575924,70.0,-0.02038792468183558
2021-10-30,4325.650390625,4426.8486328125,4252.494140625,4414.24365234375,14615490626,-0.02038792468183558,0.040307116027078656,-0.020181496208386274,62.64798308113247,62.592153130701014,83.63735805125279,89.10480461882138,217.95772356714133,198.08018911588672,19.877534451254604,4123.828220593025,3905.870497025884,3546.1596923828124,2926.7656628417967,4474.752930125039,3459.6161860858983,3967.1845581054686,0.25588341786748625,228.94195530337834,0.03687059058150783,0.7695455184403088,73.0,-0.008724776317407503
2021-10-31,4288.07421875,4394.44970703125,4179.01611328125,4322.744140625,17498160238,-0.008724776317407503,0.050240173737664505,-0.008686825906328188,61.30006835514954,60.00995955220087,78.19708282721044,85.55956613116841,214.91495187383543,201.4471416674765,13.467810206358934,4149.096835694098,3934.181883820263,3566.515615234375,2936.030509033203,4491.265278922354,3517.3758587729594,4004.3205688476564,0.2432096540236926,227.9770723352799,0.03673550467462113,0.9239554884521938,74.0,0.008488150955212685
2021-11-01,4324.626953125,4377.322265625,4160.966796875,4288.21728515625,17985288261,0.008488150955212685,0.050028700994350576,0.008524277451908313,62.153124039708715,61.79851841872403,81.76403471835482,81.19949186560599,212.99772833920724,203.75725900182266,9.240469337384582,4176.101469145006,3963.103740805799,3584.8054638671874,2945.0580627441404,4491.270520675447,3600.5759881136155,4045.9232543945313,0.220146175930152,227.1469577934742,0.036283393553160674,0.9499890471031833,74.0,0.05842034560426265
2021-11-02,4584.798828125,4599.9482421875,4288.6865234375,4322.5009765625,20794448222,0.05842034560426265,0.06788994030459863,0.0601605358843722,67.62355459459255,72.14411643450634,98.02397268998548,85.99503007851689,229.82275715579,208.97035863261613,20.85239852317386,4238.9779859111595,4009.1552287553695,3610.7912060546873,2955.82232421875,4551.103070729513,3638.603154856424,4094.8531127929687,0.222840695560555,233.15515500465463,0.03755839243791126,1.0852339040356993,73.0,0.004872733178223109
2021-11-03,4607.19384765625,4664.91015625,4462.97607421875,4589.6845703125,21220463155,0.004872733178223109,0.04383016836462763,0.004884624248695513,68.0516258013291,72.88164132519698,92.3977875679326,90.72859832542429,242.17219431479862,215.61072576905264,26.56146854574598,4295.626580025789,4053.45438571099,3634.351689453125,2967.133818359375,4620.518091056172,3651.306103279765,4135.912097167969,0.2343405674506639,230.92507836369717,0.036572564328868844,1.102355569243705,76.0,-0.015281502662407579
2021-11-04,4537.32421875,4606.51611328125,4426.62255859375,4604.6787109375,18415244464,-0.015281502662407579,0.03964749839654601,-0.015165333002385761,65.15714564724244,66.47538400623544,83.19477763128276,91.2055126297336,243.5142365714737,221.19142792953687,22.32280864193683,4332.810832137206,4089.296595565732,3652.79251953125,2978.634754638672,4667.22183952152,3672.0713001269182,4169.646569824219,0.23866544147806634,227.32837912789736,0.036904229237192984,0.9630130938980103,73.0,-0.011321819445762802
2021-11-05,4486.2431640625,4570.89599609375,4447.4873046875,4537.42333984375,15086003586,-0.011321819445762802,0.027508248414804547,-0.011257968843489952,63.04587057760832,61.839124116947374,76.46654018072483,84.01970179331337,237.7157611955472,224.49629458273895,13.219466612808247,4356.415806279559,4118.700045084011,3671.091484375,2990.2350268554687,4692.650000592122,3712.229247454753,4202.439624023437,0.23329799850847321,219.9055442906368,0.036978830917072394,0.7920025501129974,73.0,0.00784608381626105
2021-11-06,4521.5810546875,4530.9970703125,4334.9736328125,4482.64794921875,14429076700,0.00784608381626105,0.043352852714380406,0.007876944992210255,63.91693767005401,63.872742542347765,81.12113708717882,80.26081829972878,233.2827616637469,226.25358799894056,7.029173664806336,4381.825844496165,4148.543082832418,3693.5523291015625,3001.191877441406,4716.657641844715,3755.66926245216,4236.1634521484375,0.22685347018542784,218.19967951987704,0.03696944868448978,0.7604668364948706,71.0,0.021653036574546432
2021-11-07,4620.5546875,4640.921875,4510.984375,4523.98193359375,13541376033,0.021653036574546432,0.028121623655168567,0.021889164788917004,66.31205464103351,69.23064922572044,94.1576357848024,83.91510435090198,235.04645340406023,228.01216107996453,7.034292324095702,4418.553358804447,4183.506905400387,3717.323056640625,3012.4708923339845,4732.868346625406,3826.6380010308435,4279.753173828125,0.21174827350708258,211.89523812560012,0.03619042165423267,0.720986585358335,73.0,0.04061620124436954
2021-11-08,4812.08740234375,4822.36328125,4619.6494140625,4619.6494140625,19290896267,0.04061620124436954,0.042125973665558786,0.04145232072718552,70.40594289130033,76.94894212354451,98.8789834838498,91.38591878527698,249.02863411800627,232.21545568757287,16.813178430433396,4479.097057810494,4230.068423692488,3746.9758447265626,3024.5136535644533,4796.496636426824,3856.453363573177,4326.475,0.21727694551653412,211.23942591573584,0.03645283843318884,1.0181860160442533,75.0,-0.016134694668512174
2021-11-09,4735.06884765625,4837.58935546875,4718.0390625,4810.0712890625,20834172627,-0.016134694668512174,0.025247846824428887,-0.01600522772092372,66.88601424364589,68.84703344329859,88.99856798307778,94.01172908390997,251.00147066676072,235.97265868341046,15.028811983350266,4518.4773331713795,4267.475862504619,3782.497353515625,3036.3710668945314,4850.54896946249,3860.308696553135,4355.4288330078125,0.22735769791593766,204.69020213380827,0.03416838310718737,1.0982040650097422,84.0,-0.021106741316112072
2021-11-10,4636.17431640625,4859.5029296875,4485.09326171875,4733.36279296875,22748160545,-0.021106741316112072,0.08075832408712691,-0.020885552973311183,62.56097879850117,59.467372464057604,76.58530666906934,88.15428604533228,241.797702271434,237.13766740101516,4.660034870418826,4536.584561361359,4294.786859089925,3819.932216796875,3048.493809814453,4873.795432750968,3895.247389514657,4384.521411132812,0.2231824072638038,216.8130211220184,0.03400133906469017,1.2166414727959705,75.0,0.02011691639529473
2021-11-11,4730.38427734375,4778.05908203125,4580.990234375,4635.45361328125,17933201129,0.02011691639529473,0.041660219572459335,0.020320625262970626,64.89010547511535,64.79759756728706,81.515823408607,82.36656602025135,239.34656776559223,237.5794474739306,1.7671202916616267,4566.399902281727,4327.053334516135,3852.9825439453125,3060.5654333496095,4894.970698566719,3950.092362956718,4422.531530761718,0.21365101165197556,215.40272301732065,0.033478326908459324,0.9629847350341285,77.0,-0.01346528379168726
2021-11-12,4667.115234375,4808.73876953125,4510.92041015625,4724.306640625,18316060208,-0.01346528379168726,0.06381208614294748,-0.013375032398906361,62.09619345110896,58.744859338435866,72.45844756263448,76.85319254677025,229.65146388156427,235.99385075545734,-6.342386873893076,4581.894568757615,4352.243104876051,3883.214375,3071.2286010742187,4916.47501556481,3978.1332119742524,4447.304113769531,0.2109911487018188,221.2895541857263,0.0323881531273454,0.9742976641263312,74.0,-0.0033599125907330814
2021-11-13,4651.46044921875,4702.115234375,4582.1806640625,4666.71923828125,14457436261,-0.0033599125907330814,0.025784282511236652,-0.0033542744008004943,61.39184837027467,57.20241331443925,70.21736304017469,74.73054467047204,218.1896593003421,232.4330124644343,-14.243353164092213,4592.597011905482,4374.40735260514,3917.6102001953127,3081.1715771484373,4922.077444400383,4028.886520443367,4475.481982421875,0.1995742419397859,214.04991248049583,0.03189334031483676,0.7701098777613575,72.0,-0.005411104234516528
2021-11-14,4626.35888671875,4689.8427734375,4516.935546875,4648.6328125,12172962219,-0.005411104234516528,0.03737436519654329,-0.005396490580547919,60.21249098972918,54.52429006104859,66.62391077322694,69.76657379201201,204.72071728599076,226.89055342874562,-22.16983614275486,4597.791146492139,4393.070429206148,3951.626064453125,3090.5714709472654,4930.715956617363,4061.096201585762,4495.906079101563,0.1934248046403543,211.11114920063898,0.03144155466537947,0.6550916842555815,74.0,-0.014995056480306117
2021-11-15,4557.50390625,4764.63623046875,4546.59912109375,4627.0908203125,16275851299,-0.014995056480306117,0.04784134338886503,-0.01488319046462594,56.979019905022085,47.41945272479889,47.09349273587036,61.3115888497573,186.34242276685836,218.7809272963682,-32.43850452950983,4591.59310953181,4405.250686764952,3981.5308349609377,3099.574605712891,4918.9523308539365,4115.500012896063,4517.226171875,0.17786408902000553,211.60586064166478,0.031221075268098284,0.8779732460951171,72.0,-0.07780164664278183
2021-11-16,4216.365234375,4891.70458984375,4144.3349609375,4570.47802734375,27417502801,-0.07780164664278183,0.1772544804262039,-0.07485208546001998,44.289085472247336,27.047473937425323,9.637837911999963,41.1184138070324,142.60657234996597,203.54605630708775,-60.93948395712178,4533.86574412307,4391.259171773104,4007.175361328125,3106.7903967285156,4862.835513275893,4200.227621489732,4531.531567382813,0.14622162108623482,249.87470123199228,0.03427833166772456,1.4742273557426886,71.0,0.01675224011100887
2021-11-17,4287.59375,4300.306640625,4107.1259765625,4213.91064453125,22183461850,0.01675224011100887,0.04505572946655685,0.016893345729229292,46.94595674801425,33.95879971896784,23.00187264635612,26.57773443140879,112.3974933854497,185.31634372276014,-72.91885033731043,4495.977745027213,4383.580251641763,4036.7813037109377,3113.4989013671875,4862.8087500587835,4200.281874941217,4531.5453125,0.1462032991902398,245.8251271484571,0.028368938224161304,1.205024021816367,52.0,-0.06926861053318167
2021-11-18,4000.65087890625,4343.55712890625,3959.227783203125,4287.80224609375,21383250893,-0.06926861053318167,0.09606670447789685,-0.06692398763146579,38.89802928009283,23.496743629200722,4.442265524260851,12.36065869420562,64.55849885722,161.1647747496521,-96.60627589243211,4419.773611777834,4355.215112920614,4059.731455078125,3118.741875,4912.912789239716,4108.768265447784,4510.84052734375,0.17826933116286872,255.71828561664765,0.031411020404065515,1.166575993207836,54.0,0.0717640730233107
2021-11-19,4298.306640625,4311.7138671875,3982.91748046875,3995.7294921875,20626269711,0.0717640730233107,0.07649439982042347,0.07440183378363852,48.71883803717888,44.27400098481719,36.3632483947191,21.269128855112,50.08671491828227,138.94916278337814,-88.86244786509587,4401.086385446629,4350.9996705283465,4085.6640087890623,3123.0779772949218,4914.232132500157,4104.714547187344,4509.47333984375,0.17951488440130398,260.93814998108354,0.03551415067317503,1.107125906950043,34.0,0.02563793699111015
2021-11-20,4409.93115234375,4434.38818359375,4209.24267578125,4298.3505859375,15448261277,0.02563793699111015,0.051054200175628985,0.02596941564469657,51.8446749598735,50.19229939000459,48.33400315492515,29.713172357968343,47.082153337781165,120.57576089425875,-73.49360755647758,4402.447118815417,4355.364965477635,4107.712309570313,3128.8594860839844,4910.356516146978,4120.775856899898,4515.566186523438,0.17485750991837037,258.3815326833276,0.03591494045591151,0.833780592141468,43.0,-0.03230780265397009
2021-11-21,4269.73291015625,4422.49169921875,4255.455078125,4412.1953125,14094831413,-0.03230780265397009,0.03912109366289081,-0.031791480942506056,47.89579841382349,43.43317606829894,33.29896515836808,39.33207223600409,33.00769798382407,103.06214831217181,-70.05445032834774,4382.029548252468,4349.021850268644,4125.273081054687,3132.5942346191405,4913.60136484364,4112.04160390636,4512.821484375,0.17761831787775476,251.8568961412149,0.03664238391208226,0.7688042391608942,49.0,-0.04338345092224233
2021-11-22,4088.457763671875,4302.02294921875,4033.572265625,4266.50927734375,19752218877,-0.04338345092224233,0.06566062293197139,-0.04245585152485365,43.3030919653215,36.099847672157445,13.8587876447371,31.830585319343417,7.143851499960874,83.87848894972964,-76.73463744976877,4336.864658316992,4329.720806817031,4138.675063476562,3135.582121582031,4927.483365747587,4048.5254965570994,4488.004431152343,0.1958460341726548,253.04216667353882,0.035042498784599384,1.0804582272552783,50.0,0.059882469847224416
2021-11-23,4340.763671875,4385.4833984375,4069.7666015625,4089.680419921875,22133497059,0.059882469847224416,0.07273300753980592,0.06171175606728707,50.428032809987485,49.849476172845776,40.916394483462824,29.35804909552264,6.925709735360215,68.48793310685576,-61.56222337149555,4337.464506556686,4330.538796821325,4157.8885546875,3139.862294921875,4915.053934584235,4034.3119101423276,4474.682922363281,0.19682780651120374,257.5189259736432,0.03795614754784846,1.20769973524293,33.0,-0.023491400765718547
2021-11-24,4239.9814453125,4376.8759765625,4176.18359375,4340.0361328125,21838037128,-0.023491400765718547,0.04733331628947927,-0.023217625786793206,47.84178308708353,45.306381696262,30.108380188117323,28.294520772105724,-1.3637323385901254,54.51760001776659,-55.881332356356715,4322.467112519118,4323.830844857708,4172.3178125,3141.548963623047,4910.675708078919,4008.9558593038932,4459.815783691406,0.20218768947193358,253.4598871764187,0.038140156895590485,1.1805540011287976,42.0,0.008165128873313079
2021-11-25,4274.7431640625,4550.51806640625,4249.7744140625,4271.39453125,18705358318,0.008165128873313079,0.07035361910677657,0.008198554450852713,48.816834571274825,47.24124286011547,33.83627116647139,34.95368194601715,-5.0697537516443845,42.6001292638844,-47.66988301552878,4315.124966602715,4320.19472035436,4186.201435546875,3143.278455810547,4906.994038774666,3991.4875286081474,4449.240783691406,0.2057669060128836,257.53679674194234,0.038175728173499596,1.0014060739276838,32.0,-0.05873212915499167
2021-11-26,4030.908935546875,4550.84228515625,3933.506591796875,4522.208984375,26281795488,-0.05873212915499167,0.15315049365550126,-0.05704067335916796,42.77616878115817,36.63522728114026,10.16515834394752,24.70326989951205,-27.366720338598498,28.60675934338782,-55.97347968198632,4271.399423363355,4298.766143701953,4195.0601171875,3143.6715307617187,4915.710370521495,3933.703984947256,4424.707177734375,0.22193703359982914,283.23671792890184,0.04008877667503467,1.3637486303685777,47.0,0.01624165305284872
2021-11-27,4096.912109375,4187.68408203125,4033.513916015625,4042.9990234375,16515693874,0.01624165305284872,0.037630820945081064,0.016374265676426303,44.7684792955823,40.830369984467474,17.05341880396323,20.351616104794022,-39.25877179976851,15.033653114756557,-54.29242491452507,4244.5552212113,4283.813993011068,4205.723173828125,3143.3125854492187,4900.681191658975,3896.3689059972758,4398.525048828125,0.22832933188121154,274.20374854000704,0.03991201043824481,0.8504281470233064,21.0,0.04709078684110003
2021-11-28,4294.45361328125,4297.91650390625,3989.969970703125,4101.64892578125,15953126340,0.04709078684110003,0.07170796588668546,0.048217169085520206,50.34105300528197,51.94048524454377,37.66935666950929,21.62931127247332,-32.37021611671298,5.552879268462649,-37.92309538517563,4252.231896914369,4284.602113031082,4220.09791015625,3145.8556103515625,4838.948788334652,3906.3379304153477,4372.643359375,0.21328308331384385,276.6139474445155,0.04033416369452577,0.828580711294317,27.0,0.034479153599218576
2021-11-29,4445.10498046875,4460.8486328125,4284.5048828125,4296.94677734375,19086475837,0.034479153599218576,0.03967144775541477,0.03508045044929298,54.14112336386038,58.820132444978626,53.39171963567885,36.03816503638377,-14.586535323102908,1.5249963501495376,-16.111531673252443,4281.904678999658,4296.491214322761,4240.482954101562,3149.505393066406,4795.614768422041,3920.6755636092093,4358.145166015625,0.20075953679457934,269.45179048419294,0.041222416729971546,0.995841799460763,33.0,0.04107277003664529
2021-11-30,4631.47900390625,4753.26611328125,4358.07421875,4447.76806640625,28626354111,0.04107277003664529,0.08532736393664744,0.041927923919998555,58.38392064033431,65.87136176412886,85.14355659395396,58.73487763304735,14.380219707624747,4.09604102164458,10.284178685980166,4335.685344369904,4321.305124662279,4262.205454101562,3152.2675012207033,4794.787577940391,3921.033222840859,4357.910400390625,0.20049846711424188,278.4332264875542,0.04213234669863999,1.4710294469905563,40.0,-0.00965216974274941
2021-12-01,4586.990234375,4780.732421875,4530.2724609375,4623.6796875,27634826695,-0.00965216974274941,0.054602244203736876,-0.009605737064494413,57.027596064802054,62.8731855032943,77.13216705371997,71.88914776111757,33.3621319804015,9.949259213395965,23.412872767005535,4374.347635139919,4340.985503159517,4284.093793945312,3157.011842041016,4767.15900477232,3934.322391712054,4350.740698242187,0.1914240978316069,276.43513609112176,0.041907608811813046,1.3855402378661592,34.0,-0.016638228436503717
2021-12-02,4511.30224609375,4628.919921875,4441.5078125,4586.3330078125,21502671027,-0.016638228436503717,0.04154279610444557,-0.016500577593133392,54.699427569641806,57.66379297478181,68.19854090657209,76.8247548514153,41.81601709497863,16.3226107897125,25.493406305266134,4395.417575286661,4353.601558191683,4302.195805664062,3161.630822753906,4740.817943797422,3945.082153858827,4342.950048828125,0.1832247161473367,270.07634846854165,0.041961104908872705,1.0695454904004702,32.0,-0.06658343260740118
2021-12-03,4220.7060546875,4647.2890625,4100.1455078125,4514.35595703125,25879591528,-0.06658343260740118,0.12963318165211823,-0.0644151456839035,46.79957647442273,42.05553260834078,33.89880864044732,59.74317220024644,24.781432988865163,18.014375229543035,6.767057759322128,4368.5388798098675,4343.757446821002,4310.889643554688,3166.322364501953,4696.107343418638,3946.717314784486,4321.412329101562,0.17341322039268428,289.86686319846723,0.044403341879776334,1.251697129260316,31.0,-0.024249412305841624
2021-12-04,4119.58740234375,4242.7255859375,3525.494140625,4227.76220703125,38478999182,-0.024249412305841624,0.1741027377898201,-0.023957757548988323,44.39679758854302,37.89178406733736,47.32912233421817,49.808823960412504,3.08639416618189,15.028779016870807,-11.942384850688917,4330.238652507388,4327.152258341206,4316.028696289062,3170.019951171875,4652.972003676446,3939.17550608918,4296.073754882813,0.16615089458740828,320.39290477804104,0.04461497272441685,1.7497688883089502,25.0,0.01893208793772683
2021-12-05,4198.32275390625,4246.92333984375,4040.217529296875,4119.62890625,25533062707,0.01893208793772683,0.049235331027027276,0.019112436240023678,46.6918300831291,43.016781141037676,53.60166458684077,44.94319852050206,-7.665433210320771,10.489936571432493,-18.155369781753265,4309.943898876444,4317.609332086765,4323.387509765625,3178.7081689453125,4616.2391652054375,3939.990229325813,4278.114697265625,0.1580717170373791,312.2723980472434,0.04489112718358639,1.1371395174217889,18.0,0.03749730517741086
2021-12-06,4358.7373046875,4375.5205078125,3930.806640625,4199.0,28229518513,0.03749730517741086,0.10202814166140342,0.03820919928845279,51.118641047417164,52.36072983299141,66.3812740982321,55.770687006430315,-3.2052718821787494,7.750894880710244,-10.956166762888994,4317.45057669353,4320.655848575709,4333.620166015625,3186.5803845214846,4623.852348514208,3946.614253048293,4285.23330078125,0.1580399590711773,321.73250298583315,0.04225474178426128,1.2549595597962733,16.0,-0.010070823926960222
2021-12-07,4315.0615234375,4428.58935546875,4264.32373046875,4358.5869140625,22366213354,-0.010070823926960222,0.03806796823354244,-0.01002028298494384,49.90354609460959,49.76845332794931,62.90179279954939,60.961577161540724,-3.1584240822703578,5.569031088114124,-8.72745517038448,4317.083030038756,4320.241454121026,4344.94619140625,3196.0025854492187,4625.475609437036,3947.737769469214,4286.606689453125,0.15810590732183222,310.4848688439879,0.042176126695689896,0.9938992025093158,25.0,0.0283981686841627
2021-12-08,4439.35791015625,4453.1123046875,4234.53759765625,4311.67431640625,18704315119,0.0283981686841627,0.04923565782592126,0.028805240908762686,53.305286271688836,56.85971138456988,72.8040072695361,67.3623580557725,6.829654748011308,5.82115582009356,1.0084989279177474,4335.894550056832,4329.06489530882,4356.18033203125,3206.7208471679687,4626.6928673646,3990.39121466665,4308.542041015625,0.1476837516358454,303.91985728593517,0.03924732248220078,0.836150490474374,28.0,-0.07470126889815015
2021-12-09,4119.81591796875,4482.31396484375,4078.84423828125,4433.02490234375,22296131874,-0.07470126889815015,0.09793392098000055,-0.07197932643737959,44.86992617313562,39.94607262411845,47.34732729405834,61.017709121047915,-10.913287479665996,2.4742671601416495,-13.387554639807647,4302.651683581742,4313.564971061408,4355.456806640625,3216.7720275878905,4628.256997557722,3970.9780122079037,4299.617504882813,0.15286917606121625,311.0305622342612,0.03983406231161795,0.9930113227763636,29.0,-0.052655813005159986
2021-12-10,3908.49609375,4227.11181640625,3897.767578125,4113.58837890625,28014595631,-0.052655813005159986,0.08426367338780201,-0.05129351127002291,40.325208076636656,32.48956608729529,30.512290681861327,50.22120841515189,-41.54750696917381,-6.330087665721443,-35.21741930345237,4242.012362069167,4283.55986903834,4352.5402734375,3223.096552734375,4640.128733575395,3908.9627703308547,4274.545751953125,0.17105114921520165,312.33868195190325,0.0407980059775774,1.2137321504528003,24.0,0.04403499684816347
2021-12-11,4084.452392578125,4095.6484375,3846.054443359375,3909.667724609375,19131502454,0.04403499684816347,0.06110831273101953,0.0450189266171952,45.29384274176666,42.85224126662075,44.53005140956181,40.79655646182713,-51.038800315472145,-15.271830195671583,-35.76697011980056,4217.7723667628525,4268.811167078325,4354.82568359375,3229.9856701660156,4640.155160871019,3890.4082912774184,4265.281726074219,0.175778979618228,307.856918536812,0.04177033116041423,0.8199262451866487,16.0,0.012167398488535382
2021-12-12,4134.453125,4173.60888671875,3993.055908203125,4084.811279296875,14057603914,0.012167398488535382,0.04367034116891215,0.01224172241858712,46.653130245020165,45.619577326651054,48.51341721100015,41.185253100807735,-53.90469764070804,-22.998403684678877,-30.90629395602916,4204.9540218762595,4258.8587195169675,4354.081474609375,3236.214442138672,4638.632458591047,3896.5305296902034,4267.581494140625,0.17389285475151373,298.76377996387004,0.04072276053346968,0.6099148804326913,27.0,-0.08851347686673891
2021-12-13,3784.226806640625,4145.955078125,3680.609130859375,4136.35986328125,23999841386,-0.08851347686673891,0.12296988818139232,-0.08470922459893049,39.289260964907655,32.68546624531474,20.61223513339412,37.885234584652,-83.47404205079147,-35.0935313579014,-48.38051069289007,4140.226757993854,4223.700800044646,4348.00794921875,3241.453133544922,4664.297593293445,3815.211708464368,4239.754650878906,0.20026769347444684,310.66250619970964,0.04281059444686557,1.037078195789797,28.0,-0.010302372946123368
2021-12-14,3745.4404296875,3866.6337890625,3700.104736328125,3782.82275390625,23836759957,-0.010302372946123368,0.04446180785960847,-0.010249485280602655,38.563297830618886,31.530438120296623,17.522273846163422,28.882642063519203,-108.78370615124004,-49.83156631656913,-58.95213983467091,4079.490399792877,4188.274105944117,4338.55921875,3248.0808044433593,4691.116143711038,3738.939056484275,4215.027600097656,0.2259005580899878,300.36725952361434,0.04264217910701993,1.0256021518110736,21.0,0.07034177960891322
2021-12-15,4018.388671875,4086.372802734375,3664.719970703125,3862.25146484375,26411188833,0.07034177960891322,0.10493082338760046,0.07287480532970947,46.10965630822586,46.92797935077894,43.93802482419532,27.35751126791759,-105.59986575741732,-60.98522620473877,-44.61463955267855,4070.0901339593574,4175.689999716775,4336.304951171875,3256.775177001953,4684.93475469573,3719.484996280832,4202.209875488281,0.22974810564470344,309.0305147027311,0.04588765801138385,1.1178386533964966,28.0,-0.014013495196179625
2021-12-16,3962.4697265625,4110.36865234375,3956.05712890625,4020.4150390625,19825531254,-0.014013495196179625,0.03894326874046997,-0.013915763227156375,44.89304471505632,44.534258452387796,38.95325049315846,33.4711830545057,-106.36275720305639,-70.0607324044023,-36.30202479865409,4053.5331482059946,4159.895905409051,4336.94919921875,3264.6359985351564,4687.257704431418,3710.318125646708,4198.787915039063,0.232671808758319,297.97915818378607,0.04408803800679792,0.8507278130677886,29.0,-0.02116468104642357
2021-12-17,3879.486572265625,3992.79248046875,3711.424560546875,3959.012451171875,23143541098,-0.02116468104642357,0.07252710240921283,-0.020942280956898096,43.07662026963643,40.920490633971944,36.99677020484627,39.96268184073332,-112.36809178724707,-78.52220428097125,-33.845887506275815,4026.7567519074764,4139.1248436947235,4328.792553710938,3270.4587048339845,4694.32055804459,3681.512718322598,4187.916638183594,0.24184049665355148,296.7926411650781,0.04411795282613971,0.9791817598034532,23.0,0.02075838238247958
2021-12-18,3960.860107421875,3993.829833984375,3774.614990234375,3880.29150390625,19530895889,0.02075838238247958,0.055345262848146136,0.020975336205050432,45.40919570723255,45.93916274767381,36.22092858326627,37.390316427090305,-109.30124181325391,-84.67801178742779,-24.623230025826118,4016.6188066019995,4125.920048415253,4319.71482421875,3277.0954138183592,4684.435746987766,3658.0381787934843,4171.236962890625,0.2460655142169143,291.251369921144,0.042929922952561615,0.8201268746572599,24.0,-0.009708405810989045
2021-12-19,3922.592529296875,4018.658447265625,3894.398681640625,3960.872314453125,16167785597,-0.009708405810989045,0.03167796927591497,-0.009661431377819718,44.485985258296985,43.89344283399994,31.540417425008176,34.91937207104021,-108.70552522464641,-89.48351447487153,-19.22201074977488,4002.153225478134,4110.8587507027805,4311.653666992188,3283.177751464844,4653.055108916196,3637.167571747866,4145.111340332031,0.2450808805263493,279.3233981857051,0.04196934160087073,0.6830916124401212,29.0,0.0028643928033790767
2021-12-20,3933.844482421875,3980.0986328125,3759.4033203125,3923.69580078125,21589690675,0.0028643928033790767,0.05610168716281553,0.0028684990961875823,44.84108815223362,44.737625374810555,32.916644893120505,33.55933030046496,-106.1023945971092,-92.80729049931907,-13.29510409779013,3991.6441880848633,4097.7465826819725,4304.569072265625,3288.5713415527343,4573.647318930318,3646.811909585307,4110.2296142578125,0.22549480110063636,275.1356777795833,0.040547260895885,0.9259319855853886,25.0,0.021729392067072688
2021-12-21,4020.260009765625,4058.8212890625,3918.837890625,3938.4638671875,16388555198,0.021729392067072688,0.03481948881352597,0.021967194618366825,47.612662030397445,51.302681633672954,43.486136347687946,35.98106622193884,-95.96021435042485,-93.43787526954023,-2.5223390808846204,3996.046622189596,4092.0068365400207,4298.481733398437,3295.2316662597655,4491.408555356882,3672.3776506978056,4081.893103027344,0.2006497681312724,265.4819435408631,0.0410901585033899,0.7202367617347388,27.0,-0.009537359345520004
2021-12-22,3982.099609375,4073.79150390625,3947.690185546875,4018.69580078125,13921756199,-0.009537359345520004,0.031667042698403744,-0.009492022978098258,46.501484605525185,48.343864009181395,38.81873410842181,38.40717178307672,-89.96463254329547,-92.74322672429128,2.7785941809958103,3993.9009279104275,4083.865560453723,4286.427749023437,3301.989279785156,4416.0098107621525,3694.856131620659,4055.432971191406,0.1778240903657773,255.52618459932822,0.04102943445541204,0.6221915500303742,45.0,0.031130875373133478
2021-12-23,4108.015625,4149.02685546875,3897.234375,3981.961669921875,18007273742,0.031130875373133478,0.06129297048833644,0.03162050877094025,50.59837995379839,57.72891020188083,78.82327200933166,53.709380821813774,-74.19741896884034,-89.03406517320109,14.836646204360747,4011.457035154977,4085.6544541238172,4276.444184570312,3308.953894042969,4403.321595450058,3696.2753039640033,4049.798449707031,0.17458801969199328,255.25949144714406,0.03924450697761977,0.8191924422212663,34.0,-0.014721385436212006
2021-12-24,4047.98291015625,4134.1064453125,4029.064453125,4111.34521484375,12769090623,-0.014721385436212006,0.02594921829436415,-0.01461355562486455,48.68415713108003,52.43042554518296,75.3136740438177,64.31856005385703,-65.78756884569066,-84.384765907699,18.597197062008348,4017.076400539788,4082.863969385479,4266.657358398437,3316.2424926757812,4398.289101765661,3694.147348429651,4046.218225097656,0.1740246605999644,244.5296700714552,0.039009058541987225,0.6169762699234084,41.0,0.011128140207425564
2021-12-25,4093.281005859375,4138.56494140625,4027.927001953125,4049.781982421875,10894785525,0.011128140207425564,0.027029158099517486,0.011190288276532456,50.2146594937525,55.98659192119931,84.21504608740415,79.45066404685114,-54.83541574330775,-78.47489587482076,23.63948013151301,4028.800185973571,4083.6356017168787,4258.798115234375,3324.1217041015625,4386.884318829578,3695.0479565610476,4040.9661376953127,0.17120568168460468,234.96597502728875,0.0388391481224016,0.5457125862511591,39.0,-0.0063605468513840005
2021-12-26,4067.328125,4105.02392578125,4013.0263671875,4094.151611328125,11197244172,-0.0063605468513840005,0.02261867146352988,-0.0063403613927860425,49.30729039200291,53.322111336389746,83.13079309035898,80.88650440719357,-47.70007927018514,-72.31993255389364,24.619853283708494,4034.7275612084063,4082.4276404785915,4249.713056640625,3331.417009277344,4340.646347604087,3712.1450098177875,4026.3956787109373,0.15609527426959596,224.753945282036,0.03775838288691579,0.5858531401187175,37.0,-0.007348823741771372
2021-12-27,4037.547607421875,4126.00146484375,4033.492431640625,4064.746337890625,11424360002,-0.007348823741771372,0.02291218387941077,-0.007321887161027885,48.23031710006068,50.12832969249959,76.98169248598971,81.44251055458425,-43.9417791134847,-66.64430186581185,22.702522752327155,4035.161414472017,4079.1031935855017,4238.052915039062,3339.247154541016,4297.726263143294,3727.3137026770182,4012.519982910156,0.1421581856029969,215.30788013354234,0.037738199632478264,0.6153502274646878,40.0,-0.06040142319578915
2021-12-28,3800.89306640625,4037.5380859375,3769.280029296875,4037.5380859375,17299472803,-0.06040142319578915,0.07057763845333943,-0.058613436676413055,40.63477257702968,32.230660432489174,28.1171092104182,62.743198262255596,-59.374905862461674,-65.19042266514182,5.8155168026801505,3999.120130154207,4058.4950360166686,4217.829028320312,3346.482775878906,4203.722973712006,3757.4705077333065,3980.5967407226562,0.11210692643477489,219.09071570436075,0.0390118624086288,0.9353402030003379,41.0,-0.04640796995498094
2021-12-29,3628.53173828125,3827.98193359375,3612.7958984375,3797.436279296875,15722555672,-0.04640796995498094,0.05930388671704951,-0.045347586768066606,36.16727562090942,24.72854705291077,2.934526557524533,36.011109417977444,-84.53937144656084,-69.06021242142563,-15.479159025135203,3942.106531404521,4026.6459028510817,4195.698286132812,3352.7630126953127,4217.347039031893,3694.71802444467,3956.0325317382812,0.132109382416423,218.81180995092427,0.036913339359785885,0.865460119163495,27.0,0.023241539950406245
2021-12-30,3713.85205078125,3767.559814453125,3595.204833984375,3632.2197265625,12925377999,0.023241539950406245,0.04640868244401206,0.02351372914831229,39.70131636387027,33.64781195684105,21.423347608835087,17.491661125592575,-96.4855304204666,-74.54527602123383,-21.94025439923277,3906.9904574624793,4003.475987882946,4177.251840820312,3358.7903149414065,4227.698167483924,3664.902491695763,3946.300329589844,0.14261349334419648,215.49346498791184,0.03578632460675407,0.7423156076869939,22.0,-0.00844169203451989
2021-12-31,3682.6328125,3807.288818359375,3636.869873046875,3713.43017578125,14157285268,-0.00844169203451989,0.046276388113972465,-0.008406161003285728,38.85366987811899,32.02771369601612,15.78629507748666,13.381389747948726,-107.23593004444774,-81.08340682587662,-26.15252321857112,3872.4738966990208,3979.7098267434685,4156.296811523437,3364.5140234375,4222.278712111582,3630.1399890602934,3926.2093505859375,0.15081690001143697,212.27385643966815,0.034073437507385396,0.8248469540339549,28.0,0.023366698020121392
2022-01-01,3769.697021484375,3769.91796875,3682.28662109375,3683.047119140625,9776191466,0.023366698020121392,0.023246257499427325,0.023641838167751006,42.53827186226633,41.23382272857195,31.506906683183047,22.905516456501562,-107.4912529072808,-86.36497604215747,-21.12627686512333,3856.6620697429216,3964.1533226502024,4138.348447265625,3370.307824707031,4195.291444824379,3620.651645995933,3907.971545410156,0.14704298435932844,203.37082009799542,0.034463290269661315,0.5767848619332229,21.0,0.01575657184191493
2022-01-02,3829.56494140625,3836.161865234375,3727.357421875,3769.29833984375,9881471548,0.01575657184191493,0.028411698201786087,0.01588136117589123,44.99285898747657,46.99321907753118,42.316863239517645,29.870021666729084,-101.69053216037901,-89.43008726580177,-12.260444894577233,3852.493280768049,3954.183812928428,4121.910537109375,3377.6173315429687,4194.314385959128,3626.162518337746,3910.2384521484373,0.14529852196333898,196.61607890237968,0.028469479168858464,0.6083323670066574,29.0,-0.01796519441683337
2022-01-03,3761.38037109375,3836.19873046875,3698.047607421875,3829.53564453125,12080777893,-0.01796519441683337,0.036728836070015126,-0.017804782359288618,42.752890671488146,41.57870802238701,30.00522381973634,34.609664580812314,-101.42616644730333,-91.82930310210209,-9.596863345201243,3838.475910048926,3939.9020764962293,4104.610966796875,3384.5642236328126,4193.34142395316,3628.7294744843393,3911.03544921875,0.14436380257857423,192.4400106269865,0.02867468454917211,0.7716515910040904,29.0,0.008649790399625644
2022-01-04,3794.056640625,3876.78515625,3723.349853515625,3761.361572265625,14030925983,0.008649790399625644,0.04044096260753224,0.008687307931515731,44.186943454998584,45.11440912912587,35.90536290118164,36.075816653478505,-97.45653458473907,-92.95474939862949,-4.501785186109586,3831.6421762913988,3929.098710876138,4089.342021484375,3392.375841064453,4181.998365370354,3617.6393299421466,3899.81884765625,0.14471416685607874,189.65396006322854,0.02360337878265186,0.9331102871238107,23.0,-0.06637919922310019
2022-01-05,3550.386962890625,3842.059814453125,3456.745361328125,3794.26904296875,18061338502,-0.06637919922310019,0.10852745268399921,-0.06422404850925867,36.78655671370534,29.553637283167205,13.526520982442776,26.479035901120216,-112.67384534262646,-96.89856858742888,-15.77527675519758,3788.3721434605104,3901.045988803137,4076.0224560546876,3399.235280761719,4197.903680208758,3560.525738736555,3879.214709472656,0.16430591993678234,203.6297095676408,0.027488912789441985,1.2082359966540712,24.0,-0.03788159613599658
2022-01-06,3418.408203125,3549.708984375,3335.376708984375,3549.708984375,24293791313,-0.03788159613599658,0.06269943864360296,-0.0371730634280415,33.5127175559502,24.264982819852676,10.337737878735837,19.923207254120047,-133.84042753774338,-104.28694037749179,-29.553487160251592,3731.454614178124,3865.2950417158672,4058.6387451171877,3405.095499267578,4232.8639100902255,3479.4576719410247,3856.160791015625,0.1953772881837665,204.44260559182717,0.02823463261043274,1.618935134929025,15.0,-0.06814818392330264
2022-01-07,3193.21044921875,3420.4619140625,3117.38134765625,3417.837890625,24494179209,-0.06814818392330264,0.09491405944772653,-0.06587795854818668,28.802480299689307,17.89138109042949,7.425609070357237,10.429955977178583,-166.86317825820242,-116.80218795363393,-50.06099030456849,3648.6478195689892,3815.5109978271917,4042.4899365234373,3411.619313964844,4288.65050064785,3346.906115563087,3817.7783081054686,0.2466734076950879,211.4881742214288,0.030642098157226696,1.6057339279580605,18.0,-0.03221753381880831
2022-01-08,3091.97265625,3240.304443359375,3020.880859375,3193.50244140625,16037732700,-0.03221753381880831,0.07096556418144262,-0.031704077942472875,26.9674773880172,15.725060784848381,6.43294465085515,8.065430533316041,-198.9100783670865,-133.22376603632446,-65.68631233076204,3563.0054867506833,3761.91556511777,4018.3632568359376,3417.7044268798827,4340.147033051158,3212.3475958550916,3776.247314453125,0.2986561375044352,212.0549892044964,0.031012123866507386,1.051813732378277,10.0,0.0210509252603742
2022-01-09,3157.75146484375,3206.790771484375,3075.911376953125,3091.6962890625,12334683863,0.0210509252603742,0.04144702203082537,0.021274058960640163,30.08428290256232,22.809907963624113,12.385128355352194,8.747894025521495,-216.50395465155907,-149.87980375937138,-66.62415089218769,3500.6587141496166,3717.1626688011756,3993.3196630859375,3423.5445025634767,4356.716220770113,3118.169106378325,3737.442663574219,0.3313889271032539,206.25673244212163,0.031726147816006973,0.8342733748439247,23.0,-0.023925309249448398
2022-01-10,3083.097900390625,3177.21337890625,2947.68359375,3157.570556640625,19535744145,-0.023925309249448398,0.07444777706448077,-0.02364136800640171,28.592861891310193,20.525199639233733,12.42498953863358,10.414354181613609,-233.77631922224646,-166.6591068519464,-67.11721237030005,3436.4185889559253,3670.1949081781718,3969.586962890625,3429.017710571289,4357.182858440372,3023.9862577705653,3690.5845581054687,0.36124266486233614,207.91909335027367,0.030879360420571735,1.3074119526398162,23.0,0.049055408505269085
2022-01-11,3238.111572265625,3247.511962890625,3061.140625,3082.990966796875,15211447193,0.049055408505269085,0.057555564016661,0.05027854349203764,35.71889839043297,36.04390290394639,31.259013033424427,18.6897103091367,-232.27891799019517,-179.78306907959617,-52.495848910598994,3405.909817157418,3638.188735147613,3952.5800390625,3436.142182006836,4333.655887338286,2973.1144251617134,3653.38515625,0.37240570155846764,206.37996796029876,0.03388533282385519,1.0136378772502985,21.0,0.04059232704491726
2022-01-12,3372.25830078125,3401.219970703125,3216.718017578125,3238.449951171875,16662871689,0.04059232704491726,0.05471169070360254,0.04142745718356022,41.188589208958206,46.5760891856164,45.69734076098381,29.79378111101391,-217.75752366195456,-187.37795999606786,-30.379563665886707,3400.7326607918535,3618.490184453808,3933.209931640625,3443.85727722168,4273.730129215402,2959.464450862723,3616.5972900390625,0.3633984026843319,204.81725261492028,0.03455423669797104,1.1153517623571456,22.0,-0.03745437376600755
2022-01-13,3248.28857421875,3396.9697265625,3247.91748046875,3372.10498046875,15294466275,-0.03745437376600755,0.045886392999919576,-0.03676163434271329,37.97290405974013,39.55340962037646,32.35437250367879,36.43690876602898,-213.78811855892354,-192.65999170863898,-21.12812685028456,3377.2797243959913,3591.067842954915,3913.37607421875,3450.204246826172,4221.0813540188165,2932.1437924655584,3576.6125732421874,0.36037941911746973,200.83403786340813,0.03509200629684364,1.015175468970472,21.0,0.01882036684483606
2022-01-14,3310.00146484375,3330.76611328125,3203.82373046875,3248.648681640625,13562957230,0.01882036684483606,0.03835115608279417,0.018998586244709736,40.464719852848695,44.420418522750005,38.99658398150095,39.01609908205449,-203.3188883165608,-194.79177103022334,-8.527117286337443,3366.9292229264156,3570.2481112429764,3894.081240234375,3456.355966796875,4145.750974761181,2929.146217621631,3537.448596191406,0.34392153668307934,195.55606250262898,0.035388252553795026,0.8923442150433498,21.0,0.006183047255123135
2022-01-15,3330.53076171875,3364.537841796875,3278.6708984375,3309.84423828125,9619999078,0.006183047255123135,0.02578175957608108,0.006202201749167191,41.30938776256538,46.10459293211276,41.2061698549506,37.51904211337675,-191.16181087378027,-194.06577899893475,2.9039681251544778,3361.329459663698,3552.491270537478,3880.0736767578123,3462.2047790527345,4063.646573347488,2937.5708827071994,3500.6087280273437,0.3216799642943393,187.72112542096798,0.035578356882697136,0.6362272726634656,23.0,0.006103815352282093
2022-01-16,3350.921875,3376.401123046875,3291.563720703125,3330.38720703125,9505934874,0.006103815352282093,0.025317630642686946,0.006122481592311324,42.18677305471713,47.932898759155705,43.40088290939668,41.20121224861604,-177.83191140900908,-190.81900548094964,12.987094071940561,3359.7282927923598,3537.560204201369,3865.1538720703124,3467.586650390625,3975.313417591889,2957.241465220611,3466.27744140625,0.2937075781095732,180.37228805830955,0.03575768594653221,0.6326972633439897,21.0,-0.04224676783784577
2022-01-17,3212.304931640625,3355.8193359375,3157.22412109375,3350.947265625,12344309617,-0.04224676783784577,0.06182327614281661,-0.04136680845756069,38.025236637502694,37.77094696285318,28.481422114778223,37.6961582930418,-176.41944535662878,-187.93909345608546,11.519648099456674,3337.0477756920927,3513.4672210487215,3843.5108984375,3473.080147705078,3932.993324852104,2940.702744483834,3436.848034667969,0.288721110261174,181.673925685841,0.034604543551609426,0.8353900317970591,22.0,-0.015143729147734823
2022-01-18,3164.025146484375,3236.01611328125,3096.12353515625,3212.28759765625,13024154091,-0.015143729147734823,0.04421348492771558,-0.015029639521672689,36.66847385477907,34.77517621115308,24.18909936629301,32.02380146348927,-177.1537132727076,-185.7820174194099,8.628304146702305,3310.4289096601365,3487.582622932844,3817.8893017578125,3478.1500720214844,3915.1607619101646,2912.084648246085,3413.622705078125,0.29384504390947996,178.6895437172095,0.0334858862468931,0.8895197383656214,24.0,-0.021790268306875832
2022-01-19,3095.825927734375,3171.158447265625,3055.21240234375,3163.850341796875,13187424144,-0.021790268306875832,0.03745237866352778,-0.021554575451392277,34.7806212402904,30.75514567481801,24.60732326099722,25.759281580689457,-181.15054218675596,-184.85572237287911,3.705180186123158,3277.4130662869425,3458.5636084736984,3787.176240234375,3482.498630371094,3882.613673217877,2882.8291246336853,3382.721398925781,0.2955562787114788,174.20786523182846,0.032864298964988194,0.8998654558027146,24.0,-0.031069137876988995
2022-01-20,3001.1201171875,3265.3369140625,3000.908203125,3095.271728515625,10645922764,-0.031069137876988995,0.0881100058018702,-0.030591452089873683,32.294162877189294,25.90375026933016,11.30265943712884,20.033027354806325,-189.77244668227968,-185.83906723475923,-3.9333794475204513,3234.906458733182,3424.6789054154615,3755.458837890625,3485.8956103515625,3854.9877699276467,2842.303758392666,3348.6457641601564,0.3024159862991548,180.65221135366215,0.03322788671732559,0.7352503828565153,24.0,-0.15978661233704647
2022-01-21,2557.931640625,3029.0810546875,2496.81298828125,3002.956787109375,26796291874,-0.15978661233704647,0.20808533658710154,-0.14767435465989753,23.74081699942562,13.917716545639792,6.757870464476382,14.222617720867449,-229.71891760333347,-194.6150373084741,-35.10388029485938,3130.7564867165383,3360.475404319872,3716.39142578125,3487.6923559570314,3863.633212286428,2712.481777947947,3288.0574951171875,0.35010076193860873,205.76762957170416,0.046190775195519285,1.7479276217194293,19.0,-0.06157375509984131
2022-01-22,2405.18115234375,2615.247314453125,2330.247314453125,2561.145263671875,27369692036,-0.06157375509984131,0.11849419313895722,-0.05971640752836038,21.61580116465649,11.734408603504704,6.996802154875278,8.352444018826803,-270.5833549388076,-209.80870083454082,-60.77465410426677,3019.1295121976477,3289.7128671364553,3680.080927734375,3488.094864501953,3855.780227013682,2577.8963843144425,3216.8383056640623,0.3972483915182184,211.4270846022967,0.04633027251234025,1.6889937863987223,13.0,0.05258382225371412
2022-01-23,2535.0390625,2542.144775390625,2381.51513671875,2406.92431640625,16481489511,0.05258382225371412,0.06336377259349431,0.053990906269038685,27.55269433658698,23.61854259857897,19.122033307923214,10.95890197575826,-289.1570454320413,-225.67836975404092,-63.47867567800037,2944.6540583980095,3233.811103830051,3648.3899609375,3489.1942504882813,3808.876027618412,2502.166452850338,3155.521240234375,0.41410260786931635,207.79869560726658,0.049342124039609254,1.0034534251640554,11.0,-0.038066634147074466
2022-01-24,2440.352294921875,2537.20849609375,2172.30126953125,2535.89111328125,28220804648,-0.038066634147074466,0.14953055233944493,-0.03735120652726631,26.005982055328133,21.191359222160443,21.811941272845495,15.976925578547963,-307.96720553488694,-242.13613691021013,-65.83106862467682,2867.069171709373,3175.03637724426,3613.2305517578125,3490.7958801269533,3743.0422166007747,2432.6298292976626,3087.8360229492187,0.4243788781411799,219.0207335326404,0.049032784381320894,1.6470394277765648,13.0,0.006365155947078696
2022-01-25,2455.93505859375,2498.507080078125,2359.384765625,2440.3935546875,16179776932,0.006365155947078696,0.05664739137393372,0.006385456601614825,26.734906383589973,22.716253186534573,23.079947338422947,21.337973973063853,-317.9518432081927,-257.29927816980666,-60.65256503838606,2803.817769691585,3121.7696128997777,3575.1745068359373,3492.3420935058593,3707.195023562141,2359.0318319066087,3033.113427734375,0.4444816271386729,213.3137035983893,0.048264597081556934,0.9495071916768681,12.0,0.004912804357988148
2022-01-26,2468.0302734375,2705.7841796875,2417.68310546875,2455.5791015625,21229909340,0.004912804357988148,0.11673320109541428,0.0049248919678990255,27.33328374743894,24.04709395307769,24.147678680574025,23.01318909728079,-321.1863217600485,-270.07668688785503,-51.10963487219345,2752.158154883264,3073.3444766433126,3538.2338818359376,3494.125227050781,3678.073554186215,2293.1155083137846,2985.59453125,0.4638801523033941,218.65565864270079,0.04830532883069768,1.2571754878957144,23.0,-0.018413426720136978
2022-01-27,2423.001220703125,2510.45166015625,2328.4521484375,2467.1884765625,16126522783,-0.018413426720136978,0.07511325630530884,-0.018244935331225953,26.466639697413157,22.37368725366332,20.8205283340832,22.68271811769336,-323.6522755813671,-280.79180462655745,-42.86047095480967,2701.518626547858,3025.170902129225,3497.906748046875,3495.5419091796875,3673.9102852192095,2220.257854429228,2947.0840698242187,0.4932510903486666,216.03736243384716,0.04675019045257397,0.979228117972322,20.0,0.049945386741980194
2022-01-28,2547.092041015625,2548.778564453125,2367.833740234375,2421.64697265625,14666227351,0.049945386741980194,0.071039766645653,0.05121368460412512,32.7908843043916,36.566039052081656,31.126220171034305,25.364809061897144,-311.9969628457179,-287.03283627038957,-24.96412657532835,2677.7606903121296,2989.7576531578475,3466.4522705078125,3498.0937640380857,3663.552068455339,2176.1280096696614,2919.8400390625,0.5094197075478348,213.53075256134022,0.048619316415581475,0.8942804394082585,24.0,0.019437220797135155
2022-01-29,2597.084716796875,2627.609375,2526.98974609375,2546.590576171875,11172062661,0.019437220797135155,0.03874329869005953,0.019627353458854913,35.20853447778087,41.585739590143994,35.27809143281428,29.07494664597723,-295.3217669039468,-288.69062239710104,-6.6311445068457715,2665.3490020790136,2960.6707689829605,3440.22404296875,3501.378767700195,3639.7892823040265,2143.824121016286,2891.8067016601562,0.5173116033063075,205.46567230026236,0.04856692168555447,0.683645254191672,24.0,0.0024542933278380702
2022-01-30,2603.466552734375,2631.408447265625,2550.4609375,2598.56494140625,9501221177,0.0024542933278380702,0.031092202694368114,0.0024573075711489256,35.52736846620709,42.26615246400634,36.430815501816326,34.27837570188827,-278.3825721522294,-286.6290123481267,8.246440195897321,2655.828625256762,2934.211197408991,3410.604326171875,3504.424443969727,3620.478455803449,2115.1718127512386,2867.8251342773438,0.524894849780138,196.57151783350255,0.0485205461367031,0.5998179703712817,29.0,0.03205729421772353
2022-01-31,2688.27880859375,2697.7353515625,2489.072265625,2603.263427734375,13778234614,0.03205729421772353,0.07761958516745238,0.03257666428258821,39.76928838876574,51.09780134454807,47.20592065264054,39.63827586242368,-255.17302226791708,-280.3378143320848,25.164792064167727,2660.82096115476,2915.993983422677,3381.68083984375,3508.309959716797,3576.8719058904785,2103.7950862970215,2840.33349609375,0.5186281194160292,197.4352012695024,0.047600305093163556,0.8737814440479811,20.0,0.037899015902413284
2022-02-01,2792.1171875,2802.3154296875,2682.621826171875,2687.89892578125,13194846235,0.037899015902413284,0.04286840253391943,0.03862634283851252,44.57723081329893,59.86698482461605,56.70591998256004,46.7808853790056,-225.7975438729527,-269.4297602402584,43.632216367305716,2681.020380592489,2906.8179244654416,3361.8386474609374,3512.868630981445,3506.307990477756,2116.344890381619,2811.3264404296874,0.49441540480930174,191.8822300013683,0.047455301930889114,0.8460885647328126,26.0,-0.039919001898463743
2022-02-02,2682.85400390625,2802.212158203125,2630.120361328125,2791.958984375,13876301217,-0.039919001898463743,0.06414504726102628,-0.039132735575322264,40.87940488628114,49.06577964247794,46.709614359735845,50.207151664978774,-208.92552793710638,-257.328913779628,48.40338584252163,2681.3024764869137,2890.22800442402,3340.5869189453124,3516.788775024414,3450.074984837102,2116.034438991023,2783.0547119140624,0.4793439885084346,190.4686276351991,0.047535013667375864,0.8938494443711567,28.0,-0.0013768725863691853
2022-02-03,2679.16259765625,2712.482666015625,2587.783447265625,2682.22607421875,12755505065,-0.0013768725863691853,0.04654410257111224,-0.0013759251322007504,40.75639731588488,48.719321443204166,59.15888036884113,54.19147157037897,-193.62026548951007,-244.58718412160442,50.96691863209435,2680.9732643591196,2874.5935298486297,3313.8023974609373,3520.706827392578,3374.0564263997785,2128.969110709597,2751.5127685546877,0.45251009914237106,185.77081271482774,0.047112965999892016,0.8237951352354695,20.0,0.10762195699877354
2022-02-04,2983.5869140625,2983.5869140625,2675.44384765625,2681.0576171875,18987223729,0.10762195699877354,0.10327940002481022,0.11362666703116964,53.249849720971596,69.46433742056968,100.0,68.6228315761923,-155.13790339714024,-226.6973279767116,71.55942457957136,2727.529210467332,2882.6671138644724,3294.2247412109373,3526.5382788085935,3308.6881780858193,2159.6429742579303,2734.165576171875,0.4202544329581808,194.51168797850076,0.05397252278842246,1.1902579191851757,20.0,0.010356898784399916
2022-02-05,3014.648193359375,3054.130126953125,2966.781005859375,2984.446044921875,13102093957,0.010356898784399916,0.028974897066318193,0.010410717097086852,54.30861576364374,70.86724282492129,95.5227215279414,84.89386729892747,-120.74212844186195,-205.50628806974166,84.7641596278797,2771.7013616814925,2892.4434901233544,3276.9279736328126,3532.673966064453,3235.620021054344,2199.0837631253435,2717.3518920898437,0.3814508753711054,186.85721891530426,0.05402899888650791,0.8121803495405682,33.0,0.01410662535468382
2022-02-06,3057.47607421875,3061.26123046875,2965.429931640625,3014.959716796875,9466018022,0.01410662535468382,0.0313432702339664,0.014206593311191451,55.795163009390286,72.87213358887733,99.57420396684591,98.36564183159574,-89.001423910433,-182.20531523787994,93.20389132744694,2815.6667020718396,2904.6681259822726,3258.86029296875,3538.00649230957,3202.056713628501,2217.1641848089994,2709.61044921875,0.36348122627865975,180.35536748050575,0.05346661247734107,0.5920669902778354,37.0,0.027419575373833136
2022-02-07,3142.470703125,3182.5283203125,3002.927001953125,3057.422119140625,15197063785,0.027419575373833136,0.05715290143541265,0.027798951436755814,58.66904803316504,76.60056518513122,95.30983084335917,96.80225211271545,-56.33889100114584,-157.03203039053312,100.69313938938728,2865.9442406954026,2922.2831316965485,3243.2578564453124,3543.59283203125,3197.0751856508373,2219.9902684507256,2708.5327270507814,0.3607432568348629,180.30150682899642,0.053781757568124464,0.9441086656571227,45.0,-0.006340582774359995
2022-02-08,3122.608642578125,3219.47265625,3038.3779296875,3143.008544921875,17136080906,-0.006340582774359995,0.05799469203191036,-0.00632052369720526,57.72460007654587,73.83396536676074,89.12886821093703,94.670967673714,-31.69098667423441,-131.9638216472734,100.27283497303898,2905.431071754283,2937.1220584285174,3227.0331396484376,3548.5819921875,3202.7807071259313,2216.9630184600064,2709.871862792969,0.36378756582603783,180.3581653813895,0.05356800151070095,1.0516698158563946,48.0,0.03673697694103097
2022-02-09,3239.45703125,3263.15576171875,3063.16015625,3121.1826171875,13951308490,0.03673697694103097,0.061737384857850165,0.037420119536786256,61.63717510885073,79.03178348455978,97.46457271246055,93.96775725558554,-2.697560693009109,-106.11056945642054,103.41300876341143,2956.8196809074702,2959.5172416004793,3211.417080078125,3553.83318359375,3252.3714682687505,2191.2059487234374,2721.788708496094,0.38987799318619887,181.7608396733438,0.05361515263498587,0.8476177692484744,54.0,-0.051293944903900664
2022-02-10,3077.482177734375,3271.316162109375,3070.378173828125,3240.113037109375,18629485080,-0.051293944903900664,0.0652929819496727,-0.05000061799033162,54.15507268707321,59.815527972581144,78.5459041944905,88.37978170596266,7.127756939958999,-83.46290417714464,90.59066111710364,2975.3831419577637,2968.2553850178047,3193.3247314453124,3558.2637255859377,3294.348780293635,2201.18369040949,2747.7662353515625,0.3978377329992486,183.13063600247997,0.03993335178289161,1.1606365150646167,50.0,-0.05000275191289092
2022-02-11,2927.383544921875,3127.45068359375,2888.707763671875,3077.4130859375,16043881065,-0.05000275191289092,0.08155505291953347,-0.04877319319619966,48.303491075286466,47.36471201951258,56.03255982779408,77.34767891158167,2.7707472606316514,-66.21617388958938,68.98692115022104,2967.998588567627,2965.2278413069953,3169.71208984375,3561.7338098144533,3302.085681674699,2245.6670282862387,2773.876354980469,0.38084561753867313,187.10294199672248,0.038924400352791884,1.0361049632207535,50.0,-0.003428980897511885
2022-02-12,2917.36279296875,2980.079345703125,2870.177001953125,2927.386474609375,11254355757,-0.003428980897511885,0.037671812369335735,-0.0034231086563658586,47.93113359503406,46.60905531690664,54.751533283750575,63.10999910201168,-1.473816003029242,-53.26770231227736,51.793886309248116,2960.2084661677995,2961.682282170829,3147.0996875,3564.828956298828,3312.8505986497094,2273.134484358103,2792.992541503906,0.3722588223353308,181.588613550528,0.03768111258254669,0.7392777990596618,44.0,-0.0116879213293838
2022-02-13,2883.46337890625,2947.776611328125,2845.397705078125,2916.78955078125,9054963563,-0.0116879213293838,0.0355055337268872,-0.011619882910758439,46.62180923271697,43.84810174389218,50.41792145055462,53.73400485403306,-7.48675967039253,-44.1115137839004,36.62475411350787,2948.4015296660227,2955.8882893364153,3122.9033349609376,3567.763546142578,3310.178287746076,2320.117903660174,2815.148095703125,0.35169033756947693,175.930777314776,0.03646170396790664,0.6347610063042369,44.0,0.017196958236169613
2022-02-14,2933.47900390625,2957.963623046875,2840.257568359375,2880.187744140625,12164552172,0.017196958236169613,0.0401250714700059,0.01734567720397817,48.842249917337696,49.04382403247655,50.57483703902134,51.91476392444215,-8.122585795302712,-36.91372818618087,28.791142390878157,2946.1057564722114,2954.228342267514,3100.2263525390626,3570.5261572265626,3307.8195425051563,2370.2310434323435,2839.02529296875,0.3302501395091069,171.77186855568488,0.03651119995012218,0.864918400892124,46.0,0.08065348682875585
2022-02-15,3179.877197265625,3185.520751953125,2917.857177734375,2933.72900390625,13921257873,0.08065348682875585,0.08417418586130111,0.08399521286202116,58.09128058789713,66.73475858192984,86.62259130279489,62.53844993079025,11.12752124997769,-27.305478298949158,38.432999548926844,2982.070593517352,2970.943072267374,3083.0729443359373,3574.090736083984,3333.321608183676,2415.9136701366365,2874.617639160156,0.31914085739593107,178.62127610304668,0.03985271004915226,1.0162273335666254,46.0,-0.016503080476892827
2022-02-16,3127.830078125,3181.616943359375,3055.168212890625,3180.44677734375,12352406833,-0.016503080476892827,0.040426982064367956,-0.01636765067071777,55.79652824991761,61.47508211215301,79.00816144298598,72.06852992826737,21.930797650304157,-17.458223109098498,39.389020759402655,3004.495129610836,2982.564331960532,3069.6116845703127,3577.048836669922,3331.134910890085,2488.5832531724154,2909.85908203125,0.2895506737493005,174.89466570059693,0.0397765032211057,0.9142986058094086,51.0,-0.08203477627474137
2022-02-17,2881.48193359375,3154.615234375,2861.85205078125,3126.8583984375,15860206214,-0.08203477627474137,0.10160160304341011,-0.07876007915331673,46.444667853491026,42.83328702297903,34.57755645630155,66.73610306736077,10.493275634958536,-11.867923360287092,22.36119899524563,2985.5700225312844,2975.076746896326,3054.6706884765626,3578.6469860839843,3314.130154233202,2539.02699908711,2926.578576660156,0.2648495964973024,183.31384555010786,0.044006782877206635,1.1687738138988704,52.0,-0.03379564796746988
2022-02-18,2785.7275390625,2937.30859375,2761.643310546875,2884.340576171875,15748173433,-0.03379564796746988,0.06305903242147035,-0.03323095432766643,43.39977235812777,37.65519544367006,4.7254289573773,39.43704895222157,-6.225854574827281,-10.73950960319513,4.5136550283678485,2954.8250250745486,2961.050879649376,3036.1081982421874,3579.5248571777342,3299.4593748852503,2572.562060661625,2936.0107177734376,0.24757992531269696,182.7675196681805,0.04476525635586713,1.1412746232753839,30.0,-0.007938288426892978
2022-02-19,2763.701171875,2826.347900390625,2707.37841796875,2784.872802734375,9774183169,-0.007938288426892978,0.04304715851068717,-0.00790686342387692,42.706192885431406,36.47194098390498,9.98740632125613,16.430130578311623,-21.011027425658085,-12.79381316768772,-8.217214257970365,2925.4213553515415,2946.4323827771996,3017.7295654296877,3580.8316149902344,3284.10944731452,2603.935450146417,2944.0224487304686,0.23103560146472715,178.2105170077301,0.04483836481158419,0.7076379321348367,25.0,-0.05010097368287536
2022-02-20,2628.6484375,2763.756591796875,2585.9462890625,2763.756591796875,11641437834,-0.05010097368287536,0.06764324213072902,-0.048866619788482835,38.62979664970471,29.7783248379814,6.230526043939407,6.981120440857574,-43.128847900803066,-18.86082011431079,-24.268027786492276,2879.7639833743815,2922.8928312751846,2994.90859375,3580.3517578125,3290.9477753391534,2591.1340850124093,2941.0409301757813,0.23794762022741295,178.18193027391902,0.045788268326138755,0.8493948223503346,27.0,-0.021080126474083236
2022-02-21,2573.816162109375,2752.45849609375,2568.25439453125,2627.66552734375,18646392740,-0.021080126474083236,0.07156847651913696,-0.02085949365019457,37.08216300223179,27.39666717208425,0.7910780865362544,5.669670150577225,-64.34021243071538,-27.95669857759171,-36.383513853123674,2832.69508779515,2897.0353002258653,2969.7936181640625,3579.0841943359374,3310.2487494956035,2550.0030083168963,2930.12587890625,0.2594583893653367,178.6120853659605,0.045035983344820285,1.3339676578464803,25.0,0.025123785947061057
2022-02-22,2639.29931640625,2648.916748046875,2510.6787109375,2572.898681640625,16360200507,0.025123785947061057,0.05237679419309065,0.02544204798341476,40.16519226736697,34.67600572641538,16.90958094037979,7.977061690285112,-75.00185367199902,-37.36572959647317,-37.63612407552584,2802.9418921968577,2877.9437458688567,2947.3519970703123,3577.8259826660155,3314.1628108697623,2541.7334781927375,2927.94814453125,0.2638125043709362,175.72822477620437,0.04465789387166872,1.16010542050466,20.0,-0.01871675631661119
2022-02-23,2590.359619140625,2741.368408203125,2587.412841796875,2639.447021484375,13382637240,-0.01871675631661119,0.05943405126787999,-0.01854268553832039,38.6412402557699,31.888310163366583,10.475543648339261,9.392067558418397,-86.40429085177902,-47.17344184753435,-39.230849004244675,2770.236927111283,2856.641217963062,2923.278056640625,3574.9915869140623,3322.879078225806,2524.1369129851314,2923.5079956054688,0.2732136072284804,174.1730348926362,0.04483726625198859,0.946860405646505,25.0,0.0029710451975588936
2022-02-24,2598.067138671875,2689.047607421875,2308.914794921875,2588.166259765625,29312342666,0.0029710451975588936,0.14631369868844993,0.002975463126547284,39.03356911118061,32.879758150866195,32.985441341199106,20.12352197663935,-93.73831510863738,-56.48641649975496,-37.25189860888242,2743.749267351374,2837.4875824600113,2904.23166015625,3572.913259277344,3326.6908351789,2481.773178492975,2904.2320068359377,0.29092636356088997,188.88444757887646,0.03679475542328643,2.0008490495630675,23.0,0.0621049200162798
2022-02-25,2764.53564453125,2821.972412109375,2579.2080078125,2598.436279296875,17208902048,0.0621049200162798,0.08781380872303339,0.0640739815309288,46.92674109137671,50.89190882113838,51.975559366764905,31.812181452101054,-85.1365636731357,-62.21644593443111,-22.92011773870459,2746.947171532893,2832.083735206029,2891.154208984375,3570.8966564941406,3315.177163610421,2468.2755951786417,2891.7263793945312,0.29287057533054117,192.73301591587636,0.03977242307572758,1.1584357617278043,27.0,0.0059781013336719585
2022-02-26,2781.11181640625,2849.424072265625,2745.009033203125,2764.989501953125,11724648351,0.0059781013336719585,0.03754435130818473,0.005996005841990337,47.65349161945512,52.376584343725625,53.86650840059734,46.27583636952041,-76.1047667729772,-64.99411010214033,-11.110656670836875,2752.203270744179,2828.308037517156,2882.912236328125,3569.093759765625,3296.8345546262617,2458.9817783815506,2877.908166503906,0.29113256148911026,186.42458899777805,0.03961532316643372,0.7833025722845439,26.0,-0.058989006467831916
2022-02-27,2621.8017578125,2831.12548828125,2581.61572265625,2780.50439453125,16150857254,-0.058989006467831916,0.09516728901470356,-0.05728286710874153,41.73807121048946,39.116546903847755,35.69299984570729,47.17835587102314,-80.86977653363147,-68.16924338843856,-12.700533145192907,2732.1414995239206,2813.011276057552,2873.508818359375,3566.38154296875,3266.492360586304,2437.257077890258,2851.874719238281,0.2907684819049589,190.93067304257963,0.0406227990674568,1.0755827197709724,26.0,0.10744823233553069
2022-02-28,2919.201171875,2929.180419921875,2586.38818359375,2621.172119140625,19266124733,0.10744823233553069,0.11742672606148273,0.1134332194172587,53.373991148427244,60.75530192525571,69.61923679140239,53.059581679235635,-59.95728361139618,-66.52685143303009,6.56956782163391,2760.919910654856,2820.877194266252,2868.7378125,3565.7604772949217,3238.8708615641062,2444.5378298421438,2841.704345703125,0.279526979266177,201.77792756297572,0.04827160321245836,1.2740110391553998,20.0,0.018088331874394136
2022-03-01,2972.485107421875,3029.651611328125,2868.93896484375,2919.77587890625,18757425786,0.018088331874394136,0.054066762549322196,0.018252916606172453,55.10406160070669,63.46920942084453,76.03628725883934,60.44950796531631,-38.639007590390975,-60.94928266450227,22.310275074111296,2793.4684024651665,2832.1074100555575,2866.525556640625,3564.011844482422,3187.2537614806106,2469.457737542827,2828.355749511719,0.2537856222866244,198.8446932002185,0.04763202405475477,1.22097022473476,51.0,-0.007553031531305678
2022-03-02,2950.118408203125,3026.8681640625,2919.943115234375,2972.471923828125,16636517503,-0.007553031531305678,0.03624432447552216,-0.0075245790678323266,54.195017002243254,61.390158178500386,75.8192361465351,73.82492006559225,-23.280562125966753,-53.41553855679517,30.134976430828416,2817.5684033479292,2840.848965473896,2860.765693359375,3562.4352197265625,3167.238196457967,2476.7369256123457,2821.9875610351564,0.2446861497122734,192.27900431649755,0.04634760251343308,1.08998477145596,52.0,-0.03999069193805145
2022-03-03,2834.468994140625,2964.67333984375,2797.3193359375,2950.15673828125,13091199728,-0.03999069193805145,0.05904245354322163,-0.03920161771843611,49.63548688622307,51.260919088635774,72.91901665843534,74.92484668793657,-20.20788076565168,-46.77400699856648,26.566126232914797,2820.168494239113,2840.3763750047647,2850.0099072265625,3560.0550439453127,3159.279203014211,2475.404463977977,2817.341833496094,0.24273758012090452,190.498647144337,0.04585457019348362,0.8660813287649022,39.0,-0.07976638173113913
2022-03-04,2617.156005859375,2835.17626953125,2587.748291015625,2834.9873046875,14496939024,-0.07976638173113913,0.09454078318666334,-0.07666797157791327,42.41442245757549,37.64436806705452,42.767512900819675,63.83525523526333,-34.90572912669313,-44.40035142419181,9.49462229749868,2788.9358037191537,2823.841532845847,2837.387255859375,3557.3582763671875,3151.665085673499,2452.9979026077513,2802.331494140625,0.24931639405494535,194.56502795657187,0.04907755221248014,0.9489035566788421,33.0,0.018052427243852122
2022-03-05,2664.8310546875,2679.1025390625,2596.989990234375,2618.4736328125,8072368396,0.018052427243852122,0.03081341636412076,0.018216357267732075,44.32795671122098,41.61392694298868,49.38227819973186,55.02293591966225,-42.22021350160003,-43.964323839673455,1.7441103380734262,2769.8427654065913,2812.0629789081913,2824.48384765625,3555.608201904297,3143.565683859451,2439.2340719999243,2791.3998779296876,0.252322004248962,186.53270801882564,0.049327866876088554,0.5300850972428388,22.0,-0.042073818174725976
2022-03-06,2555.037353515625,2673.63720703125,2555.037353515625,2664.943603515625,8872976607,-0.042073818174725976,0.04641805073903774,-0.04120099883208184,40.95292109006473,35.535848256080655,34.14874236908979,42.09951115654707,-56.22826473209989,-46.41711201815875,-9.81115271394114,2736.795778961827,2793.024043693927,2808.9739794921875,3553.282939453125,3132.6509857234837,2412.304605096829,2772.4777954101564,0.2598204327620548,181.680361268597,0.04976946396212985,0.5890241058864683,22.0,-0.02266801297812502
2022-03-07,2497.771240234375,2639.943115234375,2455.59375,2555.297607421875,14594098731,-0.02266801297812502,0.07380554402455079,-0.02241302390450539,39.27333082172231,32.635286481051295,26.203246596195708,36.57808905500575,-71.13069265612876,-51.35982814575275,-19.770864510376008,2700.0227730037577,2771.1534656598865,2791.910966796875,3549.8582849121094,3065.4350686656744,2411.309926451513,2738.3724975585938,0.2388736896814984,181.8710044090097,0.04537039307511094,0.9666565229893256,23.0,0.03112913711734261
2022-03-08,2576.74755859375,2618.166015625,2489.755126953125,2497.721435546875,13922922903,0.03112913711734261,0.04983448543246306,0.031618715552175436,42.75993346206201,40.45525235182274,37.16096605239999,32.50431833922846,-75.69567269721392,-56.226997056044986,-19.468675641168936,2681.057355402218,2756.753028099432,2779.1998193359377,3546.3073461914064,2991.571089739478,2430.065653424585,2710.8183715820314,0.207135026898611,178.0524247135001,0.04636483411589996,0.917428667004177,21.0,0.057694315245381184
2022-03-09,2729.783447265625,2761.79638671875,2573.6552734375,2577.165283203125,14173665398,0.057694315245381184,0.06892162580504603,0.0593911064983772,48.884264993618544,52.83327578511447,58.3942214083488,40.58614468564813,-66.20160414364409,-58.22191847356481,-7.979685670079277,2688.5536772273576,2754.7552813710017,2770.5149853515627,3543.825843505859,2973.1198844659466,2433.347010065303,2703.233447265625,0.19967675190858367,178.77304532548223,0.04540756282098399,0.9391695261757423,22.0,-0.045620009985423746
2022-03-10,2608.048583984375,2729.116455078125,2566.193115234375,2729.116455078125,13292477213,-0.045620009985423746,0.06246944203579533,-0.04459506244101141,44.77988205283631,44.28905062424007,26.557398522800394,40.70419532784969,-67.71984033472336,-60.12150284579653,-7.5983374889268305,2676.1682782668986,2743.888118601622,2760.7594384765625,3540.655509033203,2964.4864415933275,2424.2125574301103,2694.349499511719,0.2005210846852377,177.68856580446564,0.045907910190981345,0.888005337814988,28.0,-0.018765736502640632
2022-03-11,2559.56298828125,2664.55859375,2534.688232421875,2608.271240234375,12382419582,-0.018765736502640632,0.050739271478266346,-0.018590756322895086,43.223275321124646,41.19349680887202,18.111282030126638,34.35430065375858,-72.00540236006646,-62.49828274865052,-9.507119611415938,2658.2290028844914,2730.234405244558,2751.9282958984377,3536.857037353516,2958.4212685540397,2409.863912110023,2684.1425903320314,0.20436967783300936,174.2729797704413,0.046029225646500055,0.8200642980942268,22.0,0.005917517764544078
2022-03-12,2574.754150390625,2606.438720703125,2559.126953125,2559.66064453125,6532996574,0.005917517764544078,0.01837525636028091,0.005935060859578956,43.88148621454889,42.65849183772396,20.757559197070947,21.808746583332624,-73.33063144401694,-64.6647524877238,-8.665878956293142,2645.386717885435,2718.7173493294517,2752.26474609375,3533.868526611328,2958.895156273623,2404.000595679502,2681.4478759765625,0.20693841023929377,165.20432175670445,0.0447525137381642,0.44011304897724746,22.0,-0.02191405761565889
2022-03-13,2518.944580078125,2594.5498046875,2503.88525390625,2573.488037109375,8632000379,-0.02191405761565889,0.035993070867179636,-0.021675689037740864,41.95705627690966,38.54300825550179,11.035617547603687,16.634819591600387,-77.9852851222513,-67.3288590146293,-10.656426107621996,2625.9340812996948,2703.919366421946,2754.5400146484376,3530.338673095703,2961.390397539081,2396.0181962109195,2678.704296875,0.21106181895020268,159.88005240131483,0.0447725562659672,0.6018188957636986,21.0,0.02808658645403556
2022-03-14,2590.696044921875,2604.034423828125,2505.29931640625,2518.486328125,11244398839,0.02808658645403556,0.038111420911538255,0.02848473341224711,45.27964407767852,46.311950380378164,23.534612801801185,18.442596515491903,-75.01960878436057,-68.86700896857556,-6.15259981578501,2620.5128449338763,2695.532453718237,2755.653154296875,3527.7905261230467,2961.101008286084,2391.4472583154784,2676.274133300781,0.21285328841407716,155.51255633135483,0.04486861032015556,0.7981885992773508,23.0,0.01130485477367516
2022-03-15,2620.149658203125,2662.32958984375,2515.765869140625,2590.6689453125,12861105614,0.01130485477367516,0.05593715620184729,0.011368996119395458,46.63020767825326,49.37670424895332,28.80505483046574,21.125095059956834,-69.49157288711785,-68.99192175228403,-0.49965113483382595,2620.456970052222,2689.94854293934,2759.2491015625,3524.538270263672,2961.0853690512663,2394.441901456546,2677.763635253906,0.21161071131694228,154.87335378648126,0.04474422656156631,0.9146443003553646,21.0,0.05635772436345545
2022-03-16,2772.0556640625,2781.30712890625,2610.764404296875,2620.028564453125,17915109769,0.05635772436345545,0.061522114011030145,0.057976079871540964,53.06434151175839,62.3192712583696,62.16354384972113,38.16773716066265,-52.25070585762296,-65.64367857335182,13.39297271572886,2643.779846053803,2696.030551911426,2765.571513671875,3522.1765319824217,2970.146645465379,2402.7794775814955,2686.4630615234373,0.21119485170294564,155.9925945595451,0.046454665691531144,1.3278854026513143,24.0,0.015321408134705386
2022-03-17,2814.8544921875,2826.16064453125,2751.560791015625,2771.964111328125,12685265194,0.015321408134705386,0.02650220596576963,0.015439382650158429,54.720632155941296,65.24038635742949,94.64628208673952,61.87162692230876,-34.73330288314537,-59.461603435310536,24.728300552165166,2670.0990223820636,2704.832325265209,2772.507998046875,3520.115791015625,2976.2573744529045,2401.7006333595955,2688.97900390625,0.21367096591630386,150.17882734212225,0.044470114278379255,0.9562760179136134,27.0,0.0453147147891774
2022-03-18,2945.343017578125,2973.6162109375,2774.855712890625,2814.4345703125,15830879093,0.0453147147891774,0.06748297120595154,0.04635711215367966,59.422244164877036,72.75360001455385,94.54209122357221,83.78397238667759,-10.203679690975605,-49.61001868644355,39.40633899546795,2712.444252412227,2722.6479321032025,2782.954833984375,3518.720634765625,3003.304846191133,2391.076281738555,2697.190563964844,0.22698750790252217,153.64894667817603,0.04556290763337493,1.175218170084885,25.0,0.00031029346601351896
2022-03-19,2946.257080078125,2979.987060546875,2910.80224609375,2944.7216796875,11576463120,0.00031029346601351896,0.023482273465182626,0.00031034161201071164,59.45400432285133,72.8016445283384,93.56780878200487,94.25206069743884,9.203883974581913,-37.84723815423847,47.05112212882038,2748.4154566685193,2739.2115726939373,2790.938134765625,3516.2832568359377,3035.784812521281,2391.041847634969,2713.413330078125,0.23761325181805168,147.61579437638667,0.0431935294558853,0.8742318964468769,28.0,-0.02955339699363291
2022-03-20,2860.459228515625,2956.965576171875,2826.107421875,2946.547607421875,12684727326,-0.02955339699363291,0.045747253794902396,-0.029120965764543816,55.09495608681735,61.01890231947248,77.20645370044905,88.43878456867533,17.460079497031074,-26.78577462398456,44.24585412101564,2765.652960029612,2748.192880532581,2796.205625,3511.4114123535155,3026.298395870068,2394.654069950245,2710.4762329101563,0.2330381348674088,146.418820084993,0.03658889476524768,0.9823376377610396,31.0,0.013030575038736027
2022-03-21,2897.9765625,2954.556640625,2838.25048828125,2860.103271484375,15206116098,0.013030575038736027,0.040133572454918706,0.013115842942408973,56.59362040867077,63.99198326866101,83.27108202730093,84.68178150325157,26.7224692470254,-16.08412584978257,42.80659509680797,2786.0104373327486,2759.287968085723,2802.0958251953125,3506.946345214844,3011.692878915186,2401.808732412939,2706.7508056640627,0.225319650861846,144.2679152463328,0.03646717698881137,1.1940195258838142,30.0,0.025602884706367478
2022-03-22,2973.131103515625,3040.3828125,2892.54443359375,2897.774169921875,16830539230,0.025602884706367478,0.049724809891980956,0.025933453702879916,59.508878374910736,69.4393360506699,87.46467567146941,82.64740379973976,39.670031790324174,-4.933294321761222,44.6033261120854,2814.7982321301142,2775.12820033979,2807.79287109375,3502.108927001953,3016.6578279276846,2399.1450529316908,2707.9014404296877,0.2280410822108826,144.52294836489833,0.03691733786133179,1.320567055767338,26.0,0.019299107399374765
2022-03-23,3031.067138671875,3036.752197265625,2933.306640625,2973.14501953125,16008767658,0.019299107399374765,0.03412842801164471,0.019486538985025836,61.647319868279546,73.09939946086122,98.26361300645189,89.66645690174072,53.98373138183706,6.850110818958435,47.133620562878626,2848.0703715980776,2794.0866402162405,2812.5718701171877,3497.8251208496094,3053.3313224626854,2382.1313728498144,2717.73134765625,0.2469706765503914,141.58884895602165,0.03586984718215461,1.2418742791322035,31.0,0.025084636099407708
2022-03-24,3108.06201171875,3118.3876953125,3012.32666015625,3031.060791015625,18070503166,0.025084636099407708,0.03412449132493291,0.02540190286930155,64.34249065056918,77.31225839635123,98.31966760455494,94.6826520941587,70.7250103204442,19.62509071925559,51.09991960118861,2888.0690854627965,2817.3440751423523,2821.0760302734375,3493.6047631835936,3114.655462612695,2369.8978332857428,2742.276647949219,0.2715836966645619,139.05114797032368,0.0303141594519615,1.382647915448282,40.0,-0.0004475252385110946
2022-03-25,3106.67138671875,3183.9580078125,3087.49072265625,3108.448974609375,17030503831,-0.0004475252385110946,0.031051654052840858,-0.0004474251140281771,64.25466363308843,77.05796942934643,88.63553632316166,95.07293897805611,82.92448088122865,32.284968751650204,50.63951212957844,2921.7002087329433,2838.7757278517147,2829.6262060546874,3489.496223144531,3166.9489596044914,2361.7883694970715,2764.3686645507814,0.2912638246962118,136.00944348360414,0.03029265114191604,1.259895234452739,47.0,0.011682834500292717
2022-03-26,3143.178955078125,3146.825439453125,3091.825439453125,3106.4052734375,8876420740,0.011682834500292717,0.017498208274505628,0.011751345351635134,65.58286092741594,79.15761607888926,94.00372202824693,93.65297531865447,94.44974696314648,44.71792439394946,49.73182256919702,2955.7738620168175,2861.324115053671,2832.818046875,3488.080146484375,3216.3243409070037,2371.2271483508084,2793.775744628906,0.30249285189797814,130.2230546633467,0.0279401200537396,0.6566580666214857,51.0,0.046132280821914166
2022-03-27,3291.57763671875,3291.57763671875,3129.997802734375,3143.795654296875,13431866834,0.046132280821914166,0.04908887221188192,0.047212927981994834,70.3978783324972,85.4657500581586,100.0,94.21308611713614,114.24123491360888,58.62258649788134,55.618648415727534,3007.43598120173,2893.194746288121,2838.3566357421873,3487.0514587402345,3285.443543643042,2381.488585263208,2833.466064453125,0.3190279812136387,132.4628246148487,0.027895207535515297,0.9979500961166161,49.0,0.013595696011333971
2022-03-28,3336.634521484375,3424.019287109375,3279.027099609375,3292.322509765625,20620450770,0.013595696011333971,0.04345462068632469,0.013688537758611341,71.69277808001007,86.87307513112728,90.37881235608995,94.79417812811225,132.03977343258384,73.30602388482185,58.73374954776199,3058.081910475983,2926.042137043399,2843.9398046875,3486.597930908203,3357.2218568388284,2385.698968356484,2871.460412597656,0.3383375526335256,133.3577791066452,0.027595790373705804,1.4948493371974385,60.0,0.019397235082778932
2022-03-29,3401.98779296875,3470.186279296875,3335.021240234375,3335.021240234375,19533323636,0.019397235082778932,0.03973119460976902,0.0195865837458582,73.50326941832223,88.7211500778779,92.06460897587404,94.14780711065463,149.69313696691506,88.5834465012405,61.10969046567456,3110.9905077825624,2961.2973708156474,2849.130146484375,3487.550340576172,3437.7271624166706,2372.414097348955,2905.0706298828127,0.3667081461322988,133.48686910349198,0.025580667180987334,1.389054450021346,56.0,-0.004959336101979359
2022-03-30,3385.157958984375,3435.2861328125,3349.237060546875,3401.526123046875,15302506131,-0.004959336101979359,0.02541951463069738,-0.004947058898670642,72.222216131436,85.12074564020536,88.16792311168035,90.20378148121473,160.47566423902572,102.96189004879756,57.51377419022816,3153.170115659764,2992.6944514207385,2854.3811328125,3488.1247399902345,3497.2219881952606,2390.630209070365,2943.9260986328127,0.37588979548053447,130.09845504364435,0.02224113177310227,1.0804704217324335,55.0,-0.03105641221848376
2022-03-31,3281.642822265625,3435.12841796875,3272.9345703125,3385.289306640625,17685495686,-0.03105641221848376,0.049424588975917984,-0.030579115649246424,64.74753780385882,65.92362741918595,72.88434219054702,84.37229142603377,158.8371129989955,114.13693463883716,44.70017836015835,3172.935147445281,3014.0980344462855,2855.2248486328126,3487.482281494141,3522.4191255315486,2437.641055132514,2980.0300903320312,0.3640158110880585,132.3909830874019,0.023310291916991202,1.2257783495228673,52.0,0.04990028142552588
2022-04-01,3449.55224609375,3467.555908203125,3223.891357421875,3282.576171875,20982988937,0.04990028142552588,0.07063657350230718,0.051166270347545506,70.14505323659586,76.11682893863868,96.79634986223284,85.94953838815337,169.13772218470285,125.13709214801031,44.00063003669254,3215.49162416043,3046.3539019757272,2862.66625,3488.3024841308593,3569.456390286936,2478.0835999474393,3023.7699951171876,0.36093115286607635,140.3390950655339,0.024697449445830046,1.3849726587697984,50.0,-0.0013033136125988835
2022-04-02,3445.059326171875,3521.28466796875,3442.000244140625,3449.78857421875,23571556215,-0.0013033136125988835,0.0230139502172885,-0.0013024646682661123,69.83692758708155,75.41261976751437,89.03512129817388,86.23860445031788,174.9220950608228,135.0940927305728,39.82800233025,3250.809732162191,3075.887637101368,2873.019765625,3488.3819323730468,3593.26208239888,2546.8893824448696,3070.075732421875,0.34082960524513306,135.9780471200047,0.02349322891878655,1.4827256643683608,52.0,0.02232451100912061
2022-04-03,3522.83349609375,3573.960205078125,3421.259765625,3444.810546875,15333808649,0.02232451100912061,0.043345914481182544,0.022575567663241758,72.11997704502801,79.28335833582388,93.05069542822271,92.96072219620976,183.66480423034545,144.80823503052733,38.856569199818125,3292.6595419978157,3108.9947377674703,2885.1291796875,3487.919686279297,3626.6552474614186,2606.7099624995185,3116.6826049804686,0.3272534981046913,137.17250371522758,0.023367749824926,0.9522969160607548,48.0,-0.0004520920772690875
2022-04-04,3521.2412109375,3535.148193359375,3422.0009765625,3522.364990234375,18209969743,-0.0004520920772690875,0.03213276512992717,-0.0004519898990444915,71.9998221931975,78.9863518798708,92.26331465358021,91.44971045999223,188.29443904607842,153.50547583363755,34.788963212440876,3327.825952603921,3139.5315135578426,2897.884736328125,3487.6694177246095,3646.8938335028706,2676.5805317315044,3161.7371826171875,0.30689245997612336,135.45641179248813,0.023621815467048852,1.1124421665909683,52.0,-0.03157573691482621
2022-04-05,3411.79248046875,3546.706787109375,3410.547607421875,3521.23974609375,16681503199,-0.03157573691482621,0.03990840019343525,-0.031082429152761826,64.09512405133067,60.739377580989206,74.68714237970335,86.66705082050207,181.04488737946076,159.0133581428022,22.03152923665857,3340.7438799677407,3159.69899258828,2907.451005859375,3487.735686035156,3655.6975477568776,2731.750499118122,3193.7240234375,0.28930084185680005,135.5066094992747,0.02365896771280093,1.0229229646932263,53.0,-0.07297264110082666
2022-04-06,3171.69189453125,3411.672119140625,3171.205078125,3411.672119140625,25632563639,-0.07297264110082666,0.07581664581930145,-0.07037373677091652,50.89456201705609,38.17095805748623,28.375305537914087,65.10858752373251,154.14852651311367,158.04039181686449,-3.8918653037508193,3314.7358822082806,3160.587355695167,2907.2872998046873,3486.434053955078,3639.975588185729,2783.156198923646,3211.5658935546876,0.2667917824702396,143.01238041673722,0.03006052764916198,1.5117954319645672,48.0,0.0192302835457947
2022-04-07,3233.274658203125,3263.474609375,3155.5810546875,3172.197265625,16745496605,0.0192302835457947,0.03336974618403166,0.019416376407197067,53.537693880679925,44.357528544927064,29.967745319006173,44.34339774554116,136.23178588210158,153.6786706299119,-17.446884747810316,3302.2033862074877,3165.971600325386,2909.39619140625,3485.9531872558596,3636.6024033949593,2815.322547776916,3225.9624755859377,0.2545844416460153,140.50389286464886,0.028803107795652306,0.9849841020668973,34.0,-0.01282459540711932
2022-04-08,3192.073974609375,3301.607421875,3179.142333984375,3233.2724609375,17557050669,-0.01282459540711932,0.038365366487351366,-0.012742710703286475,51.538960673796055,41.14417958064406,20.7926377236655,26.378562860195217,117.35529027617076,146.41399455916365,-29.058704282992892,3285.260399807778,3167.905109531607,2915.6080322265625,3487.1185900878904,3628.8983705807454,2847.6082700442544,3238.2533203125,0.24126898770881042,139.21540679507572,0.02905622352046529,1.0148696870982865,37.0,0.0216439781082326
2022-04-09,3261.916259765625,3261.963134765625,3187.46923828125,3191.97607421875,9908112156,0.0216439781082326,0.022837464408030982,0.02187990808226714,54.63105377571825,48.519696416693236,29.71388034996453,26.82475446421203,106.80009520961585,138.4912146892541,-31.691119479638246,3281.6689936474468,3174.868898437831,2925.131806640625,3489.606015625,3608.4092900070623,2908.2430537429377,3258.326171875,0.21488525068723083,134.5924417728828,0.02818617312710678,0.5773629352399701,30.0,-0.015462462060695115
2022-04-10,3211.866943359375,3303.003173828125,3211.866943359375,3261.29150390625,10427054790,-0.015462462060695115,0.028374846180093703,-0.015343531967263346,52.0672269969395,43.91843991094931,13.453320658862413,21.31994624416411,93.32072232210612,129.4571162158245,-36.13639389371838,3270.930216680051,3177.609494357945,2934.0951220703123,3490.2760107421873,3583.9146109561293,2964.126770879808,3274.0206909179688,0.1893048024392739,131.48842667973048,0.028559865614461062,0.6161824802772978,34.0,-0.07457602946225675
2022-04-11,2981.05224609375,3214.4619140625,2962.756591796875,3209.576904296875,21891804831,-0.07457602946225675,0.08443505899483963,-0.07186309437345806,42.225452560671336,29.08052873339193,2.993381239789254,15.386860749538693,63.28390763039306,116.22247449873822,-52.93856686834516,3226.33360582062,3163.049698190227,2941.1431982421873,3489.403653564453,3582.787964931224,2966.045531162526,3274.416748046875,0.18835184438162084,140.07534779300866,0.0331917668639418,1.2746255275725173,32.0,0.016410516719180812
2022-04-12,3030.37646484375,3077.45263671875,2957.872314453125,2981.420654296875,20235707410,0.016410516719180812,0.03946055008442349,0.016545908853034197,44.633884894614184,34.590042526851065,11.7684751630278,9.405059020559785,42.964302086966654,101.57084001638391,-58.60653792941726,3196.1863533626397,3153.222051275673,2950.274404296875,3489.8971899414064,3582.862567248502,2965.901861462436,3274.382214355469,0.18842049137733563,138.61141739819556,0.03311016320795762,1.1638790890399247,20.0,0.028615310469097346
2022-04-13,3118.34423828125,3123.575439453125,3006.481689453125,3029.8779296875,16088473629,0.028615310469097346,0.037549975580803426,0.0290286617712483,48.738192305376494,43.69187839267911,26.0469206212334,13.602925674683448,33.57213377773587,87.97109876865431,-54.398964990918444,3184.2106433501185,3150.6385095723826,2959.855302734375,3490.8610827636717,3582.2986010714367,2967.4940502957506,3274.8963256835937,0.1877325233028112,137.0744411554673,0.03326008311559371,0.9306509984745388,25.0,-0.03207532926840827
2022-04-14,3019.909423828125,3139.9287109375,2988.435302734375,3117.82177734375,15821419931,-0.03207532926840827,0.05016488475044644,-0.03156637206525337,44.741369331874935,36.9750294899341,10.069522598807369,15.96163946102282,17.978659063100622,73.97261082754359,-55.99395176444297,3158.933532654427,3140.9548735913263,2968.446298828125,3490.6493029785156,3589.563902311788,2951.552552766337,3270.5582275390625,0.19507720247057747,138.10436737315715,0.03403364124899678,0.9184147748028116,28.0,0.006932112702695369
2022-04-15,3040.91650390625,3044.287353515625,3001.123291015625,3020.134521484375,11256651536,0.006932112702695369,0.014194425412389003,0.0069561954118133595,45.76357480032678,39.298452979555506,13.479276368973837,16.5319065296715,7.232442708144845,60.62457720366384,-53.392134495518995,3140.777066693169,3133.5446239850244,2977.3032861328124,3491.1831909179687,3595.5390505233686,2935.351159437569,3265.445104980469,0.20217393643484574,131.32291702507447,0.033953890300383545,0.6489520787859124,22.0,0.007010680458268011
2022-04-16,3062.310302734375,3074.886962890625,3016.421142578125,3041.123291015625,8766710365,0.007010680458268011,0.019092062701906838,0.007035312808044258,46.84205740648213,41.84567471720634,16.951800200991006,13.500199722924032,0.4372492572679221,48.58711161438466,-48.14986235711674,3128.705256853355,3128.268007596087,2983.258779296875,3492.4582592773436,3595.3796666778017,2912.583809884698,3253.98173828125,0.20983395473932678,126.118838688462,0.032134181172302365,0.512294669024798,28.0,-0.02275865766468476
2022-04-17,2993.4033203125,3075.77587890625,2989.0439453125,3061.8818359375,10463091281,-0.02275865766468476,0.028974356046580288,-0.022501632953508044,43.81966305139503,36.146008166286926,6.034124615546635,12.155067061837121,-10.388456451657476,36.79199800117624,-47.180454452833715,3107.889574308608,3118.2780307602657,2987.504609375,3493.159559326172,3594.0153556912946,2879.6250007540175,3236.820178222656,0.22070745843210549,123.30548832455399,0.03213791760907601,0.6301258479943544,28.0,0.02122150798980925
2022-04-18,3057.606689453125,3062.52099609375,2893.912841796875,2993.48388671875,18629381299,0.02122150798980925,0.05514383353440131,0.021448285536718847,47.23578908875626,44.38100419587284,25.075883260205156,16.02060269224756,-13.630111460804073,26.70757610878018,-40.337687569584254,3100.1537458693033,3113.7838573301074,2996.2207080078124,3493.439197998047,3576.4902347909456,2862.712011302804,3219.601123046875,0.2216977185088867,126.54139303686263,0.03221458094395675,1.1249920316196325,24.0,0.015093412368395846
2022-04-19,3104.1064453125,3125.084228515625,3035.53515625,3057.5703125,14156035096,0.015093412368395846,0.02884858294755089,0.015207893160284813,49.62493515097085,49.84634868712812,40.59678169244538,23.90226318939902,-12.305158519520774,18.905029183119993,-31.210187702640766,3100.761853475949,3113.06701199547,2999.9188134765627,3492.422149658203,3557.3523697984065,2853.744724928156,3205.548547363281,0.21949679890170498,123.89908441034565,0.03253737409466361,0.8578248680537416,27.0,-0.008528432651459052
2022-04-20,3077.745849609375,3157.8857421875,3045.288330078125,3103.93505859375,15547362265,-0.008528432651459052,0.0365843762322564,-0.00849216873439762,48.29003134247852,46.8045280251176,44.93702085300251,36.86989526855098,-13.229699792331758,12.478083388029644,-25.707783180361403,3097.220929804168,3110.4506295964998,3002.0240283203125,3490.8524072265627,3549.555375605993,2841.1520218549445,3195.3536987304688,0.2216979466255961,123.09182210313347,0.03194819161977289,0.9482795113364016,27.0,-0.02976700072954131
2022-04-21,2987.480712890625,3173.451416015625,2962.410400390625,3077.829345703125,20783591093,-0.02976700072954131,0.07064180020121404,-0.029328327006015287,43.932089895487074,37.6306393593434,22.87217853063378,36.13532702536052,-21.003927367769393,5.7816812368698365,-26.78560860463923,3080.3378195097766,3101.341746877546,3002.7712744140626,3488.698017578125,3517.27560263014,2827.224641510485,3172.2501220703125,0.21752728648941005,129.37390735469538,0.029877561703094174,1.2684238817405387,27.0,-0.007608845779525937
2022-04-22,2964.835693359375,3024.8544921875,2942.358642578125,2986.938720703125,16782795477,-0.007608845779525937,0.027824762699042247,-0.007579971791462747,42.886451891027576,35.58899201711276,17.336721503621913,28.38197362908603,-28.66192571719739,-1.1070401539436094,-27.554885563253784,3062.5682616404843,3091.2301873576816,3005.3786083984373,3486.621750488281,3480.5875699430553,2815.8903109163193,3148.2389404296873,0.21113304028188368,126.02547465860107,0.029845418168925324,1.0459223199503953,26.0,-0.009053731962818659
2022-04-23,2938.114013671875,2975.32275390625,2926.740234375,2964.80224609375,9116955609,-0.009053731962818659,0.01653527375220356,-0.00901287034129783,41.62736935520834,33.115511775959675,10.804746143847643,17.004548726034407,-36.46679430544236,-8.178990984243361,-28.287803321199,3043.4214542606983,3079.8882485661406,3011.7977685546875,3483.7197277832033,3415.3185473206963,2822.6873852964914,3119.002966308594,0.19000660416992052,120.49383500664742,0.02900774728347435,0.579402953453837,24.0,-0.005248860381637175
2022-04-24,2922.732666015625,2961.882080078125,2922.128662109375,2937.34716796875,9696829579,-0.005248860381637175,0.013601455388303884,-0.005235109183876596,40.8833304117037,31.63881803960281,8.990768251192526,12.377411966220656,-43.39314592629853,-15.221821972654396,-28.171323953644134,3024.853948376841,3068.2470943031394,3016.95580078125,3480.4305810546875,3333.139178477799,2845.015899647201,3089.0775390625,0.15801587129429512,114.72666236108331,0.028952478376572898,0.6333893476869085,24.0,0.029219558436975848
2022-04-25,3009.3935546875,3018.41552734375,2804.507080078125,2922.990234375,22332690614,0.029219558436975848,0.07108025034892373,0.029650638144067543,46.66727241346796,47.134393797729984,55.5331671073772,25.109560500805753,-41.412146579340515,-20.459886893991623,-20.952259685348892,3022.475426270789,3063.8875728501293,3026.0429248046876,3477.5376745605467,3264.885527665813,2873.0296578810626,3068.9575927734377,0.1276837029965694,121.81107556855058,0.029674735983627437,1.4323182735862263,23.0,-0.06915985471067161
2022-04-26,2808.29833984375,3026.4150390625,2786.253173828125,3008.9462890625,19052045399,-0.06915985471067161,0.08551864373773667,-0.06682250466394446,37.49884005121617,29.209728300011406,5.693508806000641,23.405814721523424,-55.42993178986535,-27.45389587316637,-27.97603591669898,2989.5251052820136,3044.955037071879,3032.253466796875,3473.760369873047,3271.1171886078405,2830.458641470285,3050.7879150390627,0.14444089835458568,130.26470340182374,0.029232652633288187,1.2482533975770653,27.0,0.028307356278774228
2022-04-27,2888.9296875,2911.87744140625,2802.2734375,2808.64599609375,17419284041,0.028307356278774228,0.03793931170443206,0.028711816872254436,42.386425400450044,39.900999682766184,26.51781503237148,29.24816364858307,-59.34871660855424,-33.83286002024395,-25.515856588310292,2974.048887161704,3033.3976037702582,3038.497109375,3470.3264343261717,3247.90355964248,2819.237773365332,3033.570666503906,0.14130733495362144,128.7889391521399,0.029712880635349173,1.1387644589447916,21.0,0.016482452376458217
2022-04-28,2936.94091796875,2973.135009765625,2861.821533203125,2888.849853515625,18443524633,0.016482452376458217,0.03790116303718045,0.01661903738138304,45.13751872971524,45.60762673155545,38.91746597022379,23.709596602865265,-57.912695256930874,-38.64882706758134,-19.263868189349537,2968.3399688243267,3026.2526640812575,3042.6402587890625,3467.881875,3226.0710774712998,2815.55694987245,3020.814013671875,0.1358952010090352,127.54069182430848,0.030060054699747468,1.2022393210734588,24.0,-0.042192511152652254
2022-04-29,2815.601806640625,2943.44580078125,2782.435302734375,2936.776611328125,18771041399,-0.042192511152652254,0.057185109651204984,-0.041314794787239206,39.94597850920552,35.631694653807685,8.482132265069598,24.639137755888253,-65.8071068365989,-44.08048302138485,-21.726623815214055,2944.841790026834,3010.648896863433,3046.7913232421874,3464.233114013672,3190.682701667256,2806.313880363994,2998.498291015625,0.12818710701118055,129.93139226877753,0.030560336752180128,1.1892356627699188,23.0,-0.030806004516415807
2022-04-30,2730.186767578125,2836.82763671875,2727.40625,2815.533447265625,13520941867,-0.030806004516415807,0.04007835215457247,-0.030336334797430475,36.74233955998192,30.205637758087093,0.6233713063101771,16.00765651386782,-78.05598390444038,-50.87558319799596,-27.180400706444424,2911.81794041934,2989.8739243237806,3050.203798828125,3460.421181640625,3174.183319220237,2774.645245232888,2974.4142822265626,0.13432495815218654,128.46639187234697,0.03096444257657121,0.8483027303237405,20.0,0.0351134809733128
2022-05-01,2827.756103515625,2838.704345703125,2728.078857421875,2729.994140625,15332730152,0.0351134809733128,0.039121297676173054,0.03573723860073175,42.42281418227081,41.98031534776589,22.497688835419357,10.534397468933006,-78.97984673004885,-56.49643590440654,-22.48341082564231,2898.8853501264607,2977.8651968565096,3055.263837890625,3456.528953857422,3176.4291899767736,2757.0697602185387,2966.749475097656,0.1413531655700153,127.19204161584004,0.028162294002393347,0.9821833694032787,22.0,0.010432259389035846
2022-05-02,2857.410400390625,2874.14599609375,2785.52294921875,2827.614013671875,18609741545,0.010432259389035846,0.031015162142226646,0.010486865128902734,44.066807587780644,45.25517593828861,29.145961058587268,17.422340400105565,-76.43803071187813,-60.484754865900854,-15.953275845977274,2892.50458862864,2968.942619340518,3062.033154296875,3451.8859350585935,3170.816329125234,2745.386014624766,2958.101171875,0.1438187167313171,124.43711342006576,0.02798059510550329,1.1983427569372143,28.0,-0.026215139510623486
2022-05-03,2783.476318359375,2859.193359375,2762.11865234375,2857.15234375,13026093219,-0.026215139510623486,0.03487534863902394,-0.02587450581867512,40.92902550504928,38.87299264526105,12.570491203890967,21.404713699299162,-79.47336623618185,-64.28247713995705,-15.190889096224794,2875.7310085872145,2955.2043748233964,3065.888759765625,3446.4901428222656,3153.7008301869714,2729.0147215708407,2941.357775878906,0.14438437652802383,122.48265582086462,0.027406486371397733,0.84714591209739,27.0,0.05492824792191639
2022-05-04,2940.644775390625,2956.686767578125,2779.273681640625,2783.131103515625,18186749944,0.05492824792191639,0.060331355702061315,0.05646480841047263,49.20857939800716,54.71264014388781,47.806487243302,29.840979835260043,-68.40814403493869,-65.10761051895338,-3.3005335159853075,2885.7177419415857,2954.1258859765244,3072.298662109375,3442.041456298828,3146.6617727663297,2728.127314147733,2937.3945434570314,0.1424849309231785,126.40625797205287,0.029797008909061624,1.173739116134624,21.0,-0.0673141307405492
2022-05-05,2749.213134765625,2948.960693359375,2704.916259765625,2940.2265625,22642925048,-0.0673141307405492,0.08876883007273832,-0.0650985260875554,41.566533756313376,39.98818601751064,13.778240494996048,24.718406314062964,-74.23013051932185,-66.93211451902708,-7.298016000294766,2864.717033145284,2938.947163664606,3071.8418115234376,3436.551999511719,3141.626545175186,2703.9922048248136,2922.809375,0.14973071596582396,134.80898480217408,0.03314990346844429,1.4095423559004314,27.0,-0.019924052577192305
2022-05-06,2694.979736328125,2754.837646484375,2645.335205078125,2748.931640625,21027599270,-0.019924052577192305,0.04063200918736616,-0.01972688030319758,39.686153886721954,36.72174562789729,13.027330974442359,24.8706862375801,-82.27189951470109,-70.00007151816189,-12.271827996539201,2838.603602865721,2920.875502380422,3069.44431640625,3431.283096923828,3134.70531343672,2674.180379922655,2904.4428466796876,0.15855878659844516,133.00137455960808,0.03318158092473759,1.2608688884394192,22.0,-0.022092781930447968
2022-05-07,2636.093017578125,2696.65283203125,2599.5234375,2694.991943359375,13369276367,-0.022092781930447968,0.03684596631589515,-0.02185052375578611,37.692316079800996,33.278240637470944,8.566479158707683,11.790683542715326,-92.33237530008682,-74.46653227454688,-17.865843025539945,2807.4481282060906,2899.7805035061774,3063.25931640625,3425.0753076171877,3140.671074194385,2632.4835888915527,2886.5773315429688,0.1760519213359129,130.43909027186822,0.03316462111142902,0.7947315783353691,23.0,-0.046047462225365786
2022-05-08,2517.4599609375,2638.83056640625,2498.43017578125,2636.121826171875,20802269935,-0.046047462225365786,0.05577065486781963,-0.04500336515045189,33.98768129573422,27.26829507500588,3.6042293027088363,8.399346478619588,-108.62589930498234,-81.29840568063398,-27.327493624348364,2762.834564010923,2871.460463315905,3054.6833740234374,3416.882646484375,3147.745919813281,2571.3940704210936,2859.5699951171873,0.20155192926780172,131.15061172566337,0.03362849191109726,1.2286480592210198,18.0,-0.11435321457567539
2022-05-09,2245.430419921875,2528.258056640625,2238.062744140625,2518.50830078125,36333567678,-0.11435321457567539,0.12923816740226435,-0.10805714698013369,27.349648956102556,18.385594872681807,0.93456641513045,4.368424958848952,-141.85394105017804,-93.4095127545428,-48.444428295635234,2683.2339264587617,2825.08786750894,3042.3827978515624,3407.838184814453,3189.6589637666407,2443.6134239286716,2816.636193847656,0.2648711045706035,142.51094749525885,0.040380720429293915,2.0140669379517373,11.0,0.042752999756193504
2022-05-10,2343.510986328125,2450.76025390625,2206.7568359375,2242.650390625,38202099639,0.042752999756193504,0.10411874294263967,0.04368007377831029,32.47072794652655,28.221116634834004,17.844212565126462,7.461002760988545,-158.44664719363482,-106.4169396423612,-52.02970755127362,2630.968858746356,2789.415505939991,3031.293486328125,3399.7048303222655,3185.989495307153,2373.859406060035,2779.924450683594,0.2921410648578641,149.76040967193677,0.04246712934412372,1.9925322944814685,10.0,-0.12308346967034775
2022-05-11,2072.108642578125,2441.079345703125,2018.8555908203125,2342.754150390625,45743399154,-0.12308346967034775,0.20376525931453102,-0.11581014355526464,26.834027773717736,20.316813382084362,5.580446429062546,8.119741803106448,-191.29130025823906,-123.39181176553677,-67.89948849270229,2544.9903639512436,2736.2816642094826,3013.273037109375,3389.2070556640624,3232.246685709071,2236.0650086268665,2734.1558471679687,0.36434707191766214,169.22207718699931,0.04896316438196915,2.2400583904799762,12.0,-0.05475452838877197
2022-05-12,1961.7015380859375,2170.4580078125,1748.3031005859375,2072.504638671875,42463486402,-0.05475452838877197,0.21519833625581267,-0.053282488294059016,24.93752140603661,17.932998491252192,17.659824717026705,13.694827903738533,-223.65173706027417,-143.44379682448425,-80.20794023578992,2455.2536215104274,2678.9053585707015,2991.885725097656,3378.5760479736327,3272.8337475413496,2095.164531267244,2683.999139404297,0.43877406627465787,187.28870790411096,0.04955304256717833,1.9564223242750378,12.0,0.026518197304113908
2022-05-13,2014.418212890625,2139.71337890625,1941.9759521484375,1960.12255859375,24816096567,0.026518197304113908,0.09816105984966532,0.026872933410718503,27.569752886400124,22.967850735069305,22.022402286111667,15.0875578107336,-242.25129910525266,-163.20529728063795,-79.0460018246147,2387.432789415073,2629.6840885203255,2970.012849121094,3367.558754272461,3281.9780754329804,1993.6506232974882,2637.814349365234,0.48840717408543793,188.03504496508964,0.050618130314764455,1.1034467004529551,10.0,0.020565145487466706
2022-05-14,2056.27392578125,2063.429931640625,1956.572998046875,2014.2806396484375,15457044616,0.020565145487466706,0.05196629313536198,0.020778065161833226,29.6782936254979,27.110125390278256,25.48617906776984,21.72280202363603,-250.72398971781786,-180.70903576807393,-70.01495394974393,2336.4852719329465,2587.2092616507643,2949.004899902344,3357.184613647461,3271.8698604281976,1917.1129642788333,2594.4914123535154,0.5221666526621636,182.23660843856538,0.0513081921328096,0.6786063502610171,9.0,0.0425734314830471
2022-05-15,2145.706787109375,2147.1943359375,2008.1627197265625,2056.18310546875,14846088335,0.0425734314830471,0.06479525396768507,0.04349267877534668,34.09317925953161,35.725860175764794,32.88721102235875,26.798597458746713,-247.37063884145573,-194.04135638275028,-53.32928245870545,2307.134735806243,2554.5053746476988,2929.055456542969,3348.261860961914,3227.498455182332,1875.1156927668874,2551.3070739746095,0.5300744768087071,179.1505375651634,0.052031080129514136,0.6626741668581584,10.0,-0.059022919641966265
2022-05-16,2022.7259521484375,2145.8369140625,1988.811767578125,2145.8369140625,21459552191,-0.059022919641966265,0.07763046018052559,-0.057314837096923754,31.193077258001125,30.0310115927344,22.70991068967123,27.0277669265999,-251.7347679939935,-205.58003870499894,-46.15472928899456,2263.379538320427,2515.1143063144204,2903.6784228515626,3336.938896484375,3214.690708151333,1809.3662010283547,2512.028454589844,0.5594381323807239,177.5701524879642,0.05154242811923256,0.9527553394040503,14.0,0.03291374362591901
2022-05-17,2090.4091796875,2113.059814453125,2015.9715576171875,2022.88232421875,18509929297,0.03291374362591901,0.04644461848873599,0.033461392764142284,34.49559083097225,36.52745706904204,28.311047926781875,27.969389879603913,-246.88595338965752,-213.84122164193067,-33.04473174772684,2236.7687139153613,2483.654667305019,2878.753916015625,3325.317209472656,3175.3090469767644,1768.8958114216734,2472.102429199219,0.5689138196472977,171.8214456556766,0.05176257223220503,0.8198139289617886,8.0,-0.08677775891458377
2022-05-18,1916.6561279296875,2102.32666015625,1916.6561279296875,2090.4599609375,17740965589,-0.08677775891458377,0.09687211467980855,-0.08311915841461581,30.454488484878766,28.579965533631167,14.021735118908126,21.680897911787042,-254.13415173571957,-221.89980766068848,-32.23434407503109,2187.520623763719,2441.6547754994385,2849.0472827148437,3313.27223815918,3130.0161771182557,1712.1602022762756,2421.0881896972655,0.5856275623810587,172.8106661250256,0.05345571186076986,0.7869805571943747,12.0,0.051691431898870245
2022-05-19,2018.336181640625,2028.38818359375,1907.0205078125,1916.1495361328125,18734247914,0.051691431898870245,0.060132537327153825,0.053050754503766395,35.235925452743885,37.81699735092198,26.82799931259733,23.053594119429075,-248.80559456853416,-227.28096504225763,-21.524629526276527,2161.4922480524738,2410.297842621008,2821.710847167969,3301.9235479736326,3086.587371149026,1675.862445745505,2381.2249084472655,0.5924366574526627,169.1361668147559,0.05560702129148291,0.8311098997874147,13.0,-0.028657989349473723
2022-05-20,1961.315673828125,2054.7958984375,1926.6767578125,2018.0001220703125,15892482289,-0.028657989349473723,0.065323059584251,-0.02825124393605738,33.831214666474025,34.86670286099776,22.46139437584383,21.10370960244973,-246.3440521739467,-231.09358246859546,-15.250469705351236,2130.6958520179587,2377.0399041919054,2795.3043041992187,3290.1069915771486,3051.677998863071,1633.8847086564606,2342.781353759766,0.6051752494663205,166.20637922977335,0.05558029906048121,0.7013508585866818,13.0,0.006708965008305254
2022-05-21,1974.518310546875,1985.39599609375,1944.26513671875,1961.0179443359375,8546822406,0.006708965008305254,0.020830832084615176,0.006731520527228918,34.48250227178475,36.21101584555678,25.402384389408873,24.89725935928331,-240.55495190234478,-232.98585635534533,-7.569095546999449,2106.6685379454843,2347.223489847829,2765.8036254882813,3277.055588989258,2989.566879324664,1610.6720488979915,2300.119464111328,0.5994883535144646,157.27241352586094,0.05454425720814258,0.38291319780437877,13.0,0.0341781293795885
2022-05-22,2043.170166015625,2047.19140625,1966.038818359375,1974.670654296875,10941123403,0.0341781293795885,0.039718956962297575,0.03476891305694485,37.90507023189136,43.309215236850456,37.805653152233134,28.556477305828576,-227.80146376723133,-231.94897783772257,4.1475140704912405,2096.8995576485827,2324.701021415814,2737.7658422851564,3264.235470581055,2907.3255163313474,1611.4893884538092,2259.4074523925783,0.5735291908085568,151.83528312334406,0.05544576174829338,0.49874996741267724,14.0,-0.03536211901070593
2022-05-23,1972.181884765625,2080.33349609375,1964.3865966796875,2042.3447265625,16434529708,-0.03536211901070593,0.058791179611631855,-0.03474418451813721,35.82127571134427,38.18344860068854,31.870809930751935,31.69294915746461,-220.87626941616236,-229.73443615341054,8.858166737248183,2077.712223358897,2298.5884927750594,2706.7528100585937,3251.409758911133,2831.0403304165643,1606.6451310092166,2218.8427307128904,0.5518170271644095,149.27182714410966,0.055565361348927714,0.7433911659758511,10.0,0.0034424837230023803
2022-05-24,1978.9827880859375,1991.5355224609375,1920.6881103515625,1972.390869140625,13057109007,0.0034424837230023803,0.03579991323618245,0.0034484158752532412,36.183232736165166,38.99050278020709,33.29786336149258,34.324775481492516,-212.39091666067134,-226.2657322548627,13.874815594191375,2062.5230794707495,2274.913996131421,2675.9076416015623,3238.87345703125,2693.105190704563,1648.414071990749,2170.759631347656,0.48125600993659823,143.67008321305718,0.05318828677267698,0.5975511710140882,12.0,-0.017409489280917415
2022-05-25,1944.827880859375,2014.3695068359375,1943.9385986328125,1978.677001953125,13364545730,-0.017409489280917415,0.03621446858937624,-0.017258819749310206,35.11221814407057,36.2198751237893,46.552764615375274,37.2404793025399,-206.04704693970575,-222.22199519183133,16.174948252125574,2044.4161258382303,2250.463172777936,2646.568349609375,3225.9896911621095,2588.4288562399834,1672.651881064704,2130.5403686523437,0.42983319567633765,138.4387135694906,0.05199934739724528,0.6248878235964489,11.0,-0.07521510273085805
2022-05-26,1803.913330078125,1962.171142578125,1759.1995849609375,1945.0333251953125,23458681818,-0.07521510273085805,0.11251735559179946,-0.07245605236746355,31.031154482281593,26.98879779226698,11.524317018373404,30.458314998413716,-209.96971093073284,-219.77153833961165,9.801827408878808,2007.415695721291,2217.385406652024,2619.2127783203123,3211.906484375,2485.1618949558692,1686.812201723818,2085.9870483398436,0.38272034999806304,143.0482024300404,0.053591214861517966,1.0906618720385632,12.0,-0.044776051541073544
2022-05-27,1724.9228515625,1814.656494140625,1721.2647705078125,1802.5438232421875,25470760032,-0.044776051541073544,0.05414255109914902,-0.04378840002928741,28.99661556376047,23.133084910922193,0.8588464740636504,19.645309369270745,-216.95144070921492,-219.20751881353232,2.256078104317396,1963.9552581584,2180.906698867615,2589.0457421875,3196.4706616210938,2381.8789798061434,1698.9781002719817,2040.4285400390625,0.3346850262744747,139.50131108738125,0.053875512165648634,1.1518069731090492,12.0,0.018961351496110807
2022-05-28,1757.9417724609375,1757.9417724609375,1724.635986328125,1724.635986328125,23214777872,0.018961351496110807,0.018945898353725236,0.019142259532667127,31.032191504479343,28.13970958806196,8.611048616952523,6.998070703129827,-217.31508783482582,-218.82903261779103,1.5139447829652113,1932.2608757434057,2149.5759635782315,2560.3630981445312,3181.585026245117,2287.5275041087352,1717.377757121733,2002.4526306152343,0.28472570999685975,131.9159164477692,0.05425758605687541,1.0440944622606059,13.0,0.030304641628396484
2022-05-29,1812.031005859375,1818.776611328125,1765.9373779296875,1792.1844482421875,10642556101,0.030304641628396484,0.02916022586124454,0.030768501122035552,34.3523591735364,36.09465994937713,21.378283226881383,10.28272610596582,-210.80866069251078,-217.224958232735,6.416297540224207,1913.763972684324,2124.572633376835,2531.3653930664063,3167.464309692383,2254.3402786908628,1707.2250411333562,1980.7826599121095,0.27621164534113146,126.8386966205848,0.05022266607400665,0.5080023928622869,14.0,0.09691791883629919
2022-05-30,1996.4412841796875,2005.2108154296875,1804.4560546875,1811.885986328125,19580808705,0.09691791883629919,0.10055630602964369,0.10176993535099799,44.213008449825054,55.63118824341092,70.23481228881616,33.408048044216656,-188.5978632569679,-211.4995392375816,22.901675980613675,1926.4835590682262,2115.081422325194,2507.0568798828126,3153.7945947265625,2181.0615891098296,1745.7967604995454,1963.4291748046876,0.2216860349208075,132.11841548641357,0.05453349546159871,0.9781234270873836,10.0,-0.02747898255305248
2022-05-31,1942.3280029296875,2005.490966796875,1932.35205078125,1996.4080810546875,18363115560,-0.02747898255305248,0.03765528577320967,-0.02710486988964189,42.20946103647136,50.36051669657855,58.01242224086616,49.8751725855212,-173.36370692419814,-203.87237277490493,30.50866585070679,1928.9211658161435,2102.2848727403416,2486.282395019531,3140.170658569336,2168.8888256674427,1744.9914599770887,1956.9401428222657,0.21661233086006224,127.90559409564295,0.0476749246399248,0.9846313848958389,16.0,-0.06309150106858519
2022-06-01,1823.5693359375,1965.1666259765625,1776.05322265625,1942.0506591796875,21037797760,-0.06309150106858519,0.10370507969914343,-0.061142436711543735,38.12609755416548,40.52897779428468,28.491639104114206,52.24629121126548,-168.9260854329525,-196.88311530651447,27.957029873561964,1912.71319198866,2081.6392774216124,2462.1462524414064,3126.0312030029295,2169.770783439314,1730.2962819903732,1950.0335327148437,0.22536766372273756,132.27758046883363,0.0481828486069016,1.1967946930243145,17.0,0.0057856843673090245
2022-06-02,1834.1505126953125,1845.31396484375,1789.6641845703125,1822.412109375,17065041354,0.0057856843673090245,0.030340901626257098,0.00580245376432198,38.695155338478145,41.71182120665366,31.438477969165977,39.31417977138208,-162.68015038724593,-190.04252232266077,27.362371935414842,1900.6266259435295,2063.3067763307754,2436.4623779296876,3112.0701611328127,2164.2155606868714,1717.8247347232848,1941.0201477050782,0.22997743042047597,126.80416616916249,0.04772042324486063,0.9926788220636643,13.0,-0.03273672733860295
2022-06-03,1775.07861328125,1840.058837890625,1746.509765625,1834.135009765625,14878001811,-0.03273672733860295,0.05270136858485306,-0.03220668042518249,36.6676430068744,36.928034566212254,14.987059283880182,24.97239211905342,-160.64499495840096,-184.16301684980883,23.51802189140787,1881.3115470724097,2041.9565420308106,2411.56576171875,3098.158034667969,2154.723672001026,1699.19709215913,1926.960382080078,0.23639644285274453,124.4288023189098,0.04772429099315429,0.8669180685706888,10.0,0.014835719294589681
2022-06-04,1801.6094970703125,1810.2996826171875,1751.5333251953125,1775.2208251953125,8677951273,0.014835719294589681,0.03261880974619523,0.014946314822654516,38.23301928364275,40.50341500278195,22.37586312519739,22.93380012608115,-155.10336399298876,-178.35108627844482,23.247722285456064,1869.0496932259332,2024.153057218922,2386.7796215820313,3086.0842559814455,2120.147194498551,1699.3638406576986,1909.755517578125,0.22033362384231933,119.73862768340732,0.046586534132409235,0.5149037696314326,14.0,0.0019937039856387836
2022-06-05,1805.2049560546875,1825.859619140625,1777.13330078125,1801.8189697265625,8850385937,0.0019937039856387836,0.026992125296325005,0.0019956927348694364,38.45502950477474,41.031923854000304,23.377192043082914,20.246704817386796,-148.70725338608645,-172.42231969997317,23.715066313886723,1859.2274259688184,2007.9346793549048,2361.6375146484374,3073.6723120117185,2107.2666171985993,1690.4923183482756,1898.8794677734375,0.21948433585361757,114.66631987454787,0.04509429730182733,0.5455428328908853,10.0,0.029520384068369997
2022-06-06,1859.2896728515625,1915.030517578125,1804.990234375,1805.635986328125,16518471852,0.029520384068369997,0.059184044751003216,0.029960430041737984,41.84140717068262,48.984841375777044,47.090642093628205,30.9478990873028,-137.68693572011762,-165.47524290400207,27.788307183884456,1859.2370024123175,1996.923938132435,2338.9552416992187,3062.9655059814454,2076.7114171902113,1697.9355676730702,1887.3234924316407,0.20069471451824278,114.33588868373194,0.04494755612610981,1.02449609763613,13.0,-0.024633518924954634
2022-06-07,1814.04833984375,1862.9149169921875,1729.41357421875,1859.333740234375,24020076750,-0.024633518924954634,0.07359304591901691,-0.024332589842456676,39.86541756017305,43.28741416748153,31.655431603830554,34.04108858018053,-131.09269703976656,-158.598733731155,27.50603669138843,1852.2849004786917,1983.3775975184583,2314.084074707031,3050.544214477539,2073.6722699330476,1690.71393612164,1882.1931030273438,0.20346389177361898,115.70484969013947,0.041037097221641804,1.4613006129133086,15.0,-0.011351689292160249
2022-06-08,1793.572265625,1830.676025390625,1770.231201171875,1814.1007080078125,18041476023,-0.011351689292160249,0.033700802235413135,-0.01128750197501005,38.968428285089196,40.78273817849683,25.44012341622784,34.72873237122883,-126.06575587985049,-152.09213816089408,26.026382281043595,1843.2521874242775,1969.317943304128,2287.8733911132813,3037.4624200439453,2055.4076821392573,1686.5021323138674,1870.9549072265625,0.19717500854803738,111.75770501361164,0.039006132172588304,1.0999004852256598,17.0,-0.0020908740002338988
2022-06-09,1789.8260498046875,1827.2930908203125,1779.8675537109375,1793.5128173828125,12013083393,-0.0020908740002338988,0.026497288445740442,-0.0020886896458599535,38.79643419430864,40.285197839244844,24.122083112686454,27.072546044248252,-120.98946585270642,-145.87160369925655,24.882137846550137,1835.0327816366482,1956.0222474893546,2262.1149951171874,3025.0628857421875,2045.17020674266,1679.590645308121,1862.3804260253905,0.19629693070536747,107.16255016330902,0.03864109614023349,0.7411432073235364,11.0,-0.07226794597572235
2022-06-10,1665.042236328125,1797.6077880859375,1663.4339599609375,1789.68994140625,18504740451,-0.07226794597572235,0.08058283759869667,-0.06971840279684127,33.49355191781163,27.32879081184818,0.4701778753384478,16.677461468084214,-125.58778253780156,-141.81483946696557,16.227056929164007,1808.8803900507214,1934.468172588523,2235.6662255859374,3012.9458081054686,2041.1431809823223,1652.6700636465841,1846.9066223144532,0.21033717278512035,109.09192716057267,0.04136659882053468,1.1076204850218878,13.0,-0.08480274498246529
2022-06-11,1529.6634521484375,1679.314208984375,1507.0389404296875,1665.2178955078125,21127089064,-0.08480274498246529,0.11262298796034124,-0.08130651657115606,28.881291470770435,19.422363205517172,4.538954708167547,9.710405232064117,-138.55869967535432,-141.16361150864333,2.604911833289009,1765.9239380657548,1904.482637741109,2206.962780761719,2998.890307006836,2039.2122934942554,1603.250279747932,1821.2312866210937,0.23937762158432827,113.60502297443801,0.04340745672583037,1.2271740063293788,12.0,-0.056788571472257895
2022-06-12,1445.216552734375,1539.705078125,1436.1839599609375,1530.189697265625,23465074882,-0.056788571472257895,0.07163017747630882,-0.05520619538595595,26.43581698399595,16.044346431269943,1.5865943445239392,2.1985756426766114,-153.8785874181449,-143.70660669054365,-10.171980727601238,1716.5843403224656,1870.4629277406104,2177.104831542969,2984.916482543945,2056.5297172082214,1533.236322830841,1794.8830200195312,0.2915473535270763,112.88474405941119,0.044207195982527966,1.3357035249101044,14.0,-0.18212592105140693
2022-06-13,1204.582763671875,1448.738037109375,1181.9482421875,1443.83544921875,45162788786,-0.18212592105140693,0.22147900747693897,-0.16650362093294369,20.983490594650846,10.166219982925568,2.748433178753545,2.9579940771483106,-183.32360415132052,-151.63000618269905,-31.693597968621475,1637.8148669916056,1821.1384711429262,2142.741833496094,2969.565680541992,2110.245458041478,1402.0805795561782,1756.163018798828,0.4032455249909925,123.87796197815861,0.05749072750336616,2.3555581078365235,11.0,0.005860412842474421
2022-06-14,1211.662841796875,1252.4718017578125,1094.701904296875,1204.5552978515625,33327826525,0.005860412842474421,0.13020940481014295,0.0058776186564533095,21.49652221086336,11.281944909814968,13.436608582402624,5.9238787018933365,-203.7391112667567,-162.05182719951057,-41.68728406724614,1572.253016961647,1775.9921282284038,2106.787219238281,2955.469450073242,2134.4460476924696,1304.5634859989368,1719.5047668457032,0.4826288229580703,126.29881451264282,0.05788277835154009,1.6522623928895308,8.0,0.01762395810200834
2022-06-15,1233.2064208984375,1236.6275634765625,1025.6842041015625,1211.365966796875,37539999450,0.01762395810200834,0.17105275791648877,0.017780176430609806,23.13196942953948,15.028377874484349,23.3342415268632,13.173094429339756,-215.69377735460353,-172.78021723052916,-42.913560124074365,1520.0920021826917,1735.7857795372952,2075.285380859375,2941.1509216308596,2154.4254149111493,1227.5134278622882,1690.9694213867188,0.5481541980154351,132.34485343138263,0.057249775536787256,1.7983154721582586,7.0,-0.1440820564562429
2022-06-16,1067.730712890625,1246.140625,1058.7845458984375,1233.603515625,18907671369,-0.1440820564562429,0.17547128394793554,-0.13418330070586004,19.731700772804047,10.902645680650608,4.727799300668106,13.832883136644611,-235.80226136872943,-185.3846260581692,-50.41763531056023,1450.4979576762198,1686.3002190449492,2038.8614013671875,2925.0173071289064,2194.698272521159,1121.521356385091,1658.109814453125,0.6472290959148697,136.27422669353834,0.06356010300132414,0.9202185027786633,7.0,0.017443704896270215
2022-06-17,1086.519287109375,1112.4715576171875,1060.86767578125,1067.9876708984375,14591486540,0.017443704896270215,0.04749467630089366,0.01759673482453694,21.148969666073143,14.029063042671751,6.84042673657698,11.634155854702728,-247.3707627370618,-197.78185339394773,-49.58890934311407,1394.5012391274745,1641.8720018645363,2001.85296875,2908.2243786621093,2213.4096047460803,1035.6677756250133,1624.5386901855468,0.7249700091701424,130.22634491799542,0.06350701932916068,0.7253754123848783,9.0,-0.08936282394912362
2022-06-18,993.6367797851562,1095.1668701171875,896.1090087890625,1086.3779296875,21655406608,-0.08936282394912362,0.20033262191760376,-0.08548629410097963,19.331762524511774,11.6677382869172,9.571666723573305,7.046630920272764,-261.0247941627638,-210.43044154771096,-50.59435261505283,1332.8297838440408,1593.8545780068046,1965.4136682128906,2890.035167541504,2225.9958412801225,941.2421164835496,1583.618978881836,0.8112770444969747,135.14288180443324,0.06375241748691293,1.0478550303709657,6.0,0.12652513202322718
2022-06-19,1127.656494140625,1142.3408203125,943.1163330078125,993.400634765625,21795481981,0.12652513202322718,0.17667125435792783,0.13487797259723666,28.833639781270932,31.17004863222745,22.72476175586333,13.045618405337839,-258.0567242581021,-219.9556980897892,-38.10102616831293,1301.2646623512076,1559.3213866093097,1933.3630627441407,2872.738498840332,2182.5161540245945,897.8433247351713,1540.179739379883,0.8341057841772846,139.72013934016567,0.06711092012083475,1.049012193323716,6.0,-1.244898015539338e-05
2022-06-20,1127.6424560546875,1159.9853515625,1066.1131591796875,1127.65625,19739691429,-1.244898015539338e-05,0.08324641545623036,-1.2448902667161477e-05,28.833256670433016,31.169207666158144,23.94828634176903,18.748238273735186,-252.79161584098483,-226.52288164002834,-26.268734200956487,1274.5535536902046,1527.3451695311894,1899.3607897949219,2855.820199890137,2137.921539134714,860.9693849375517,1499.4454620361328,0.851616271833694,136.44528598606902,0.06741457661467601,0.9469304929047917,9.0,-0.002502032227301735
2022-06-21,1124.8245849609375,1185.4324951171875,1112.5726318359375,1127.5118408203125,15632089439,-0.002502032227301735,0.06477442283481051,-0.0024989047535589615,28.750677415521025,30.973507409242117,24.472891949854056,23.715313349162106,-246.0105022015373,-230.42040575233017,-15.590096449207124,1251.5183277318556,1497.528829933393,1864.7090734863282,2840.340792541504,2104.6848891186946,824.3315598559149,1464.5082244873047,0.8742547893242499,131.90347007858196,0.06707676188895209,0.7597357907615867,9.0,-0.06748368424041079
2022-06-22,1051.421875,1126.26171875,1049.7633056640625,1125.3729248046875,15010593493,-0.06748368424041079,0.07275710626235306,-0.06525702846678672,26.61252345211119,26.01043117172088,16.67907229171528,21.700083527779423,-243.74961222789625,-233.08624704744338,-10.663365180452871,1220.7342580808008,1464.483870308697,1830.0679846191406,2824.999964904785,2066.0749242603333,784.6686609447445,1425.371792602539,0.898997910556313,127.94596600767878,0.06735551982697623,0.7331908349165318,11.0,0.08385124942460077
2022-06-23,1143.38671875,1146.4942626953125,1050.2196044921875,1051.329345703125,14657862919,0.08385124942460077,0.08420130881734977,0.0874671204172921,33.3048842976997,40.051375437087636,27.42962227345466,22.8605288383413,-231.86425947387102,-232.84184953272893,0.9775900588579134,1208.834636645293,1440.698896119164,1794.1228234863281,2809.7252847290038,2024.6233895368714,762.9510062150816,1393.7871978759765,0.9052116314775172,125.68372973592493,0.07180589852860206,0.7163468794726138,11.0,0.0704509462982519
2022-06-24,1226.8447265625,1238.616943359375,1134.5140380859375,1143.2047119140625,16981552654,0.0704509462982519,0.08485418164132616,0.07299193391343572,38.762531795639596,50.08099971637228,42.228488484366544,28.779061016512127,-213.25242681289546,-228.92396498876226,15.6715381758668,1211.6054197094786,1424.857846522374,1763.6754553222656,2794.0658218383787,1970.8219428160673,759.2759758851042,1365.0489593505858,0.8875476286999618,124.14224227431869,0.07433936225204413,0.81340406966638,11.0,0.01344167032550677
2022-06-25,1243.4468994140625,1246.394287109375,1184.56201171875,1226.7247314453125,12481946184,0.01344167032550677,0.04972651057295782,0.013532415710079349,39.81755707286737,51.946826083968645,53.968305148815354,41.208805302212156,-194.915889693626,-222.12234992973504,27.206460236109024,1216.5041088947992,1411.4199985884252,1734.6447985839843,2778.707748718262,1909.6871151747923,764.2349978623171,1336.9610565185546,0.8567580272646322,119.69153035405486,0.0745549943253332,0.5927210150381311,14.0,-0.035706013007877895
2022-06-26,1199.8316650390625,1272.1312255859375,1199.4063720703125,1242.987548828125,12096607824,-0.035706013007877895,0.060612547272001965,-0.035076073128295526,37.966969935741986,46.60755758735953,54.95959145923793,50.38546169747324,-181.8076711635017,-214.0594141764884,32.25174301298668,1213.939117532378,1395.7467886958798,1705.9195715332032,2762.510117492676,1826.3498573816328,781.6264548742266,1303.9881561279296,0.8011755303128015,116.33676772273846,0.07375981084080975,0.5805175251814829,14.0,-0.005139739154583573
2022-06-27,1193.6806640625,1234.1807861328125,1179.79248046875,1199.713134765625,12492225250,-0.005139739154583573,0.04556353076790291,-0.005126553295592751,37.70084943491918,45.8324707034809,79.1367217097664,62.688206105939855,-169.95649522875965,-205.23883038694265,35.282335158183,1210.8224323831662,1380.7789276119258,1679.4439855957032,2747.8794412231446,1741.386741249932,804.5528034278025,1272.9697723388672,0.7359435849767706,111.91187757569017,0.07385054034869722,0.6165579455955581,12.0,-0.04200444947713469
2022-06-28,1144.5792236328125,1229.739013671875,1141.15966796875,1193.2540283203125,14023205651,-0.04200444947713469,0.07739031416451934,-0.04113448588718749,35.55822716807896,39.68599042467599,66.07859954667842,66.72497090522755,-162.65148374460614,-196.72136105847534,34.0698773138692,1200.6311694984963,1363.2826532431025,1657.4269616699219,2734.0598568725586,1645.8520490020264,835.1881914764889,1240.5201202392577,0.6534870690925881,110.24526815622123,0.07395937701819999,0.6990519002644325,10.0,-0.04068749910629359
2022-06-29,1098.94384765625,1152.684814453125,1092.09912109375,1144.5244140625,15386286815,-0.04068749910629359,0.0551308362921253,-0.03987087571947978,33.644414032867786,34.647713925514665,53.942248571115066,66.3858566091866,-158.7150348392588,-189.12009581463204,30.40506097537323,1184.9869661381508,1343.7020009774096,1632.5356188964843,2719.1323141479493,1527.1958065993667,884.756213664305,1205.976010131836,0.5327134101654567,106.69815567073222,0.07390347978574847,0.7606061094647498,13.0,-0.02921858312549719
2022-06-30,1067.298828125,1103.6904296875,1009.0948486328125,1099.3531494140625,16350755497,-0.02921858312549719,0.08863083005616178,-0.0287958475755975,32.34440314159423,31.420630486285205,45.52651723459554,55.18245511746297,-156.34659312571875,-182.56539527684942,26.21880215113066,1166.8810987515124,1323.227691877231,1612.4394226074219,2703.796542663574,1423.6915415994843,928.4861378438752,1176.0888397216797,0.4210612217634842,105.83368605530045,0.07305764962802487,0.812610021623474,11.0,-0.007081609166298482
2022-07-01,1059.767333984375,1100.223876953125,1040.1507568359375,1068.3167724609375,17499453625,-0.007081609166298482,0.05668519701520938,-0.007056593656957433,32.02721737737488,30.628522803893404,43.52357863038709,47.66411481203253,-153.310051792987,-176.71432658007694,23.404274787089946,1150.4020580181066,1303.7121098110936,1594.4007385253906,2690.174245300293,1344.433059007476,960.7550086194769,1152.5940338134765,0.3328822110232174,102.56507420257809,0.0716071183290713,0.8776098837658715,11.0,0.006344889241282355
2022-07-02,1066.5128173828125,1073.0526123046875,1033.962158203125,1060.1212158203125,9935603640,0.006344889241282355,0.036652587258622166,0.006365060690327828,32.66412678079975,32.40900204115546,37.50483250410902,42.184976123030516,-148.6457708561511,-171.1006154352918,22.454844579140683,1137.4960209972921,1286.1417918534432,1575.4426306152343,2676.7796072387696,1274.102621718204,993.2150723735929,1133.6588470458985,0.24777079107753738,98.03117276679127,0.07121391800230815,0.5157755030521463,14.0,0.006778719510311701
2022-07-03,1073.7669677734375,1083.4189453125,1044.005615234375,1066.4674072265625,8557248150,0.006778719510311701,0.03670566450731154,0.0068017470323764595,33.38699609762436,34.51763313631457,24.586758641429295,35.2050565919751,-142.7187721325272,-165.4242467747389,22.705474642211698,1127.6915512705452,1270.4103234030724,1555.792491455078,2662.0564987182615,1265.9153669161262,988.3207475858269,1127.1180572509766,0.24628708372160082,93.84418400331512,0.059466496934854396,0.49086070341044646,11.0,0.06950946292442169
2022-07-04,1151.05908203125,1152.94384765625,1048.3963623046875,1073.7943115234375,13670889311,0.06950946292442169,0.0908272103349115,0.0719822052433643,40.69259061675746,52.815684091342675,53.97133090216513,38.68764068256778,-130.28293470590188,-158.39598436097148,28.113049655069602,1131.2865560029613,1261.5694907088632,1535.8995373535156,2647.9994454956054,1257.9274576811804,990.2482808442102,1124.0878692626952,0.2381301178995417,94.60870552818993,0.06177863407083348,0.8310417991212433,14.0,-0.014454281840769207
2022-07-05,1134.541015625,1165.6827392578125,1086.8299560546875,1150.509765625,16195518291,-0.014454281840769207,0.06950192378870172,-0.014350320208673328,39.69075918035678,49.3756399768006,47.691565875902754,42.083218473165694,-120.37273193732494,-150.79133387624216,30.41860193891722,1131.7872420986596,1252.1599740359845,1518.1358386230468,2634.2747177124024,1243.4774400122883,994.8317579857586,1119.1545989990234,0.2221727742073521,93.48328250497102,0.06164314419459343,1.0528138395631657,19.0,0.04517903298009994
2022-07-06,1186.9739990234375,1193.63671875,1116.24755859375,1134.822265625,15373536703,0.04517903298009994,0.06519869872458925,0.046215150158809504,44.372415840219865,59.21366523888561,67.62530432143397,56.42940036650058,-107.05387089953501,-142.04384128090075,34.98997038136574,1140.2775123947793,1247.3313832943143,1500.0671350097657,2620.4052871704102,1250.4363155557762,999.7972110555519,1125.116763305664,0.2227671941922106,92.33370233720522,0.052948049548464354,1.0109930627567505,18.0,0.04176146365600772
2022-07-07,1237.5933837890625,1246.8948974609375,1165.6231689453125,1186.9609375,14230795894,0.04176146365600772,0.06566916854936669,0.04264574018240608,48.526686615003264,66.53787795241055,86.86955690427948,67.39547570053871,-91.36086508065227,-131.90724604085108,40.5463809601988,1155.2491849169767,1246.610049997629,1486.4858801269531,2606.980291442871,1265.74563992846,999.5952963508369,1132.6704681396484,0.23497597144451113,91.5435613499495,0.053517894841538995,0.9369554653615463,18.0,-0.012265639403591082
2022-07-08,1222.5062255859375,1262.8857421875,1200.6322021484375,1237.580322265625,16315929082,-0.012265639403591082,0.05092288181127656,-0.012190723060375164,47.39070057307977,62.62724590863502,81.13378819506644,78.54288314025992,-79.22815957971807,-121.37142874862448,42.143269168906414,1165.5964219429707,1244.8245815226887,1470.5692810058595,2593.4236001586914,1266.315448104959,1021.9124327544163,1144.1139404296875,0.21361772347494848,89.45141697060043,0.048819185979157416,1.0934609878308288,20.0,-0.004532075174142032
2022-07-09,1216.978271484375,1228.7679443359375,1209.3775634765625,1222.306884765625,8821353104,-0.004532075174142032,0.01593321862330716,-0.00452182081846908,46.95695609341899,61.092385561954046,79.03219518896006,82.34518009610196,-69.2605700178035,-110.94925700246029,41.68868698465678,1173.5013218724175,1242.761891890221,1455.6825329589844,2579.407191467285,1274.520877790797,1022.639180802953,1148.580029296875,0.21929834279117505,84.44705724837004,0.04049218032455294,0.618059619233877,24.0,-0.0407342890636578
2022-07-10,1168.401611328125,1216.9044189453125,1157.175537109375,1216.9044189453125,10984558039,-0.0407342890636578,0.05112016386903432,-0.03991579906928,43.214012107952236,48.824869012008755,62.77087426739552,74.3122858838073,-64.53697194024585,-101.66679999001741,37.12982804977156,1172.7167510194495,1237.2537229596953,1439.5601989746094,2565.3387014770506,1276.4567206054016,1024.7792535156923,1150.617987060547,0.218732428938177,82.68674847170075,0.041700375789566535,0.7939744833633966,24.0,-0.0628418587339451
2022-07-11,1097.236572265625,1169.19384765625,1095.0028076171875,1168.1390380859375,12064180410,-0.0628418587339451,0.06761626609462114,-0.06090802885970559,38.386576437256416,36.34949060994723,34.73005764638261,58.8443757009127,-65.77766634098862,-94.48897326021167,28.71130691922305,1161.1044158265533,1226.882082167542,1420.6415270996094,2550.284806213379,1276.7714490395217,1021.7057238120408,1149.2385864257812,0.22194323114467865,82.07991215508375,0.04413767436347221,0.8834017413668183,22.0,-0.055314409897435454
2022-07-12,1038.191650390625,1097.2591552734375,1038.1356201171875,1097.2591552734375,12583282453,-0.055314409897435454,0.05694857508630941,-0.05381238956798651,34.90278219812534,29.141859508108368,11.464872261676579,36.321934725151536,-70.71025354138828,-89.733229316447,19.02297577505871,1142.1947596056414,1212.9050131470296,1401.9617224121093,2535.2358499145507,1278.2518346967336,1018.9023156938916,1148.5770751953125,0.22580070994255236,80.44017094088133,0.04325140855589623,0.9296751159055511,16.0,0.07010607675696244
2022-07-13,1113.587158203125,1113.587158203125,1019.2203369140625,1038.1866455078125,18302588147,0.07010607675696244,0.08474129805998483,0.07262195547819328,42.12560827373171,45.29999643515688,41.17260005146569,29.12250998650826,-67.75454484393617,-85.33749242194484,17.58294757800867,1137.7935901591004,1205.5481350030366,1384.653809814453,2520.3373806762697,1277.6479412671151,1016.5262530688224,1147.0870971679688,0.22763893765606233,81.43493168003712,0.041927243027080306,1.3342630810405935,15.0,0.06764856552378615
2022-07-14,1191.5262451171875,1202.953369140625,1077.40576171875,1113.5157470703125,16688640823,0.06764856552378615,0.10536705165862906,0.0699892112978604,48.48835550641832,57.09857914577526,70.71414508340484,41.117205798849,-58.44932403262919,-79.95985874408171,21.51053471145252,1146.0601524603446,1204.5094764929738,1369.5877770996094,2505.9583712768554,1272.4288901915936,1018.2134559998127,1145.3211730957032,0.22195995338552832,84.5858370901684,0.04167870830043995,1.2179062511659529,18.0,0.034319919269879505
2022-07-15,1233.129150390625,1275.7781982421875,1182.9031982421875,1191.6748046875,17411448225,0.034319919269879505,0.07531652298591715,0.034915643229785465,51.550333419465936,62.178906569476005,83.37644084231883,65.08772865906309,-47.1740694260875,-73.40270088048287,26.22863145439537,1159.455382911157,1206.6294523372444,1358.1720935058593,2491.936278991699,1270.390411069893,1019.2201602191697,1144.8052856445313,0.21939997482568674,85.17792015515637,0.04232801089936216,1.248203592408873,15.0,0.09249326833356561
2022-07-16,1352.62646484375,1377.944580078125,1195.60595703125,1232.7916259765625,18364013796,0.09249326833356561,0.13480338274169287,0.09690575753178088,59.07525223547516,72.92356802758717,92.9421789252209,82.34425495031483,-28.270034955458186,-64.37616769547793,36.106132740019746,1189.1740109007867,1217.4440458562449,1350.7261657714844,2479.6949459838866,1305.9719263346988,998.9181249348327,1152.4450256347657,0.26643683175320326,92.11797036170769,0.046229804621412886,1.2875664433058809,21.0,-0.010397239373836612
2022-07-17,1338.6357421875,1378.41748046875,1329.7633056640625,1353.205078125,16079711737,-0.010397239373836612,0.036346089732506644,-0.010343374922703541,57.940605312224044,70.19947875925888,88.92481775117645,88.41447917290536,-14.253085141014026,-54.351551184585155,40.09846604357113,1212.168123406435,1226.421208547449,1342.3400451660157,2468.245466003418,1332.7641824432878,986.6213766387434,1159.6927795410156,0.29847802099926946,89.01341353620624,0.04631131811925679,1.113403091050155,24.0,0.16496206658988707
2022-07-18,1578.7178955078125,1578.7178955078125,1338.8060302734375,1338.8060302734375,27440420623,0.16496206658988707,0.15196626700503996,0.17934838115706353,68.95856836164715,82.95027530407431,100.0,93.95566555879907,16.043136604014308,-40.272613626865265,56.31575023087957,1268.560396037416,1252.5172594334017,1337.6737829589845,2457.5697952270507,1432.675800907054,930.1236253624769,1181.3997131347655,0.4253870810676671,99.80403780649955,0.05697845672671421,1.815705968570318,20.0,-0.02290054563807826
2022-07-19,1542.9752197265625,1607.0330810546875,1501.7974853515625,1578.3839111328125,27753529276,-0.02290054563807826,0.0682030368068868,-0.02264031837667424,66.17904298517291,77.21211252230566,89.10233540074454,92.67571771730695,36.74539732079961,-24.86901143733229,61.6144087581319,1310.7780612203615,1274.0326638995618,1328.6044616699219,2446.8715072631835,1496.7831521453406,910.4194113312217,1203.6012817382812,0.4871744070987303,100.19200622768709,0.05617899214513369,1.7642377689180924,30.0,-0.014870158627478716
2022-07-20,1520.20068359375,1612.645751953125,1500.80322265625,1542.954345703125,22942708340,-0.014870158627478716,0.07357089791097816,-0.014760143806359038,64.39789006614505,73.43576524732025,84.42178814446467,91.17470784840305,50.72959417582547,-9.74929031470074,60.47888449052621,1342.9969262008829,1292.2673320250574,1320.1619152832031,2435.6240255737303,1542.8467104359881,909.6460385874495,1226.2463745117188,0.5163731245286445,101.0241864469148,0.05564723184168181,1.4284936307160088,31.0,0.03652310206255386
2022-07-21,1576.74951171875,1595.761962890625,1472.1854248046875,1520.37451171875,20009556587,0.03652310206255386,0.07837423583612325,0.037198265160175215,66.78808537607632,76.73232091989777,93.95101063677697,89.15837806066202,65.61877635795872,5.324323019831153,60.29445333812757,1378.9588624344008,1313.340086076442,1315.225518798828,2424.359948425293,1593.5489980059524,910.6419687909224,1252.0954833984374,0.545411303107239,102.63506870684499,0.0554797473304687,1.236205106256669,34.0,-0.025269428257882164
2022-07-22,1537.4051513671875,1641.209228515625,1523.6417236328125,1576.745361328125,18926100582,-0.025269428257882164,0.0764713873751898,-0.02495282862569259,63.58929888895695,69.7102470140269,83.31094356345307,87.22791411489818,73.39771625770527,18.93900166740598,54.458714590299294,1403.3352145779063,1329.937498320201,1309.2906115722656,2413.24007232666,1627.4429467006462,923.8372534946661,1275.6401000976562,0.5515706923544625,103.70167129084267,0.05632912945604473,1.137672972592411,33.0,0.007705564304018057
2022-07-23,1549.2974853515625,1591.632568359375,1495.6781005859375,1536.4573974609375,14998811383,0.007705564304018057,0.06193417899446456,0.00773532856566761,64.14823997138187,70.65718224689049,85.22292851124745,87.4949609038258,79.6045622946342,31.072113792851624,48.53244850178258,1425.7909485430841,1346.18638624845,1304.774989013672,2402.016276550293,1657.6498889999857,941.1833629531392,1299.4166259765625,0.551375526312351,103.14829961102802,0.05631954532878005,0.8844745089374374,31.0,0.03187491067046729
2022-07-24,1599.4766845703125,1654.4287109375,1548.671142578125,1549.2225341796875,17217849557,0.03187491067046729,0.066120106269499,0.03238835646038862,66.48602334263111,74.57066142021766,91.34897639665564,86.62761615711868,87.56320044022391,42.370331122326085,45.192869317897824,1452.5118310088117,1364.9486305685878,1300.7323327636718,2392.261725158691,1695.903680539672,947.7713316673592,1321.8375061035156,0.5659790597693368,103.33467595019566,0.055135884465313395,1.0048218156710207,30.0,-0.10130187270170739
2022-07-25,1445.3834228515625,1605.3369140625,1445.3834228515625,1599.1572265625,20585056021,-0.10130187270170739,0.11066509320784175,-0.09633979863866915,54.69199527542509,50.45977295440197,67.09028145176431,81.22072878655577,80.50838950048342,49.99794279795755,30.51044670252587,1451.4151528307732,1370.9067633302898,1293.5359020996093,2382.396601257324,1704.7976397357052,969.9616131939825,1337.3796264648438,0.5494595640612142,107.37887704024865,0.060824424336377664,1.1861370016849926,30.0,-0.0024776074702502673
2022-07-26,1441.8067626953125,1445.151123046875,1362.95166015625,1445.151123046875,18238563509,-0.0024776074702502673,0.05701142831162852,-0.0024745407341075776,54.4505532818827,50.02180193968224,66.52721265378936,74.98882350073642,73.77832382867314,54.75401900410067,19.024304824572468,1449.9369389637793,1376.1586151351062,1285.1862438964845,2373.639582824707,1713.4437576275423,986.798771669333,1350.1212646484375,0.5382072003342772,105.59694030132464,0.06039258655967964,1.042325439441606,26.0,0.12649942102926798
2022-07-27,1636.232666015625,1636.7994384765625,1423.618896484375,1443.726806640625,23007524016,0.12649942102926798,0.13028742575547123,0.13484879413164408,63.80466877957581,67.76550303716634,96.84656477762086,76.82135296105814,83.1744604039045,60.43810728406144,22.736353119843066,1478.5978200486786,1395.423359644774,1281.629930419922,2366.360882873535,1749.860473471514,990.2459840480174,1370.0532287597657,0.5544415891863809,113.2814832792434,0.0655137656777032,1.2827001022529125,28.0,0.05310195450870282
2022-07-28,1725.4681396484375,1774.576416015625,1604.8909912109375,1636.23193359375,27231399966,0.05310195450870282,0.09834167372065226,0.054537154456223425,67.14011367197773,72.91458007539663,91.70010152698985,85.02462631946666,96.70674809134562,67.69183544551828,29.014912645827337,1516.5778692178724,1419.8711211265268,1280.2678479003907,2359.1994662475586,1798.4800920825628,991.9225568432184,1395.2013244628906,0.5780940148905349,117.31033624534655,0.06576653170957414,1.4733561178825854,32.0,0.0011230310443704164
2022-07-29,1727.406982421875,1759.884033203125,1662.7911376953125,1725.6239013671875,23249531113,0.0011230310443704164,0.056207307540047935,0.0011236618798609044,67.21081402658697,73.02380982944749,91.85287731666064,93.46651454042374,106.36156210655099,75.42578077772482,30.935781328826167,1549.0131174031035,1442.6515552965525,1279.0194665527345,2352.4210116577146,1839.945634190964,1001.4998858285671,1420.7227600097656,0.5901543721004608,115.8662333355227,0.06568014492595801,1.210662513899325,39.0,-0.018366886660011843
2022-07-30,1695.969482421875,1738.016845703125,1678.1080322265625,1727.0618896484375,15576977870,-0.018366886660011843,0.035324228470792786,-0.018199243328242076,64.77711304369427,67.84781926800645,82.3280987532894,88.6270258656466,110.20594274972837,82.38181317212553,27.824129577602832,1571.6217889444529,1461.4158461947245,1279.6380114746094,2344.7103012084963,1865.8892848145629,1028.3130223143435,1447.1011535644532,0.5787959331226628,111.86927477416839,0.06482095712797795,0.8015489719257337,42.0,-0.008557982564043836
2022-07-31,1681.517333984375,1745.8831787109375,1672.61279296875,1695.884765625,14200735370,-0.008557982564043836,0.043573969926656936,-0.008521467271251915,63.6363320009276,65.36301455118908,78.64492744894646,84.27530117296546,110.8091357686028,88.067277691421,22.741858077181803,1588.5287958736717,1477.719660105069,1282.6750891113281,2336.256596374512,1874.409154013381,1078.2212292874003,1476.3151916503907,0.5393075470800464,109.11221127188404,0.062318140396201,0.7267363534242983,39.0,-0.027934007780179175
2022-08-01,1635.19580078125,1700.1708984375,1613.416015625,1681.445556640625,16191371176,-0.027934007780179175,0.05305473679118488,-0.027547461014490793,59.98969482514331,57.48992145911591,66.13891335486339,75.70397985236637,106.32377567580647,91.71857728829809,14.60519838750838,1595.7083350902221,1489.3845594144157,1286.4746740722655,2328.1911325073243,1854.8383482560098,1157.4924500838338,1506.1653991699218,0.46299423592953165,107.5152592390709,0.060828372967147035,0.8210290193864529,33.0,-0.0013771538036708396
2022-08-02,1632.9454345703125,1672.6297607421875,1567.85107421875,1634.6458740234375,20426082309,-0.0013771538036708396,0.06416545483101742,-0.0013762059625289647,59.81037887342044,57.10009866165822,65.59221003371856,70.12535027917609,101.41842131076828,93.65854609279214,7.759875217976145,1601.4371196256207,1500.0186983148524,1295.0419274902345,2319.805852355957,1834.236930396593,1230.0296955799695,1532.1333129882812,0.3943568289355803,107.3197897593828,0.05999150190461075,1.0302153954851396,31.0,-0.008654237260966648
2022-08-03,1618.87451171875,1678.0982666015625,1595.634521484375,1633.05126953125,16786218830,-0.008654237260966648,0.050938935983145604,-0.008616897144064772,58.63028023342997,54.408806237052936,62.17382407629825,64.63498248829336,95.29696269118904,93.98622941247152,1.310733278717521,1604.119795332256,1508.822832641067,1303.1861608886718,2311.247571105957,1813.7746251561139,1293.2268274806047,1553.5007263183593,0.3350804984231679,105.544357999226,0.059164778946311745,0.8464259764925525,34.0,-0.006612007743759959
2022-08-04,1608.205810546875,1658.5115966796875,1585.3265380859375,1618.88671875,14467440626,-0.006612007743759959,0.04550727159035896,-0.006590196519029812,57.7006797558907,52.23114974295731,59.58197287687239,62.44933566229636,88.56387834941802,92.90175919986083,-4.337880850442815,1604.748413057582,1516.184534708164,1310.6861486816406,2302.5339907836915,1787.6765111367345,1356.8326075156092,1572.2545593261718,0.2740293555299175,103.23297947026343,0.0591810729944326,0.734959396203454,30.0,0.0743046651520902
2022-08-05,1732.254638671875,1732.254638671875,1606.4970703125,1607.52392578125,18546491876,0.0743046651520902,0.07259762251570226,0.07713492098552788,64.70752172596744,69.04027658301206,89.71835956382357,70.4913855056647,92.17502786541604,92.75641293297187,-0.5813850675558285,1624.3647554597808,1532.1897275943647,1323.9766271972655,2295.133739318848,1792.328352058254,1390.1435839769024,1591.2359680175782,0.25274992280523206,104.84187867662854,0.05802823727110597,0.9417424810302863,31.0,-0.023714658344009317
2022-08-06,1691.6580810546875,1744.326416015625,1691.6580810546875,1732.6611328125,11757911705,-0.023714658344009317,0.031134149123149463,-0.023435675512644583,61.138222411645636,60.86319309311541,79.85584351266151,76.38539198445245,90.71537656101873,92.34820565858125,-1.6328290975625208,1634.717574782074,1544.0021982210553,1336.079403076172,2287.771903991699,1777.5507874616737,1440.2233824602013,1608.8870849609375,0.2096650586325407,101.1151969826506,0.05837857631581362,0.6036597355734613,31.0,0.004537152465114219
2022-08-07,1699.350830078125,1724.7891845703125,1672.908447265625,1691.7779541015625,10252090340,0.004537152465114219,0.030529738995862536,0.00454746092581626,61.57080252963582,61.861801523865715,81.72471775162143,83.76630694270214,89.15164823538635,91.70889417394227,-2.5572459385559227,1644.6611525199282,1555.509504284542,1350.1936840820313,2280.789528503418,1787.4198138017123,1442.417649577194,1614.9187316894531,0.2136343813806612,97.59844986279609,0.04589993471167439,0.550645961455681,30.0,0.04384483523495011
2022-08-08,1775.51611328125,1806.886474609375,1697.407958984375,1699.6934814453125,16841424404,0.04384483523495011,0.06166010818267246,0.044820223025767714,65.64795262451443,70.54363232794564,92.93356585093026,84.8380423717377,92.98639480859697,91.96439430087321,1.0220005077237602,1664.792684944747,1571.80629013615,1363.1508764648438,2274.661508483887,1809.1354821839886,1443.9560705503864,1626.5457763671875,0.22451222519492386,98.44702598866779,0.046290271489104876,0.9318713639344869,30.0,-0.04168505282330071
2022-08-09,1703.0250244140625,1786.12255859375,1675.849853515625,1776.0712890625,16368619692,-0.04168505282330071,0.06475107734606841,-0.04082817853633558,59.20926574430836,56.310123508488246,72.90106021922918,82.51978127392692,89.14838694568334,91.40119282983525,-2.252805884151911,1670.6745833246416,1581.5261963789583,1374.6585278320313,2270.386975402832,1814.3282893038256,1457.0456975125805,1635.686993408203,0.21842968320411496,99.29171735220044,0.04733419225102482,0.922488215924723,42.0,0.08372108672275558
2022-08-10,1851.74267578125,1869.400634765625,1665.0904541015625,1702.906494140625,23512477984,0.08372108672275558,0.11033400230831968,0.08732558197044393,66.47400970426662,70.5380216524424,94.1442597520781,86.65962860741247,96.98898104311161,92.51875047249052,4.470230570621084,1698.5312129333506,1601.542231890239,1389.1968896484375,2267.6197830200194,1848.9304771398754,1449.942826082781,1649.4366516113282,0.2418932856059218,106.79303616019058,0.050051495736728895,1.3121436612745685,31.0,0.015795510583422143
2022-08-11,1881.22412109375,1927.939208984375,1851.828369140625,1851.828369140625,23826986482,0.015795510583422143,0.04045814583724288,0.015920919087778707,67.70202838690989,72.60158768130914,87.02676278932906,84.6906942535454,104.37840532051996,94.89068144209642,9.487723878423537,1726.6378141887967,1622.2594088682768,1405.7929345703126,2264.3507083129884,1883.0774704533555,1450.1777297419571,1666.6276000976563,0.25974593285628567,104.60757166325733,0.04945192398509322,1.3117569209368571,41.0,0.03961592493298804
2022-08-12,1957.2464599609375,1957.552978515625,1860.08349609375,1880.899169921875,17168141904,0.03961592493298804,0.049799289162500406,0.040411101481618195,70.68401063617561,77.37005860342478,99.92134537929945,93.69745597356882,115.04280287974052,98.92110572962525,16.121697150115267,1762.1160673845106,1647.0732645047701,1422.0701293945312,2261.9351791381837,1930.5921153509446,1443.4579823053052,1687.025048828125,0.2887533492072463,104.09770814601573,0.04988379074193866,0.9395542982766317,42.0,0.01223302302337789
2022-08-13,1981.3365478515625,2013.7557373046875,1948.59521484375,1957.333984375,16038975216,0.01223302302337789,0.03288715515372363,0.012308152490466462,71.57946587604843,78.73810154178341,92.72956931448887,93.22589249437243,124.00878743302906,103.93864207030602,20.07014536272304,1795.8422951486725,1671.8335077156435,1437.1599658203124,2259.562186584473,1977.5174797538039,1434.7186042305711,1706.1180419921875,0.31814848806675844,101.31648059708156,0.04965825810913036,0.8805994563099362,46.0,-0.022733480866810634
2022-08-14,1936.802001953125,2022.79150390625,1919.0101318359375,1981.782470703125,14062754456,-0.022733480866810634,0.05358388310506519,-0.02247702236489202,67.47616782777527,69.65611264456693,81.09873373703202,91.2498828102734,126.06760030273267,108.36443371679135,17.703166585941318,1817.5284038878192,1691.4608035850865,1451.0270678710938,2256.906045227051,1992.0110752006772,1469.3668666938543,1730.6889709472657,0.30198621316732704,101.49254427374092,0.0429913641476497,0.7861739701176478,47.0,-0.016961404717251303
2022-08-15,1904.2281494140625,2007.2103271484375,1881.8568115234375,1936.760498046875,20349931313,-0.016961404717251303,0.06582904241992836,-0.016818369924346488,64.5609481219171,63.41441267116433,73.93870784937073,82.5890036336305,123.64547855590581,111.42064268461425,12.22483587129156,1830.8668262764722,1707.2213477205664,1465.1149975585938,2254.3121798706056,1989.3593769966906,1518.2607035697156,1753.810040283203,0.2686144238009394,103.19689937025942,0.043414671330774895,1.1309818688297575,45.0,-0.013795147342322981
2022-08-16,1878.139404296875,1910.745361328125,1862.2734375,1902.8331298828125,15637578930,-0.013795147342322981,0.025808480306216453,-0.01370043034245405,62.24157715132777,58.51502397257987,66.93401508435525,73.9904855569193,118.2575860833067,112.78803136435275,5.469554718953958,1838.1395305873034,1719.8819445039967,1478.8041723632812,2250.967416687012,2000.9053169614765,1530.9054374330547,1765.9053771972656,0.2661523576503155,99.28797254582125,0.03473101516018703,0.887255783797967,44.0,-0.02432783915137373
2022-08-17,1832.9996337890625,1951.6756591796875,1823.5322265625,1877.934326171875,20308508124,-0.02432783915137373,0.06990914250882713,-0.02403430246154259,58.33648391437387,50.62038440378129,56.61552696881698,65.82941663418096,109.08774463454097,112.04797401839039,-2.9602293838494234,1837.3487772337278,1728.2610325991868,1492.5725805664063,2247.1469912719726,2007.253635129778,1535.3102686788156,1771.2819519042969,0.2664416954870332,101.34907683663312,0.03360648776868428,1.175362065481914,41.0,0.007613161970514982
2022-08-18,1847.0078125,1876.376953125,1826.957763671875,1833.715576171875,14999352229,0.007613161970514982,0.026756351066124687,0.007642215771740624,59.19214464299618,52.92007696511669,57.77419124037763,60.44124443118326,101.77769228969078,109.99391767265047,-8.216225382959692,1838.834782659308,1737.0570903696173,1507.5338598632814,2243.3646975708007,2014.5413020338997,1539.9826847825066,1777.2619934082031,0.2670166914115718,97.63979916638255,0.03361851072389788,0.8893246222690652,30.0,-0.1354790025497318
2022-08-19,1612.9873046875,1847.0953369140625,1611.3388671875,1847.0953369140625,25906358731,-0.1354790025497318,0.14616139199696798,-0.12670250024321428,43.222037101343446,27.74028834255077,0.40063845820650207,38.263452222467,76.22228094284583,103.23959032668955,-27.017309383843724,1804.0890168174915,1727.8667358746457,1518.4476293945313,2237.9882400512697,2018.6900619750038,1527.535707067965,1773.1128845214844,0.27700117640258887,107.50527563496682,0.045647014747555247,1.490372477479363,33.0,-0.022561220905913087
2022-08-20,1577.0037841796875,1652.21875,1534.298828125,1612.650634765625,18334580263,-0.022561220905913087,0.07477466005976555,-0.022308619790894157,41.373612970190884,25.558727342422316,8.742189631889392,22.3056731101578,52.46112476514645,93.08389721438094,-40.62277244923449,1769.1528271809063,1716.69170241576,1528.7923583984375,2231.912673034668,2025.2055432159145,1510.5688708465855,1767.88720703125,0.29110266216222025,108.24917893782633,0.045851628413044875,1.0423792397607083,29.0,0.026478964213690254
2022-08-21,1619.3189697265625,1640.9365234375,1569.0465087890625,1576.5435791015625,15849221752,0.026478964213690254,0.04439521551493763,0.02683264680235764,44.3856515701513,32.80828494240099,17.40458881304395,8.849138967713245,36.622557093877276,81.79162919028022,-45.16907209640294,1746.1014644956226,1709.4789074017453,1539.8484814453125,2226.5949978637695,2026.1364270876707,1508.0503038693605,1767.0933654785156,0.29318548376645415,105.65209577429856,0.045921569382258394,0.9019559536387335,27.0,0.0019661091163398346
2022-08-22,1622.505859375,1622.77880859375,1535.0147705078125,1619.1668701171875,18557078599,0.0019661091163398346,0.05409166172117541,0.0019680431761850414,44.616434547999425,33.378358126750655,18.05698132708537,14.734586590672867,24.05029661576259,70.24336267537669,-46.1930660596141,1727.0867560155268,1703.0364593997642,1550.8232592773438,2221.3117141723633,2026.7332475504222,1506.409525887078,1766.57138671875,0.29453874639609073,104.37437736798707,0.0459242467205157,1.0617023665294283,29.0,0.02451304379415949
2022-08-23,1662.7698974609375,1666.676513671875,1569.4285888671875,1622.9393310546875,18322041914,0.02451304379415949,0.05848549757437023,0.024815958508431768,47.576349064375904,40.7838232742248,26.299487321989577,20.587019154039595,17.138103591436902,59.62231085858873,-42.48420726715183,1717.1918546994361,1700.0537511079992,1561.0574755859375,2214.7076290893556,2024.6118169813362,1512.9204950303824,1768.7661560058593,0.289292804599128,103.8653450420371,0.046205464814061514,1.0436699625220642,28.0,-0.003440357209568945
2022-08-24,1657.0592041015625,1686.5577392578125,1610.0992431640625,1662.6954345703125,16780932907,-0.003440357209568945,0.04614107685742277,-0.0034344459615821554,47.19112378989549,40.04722992304716,25.130443517956724,23.162304055677186,11.071707836115365,49.912190254094064,-38.8404824179787,1707.9406776843787,1696.8689698482633,1571.5078393554688,2207.919684143066,2021.7540300147257,1520.6636213524616,1771.2088256835937,0.2829087126239163,101.90771297430231,0.0461821814072304,0.9496272786027498,25.0,0.02349750954116691
2022-08-25,1696.45703125,1718.1832275390625,1656.8560791015625,1657.3365478515625,14818795695,0.02349750954116691,0.036150133665520744,0.023775751072091955,50.18771979815385,47.65634453963126,33.195626293814776,28.20851904458699,9.335506970298638,41.79685359733499,-32.46134662703635,1706.1739628483203,1696.8384558780217,1581.6975,2201.1145889282225,2021.5581234332692,1517.2797671917308,1769.4189453125,0.28499658465704797,99.00910122167359,0.04327209326443616,0.8475298834686702,25.0,-0.11790172517616755
2022-08-26,1507.7828369140625,1698.56103515625,1498.771240234375,1696.3245849609375,26713710143,-0.11790172517616755,0.13250568319956424,-0.11121660664574373,38.825498803460064,27.883765592426684,1.7197038558284223,20.015257889199933,-7.182084788638576,32.00106592014028,-39.183150708778854,1675.652251166127,1682.8343359547655,1587.1012890625,2192.941149597168,2035.3931396899707,1485.0572265209667,1760.2251831054687,0.31265085765792566,106.2077222002594,0.050406348131808436,1.4651716603759097,27.0,-0.010928315201041365
2022-08-27,1491.39501953125,1517.1500244140625,1454.282958984375,1508.156982421875,18120831899,-0.010928315201041365,0.042153195234249076,-0.010868818096081423,38.02035177736506,26.75873689179032,6.527968819180189,13.814432989607758,-21.34866108855863,21.331120518400496,-42.679781606959125,1647.3049847607613,1668.65364584932,1592.4790649414062,2184.7850814819335,2048.152286171765,1451.502498984485,1749.827392578125,0.3409763669936611,103.11196100236141,0.05035877728568575,0.9728827695565779,28.0,-0.04165479410441762
2022-08-28,1430.54736328125,1505.7919921875,1430.54736328125,1491.206787109375,12823572918,-0.04165479410441762,0.05259848840912279,-0.040799154786720804,35.10906594517394,22.777736098377687,0.0,2.7492242250028305,-37.0584850575724,9.653199403205917,-46.711684460778315,1613.957658379298,1651.0161434368704,1596.7504467773438,2175.74053314209,2061.309350843683,1403.848559312567,1732.578955078125,0.3794694548286662,101.12143728121059,0.04947902342640752,0.695986823242466,28.0,0.0821554538075937
2022-08-29,1553.037353515625,1556.3095703125,1427.7283935546875,1430.439453125,17965837488,0.0821554538075937,0.08279335745965292,0.08562456118434225,44.34743541915248,42.77313746820932,23.916330551216912,10.148099790132328,-39.17315150966897,-0.11207077936906007,-39.061080730299906,1604.585303784887,1643.758455294556,1604.4431616210939,2168.118309020996,2062.882858167231,1387.2762848991754,1725.079571533203,0.3916379188628355,103.082847243825,0.05303212973968782,0.9708700700069963,24.0,-0.01897987488373285
2022-08-30,1523.8388671875,1600.461181640625,1480.831787109375,1553.18896484375,21835784470,-0.01897987488373285,0.07850527841703243,-0.018800891209749815,42.78380146284132,39.89993449716726,18.34353950071013,14.086623350642308,-42.71274776458495,-8.632206176412238,-34.08054158817271,1592.1627750775965,1634.8755228421815,1612.9752075195313,2161.100585632324,2052.0889634919986,1365.2797987150325,1708.6843811035155,0.4019520353626723,104.26474347864108,0.04883513280049087,1.185371405324396,27.0,0.019396766357597673
2022-08-31,1553.6849365234375,1612.35888671875,1524.2864990234375,1524.2864990234375,20591680941,0.019396766357597673,0.056686130903981974,0.019586105840063928,44.92156499386887,44.35728805142985,28.07465671780676,23.444842256577896,-42.61829772936335,-15.42942448700246,-27.188873242360888,1586.243107607726,1628.8614053370893,1623.2850732421875,2154.282196350098,2032.461594596672,1352.153249153328,1692.307421875,0.40200045018392294,103.14012033954171,0.04894078491612451,1.1277376216372228,23.0,0.020697077972305716
2022-09-01,1586.1767578125,1593.082763671875,1520.1883544921875,1553.75634765625,16434276817,0.020697077972305716,0.04595604419284036,0.020912747832753542,47.23296419183304,49.147433659364644,37.78275011104791,28.06698210985489,-39.46667964760513,-20.236875519122997,-19.229804128482137,1586.232899946922,1625.6995795945272,1632.736865234375,2147.7957632446287,1993.975951582188,1353.5319219529683,1673.7539367675781,0.3826392969483144,100.97971239955213,0.048116062991389076,0.901862830713277,20.0,-0.005662471163262736
2022-09-02,1577.220458984375,1643.1832275390625,1551.8779296875,1586.0179443359375,17708478709,-0.005662471163262736,0.057890003475073504,-0.005646469590486647,46.651797188780876,47.82344995998411,51.46826560914783,39.10855747933413,-37.26216305533603,-23.641933026365603,-13.620230028970429,1584.8463705680688,1622.1085336234048,1640.4507495117186,2141.0144705200196,1943.1191436106565,1363.9771210377812,1653.5481323242188,0.35024201065065835,100.28868278898143,0.04783643968544207,0.9673558084516838,25.0,-0.012984977354194235
2022-09-03,1556.8726806640625,1579.454345703125,1541.672119140625,1577.2137451171875,9516825994,-0.012984977354194235,0.024268025916149107,-0.01290103625298844,45.288420004301436,44.63628154387449,44.46277768485076,44.571264468348794,-36.73352225155645,-26.260250871403773,-10.473271380152678,1580.5427259674525,1617.276248219009,1646.9256201171875,2132.8994479370117,1895.7615155083863,1373.341817011145,1634.5516662597656,0.31961039181628265,95.82393591566132,0.04776454962359888,0.5264089606054789,21.0,0.01325195738219183
2022-09-04,1577.6416015625,1578.00927734375,1543.6988525390625,1556.8958740234375,8884144998,0.01325195738219183,0.021747920928749834,0.013340153730219573,46.99127101791368,48.70695544321723,51.613259779961886,49.18143435798678,-34.24394933075382,-27.856990563273783,-6.3869587674800385,1580.0963991359213,1614.340348466675,1651.4259228515625,2125.1485055541993,1849.0180658457998,1387.4266118885753,1618.2223388671875,0.2852460028949759,91.4301136934489,0.048040339770211646,0.5075065158114337,20.0,0.024754812756716524
2022-09-05,1617.1832275390625,1621.661376953125,1559.7818603515625,1577.884033203125,13060541168,0.024754812756716524,0.038263763528964635,0.025063757153335864,50.171101424528295,55.90789656350758,65.22695160052551,53.767663021779335,-28.748867057569896,-28.035365862133006,-0.7135011954368906,1585.802065044097,1614.5509321016668,1656.9968725585939,2118.827012023926,1802.8473053420837,1407.50175471651,1605.1745300292969,0.2462944329289588,89.31935675831416,0.04862482645178005,0.7516154070502082,23.0,-0.034879837993163236
2022-09-06,1561.74853515625,1680.5953369140625,1561.74853515625,1617.240234375,22946059125,-0.034879837993163236,0.07609855177224296,-0.0342785476863805,46.00461677920844,45.46771954909532,46.14147396451047,54.32722844833258,-28.538121454615293,-28.135916980629467,-0.4022044739858259,1582.101521984428,1610.6396434390433,1656.6574853515624,2112.7071170043946,1759.942193241272,1423.2817569540407,1591.6119750976563,0.21152167837049282,91.42845997256404,0.04887386553873948,1.3105664179796361,22.0,0.04271652328035794
2022-09-07,1629.9063720703125,1651.0511474609375,1500.013671875,1560.90673828125,19560363854,0.04271652328035794,0.0926663507635038,0.04364200470163615,51.35376047529093,56.988883823075454,69.60737259635388,60.325266053796575,-22.61069421750767,-27.030872428005107,4.420178210497436,1589.4561143053334,1612.066808522841,1658.3961083984375,2107.0381430053712,1703.6862217976286,1457.8275843547153,1580.756903076172,0.1555322244454346,95.68624680209072,0.050079800043212434,1.1028276257833443,24.0,0.003332842816660751
2022-09-08,1635.34765625,1655.0640869140625,1603.0638427734375,1629.80517578125,17621046717,0.003332842816660751,0.031797669408024386,0.0033384029125402837,51.76459211672767,57.818912094187645,76.65961586740832,64.1361541427575,-17.274964234299887,-25.079690789264063,7.804726554964176,1596.51635152759,1613.7913157618898,1660.6990478515625,2102.071639099121,1706.3533840803577,1457.396457228236,1581.8749206542968,0.15738091779667887,92.56581804055746,0.03978932426031447,1.0172469340344719,20.0,0.04993701830610943
2022-09-09,1719.08544921875,1735.809814453125,1632.8365478515625,1635.187744140625,20242323690,0.04993701830610943,0.05990002803430126,0.05120488762662756,57.686938988885665,68.67308419530015,94.57144634505941,80.27947826960717,-6.217745415370246,-21.307301714485302,15.089556299115056,1615.3731357877684,1621.5908812031387,1663.5457666015625,2097.797985534668,1727.0138404410434,1450.9441673714566,1588.97900390625,0.17374029007992792,93.3092072234864,0.04084805071296044,1.1621712310230756,22.0,0.03268591999770879
2022-09-10,1776.2037353515625,1784.497802734375,1710.2969970703125,1718.9613037109375,13130928217,0.03268591999770879,0.04177494067108017,0.03322597265817717,61.18750142058193,73.99772912110747,97.67523022731044,89.63543081325933,7.072619737295781,-15.631317424129087,22.703937161424868,1640.116304951429,1633.0436852141331,1668.32173828125,2093.4825076293946,1756.929472884789,1436.717011490211,1596.8232421875,0.20053093726010435,91.94432139781325,0.04104840816474326,0.7598141670483084,28.0,-0.008142312433257365
2022-09-11,1761.800048828125,1782.7298583984375,1730.164794921875,1775.97607421875,12464301922,-0.008142312433257365,0.02983599842191318,-0.008109253593359123,59.8430040823597,70.47365455980511,93.63797642896613,95.29488433377861,16.255687302474826,-9.253916478808305,25.509603781283133,1658.836880932459,1642.5811936299842,1672.5717895507812,2089.339709777832,1779.1490829768977,1428.4268203434149,1603.7879516601563,0.21868368712362113,89.13151726058106,0.04114496988308002,0.7341821816932934,26.0,-0.027643185811010818
2022-09-12,1713.7652587890625,1778.1634521484375,1698.29345703125,1762.0848388671875,17688391310,-0.027643185811010818,0.046604979712112506,-0.02726460932443109,55.465868825162346,59.45680776383191,76.70712549123022,89.34011071583554,19.433313257234204,-3.516470531599804,22.949783788834008,1667.2874006027057,1647.8540873454715,1674.8575610351563,2084.918200378418,1786.473081991981,1426.202357461144,1606.3377197265625,0.22428080976157605,88.46997996462437,0.04143611830686217,1.043843641555851,25.0,-0.08076942156538781
2022-09-13,1580.7879638671875,1745.779052734375,1564.0318603515625,1713.9625244140625,23066821734,-0.08076942156538781,0.11497253049560939,-0.07759364606085906,45.53610834835549,39.5090071133936,28.393250529716017,66.24611748330408,11.093568604007487,-0.5944627044783464,11.688031308485833,1653.9797949510876,1642.88622634708,1677.5656518554688,2078.999461975098,1781.4280423207365,1423.620273108951,1602.5241577148438,0.22327761331349263,95.13263799449496,0.04534578038484456,1.3364527638434562,34.0,0.03356951498102785
2022-09-14,1634.7550048828125,1642.1572265625,1564.0318603515625,1574.858154296875,17897150206,0.03356951498102785,0.04779025968881369,0.03413932940354747,49.48832310029283,47.80091095778086,47.36339162426507,50.82125588173705,8.73822129456039,1.2720740953294007,7.4661471992309885,1651.0221349405838,1642.2839136460234,1681.4246166992189,2073.2676779174803,1773.8283252240672,1425.0497875689016,1599.4390563964844,0.2180630367004787,93.917832867098,0.0457025414603626,1.0277653731182383,27.0,-0.10507918310363468
2022-09-15,1471.6934814453125,1648.9456787109375,1466.139404296875,1635.0830078125,26946275878,-0.10507918310363468,0.12421491072620172,-0.09974676508128455,40.03509212664376,32.22807791032086,1.7445989098126067,25.833747021264518,-6.2144740089327115,-0.22523552552302184,-5.9892384834096895,1623.4331113259268,1629.6475853348595,1678.1338330078124,2067.5171365356446,1776.4702856647632,1418.7988915813307,1597.634588623047,0.22387559497675788,100.26700726330975,0.04404891236951103,1.546389666944064,28.0,-0.027029068935535045
2022-09-16,1432.44775390625,1480.564208984375,1415.581298828125,1471.9283447265625,16764804299,-0.027029068935535045,0.04536494261591265,-0.026667052639602784,38.1464186794976,29.52699233080233,4.571889546695679,17.89329336025774,-20.989441768245115,-4.3780767740674404,-16.611364994177674,1594.0507486459767,1615.0401904142218,1672.2734252929688,2060.0833694458006,1782.163697464937,1407.2107532186567,1594.6872253417969,0.2351263233866534,97.74671461280548,0.04438171817208839,0.9658547089842219,20.0,0.02570197355988559
2022-09-17,1469.74169921875,1473.0604248046875,1415.0423583984375,1432.87646484375,10798098671,0.02570197355988559,0.03947500872914598,0.026035117309375133,40.99504294580799,35.51844554936872,14.805395795054416,7.040628083854187,-29.351059711230846,-9.372673361500123,-19.978386349730723,1574.9262795033264,1604.2773392145573,1667.1201196289062,2052.5696524047853,1777.9366651684804,1415.3572191088633,1596.6469421386719,0.2270880534014303,94.90895402662295,0.04376687967133612,0.6257515796862253,22.0,-0.09590889103782882
2022-09-18,1335.3291015625,1469.7054443359375,1331.4947509765625,1469.7054443359375,15762284723,-0.09590889103782882,0.10350309387974202,-0.09145321094699688,34.7782746621327,26.164890259749086,0.8464293057317959,6.7412382158272495,-46.290072331889405,-16.75615315557798,-29.533919176311425,1538.0651752047377,1584.355247536627,1659.9073120117187,2044.495705871582,1799.4646843217627,1372.0583747602684,1585.7615295410155,0.26952748039309743,98.00452504202042,0.044568224537860926,0.9192965067738488,27.0,0.03112252335792943
2022-09-19,1377.5413818359375,1388.272216796875,1287.4208984375,1335.270751953125,18712714223,0.03112252335792943,0.07321109891084651,0.031611892696747024,37.960180909914826,32.662114693141305,18.130088648136788,11.260637916307621,-55.666494935015635,-24.538221511465515,-31.12827342355012,1513.369206994153,1569.0357019291687,1653.82779296875,2037.2110678100587,1809.4428707846819,1347.4504397621931,1578.4466552734375,0.2926880230503937,98.20786742183145,0.045294236928107356,1.1014038358901257,21.0,-0.03934969828540063
2022-09-20,1324.38818359375,1381.9656982421875,1319.201416015625,1377.6190185546875,14722317220,-0.03934969828540063,0.04739115238573825,-0.03858555462874502,35.604709615865204,28.923176318926153,7.43693477542292,8.80448424309712,-66.61846013986133,-32.95426923714468,-33.66419090271665,1484.295203394091,1550.9136635339523,1647.611640625,2030.7472286987304,1823.145816726805,1310.8178185271015,1566.9818176269532,0.32695210144529696,95.67618276502652,0.04552989455030642,0.8817655680209259,23.0,-0.055722995942389726
2022-09-21,1252.6077880859375,1384.4769287109375,1229.4267578125,1324.215576171875,20643507800,-0.055722995942389726,0.12378189914926506,-0.054198909652784066,32.65760841924302,24.503802605087316,4.176227617259369,9.914417013606311,-80.16594636490959,-42.39660466269766,-37.769341702211925,1448.650985654375,1528.8169320192846,1640.0048876953124,2023.6861123657227,1840.4754367202072,1260.1313015610426,1550.303369140625,0.37434230403618685,99.91718191741302,0.04619801163789204,1.2210130552285465,23.0,0.058205581933538045
2022-09-22,1327.68017578125,1336.1578369140625,1240.96826171875,1251.5673828125,18461527259,0.058205581933538045,0.07169616367834962,0.05993287636350053,38.40041818040422,36.36738119847691,17.701052661210053,9.771405017964065,-83.87782121094915,-50.69284797234796,-33.18497323860119,1430.0400918277403,1513.9179130386894,1634.1810009765625,2017.5493264770507,1843.349572712235,1232.3031372487026,1537.8263549804688,0.3973442342723363,99.57949572297727,0.048780203684323745,1.0895278047857875,22.0,0.00043626420653308323
2022-09-23,1328.259521484375,1353.288330078125,1270.1983642578125,1327.481201171875,18771106339,0.00043626420653308323,0.0625555205713539,0.00043635938360231386,38.44404446378985,36.457281423047505,17.805425913683806,13.227568730717694,-85.78389704607616,-57.71105778709361,-28.072839258982555,1414.3815425441455,1500.1654395902217,1628.5820751953124,2011.7017678833008,1845.037966413945,1207.753427629024,1526.3956970214845,0.4175093915873055,98.40167215850121,0.04880918087620537,1.0783508026811406,20.0,-0.007759112680025444
2022-09-24,1317.9932861328125,1346.2552490234375,1312.6402587890625,1328.24462890625,12098209717,-0.007759112680025444,0.025504674862955,-0.0077290884691642026,37.93138699969407,35.422657919016274,16.006873669517166,17.17111741480363,-87.11862598145899,-63.59257142596669,-23.5260545554923,1399.552580019325,1486.671206000784,1620.2968481445312,2005.407996520996,1843.5947583090851,1183.2318041909148,1513.41328125,0.43634013411904593,93.77405202106362,0.048554487420989306,0.6886527737326891,24.0,-0.018204619951859718
2022-09-25,1294.216796875,1333.371337890625,1275.627685546875,1317.9384765625,11802651633,-0.018204619951859718,0.044616676651993016,-0.018039916825051683,36.71040683812405,32.89989804888393,11.807127121488877,15.206475568229903,-89.06824892312056,-68.68770692539746,-20.3805419977231,1383.3470749201979,1472.4153238433184,1612.3480224609375,1998.230163269043,1837.0185675585162,1157.5113518750777,1497.264959716797,0.4538323102224774,91.20045204411265,0.04792925644799123,0.6742428913659401,24.0,0.031265383978659585
2022-09-26,1335.3201904296875,1335.5263671875,1282.04931640625,1294.3861083984375,16034549271,0.031265383978659585,0.04004811068126052,0.031759279939756135,40.28873984762583,41.32753542339342,20.507981403125044,16.107327398043648,-86.30180531552287,-72.21052660342255,-14.09127871210032,1375.9583234601193,1462.2601287756422,1605.0674096679688,1991.8665213012696,1831.3902264247617,1140.4968585361758,1485.9435424804688,0.4649526365821985,88.50592338247961,0.04848374921199158,0.9344432231219819,21.0,-0.003896164316827129
2022-09-27,1330.127685546875,1396.8914794921875,1308.991455078125,1335.3370361328125,17870598937,-0.003896164316827129,0.0660838995903787,-0.003888584116399585,39.98120927694713,40.57642724791847,24.003906073822584,18.773004866145452,-83.56508429947507,-74.48143814263307,-9.083646156842008,1368.907456088851,1452.472540388326,1596.1596411132812,1985.7193447875977,1816.1290507668082,1125.7801655417857,1470.954608154297,0.4693203185183589,88.46264488473552,0.04702436594067658,1.046595570006371,20.0,0.005460630480265401
2022-09-28,1337.410888671875,1351.9644775390625,1267.8692626953125,1329.5413818359375,18994979566,0.005460630480265401,0.06287911632547072,0.005475566897929385,40.66534648852007,42.292698956949145,25.739990613085407,23.41729269667763,-79.88762474360351,-75.56267546282716,-4.324949280776352,1364.061830332393,1443.9494550759964,1588.8473583984376,1979.532628479004,1797.260792634669,1114.8547469161122,1456.0577697753906,0.4686668756445178,88.1506855960937,0.04705889920899737,1.1079874767315459,20.0,-0.0013157527695159426
2022-09-29,1335.65234375,1348.107666015625,1293.193359375,1337.554443359375,13796915736,-0.0013157527695159426,0.04111422174908679,-0.0013148875463555587,40.54517239594994,41.95138704728413,42.297787702241465,30.68056146304977,-76.23630674067817,-75.69740171839736,-0.5389050222808152,1359.691140088948,1435.9274468296262,1578.5255517578125,1973.6161672973633,1759.3951448208174,1114.377084183089,1436.8861145019532,0.4488999191569901,85.77665852784594,0.04496908180706724,0.8201998771536981,22.0,-0.005761854654836134
2022-09-30,1327.9786376953125,1368.743408203125,1320.3831787109375,1335.646484375,14250100093,-0.005761854654836134,0.03641642125818829,-0.005745287005705868,39.98981552296086,40.29582824542622,40.45084618209712,36.16287483247462,-73.11894517875271,-75.18171041046844,2.06276523171573,1354.8122935668503,1427.931238745603,1567.4606420898438,1967.3025802612306,1699.6903840784414,1129.25933515984,1414.4748596191407,0.40328115062589004,83.10405645387034,0.043735298008872506,0.8443320279575678,21.0,-0.012376340653965177
2022-10-01,1311.6444091796875,1332.5164794921875,1306.1025390625,1328.1937255859375,6227961237,-0.012376340653965177,0.02013803455023834,-0.012300068730000668,38.77241358852405,36.69920309222656,34.217621444824964,38.9887517763878,-71.1463189342885,-74.37463211523246,3.2283131809439567,1348.1710805842097,1419.3173995184982,1554.5486010742188,1960.7600540161134,1631.360806228813,1152.5733490446246,1391.9670776367188,0.3439646417479023,79.054762452143,0.04371293652891161,0.3759586538878459,20.0,-0.027478161506315324
2022-10-02,1276.093505859375,1316.330078125,1275.3360595703125,1311.75341796875,7578351650,-0.027478161506315324,0.03212461968222337,-0.027104071096941795,36.190088422844184,29.918512971294916,27.86661428078879,34.17836063590358,-71.62599927617975,-73.82490554742192,2.1989062712421656,1337.0822229342352,1408.708222210415,1540.443740234375,1953.2802432250976,1563.392348309753,1176.7746316707155,1370.0834899902343,0.2821855160387294,76.33613788803903,0.04371039077416334,0.47187607706149576,24.0,0.03643034692804469
2022-10-03,1323.439208984375,1326.554443359375,1271.15087890625,1276.1634521484375,10153070907,0.03643034692804469,0.04186332404012908,0.037102064157215064,41.75386658066192,45.54976434534194,56.13866026761991,39.40763199774451,-67.40870129730638,-72.54166469739882,5.132963400092436,1334.9832977111798,1402.3919990084862,1528.176484375,1945.823166809082,1525.328793036779,1189.1033114554086,1357.2160522460938,0.24773173071814295,74.84095407125946,0.04222380549523378,0.658676177170144,24.0,0.028813335722636096
2022-10-04,1362.1265869140625,1364.970947265625,1320.07666015625,1323.2783203125,10139774963,0.028813335722636096,0.0329589683812606,0.02923245561039156,45.90451626112175,55.09742909892944,79.24046794487236,54.415247497760305,-60.25018753260383,-70.08336926443982,9.833181731835992,1339.159188357777,1399.409375890381,1517.334453125,1937.9070846557618,1453.6658726984062,1233.5033899969064,1343.5846313476563,0.16386201327762295,72.70190643112485,0.04198483297963447,0.6747933122694495,20.0,-0.00684315949242965
2022-10-05,1352.837158203125,1362.4517822265625,1320.8551025390625,1361.972900390625,9774451820,-0.00684315949242965,0.03074773592318372,-0.006819798394790189,45.073941162766964,52.51772551859698,71.746144084151,69.04175743221437,-54.69609057671346,-67.00591352689456,12.3098229501811,1341.2634914109076,1395.959581987621,1506.828408203125,1929.9399850463867,1430.9764700440123,1244.3071603270814,1337.6418151855469,0.1395510424373491,70.48010452086594,0.03539755502061234,0.689901301228402,25.0,-0.0008339184093623792
2022-10-06,1351.70947265625,1380.4049072265625,1349.449951171875,1352.806640625,12033514861,-0.0008339184093623792,0.02290059859820157,-0.0008335707960394068,44.967574228330236,52.17177033420483,64.98121954680921,71.98927719194414,-49.81123066257078,-63.56697695402981,13.755746291459033,1342.8705654486525,1392.6817961112233,1497.2026049804688,1922.3962362670898,1416.5995858381332,1250.6102164079605,1333.6049011230468,0.12446667621751449,67.65687963042463,0.034991093205488655,0.863773316671031,26.0,-0.014300456675176725
2022-10-07,1332.5169677734375,1359.328125,1321.74609375,1351.83642578125,10061619355,-0.014300456675176725,0.02820379189076857,-0.01419869082155445,43.1032581804607,46.137086334490334,50.1058706655944,62.27774476551816,-46.947437892426024,-60.24306914170906,13.295631249283034,1341.2777042678501,1388.2251421602762,1486.9127880859376,1914.568938293457,1381.455661246192,1272.0316678553704,1326.7436645507812,0.08247561025879944,65.50867617468,0.03440852460819843,0.7241434991464651,23.0,-0.012852418091934563
2022-10-08,1315.50048828125,1335.954833984375,1307.072998046875,1332.371337890625,5804676208,-0.012852418091934563,0.021955017268929476,-0.012770178469562854,41.46194125515374,41.20679440549976,36.917072709210466,50.66805430720465,-45.52615203037976,-57.299685719443204,11.773533689063441,1337.31197873145,1382.8381307618297,1480.9630517578125,1906.2807852172853,1380.5245873156261,1270.9798804578115,1325.7522338867188,0.0826283403925796,62.89247330059572,0.027077695483871792,0.4332937637380408,24.0,0.005385515470594665
2022-10-09,1322.604248046875,1327.6688232421875,1309.3446044921875,1315.460205078125,5486230123,0.005385515470594665,0.013854649852410396,0.005400043427506773,42.447203885711076,44.1153689567274,42.422914991248405,43.148619455351046,-43.327110738010106,-54.50517072315659,11.178059985146483,1335.049250933823,1378.3763616718331,1475.8750610351562,1897.7384707641602,1372.3550338055934,1273.655720588938,1323.0053771972657,0.0746023522789801,59.70902654698174,0.026076404766613732,0.4307890393263258,22.0,-0.023924091757363534
2022-10-10,1291.337646484375,1335.6627197265625,1291.337646484375,1322.61865234375,8794491050,-0.023924091757363534,0.03432492916384888,-0.023640179296771646,39.31099602367549,35.178759421280404,18.18941293344056,32.50980021129976,-43.604660724894075,-52.32506872350409,8.720407998610014,1328.324388710831,1371.9290494357251,1469.3154345703124,1888.6548489379884,1372.584206270783,1270.121494412811,1321.352850341797,0.07754379296299828,58.610172739496434,0.02512541518712317,0.7070143541980539,22.0,-0.009150090604978236
2022-10-11,1279.57568359375,1296.27392578125,1272.7376708984375,1291.109619140625,9274845260,-0.009150090604978236,0.01839379661913377,-0.009108355915005362,38.16852565386421,32.306530186912724,10.402411562308817,23.671579828999214,-44.26347144976876,-50.71274926875703,6.449277818988271,1320.8245879235878,1365.0880593733566,1462.4568310546874,1879.5193704223632,1367.6597679112883,1277.7427223230866,1322.7012451171875,0.06797986009322562,56.10489289259044,0.02174295091483555,0.7813369168599762,24.0,0.011909867196354756
2022-10-12,1294.9063720703125,1303.0751953125,1277.5274658203125,1279.7322998046875,8355638578,0.011909867196354756,0.019729402868982313,0.011981072064065401,40.59202112464645,39.78284307867124,21.743356770714037,16.77839375548776,-43.052245769420324,-49.180648568889694,6.12840279946937,1316.8371701000071,1359.8894158694275,1455.099560546875,1870.2780075073242,1367.5392221223685,1274.5858877409125,1321.0625549316405,0.07036255326021706,53.92223836399023,0.01736264441704731,0.7351958816959548,20.0,-0.0052515732089481165
2022-10-13,1288.1239013671875,1297.564208984375,1209.2781982421875,1294.9173583984375,17499038202,-0.0052515732089481165,0.06853844622282267,-0.005237807805579919,39.847890973695,37.63732349785973,46.07445768865872,26.073408673893812,-42.153707691112686,-47.77526039333429,5.6215527022216065,1312.4197441411118,1354.5734518322245,1447.7208544921875,1860.2607388305664,1367.5387980409425,1270.57274981062,1319.0557739257813,0.07351171204969717,56.376793533861466,0.01738014821480592,1.5483704798083942,20.0,0.007192490703478946
2022-10-14,1297.422119140625,1339.7447509765625,1285.3782958984375,1288.0487060546875,13113767755,0.007192490703478946,0.0419034439725259,0.007218418789969316,41.43299479699673,42.58939981993656,51.50798576187521,39.77526674041594,-40.227602563035134,-46.265728827274465,6.038126264239331,1310.1124172179598,1350.340019780995,1439.74015625,1850.0646768188476,1367.4210322544536,1268.63339889789,1318.0272155761718,0.0749511331701743,56.23319792988029,0.017419812551228462,1.1551577102643613,24.0,-0.017533761159325558
2022-10-15,1274.8717041015625,1300.7459716796875,1268.468505859375,1297.305908203125,6798512624,-0.017533761159325558,0.0253182070921084,-0.017380939253601735,38.76499325349989,34.77594450147468,38.3303730017762,45.30427215077,-40.05900512890457,-45.024384087600495,4.965378958695922,1304.6907690462065,1344.749774175111,1435.08193359375,1839.4290963745118,1368.9743060290598,1265.14561584594,1317.0599609375,0.07883368507323933,54.522074207768306,0.01738511907137341,0.6123597612728998,24.0,0.024350585046003355
2022-10-16,1306.296630859375,1312.634521484375,1275.0054931640625,1275.0054931640625,7491625206,0.024350585046003355,0.028805883312703215,0.024649481713894028,44.161105563736015,49.76075463837719,56.69391598365041,48.84409158243389,-36.963568478989146,-43.41222096587823,6.448652486889081,1304.937824709771,1341.90139318876,1431.3799658203125,1829.0347897338868,1367.0204374240654,1264.1971284939034,1315.6087829589844,0.07815644761727597,53.32498443455717,0.01677282759520616,0.7017910488727558,24.0,0.019270416930953306
2022-10-17,1331.713623046875,1335.6478271484375,1297.447265625,1306.3095703125,9401189650,0.019270416930953306,0.0286852675097196,0.019457289858260562,48.14158184210051,58.71166971859709,71.54664840534429,55.52364579692358,-32.08956524852579,-41.14768982240774,9.058124573881955,1309.0571783000946,1341.1467435486204,1429.403291015625,1819.285143737793,1367.1938710737986,1264.1822885941701,1315.6880798339844,0.078294836031825,52.244668512334336,0.017359162619356442,0.9170516547288725,20.0,-0.01609823451129519
2022-10-18,1310.447021484375,1339.0859375,1291.66064453125,1331.669921875,10416747806,-0.01609823451129519,0.036190164265496386,-0.01596935046278447,45.23595012167051,50.0134244375063,59.119247861784615,62.45327075025972,-29.601689733934336,-38.83848980471306,9.236800070778727,1309.2710003284456,1338.87269006238,1424.551484375,1808.5896176147462,1364.9036450736844,1263.7761278755343,1314.3398864746093,0.07694167866228242,51.900427402078314,0.01767265866430131,1.060485011082903,22.0,-0.01903057334023134
2022-10-19,1285.7442626953125,1312.4423828125,1283.96533203125,1310.5631103515625,8350692785,-0.01903057334023134,0.022148300877153755,-0.01885063522910002,42.060354550332555,41.651086628428175,44.68388652300142,58.44992759671006,-29.28574876711218,-36.927941597192884,7.6421928300807025,1305.6515022310405,1334.9372509981526,1419.7895922851562,1797.7930422973632,1362.8786209074242,1260.8103439363258,1311.844482421875,0.07780516542834712,50.227329072019145,0.018126449076422434,0.8743892509498704,23.0,-0.001980062323923632
2022-10-20,1283.200927734375,1307.8551025390625,1275.323974609375,1285.6602783203125,9009111996,-0.001980062323923632,0.025351546454322315,-0.001978103293734268,41.7354993139799,40.8310438811315,49.26542190953695,51.02285209810761,-28.9073630632995,-35.32382589041421,6.416462827114714,1302.197567693092,1331.1049307563915,1414.379912109375,1786.5948794555663,1361.5330589224507,1257.6781349252058,1309.6055969238282,0.07930244360683311,48.96331470470974,0.018103799247506023,0.969945561661598,23.0,0.012965360297434125
2022-10-21,1299.9464111328125,1305.081298828125,1260.666748046875,1283.1881103515625,10412565245,0.012965360297434125,0.03416644747882016,0.013049775009127629,44.760632175214745,48.60390948402444,69.4953694953695,54.481559309302575,-26.94565635116851,-33.64819198256507,6.7025356313965645,1301.8512359145875,1328.796892265756,1408.6553051757812,1775.488405456543,1361.1064100432093,1256.9349839997597,1309.0206970214845,0.07957966308743543,48.638402995891184,0.018204890637424823,1.0963484966835186,23.0,0.01098055009473197
2022-10-22,1314.2991943359375,1317.10107421875,1295.9468994140625,1299.90234375,7175324564,0.01098055009473197,0.016095402702712494,0.011041057600688076,47.28691504352797,54.57152257634655,80.4964903974805,66.41909393412894,-23.95668227445003,-31.709890040942067,7.753207766492036,1303.766306440949,1327.722988715399,1403.3968798828125,1765.000939025879,1360.8013862749942,1261.0605766156307,1310.9309814453125,0.07608395184115525,46.67524383937664,0.017203068683075678,0.7571028576037369,20.0,0.03671247624466532
2022-10-23,1363.447021484375,1367.7607421875,1302.9088134765625,1314.24951171875,9909510925,0.03671247624466532,0.047564685454616104,0.03739470233280473,54.894033077742115,68.96662069166908,97.2781098815441,82.42332325813133,-17.421258455784482,-28.85216372391055,11.430905268126068,1312.9479549091684,1330.3692133649529,1399.5283666992189,1755.9597146606445,1367.6245779400467,1258.2381662005785,1312.9313720703126,0.08331464543114762,47.97357847305956,0.017233329610669115,1.0469452363678544,23.0,-0.013623143801651505
2022-10-24,1344.99853515625,1368.425537109375,1327.85400390625,1363.4918212890625,13092820173,-0.013623143801651505,0.03016474155372352,-0.013530768733529763,51.86820637237343,60.5624801538925,85.27967723502093,87.68475917134846,-13.574053422255474,-25.796541663579536,12.222488241324061,1317.8788134087195,1331.452866830975,1394.8755053710938,1746.5183340454103,1364.1330123164587,1260.0169266483852,1312.074969482422,0.07935223831694961,47.44486095377852,0.01627799572319668,1.362016757928998,22.0,0.08318355022278977
2022-10-25,1461.6654052734375,1509.9854736328125,1336.9788818359375,1344.7113037109375,25367291294,0.08318355022278977,0.1183626506946781,0.0867412618435559,65.0051544763818,79.23312021587675,83.93119411673487,88.82966041109991,-1.0984125071822746,-20.856915832300086,19.75850332511781,1339.999827541753,1341.0982400489352,1391.7651489257812,1737.8662911987306,1399.5819193061527,1235.450844365722,1317.5163818359374,0.12457611700563195,56.4135560139997,0.024725700793476035,2.4409321399209953,20.0,0.06930990366099622
2022-10-26,1566.566650390625,1584.63671875,1460.4287109375,1461.1331787109375,32705548427,0.06930990366099622,0.07928676879565169,0.07176830260791678,72.32054815962927,86.1242026553499,95.18591763018235,88.13226299397934,17.056658048245254,-13.274201056191018,30.33085910443627,1374.8562618261947,1357.7996037779494,1391.8615112304688,1729.3895431518554,1464.0697341813682,1192.4487472639441,1328.2592407226562,0.20449395614190888,61.256016856749724,0.02868181584786603,2.8623639004258794,33.0,-0.03388364585290344
2022-10-27,1514.3748779296875,1574.4034423828125,1510.8167724609375,1566.8414306640625,22813499245,-0.03388364585290344,0.04198872475275394,-0.03331602421634816,65.03613707977878,72.21474299845848,78.31223657309336,85.8097827733368,26.92289207002159,-5.234782430948497,32.15767450097009,1396.3206643036551,1369.3977722336335,1389.5508813476563,1720.9020828247071,1495.585974499352,1179.1182979615853,1337.3521362304687,0.23663750777695633,61.42249207568724,0.029774231138473717,1.8910932616239238,32.0,0.026780101013655827
2022-10-28,1555.4779052734375,1568.6339111328125,1493.87109375,1514.3231201171875,19974623205,0.026780101013655827,0.0480642104457729,0.027141910462713303,67.78788370618132,75.80502654336618,90.99953202042832,88.16589540790129,37.6249078914841,3.337155633538022,34.287752257946075,1420.8063936836218,1383.1814857921377,1387.953486328125,1713.7742111206055,1533.4225347184909,1165.2794794416652,1349.351007080078,0.2728297183943762,62.375372454767614,0.02974453784596954,1.5639197323599272,30.0,0.04045717937677171
2022-10-29,1619.698486328125,1652.3822021484375,1549.983642578125,1555.274658203125,21618154775,0.04045717937677171,0.06322075400740246,0.04128672020153079,71.5547782467657,80.41746386315474,91.65626081940633,86.98934313764262,50.70391355777315,12.810507218385048,37.8934063393881,1451.4051771673915,1400.7012636096183,1385.9657470703125,1706.7208212280273,1582.0913575900304,1146.3200803982509,1364.2057189941406,0.31943223160879536,65.23417153444939,0.0305808772597677,1.5920578015877433,34.0,-0.018013460099468862
2022-10-30,1590.7833251953125,1637.037841796875,1579.4852294921875,1619.6978759765625,13930073427,-0.018013460099468862,0.03617878776647431,-0.017852187537918507,67.71517560398678,73.0975445817358,84.27458597608613,88.97679293864023,58.06655285201737,21.861716345111514,36.20483650690585,1472.847969171687,1414.7814163196697,1382.2573388671874,1699.0830166625976,1615.3622646607887,1142.9937411985861,1379.1780029296874,0.3425000416616162,64.68548873232353,0.030261331395754296,1.0068334481110053,34.0,-0.011423459268426934
2022-10-31,1572.7144775390625,1630.452880859375,1555.9189453125,1590.4813232421875,19306919714,-0.011423459268426934,0.04739190527673117,-0.011358459301194612,65.35514860653859,68.54864428035668,79.66183775105307,85.19756151551513,61.731885786872226,29.835750233463656,31.89613555340857,1488.2120473820526,1426.4801615951803,1378.4756274414062,1691.8470419311523,1639.6618145546047,1148.0080706993015,1393.834942626953,0.3527345518607003,65.3889492190772,0.030342898992906275,1.3466374351503585,31.0,0.004434768101308678
2022-11-01,1579.70458984375,1606.605712890625,1568.0985107421875,1572.6453857421875,14507311208,0.004434768101308678,0.02437620451064606,0.004444616238050703,65.85099526769466,69.4078826316204,81.44632499338566,81.79424957350824,64.45770390216808,36.76014096720454,27.697562934963535,1502.2878231453906,1437.8301192432225,1375.7944140625,1684.5409823608397,1662.18483649561,1153.9648705356399,1408.074853515625,0.36093249211223877,63.46882442831723,0.030368230912038607,0.9906174213661129,30.0,-0.038717154756392515
2022-11-02,1519.7117919921875,1613.41064453125,1507.2447509765625,1579.4979248046875,23254218281,-0.038717154756392515,0.06985922864723897,-0.03797722576567086,58.157650580540455,54.49955330149624,66.13092264625033,75.7463617968963,61.07300540146707,41.62271385405705,19.450291547410025,1504.9684337372055,1443.8954283357384,1374.572890625,1676.827989807129,1671.9446936873464,1167.3638024064035,1419.654248046875,0.35542519735008216,66.51861508020082,0.032120738751479465,1.5572915832328311,30.0,0.007754200150845921
2022-11-03,1531.541748046875,1556.7596435546875,1517.1016845703125,1519.724853515625,14248351007,0.007754200150845921,0.025894141661465968,0.007784341818641627,59.17061543962693,56.64204795696467,69.1509607710725,72.24273613690279,58.66888762435201,45.031948608116046,13.636939016235964,1509.056635938693,1450.387748314341,1372.5086254882813,1669.5186819458008,1681.5960638943272,1181.1243950900478,1431.3602294921875,0.3496475998790569,64.59999678764183,0.03211999562647734,0.9505741904447164,30.0,0.07152224436768091
2022-11-04,1645.0933837890625,1661.334716796875,1529.2684326171875,1531.3975830078125,20806964347,0.07152224436768091,0.08027889813495313,0.074142044046136,67.34301137762822,71.61144769587376,95.55504255063966,76.94564198932079,65.17497839807629,49.060554566108095,16.114423831968196,1529.9853663772114,1464.8103879791352,1375.9766235351562,1662.4561154174805,1705.7735847270947,1193.9690422260305,1449.8713134765626,0.3529999785110843,69.41901731564509,0.0344400611307955,1.3261605345690928,30.0,-0.010464528701810014
2022-11-05,1627.968017578125,1660.4864501953125,1625.9642333984375,1645.156494140625,11006973190,-0.010464528701810014,0.0212057094636494,-0.010409966011469485,65.22266760540676,67.51035772948241,90.69076790777274,85.13225707649492,68.16348208832005,52.88114007055049,15.282342017769565,1545.0596204081212,1476.8961383198011,1379.8870288085936,1655.0754232788086,1724.164481637734,1207.745283987266,1465.9548828125,0.35227495996308883,66.92638870716152,0.03470158957802925,0.6937724206072268,38.0,-0.03483461283610738
2022-11-06,1572.2347412109375,1634.1324462890625,1572.2347412109375,1627.901123046875,11632744705,-0.03483461283610738,0.039369251585454276,-0.034234871794410315,58.740627438628174,55.452743670772776,73.28182046463344,86.5092103076819,65.28215117146101,55.361342290732594,9.920808880728416,1549.240408223939,1483.958257052478,1381.9368896484375,1647.5478677368164,1732.4384623630697,1223.5234150783365,1477.980938720703,0.3443312656827869,66.5671970193732,0.03610408109210188,0.7280944396071146,40.0,-0.0023200484163604517
2022-11-07,1568.59130859375,1604.475341796875,1550.41552734375,1572.0169677734375,15279963349,-0.0023200484163604517,0.03446392578930575,-0.002317359184151657,58.332491780733356,54.7075296267331,71.40689384721746,78.45982740654118,61.990097837833446,56.68709340015277,5.303004437680677,1552.2174698192946,1490.2273719814611,1386.6021337890625,1640.453420715332,1736.063134975488,1245.7131711768557,1490.8881530761719,0.32889788733439596,65.67381255035546,0.03574365241816374,0.942036866238789,33.0,-0.16286927969588255
2022-11-08,1332.8355712890625,1574.7998046875,1259.443115234375,1568.32958984375,42048003440,-0.16286927969588255,0.23660584714746566,-0.1502977455077471,39.30297986303467,27.156743342109465,18.26175410716412,54.3168228063383,39.89768842863077,53.329212405848374,-13.431523977217601,1518.4664085069512,1478.5687200783204,1385.708017578125,1632.2934201049804,1731.2929577531131,1255.1924792586055,1493.2427185058593,0.3188366315764756,83.50830375769614,0.052310150273234254,2.3483946756239344,31.0,-0.19184414986642734
2022-11-09,1100.1697998046875,1335.7435302734375,1083.28564453125,1333.1224365234375,38864492427,-0.19184414986642734,0.22947174680399898,-0.17456449729905577,29.184344014932236,17.18961486760911,2.920886146787015,30.863178033722818,3.5739136627964854,43.378152657238005,-39.80423899444152,1454.1130840912183,1450.5391704284218,1381.2236499023438,1623.1036990356445,1764.1102071347368,1204.0721170840134,1484.091162109375,0.3773609764340403,95.57613104230266,0.0679285546278444,2.0035549004119164,29.0,0.16648780183080164
2022-11-10,1299.464599609375,1341.7911376953125,1093.12255859375,1100.107177734375,28581002122,0.16648780183080164,0.1913623342846842,0.18114912792558768,42.77474770278206,39.41194664012371,37.39802820387306,19.52688948594135,-9.027451923312583,32.89703174112788,-41.924483664440466,1430.32100955555,1439.3484614788626,1382.1607861328125,1614.9873587036134,1764.1495574354126,1203.9845856309935,1484.067071533203,0.37745259803231646,106.51130590367836,0.07827270746345615,1.4075019901846006,22.0,-0.009466648272293352
2022-11-11,1287.2210693359375,1302.2952880859375,1211.32958984375,1298.8824462890625,20920539099,-0.009466648272293352,0.07066827945033222,-0.009421980619647496,42.238449406494894,38.66821471131206,35.27995019616174,25.19962151560723,-19.774131627423685,22.36279906741757,-42.136930694841254,1408.3056341371482,1428.079765764572,1381.3516040039062,1606.3764962768555,1766.3049669122738,1199.1213636541324,1482.7131652832031,0.38253090114689003,105.40090535642902,0.07825501514049311,0.9965269587303242,25.0,-0.025136341911160882
2022-11-12,1255.268310546875,1288.15087890625,1242.1522216796875,1287.4383544921875,10964962767,-0.025136341911160882,0.036644482171721955,-0.02482305452438449,40.80073273694912,36.56720162337693,29.752260537595944,34.143412979210204,-30.517486722052126,11.78674190952363,-42.304228631575754,1384.7614305078755,1415.2789172299276,1379.8917797851564,1598.6113461303712,1773.629445325718,1180.9790141469382,1477.3042297363281,0.4011701985613059,101.15788763286712,0.07790585079152494,0.5209943307137259,21.0,-0.027008436018424144
2022-11-13,1221.8192138671875,1271.7125244140625,1208.52099609375,1255.4412841796875,10717455214,-0.027008436018424144,0.051719213123441236,-0.026646969734394843,39.292943558084424,34.291654182095115,23.965710868277043,29.66597386734486,-41.25517165414885,1.178359196789133,-42.433530850937984,1359.6933971785388,1400.9485688326877,1377.9682983398438,1590.275793762207,1782.9311858127467,1159.3593415310033,1471.145263671875,0.4238683015743475,98.4460048248275,0.07804902831704616,0.5121241659931208,22.0,0.016063384891228275
2022-11-14,1241.604248046875,1284.2176513671875,1178.4290771484375,1221.8955078125,15028035663,0.016063384891228275,0.08520313488389104,0.016193094653558227,40.68913198550621,36.99719000412179,27.38843657253972,27.03546932613752,-47.61945003784922,-8.581202650138538,-39.03824738771068,1341.5258357736673,1389.1452858115165,1376.9160473632812,1581.7991104125977,1787.6266087121428,1132.6578029089508,1460.1422058105468,0.4485650803029894,98.97047406725054,0.07546694513574344,0.7362897388530355,24.0,0.008127260568099008
2022-11-15,1251.7362060546875,1283.19873046875,1238.688232421875,1241.677734375,11798011594,0.008127260568099008,0.03555900822519659,0.008160376403149927,41.43199130577327,38.50985119370536,29.141221672271993,26.831789704362873,-51.25478887302688,-17.115919894716207,-34.138868978310676,1327.712046586132,1378.9668354591588,1375.2443676757812,1573.979782409668,1780.0734881564956,1108.7278790310045,1444.40068359375,0.46479181071497805,95.08047578008086,0.07337238460975302,0.6092404631314676,22.0,-0.02929168164834802
2022-11-16,1215.6025390625,1264.486328125,1192.98779296875,1251.808837890625,11939561598,-0.02929168164834802,0.0588173624673335,-0.028866838569826303,39.53044318604453,35.01227253001322,22.890252900613213,26.473303715141594,-56.40134642277917,-24.9730052003288,-31.42834122245037,1310.4644300440345,1366.8657764668137,1372.9538647460938,1566.4068612670899,1777.7062672221919,1081.2178660785894,1429.4620666503906,0.4872381138281338,93.39605144980723,0.07330487864377132,0.6343603633953193,23.0,-0.012244712791506736
2022-11-17,1200.80859375,1224.9656982421875,1189.1527099609375,1215.8486328125,9723646871,-0.012244712791506736,0.02982406061020081,-0.012170051342529575,38.74636542211059,33.55650787733887,20.330964075096013,24.12081288266036,-60.97094303030235,-32.17259276632351,-28.79835026397884,1293.594301383414,1354.5652444137163,1370.2218188476563,1558.2721237182618,1768.5150972363288,1054.9421049121086,1411.7286010742187,0.5054604629963898,89.282975509196,0.0727640351189614,0.5310894268560032,20.0,0.009524465435230129
2022-11-18,1212.30029296875,1226.7374267578125,1200.8021240234375,1200.8021240234375,7979913378,0.009524465435230129,0.02139346404912858,0.009569967502366605,39.74612904829992,35.969226353702396,22.351778994672436,21.85766532346051,-62.93956900415628,-38.32598801389007,-24.613580990266215,1281.087530858081,1344.0270998622373,1367.7547778320313,1550.0465731811523,1744.828501070905,1037.888881741595,1391.35869140625,0.5080930055604886,84.75814173956594,0.07189285933942341,0.45271077140634847,23.0,0.005040860358800193
2022-11-19,1218.4267578125,1227.8372802734375,1200.4755859375,1212.2154541015625,5978745776,0.005040860358800193,0.022456577024835913,0.005053586870582327,40.30551308819007,37.383442758717976,24.533339006417012,22.405360692061773,-63.27595889352415,-43.315982189816886,-19.959976703707262,1271.4474119279917,1334.7233708215158,1365.563740234375,1542.221325378418,1721.4262026063984,1024.0555234678204,1372.7408630371094,0.5080133460846251,80.65839549644963,0.0720180395415519,0.3470085419582918,23.0,-0.06437080909304099
2022-11-20,1142.4666748046875,1224.0777587890625,1137.9332275390625,1218.436279296875,9651002684,-0.06437080909304099,0.07540222673429577,-0.062342756772829966,35.8602397087824,28.33186068290854,11.354988516451009,19.413368839180105,-68.87791247819928,-48.42836824749337,-20.44954423070591,1251.6042216013293,1320.4821340795286,1362.180185546875,1533.2304348754883,1700.9965179914157,1001.4604278093657,1351.2284729003907,0.5177037815673813,81.05026233598893,0.0729117602081314,0.5762964185186882,24.0,-0.030314520385908678
2022-11-21,1108.35302734375,1142.395751953125,1084.8572998046875,1142.395751953125,14080099208,-0.030314520385908678,0.0519134704637679,-0.0298596433605115,34.04428247824809,25.142242318689227,5.100032683601872,13.662786735489917,-75.20329058298307,-53.78335271459132,-21.419937868391756,1229.5655763309323,1304.7688669139154,1358.8253759765626,1525.0261343383788,1676.1912257657496,979.1305637850319,1327.6608947753907,0.5250291431522837,79.37591324056116,0.07281362806009657,0.8418476491951736,21.0,0.023910314822505673
2022-11-22,1135.1734619140625,1136.442626953125,1081.13818359375,1107.89599609375,12040670755,0.023910314822505673,0.04871893610525735,0.024198458350936924,36.75593801443508,32.14881315771804,20.730736970377034,12.39525272347659,-77.16253174684289,-58.45918852104164,-18.703343225801248,1215.0437125744909,1292.2062443213338,1355.0600610351562,1517.2271029663086,1654.8849376940402,961.9830188489285,1308.4339782714844,0.529565824758292,77.65652253476216,0.07320861440659637,0.7448809630241461,22.0,0.04143681250133044
2022-11-23,1183.1995849609375,1184.997314453125,1130.0228271484375,1135.4215087890625,11242676044,0.04143681250133044,0.04646256472994152,0.04230729897957275,41.40176475814762,43.24623060303454,39.156050127642,21.662273260540257,-73.98706094274507,-61.56476300538233,-12.422297937362742,1210.1446160185594,1284.1316769613045,1351.4815209960936,1509.9626358032226,1625.6751434733346,956.3585967610403,1291.0168701171874,0.5184413637069976,76.0363771611854,0.07413122064970615,0.7020409790368399,22.0,0.017413073703338357
2022-11-24,1203.983154296875,1211.62744140625,1180.3797607421875,1183.3450927734375,9706372376,0.017413073703338357,0.025953586271156025,0.01756556510001106,43.34147045765266,47.57525649759987,55.54647271458764,38.47775327086884,-68.9980505259241,-63.05142050949069,-5.94663001643341,1209.1966988306078,1278.194749356532,1348.5044409179689,1503.3952517700195,1563.0554177651368,974.8672995200193,1268.961358642578,0.46351932959905795,72.83718455424805,0.07183988477759327,0.6278685179550253,20.0,-0.004209279937229201
2022-11-25,1198.9259033203125,1203.7994384765625,1174.8233642578125,1203.7994384765625,5483308196,-0.004209279937229201,0.02416836114600868,-0.004200433335394882,42.968750127790955,46.56690031657981,56.89879045763536,50.53377109995495,-64.70640653907003,-63.38241771540656,-1.3239888236634698,1207.6165764444086,1272.3229829834786,1345.44876953125,1498.1627291870118,1492.160803142518,1002.8577027168571,1247.5092529296876,0.3922240250134955,69.71737066030623,0.07187706320724391,0.3611464398346248,20.0,0.005798400099244531
2022-11-26,1205.89794921875,1227.0380859375,1198.097900390625,1198.79052734375,5074160558,0.005798400099244531,0.023998867869063144,0.005815243360018485,43.68772371658727,48.32837915971235,61.433963262197594,57.95974214480682,-60.050437856171584,-62.716021743559565,2.6655838873879816,1207.3521722558457,1267.4026101120173,1342.9163891601563,1492.4746640014648,1423.535733619907,1034.8490930402493,1229.1924133300781,0.3162130162572706,66.80471458077542,0.07186996359034767,0.3415762879998283,22.0,-0.008972058837567288
2022-11-27,1195.126953125,1220.3494873046875,1195.0390625,1205.9052734375,4486976868,-0.008972058837567288,0.02117802191516657,-0.008931930020055212,42.790243023146154,45.6179076604138,56.13013013133352,58.15429461705545,-56.57748842996989,-61.48831508084163,4.910826650871741,1205.4713693126387,1262.0488577426086,1340.5089184570313,1488.0897555541992,1327.0024088870355,1094.0359822262458,1210.5191955566406,0.1924516583594226,63.84083673962629,0.07183203514373701,0.31343526684525663,26.0,-0.021175011046580646
2022-11-28,1170.086181640625,1198.7376708984375,1156.0625,1194.9603271484375,7275411870,-0.021175011046580646,0.036471818544682684,-0.02095239457105269,40.69706893645579,39.59481482060746,44.02046783625731,53.861520409929426,-55.209313374805106,-60.23251473963433,5.023201364829227,1200.027494286175,1255.23680766098,1337.4585571289062,1484.1316787719727,1305.523240111333,1099.2402120371044,1202.3817260742187,0.17156201196415688,62.32900346525566,0.06274766878983241,0.578476372578296,28.0,0.039230258929018644
2022-11-29,1216.9012451171875,1222.1641845703125,1163.4775390625,1169.8743896484375,7639405818,0.039230258929018644,0.04822630081388484,0.040009927654150346,46.014036916481416,53.1009946778414,74.04659691022832,58.06573162593967,-49.773680408955215,-58.14074787349851,8.367067464543297,1202.6234559524846,1252.3971363614398,1335.9698291015625,1480.1440939331055,1300.1672914116723,1116.2693052680154,1208.2182983398438,0.15220592702191527,62.068835039724,0.04581571012552436,0.6935080484450136,26.0,0.06273462567793704
2022-11-30,1295.6885986328125,1302.0386962890625,1215.4979248046875,1216.9287109375,9836925304,0.06273462567793704,0.06679133518323097,0.06474424595402373,53.56031388673696,67.40887608903071,97.12535857034942,71.7308077722783,-38.66274113350801,-54.24514652550042,15.58240539199241,1216.9411702109965,1255.6039113445045,1336.2920874023437,1476.3411672973632,1299.240834936653,1116.8181616453783,1208.0294982910157,0.15100845927135545,63.81683050005621,0.029565266917777135,0.976040946991737,29.0,-0.015097452965501133
2022-12-01,1276.27392578125,1295.9998779296875,1267.70849609375,1295.76953125,6857935276,-0.015097452965501133,0.02216717059280154,-0.014984057799110495,51.64458126047802,61.97340244654959,88.33648225011149,86.50281257689636,-31.065737072430238,-49.60926463488639,18.54352756245615,1226.0692864525738,1257.135023525004,1335.9194384765624,1471.9940029907227,1296.8997508159853,1118.064531410577,1207.4821411132812,0.1481058918523836,61.279298452619166,0.029685267407973743,0.7314925057903258,27.0,0.01402775539992225
2022-12-02,1294.3033447265625,1294.3033447265625,1269.2431640625,1276.32861328125,6213645709,0.01402775539992225,0.019361906747878157,0.014126606037395906,53.31455492590387,65.02855129830948,96.49826454990199,93.9867017901209,-23.32139862355575,-44.351691432620264,21.030292809064512,1236.5668338793414,1259.8882325028972,1336.04302734375,1468.3518899536132,1304.4662676613466,1114.4015179831845,1209.4338928222655,0.15715183012991138,58.6922186105794,0.02925818580049869,0.6800012085275694,27.0,-0.04017543678819541
2022-12-03,1243.3348388671875,1299.84033203125,1241.431884765625,1294.45654296875,5672609405,-0.04017543678819541,0.046977246546747946,-0.03937910387625765,48.242339503743125,51.40681260881009,73.4252054440249,86.08665074801274,-21.05398978061521,-39.692151102219256,18.638161321604045,1237.6080654159332,1258.6620551965484,1334.9612817382813,1464.1165182495117,1306.5601745365277,1114.4591736080035,1210.5096740722656,0.1586943128527662,58.67194922879695,0.030071012913364493,0.6384151321179128,27.0,0.02926336431092535
2022-12-04,1280.256591796875,1281.4923095703125,1242.9117431640625,1243.21923828125,5174128454,0.02926336431092535,0.030135026566901816,0.029695743878074943,51.81834906888645,58.715547289823675,90.13940518905382,86.68762506099351,-16.092273333429148,-34.97217554846124,18.87990221503209,1244.1693771668472,1260.2616505002763,1335.0689794921875,1460.9345205688476,1312.3938325332535,1112.4907499862777,1212.4422912597656,0.1648763689521835,57.236850455757875,0.030562798599348254,0.6164990081157132,26.0,-0.01620537355058696
2022-12-05,1259.6767578125,1302.237548828125,1252.472412109375,1279.9989013671875,6120359523,-0.01620537355058696,0.039506275248874144,-0.016074772913678648,49.75485266018385,53.484363414514306,80.75037846874471,81.43832970060775,-13.663197080587452,-30.71037985488648,17.047182774299028,1246.555128035409,1260.2183251159965,1334.13658203125,1457.141223449707,1313.4727958692008,1112.2058418261115,1212.8393188476562,0.16594692381371443,56.70315661740017,0.030770082101711595,0.7547726931359122,26.0,0.009463118187259801
2022-12-06,1271.65380859375,1271.9232177734375,1247.6298828125,1259.854248046875,5089212680,0.009463118187259801,0.019103733104689966,0.009508035062938625,50.9783438097399,56.13770427196124,82.24092578376688,84.37690314718843,-10.64893446027736,-26.698090775964655,16.049156315687295,1250.4164635059233,1261.0653979662006,1332.9353857421875,1453.692914123535,1319.497459992983,1111.7863046554546,1215.6418823242188,0.17086541551233808,54.38816935622426,0.030018507801702118,0.6552892807881137,25.0,-0.0313243491098491
2022-12-07,1232.4375,1272.694091796875,1224.447998046875,1271.5531005859375,5752205180,-0.0313243491098491,0.03914688878746387,-0.030838824473082838,46.94728876619611,46.09384492631071,52.24899913650993,71.74676779634045,-11.294343811270664,-23.617341383025856,12.322997571755192,1247.6504691203966,1258.9448129316672,1331.3751953125,1449.9825100708008,1321.0905043598973,1113.3561509135402,1217.2233276367188,0.17066248134570386,53.949449670065384,0.030796610859564054,0.7600906615805112,29.0,0.0387379172952175
2022-12-08,1281.1163330078125,1286.229736328125,1226.3585205078125,1232.4517822265625,6227269815,0.0387379172952175,0.04673362931822632,0.0394980134958669,52.019062456353296,57.186731956831856,85.55073797502392,73.34688763176686,-7.78808418750782,-20.451489943922248,12.663405756414427,1252.7990635646145,1260.5871477521223,1331.28263671875,1446.1722409057618,1328.1473836821704,1113.1808755951736,1220.664129638672,0.17610618913707973,54.37243296651161,0.031880931215892784,0.832505331787696,25.0,-0.01322525408327693
2022-12-09,1264.2847900390625,1290.055419921875,1260.8187255859375,1281.0772705078125,5706183865,-0.01322525408327693,0.02312508587169998,-0.013138184671514397,50.23096072717433,52.80345292216576,74.03608954241707,70.61194221798358,-6.294948773947226,-17.620181709927245,11.325232935980019,1254.5660984068372,1260.8610471807845,1330.9043139648438,1442.632755432129,1332.0953450760705,1113.8187174239295,1222.95703125,0.17848266298370088,52.57702306432775,0.03207322830820078,0.7642352483970122,26.0,0.0016591389560043366
2022-12-10,1266.3841552734375,1279.5279541015625,1262.119873046875,1264.37548828125,3282499999,0.0016591389560043366,0.013746287792844937,0.0016605160885547754,50.45969808791972,53.32405727894287,75.47228898357031,78.35303883367038,-4.885905297059935,-15.073326427353782,10.187421130293847,1256.3842610016989,1261.2701662987588,1330.2330688476563,1439.0697622680664,1333.2637099441895,1125.0421006026854,1229.1529052734375,0.16940252791021396,50.06495577792487,0.028043525015595264,0.45921275478390494,27.0,-0.001988438422173628
2022-12-11,1263.8685302734375,1281.783203125,1260.6636962890625,1266.4178466796875,3362005848,-0.001988438422173628,0.01671020864121706,-0.0019864627881867047,50.16219126329383,52.514254125125575,73.75132154065335,74.41990002221353,-3.9269506607859057,-12.844051274040208,8.917100613254302,1257.5356870435046,1261.4626377042905,1329.2244555664063,1435.6649655151368,1325.9214989781603,1147.9358618616834,1236.9286804199219,0.14389320898926286,47.997423710640064,0.026848033567048783,0.5084550943464156,26.0,0.008470045525837319
2022-12-12,1274.6190185546875,1275.6103515625,1243.477783203125,1263.573486328125,5151109364,0.008470045525837319,0.025209547238523613,0.00850601785212901,51.47878245862739,55.856598180216544,80.09618886587926,76.43993313003425,-2.2732925425707435,-10.729899527746316,8.456606985175572,1260.1638918913789,1262.4371844339496,1327.4478955078125,1433.0184939575195,1320.9630017064262,1166.8389147974801,1243.9009582519532,0.1239038252093123,46.86421975697827,0.026543285065770413,0.8218473823925162,27.0,0.03540038140457801
2022-12-13,1320.5491943359375,1341.4393310546875,1258.472412109375,1274.6624755859375,8812883119,0.03540038140457801,0.06282758665952914,0.03603443469196854,56.737266545549204,67.32142905814712,83.41281287801247,79.08677442818164,2.7121606612881806,-8.041487489939417,10.753648151227598,1269.453938421311,1266.7417777600228,1326.9589086914064,1430.9966256713867,1329.4320800329306,1172.1047974084759,1250.7684387207032,0.12578449995537977,49.44298398471643,0.026148028524685146,1.4338679902126998,27.0,-0.008533116264882437
2022-12-14,1309.3287353515625,1346.1744384765625,1305.8333740234375,1320.6885986328125,7830915428,-0.008533116264882437,0.030810493471903514,-0.008496812562910572,55.16442431050801,62.6816074364677,69.73073147055254,77.74657773814803,5.69215535317835,-5.2947589213158635,10.986914274494215,1275.5885225644265,1269.8963672112482,1323.9121752929686,1428.75356048584,1335.5660934207117,1176.5053421261632,1256.0357177734375,0.12663712428219315,48.79284687531704,0.026169047959385777,1.2938406061615242,30.0,-0.03337277794308664
2022-12-15,1266.3538818359375,1311.067138671875,1262.6893310546875,1309.1907958984375,6032859783,-0.03337277794308664,0.03820243954798023,-0.03282205022719986,49.504040653719876,47.92307414368598,34.42627882745695,62.52327439200726,4.533847719046435,-3.329037593243404,7.862885312289839,1274.1678086061975,1269.633960887151,1317.907919921875,1426.0251748657226,1334.5642989792884,1184.249934419149,1259.4071166992187,0.11935327549529694,48.76320121402207,0.027443417703558702,0.9922572513023039,31.0,-0.0806268638905218
2022-12-16,1168.2593994140625,1278.156982421875,1162.1756591796875,1266.4605712890625,9297811507,-0.0806268638905218,0.09927702982775712,-0.07746214058242495,39.53261639531692,29.454543743744395,3.306402497681312,35.821137598563546,-4.2505269193438835,-3.5133354584635006,-0.7371914608803829,1257.8742071920228,1262.1247341113667,1310.9856103515624,1421.8842654418945,1339.5213508041102,1175.5290276138585,1257.5251892089843,0.1304087779692167,53.56449564460531,0.03314733295107865,1.4779267993626128,29.0,0.016882136897420408
2022-12-17,1188.1495361328125,1189.0450439453125,1165.4078369140625,1168.0667724609375,5077258586,0.016882136897420408,0.019894134797362586,0.017025445486444024,42.08016081443564,35.34849184885928,14.116331125880537,17.28300415033954,-9.497755095283992,-4.7102193858276,-4.787535709456392,1247.147334721375,1256.645089816659,1303.63904296875,1418.11337310791,1340.283309325994,1174.0693273927561,1257.176318359375,0.13221214837243228,51.42683217222278,0.033347640270447565,0.8032833940101523,28.0,-0.002894668628354817
2022-12-18,1184.7152099609375,1194.2144775390625,1176.185791015625,1188.1285400390625,3350092519,-0.002894668628354817,0.015217738720541912,-0.0028904831146532306,41.753063193690984,34.763418522710694,12.249837127931864,9.890856917164514,-13.774558117548622,-6.5230871321718045,-7.251470985376818,1237.5423924505385,1251.3169505680871,1294.9393774414064,1414.9191024780273,1338.1437712096447,1177.6717683411364,1257.9077697753905,0.12757056337855505,49.04125034016669,0.03299380351287574,0.5470105144065167,26.0,-0.014543609111301281
2022-12-19,1167.60986328125,1192.923828125,1160.377197265625,1184.75830078125,4943628091,-0.014543609111301281,0.02787457684530991,-0.014438361671959554,40.08188353608749,31.713291923939195,3.89277363242099,10.08631396207774,-18.332883774767424,-8.88504646069093,-9.447837314076494,1226.7835418091095,1245.116425583877,1286.475908203125,1411.586399230957,1343.2381600688611,1167.6482412983262,1255.4432006835937,0.13986289357808107,47.86306323439585,0.0318532542588324,0.8253718273412934,29.0,0.04200799338122731
2022-12-20,1217.70361328125,1224.0926513671875,1165.5994873046875,1167.8826904296875,6684951715,0.04200799338122731,0.048035633157795334,0.04290281503722926,46.79773753283384,47.462626215186475,30.854288062620768,15.66563294099115,-17.699217166893277,-10.6478806019314,-7.051336564961877,1225.3866297279003,1243.0858468947936,1279.3756909179688,1408.799524230957,1338.7681177594066,1164.3197850726249,1251.5439514160157,0.13938650136050612,48.62235615068901,0.02991199606179973,1.1462579897939484,29.0,-0.0033756718913286222
2022-12-21,1213.5999755859375,1218.1922607421875,1206.4400634765625,1217.58642578125,4217182733,-0.0033756718913286222,0.009683748765692689,-0.0033699807166168716,46.339527238715654,46.439000599708514,28.645623569775257,21.130895088272283,-17.32840995787842,-11.983986473120805,-5.344423484757616,1223.5732983214443,1240.9017082793227,1272.0535986328125,1405.859476623535,1336.3557466156908,1160.4647611968094,1248.41025390625,0.1408919743077423,45.988773373184436,0.02977916814821827,0.7398643214032748,26.0,0.0037685602956308416
2022-12-22,1218.18212890625,1221.98681640625,1187.1278076171875,1213.672607421875,5297471739,0.0037685602956308416,0.02861559693078145,0.003775670247603724,46.96397518154184,47.90270031878607,31.111835280158154,30.203915637518005,-16.474888831726275,-12.882166944841899,-3.5927218868843767,1222.7438876421836,1239.2187764739099,1266.0230053710939,1402.924362487793,1330.847906185356,1158.360480045113,1244.6041931152345,0.13858817694363393,45.1937901886043,0.029566767418075107,0.9369204272750222,28.0,0.0016218362460934089
2022-12-23,1220.159423828125,1226.998779296875,1215.994873046875,1218.079345703125,4835831923,0.0016218362460934089,0.009018416802843987,0.0016231521337866095,47.24924572938444,48.60972228356443,32.17605717548229,30.644505341805175,-15.460694749585855,-13.39787250579069,-2.062822243795164,1222.3462778246362,1237.806972574222,1259.7953588867188,1399.7287112426757,1330.3464818652094,1156.5443628613532,1243.4454223632813,0.1397746261138904,42.751655621561135,0.028250980805491117,0.8616499249758788,27.0,0.0008103326602292066
2022-12-24,1221.1485595703125,1224.91162109375,1216.3387451171875,1220.117919921875,2626153345,0.0008103326602292066,0.007020338278562153,0.0008106610684399662,47.401660526511904,49.013556991158545,32.70843092642756,31.998774460689276,-14.411002577596719,-13.600498520151897,-0.8105040574448221,1222.1620134778173,1236.573016055414,1251.3164624023439,1396.7642123413086,1326.1945954658422,1154.785446038064,1240.4900207519531,0.13817857988399967,40.310314218346946,0.027352030270045947,0.47879743585173873,29.0,-0.001792151574256242
2022-12-25,1218.9620361328125,1223.517822265625,1203.7196044921875,1221.1715087890625,3942720070,-0.001792151574256242,0.016241865773152248,-0.0017905466295349282,47.07784478566212,48.03997950625142,31.53159782425162,32.13869530872043,-13.598789753216806,-13.60015676676488,0.001367013548073004,1221.6697092708932,1235.26849902411,1243.1363427734375,1393.8911611938477,1324.17337174792,1152.7351975880174,1238.4542846679688,0.13842915017720295,38.845164472281986,0.027157317165380078,0.7333911832752963,29.0,0.00655156671818168
2022-12-26,1226.974365234375,1226.974365234375,1214.3359375,1218.920166015625,3282098400,0.00655156671818168,0.010300482302220571,0.006573075177125132,48.46708839313727,52.10701220407572,35.84400259912447,33.36134378326783,-12.168308555036901,-13.313787124419283,1.145478569382382,1222.485810188352,1234.6541187433888,1236.2311352539064,1391.0769027709962,1320.6816373504419,1151.7589876495583,1236.2203125,0.13664445406116357,36.97325470528863,0.02710239858326645,0.6209443057750698,28.0,-0.011626442101575315
2022-12-27,1212.7916259765625,1230.4180908203125,1205.8956298828125,1226.987060546875,4091530737,-0.011626442101575315,0.02021984684941575,-0.011559116196452335,46.15732477036472,44.85631064195767,28.21055273443531,31.862051052603743,-12.040277602042806,-13.05908521994399,1.0188076179011833,1220.994397232692,1233.034674834735,1229.1151416015625,1388.8156497192383,1320.3072525334223,1150.1687850642338,1235.238018798828,0.1377373954492065,36.083912293303726,0.02631916710953025,0.7864361481892952,27.0,-0.01898321825514631
2022-12-28,1189.986083984375,1213.12890625,1185.7021484375,1212.736572265625,4991669631,-0.01898321825514631,0.02304796516667511,-0.018804171717317075,42.638575993158845,35.5708208873681,19.648880636914193,27.901145323491267,-13.622002825118898,-13.171668740978973,-0.45033408413992504,1216.223887502182,1229.8458903273008,1226.2581518554687,1387.117262878418,1315.1937000434707,1146.169312651842,1230.6815063476563,0.13734210396420873,35.46554411610346,0.02488041913814307,0.970982717928075,28.0,0.009708508365278899
2022-12-29,1201.5953369140625,1204.1416015625,1188.3602294921875,1190.0101318359375,4132233940,0.009708508365278899,0.013133682851035545,0.009755788816300015,44.93967324916032,42.624539249819854,34.995937200731305,27.61845685736021,-13.77991548327941,-13.293318089439062,-0.4865973938403485,1213.9733412578557,1227.7532567411351,1228.2866625976562,1385.8991567993164,1311.4897291654177,1143.604338217395,1227.5470336914063,0.13676493555050814,34.05953182711839,0.024946203726850125,0.8163009147329555,28.0,-0.0019681122243845202
2022-12-30,1199.2327880859375,1202.03466796875,1187.4625244140625,1201.569580078125,4055668253,-0.0019681122243845202,0.012151221763996044,-0.001966176761464933,44.54801738455074,41.544662812027475,55.47557840616967,36.70679874793833,-13.935065586551218,-13.421667588861494,-0.513397997689724,1211.7055638467914,1225.6406294333426,1226.2820263671874,1385.8724069213868,1307.0143285107706,1141.3646021532918,1224.1894653320312,0.13531379827104656,32.667575521944755,0.024927225117114957,0.7951037489305034,28.0,-0.002054711668669348
2022-12-31,1196.771240234375,1205.088623046875,1194.2037353515625,1199.360107421875,3018513333,-0.002054711668669348,0.00909521162388629,-0.002052602193683639,44.11660856877679,40.30349263983679,51.961134591085354,47.47755006599539,-14.094180560617815,-13.556170183212759,-0.5380103774050564,1209.4079755987273,1223.502156159345,1224.4730297851563,1385.7979489135741,1302.384608014917,1139.2845936452395,1220.8346008300782,0.13359714269138614,31.11166924861388,0.024927126568835584,0.5937713408734197,25.0,0.0034979727916243848
2023-01-01,1200.96484375,1203.475341796875,1192.8853759765625,1196.713623046875,2399674550,0.0034979727916243848,0.008817881618620444,0.003504097838116227,45.09217896461496,43.64959344126966,57.94849897607947,55.12840399111144,-13.723693373120113,-13.58967482119423,-0.13401855192588386,1208.1090322373846,1221.8327256105047,1223.3869604492188,1385.636741027832,1295.2323827931864,1139.0714013865013,1217.1518920898438,0.1283003234202409,29.645833289449495,0.024834193914025443,0.4851691603881592,26.0,0.011336146257185528
2023-01-02,1214.6566162109375,1219.860595703125,1195.2149658203125,1201.103271484375,3765758498,0.011336146257185528,0.020290203464822305,0.011400643850810077,48.267559746991154,53.56394865766825,75.68371770679141,61.86445042465203,-12.184809102576992,-13.308701677470783,1.123892574893791,1209.1163528487004,1221.3011619512774,1223.2437084960939,1386.3713705444336,1273.885285120807,1149.8292412463802,1211.8572631835937,0.10236852774932183,29.28867590326114,0.023419670235938703,0.8023004248055177,27.0,0.0001005932338583726
2023-01-03,1214.77880859375,1219.0953369140625,1207.4915771484375,1214.7440185546875,3392972131,0.0001005932338583726,0.009552158535805974,0.00010059829352737637,48.29629747241183,53.648858709048795,65.02526527860054,66.21916065382375,-10.830524779134294,-12.813066297803486,1.9825415186691924,1209.9874998864004,1220.8180246655347,1222.7071997070314,1387.0126681518555,1250.2534045301886,1164.0061291612178,1207.1297668457032,0.0714482218381042,28.025467607715704,0.02341476490841208,0.758747940361631,26.0,0.03378924703011539
2023-01-04,1256.526611328125,1264.8074951171875,1213.1688232421875,1214.7186279296875,6404416893,0.03378924703011539,0.041096361517102206,0.03436658792451519,57.0706975070853,73.18966136880478,89.5318279526751,76.74693697935562,-6.315741973932745,-11.513601433029338,5.197859459096593,1217.1473631851272,1223.46310515906,1222.8030078125,1388.3271173095702,1247.199380433484,1166.0774262071411,1206.6384033203126,0.06722971356051596,29.712125055378866,0.023756000719874527,1.4262521525486087,29.0,-0.004856888032440565
2023-01-05,1250.4385986328125,1258.571533203125,1245.173095703125,1256.484619140625,4001786456,-0.004856888032440565,0.010714990335910456,-0.004845112423745301,55.589160474648004,68.29145531341165,81.83574551217457,78.79761291448335,-3.192198145279008,-9.849320775479272,6.657122630200265,1222.2690917155403,1225.4612898608193,1223.4997290039062,1388.9410278320313,1251.5733414109702,1169.9213851515299,1210.74736328125,0.06743930132389893,28.54686165856609,0.01454118755067014,0.9470382325534153,29.0,0.015033458138128267
2023-01-06,1269.3790283203125,1273.2203369140625,1240.947509765625,1250.458984375,4977252792,0.015033458138128267,0.025424106140418953,0.015147028977039678,59.142751229373395,74.48849709948719,95.61084540183472,88.99280628889473,0.8023185974868738,-7.718992900886044,8.521311498372917,1229.5167742701205,1228.7144556726337,1224.8711376953124,1389.6497106933593,1261.5654444497254,1168.0522313315246,1214.808837890625,0.07697771879942503,28.81300205069976,0.014456597874610504,1.1792815999429804,26.0,-0.004032641195671222
2023-01-07,1264.2703857421875,1270.5982666015625,1262.2711181640625,1269.4197998046875,2565213548,-0.004032641195671222,0.006586524948626052,-0.00402452101708739,57.799362043211595,70.17290816330939,89.77361011731658,89.07340034377523,3.515255456983141,-5.472143229312207,8.987398686295348,1234.8634837273617,1231.3482282703785,1225.9105395507813,1390.3469396972657,1268.092312897659,1169.4808804617162,1218.7865966796876,0.08090951500827762,27.349726792614064,0.014484501801845498,0.6134913048697034,25.0,0.01809803349242052
2023-01-08,1287.3594970703125,1287.3594970703125,1260.226806640625,1264.181884765625,3495088905,0.01809803349242052,0.021076234331928477,0.018262795354943462,62.000479497252535,77.15259857991246,100.0,95.12815183971703,7.442582327983246,-2.889198117853117,10.331780445836362,1242.9397934724311,1235.4972111444479,1227.2891943359375,1391.5266278076172,1276.7768747282853,1172.771282009996,1224.7740783691406,0.08491818577412984,27.33422419526217,0.014210478697195121,0.8506122907677793,25.0,0.026203702356813168
2023-01-09,1321.5389404296875,1342.1441650390625,1286.6807861328125,1287.4508056640625,7990438824,0.026203702356813168,0.041968781402851846,0.026550037838815266,67.20515689768052,83.72852267270652,86.82884236793379,92.2008174950834,13.161297354409498,0.3209009765994062,12.840396377810093,1255.0319699273937,1241.8706725729842,1230.8706396484374,1392.4173889160156,1296.7428054850309,1163.188883968094,1229.9658447265624,0.10858343919836876,29.3434495317613,0.012355681381050613,1.9142517770553071,25.0,0.011321724802568729
2023-01-10,1336.5860595703125,1342.7572021484375,1318.5272216796875,1321.3955078125,5830173253,0.011321724802568729,0.018128260649777753,0.011386058087499595,69.2048834318559,85.82410879802829,96.07071378328068,94.29985205040477,18.692125784002428,3.995145938080011,14.696979845922417,1267.5787529493812,1248.8866271653787,1235.4353002929688,1392.9660955810548,1316.910646496623,1155.3196513549397,1236.1151489257813,0.13072487242156242,28.978201741546208,0.012325222383518356,1.37024714207873,26.0,0.03769675589136458
2023-01-11,1387.9327392578125,1387.9327392578125,1323.5831298828125,1336.48681640625,6314904311,0.03769675589136458,0.04636363676341442,0.03841629150614301,74.84229519915897,90.62890275718921,100.0,94.29985205040477,26.908411670760415,8.577799084616093,18.330612586144323,1286.094750842986,1259.1863391722256,1240.4904858398438,1393.6885247802734,1348.454291063081,1140.7510678236379,1244.6026794433594,0.16688315610274682,31.50473085822148,0.014341874309752575,1.4666365499214853,26.0,0.021388637532641704
2023-01-12,1417.9384765625,1432.28125,1378.422119140625,1405.3514404296875,12230193038,0.021388637532641704,0.03798410985358503,0.021619013988194213,77.44120079768001,92.38790806289967,94.1414720613496,96.73739528154336,35.43264419698994,13.948768107090864,21.483876089899077,1306.3784009536805,1270.9457567566906,1245.185263671875,1394.7790588378907,1382.0986728833966,1126.8845912767595,1254.491632080078,0.20344024231031782,33.10147371544673,0.014663839773643952,2.615847361669849,30.0,0.023472599213271415
2023-01-13,1451.6148681640625,1461.6727294921875,1404.02392578125,1417.9461669921875,7684148212,0.023472599213271415,0.039713566576959305,0.02375024880007759,79.94524904571917,93.88969308263601,96.25806006250949,96.7998440412863,44.39381893422342,20.03777827251738,24.35604066170604,1328.7224728322008,1284.3286538979773,1250.1378979492188,1396.0687298583985,1418.6634706358604,1113.3664243836706,1266.0149475097655,0.24114805820634663,34.85485442941036,0.01499074246577265,1.5591811943691651,31.0,0.06603425849276162
2023-01-14,1550.7069091796875,1563.7391357421875,1450.9884033203125,1451.428466796875,15444626014,0.06603425849276162,0.07270924747573305,0.0682633136301174,85.16377663037422,96.35699915404672,96.48588527975657,95.62847246787184,58.81354806653076,27.79293223132006,31.020615835210698,1362.873924577968,1304.0603765114372,1257.1735180664064,1398.0993682861329,1477.4563220362932,1087.7480602879257,1282.6021911621094,0.3038418805407388,40.4188457145864,0.019499527420222172,2.8063697456367156,46.0,0.0011424277960363034
2023-01-15,1552.4794921875,1556.9508056640625,1520.893798828125,1550.7315673828125,6774614499,0.0011424277960363034,0.023225431973424568,0.0011430806152468165,85.23777718213293,96.38744229044401,96.9446661918879,96.56287051138459,69.5822194150694,36.15078966806993,33.43142974699947,1392.0440119025113,1322.461792487442,1264.1051489257814,1400.3670465087891,1524.391209751157,1073.3636852683744,1298.8774475097657,0.34724409554381114,40.10728579468291,0.019616753078315355,1.1931247149845805,52.0,0.015565394516856729
2023-01-16,1576.83349609375,1594.039794921875,1529.5736083984375,1552.519287109375,8454485431,0.015565394516856729,0.040883318805148394,0.015687166258109064,86.25236155639506,96.81418079121376,95.54873155870818,96.32642767678415,79.169022413824,44.75443621722075,34.414586196603246,1420.473163316548,1341.304140902724,1271.7392797851562,1402.9147198486328,1569.0734921004835,1065.0855899307664,1317.079541015625,0.3826556304876488,41.847207275308236,0.018837017142622436,1.433889189471461,45.0,-0.005715972671190544
2023-01-17,1567.8460693359375,1594.0009765625,1553.3359375,1577.107421875,7599462786,-0.005715972671190544,0.02593688236226131,-0.0056996675806778585,83.95909859578578,92.12870413503784,93.12267735437543,95.20535836832379,85.06089359839257,52.815727693455116,32.24516590493745,1443.1459180887618,1358.0850244903693,1279.6944775390625,1405.4551135253905,1603.216606034331,1068.7284745320753,1335.9725402832032,0.40007418969027125,41.76276668867907,0.01785479851680153,1.2609906726049633,51.0,-0.03395273830849871
2023-01-18,1515.5069580078125,1602.106689453125,1509.4228515625,1567.698974609375,10354880595,-0.03395273830849871,0.0611569860507016,-0.033382812478710555,71.95997493866317,69.33143751812081,76.02172772674791,88.23104554661045,84.53247731399142,59.15907761756239,25.373399696429033,1454.2783857686159,1369.7459084546244,1285.666591796875,1407.7000842285156,1622.3507038826438,1080.9855387931375,1351.6681213378906,0.40051633721572066,45.39998606024664,0.02080524774682228,1.6338511365825992,52.0,0.024152930294644378
2023-01-19,1552.5565185546875,1557.9703369140625,1514.3800048828125,1515.2496337890625,6432638856,0.024152930294644378,0.028076486434019998,0.024446974889233086,74.71477442982778,74.5353405427576,86.28024049082408,85.14154852398242,86.11066337623151,64.54939476929621,21.5612686069353,1469.3980985049348,1383.2874351287032,1290.8039501953126,1410.094031982422,1644.0061254373472,1094.662490285309,1369.3343078613282,0.4011756895290393,45.27072505817545,0.02072808211155229,0.9962947324430395,45.0,0.06676655019692047
2023-01-20,1659.754150390625,1659.8857421875,1544.9178466796875,1552.3736572265625,8528894754,0.06676655019692047,0.06926802712362833,0.0690458804911851,80.64103292982654,83.80909807438812,99.96707397604037,87.42301406453738,94.91719387485637,70.62295459040824,24.294239284448125,1498.6836449488871,1403.7664510740308,1298.4735546875,1412.6375073242189,1682.6803006034452,1102.286606134836,1392.4834533691405,0.4168047333448276,50.24909437600667,0.023623179327603484,1.266903128275187,51.0,-0.01985903666710156
2023-01-21,1627.1181640625,1674.1793212890625,1626.81298828125,1659.7060546875,8859250310,-0.01985903666710156,0.029110567415430246,-0.019663144882297257,74.88645758261586,74.20983936317397,88.63126673683074,91.626193734565,98.13177932908684,76.12471953814396,22.007059790942876,1518.4428017355967,1420.31102240651,1305.1298510742188,1415.1003930664062,1707.1730505716378,1120.4091881978934,1413.7911193847656,0.41502868021202755,50.04318284970709,0.02483819026300758,1.2557299730044296,53.0,0.0007764804081359887
2023-01-22,1628.382080078125,1658.0234375,1612.085693359375,1627.365966796875,7517988734,0.0007764804081359887,0.028210666711845075,0.0007767819470894111,74.96097893064251,74.34261767404382,88.18131242935647,92.25988438074246,99.63284352006826,80.82634433452883,18.806499185539437,1535.3565368652164,1435.7236933451481,1312.8307958984376,1417.3074334716796,1727.1208889415675,1141.8338962146827,1434.477392578125,0.4080140933242409,49.74993722762979,0.025035741821935794,1.0380132132528685,53.0,-8.043979054159996e-05
2023-01-23,1628.2510986328125,1641.2181396484375,1607.903076171875,1628.55078125,8264507375,-8.043979054159996e-05,0.02046064240615961,-8.043655534839544e-05,74.93616243703941,74.2963711554024,87.08619386566407,87.9662576772837,99.66302528066922,84.59368052375692,15.069344756912301,1549.648007906385,1449.9849826257157,1319.7906860351563,1419.2607220458985,1741.1348858008987,1169.1671283592577,1455.1510070800782,0.3930641937906896,48.57601767398213,0.025041313501481123,1.103958493849575,50.0,-0.04499980858207428
2023-01-24,1556.604248046875,1639.723876953125,1551.3897705078125,1627.8482666015625,8180274691,-0.04499980858207428,0.05674795411624268,-0.04400233517182761,62.70708272454252,53.18332844452216,66.46424686743146,80.57725105415061,92.83549270698359,86.24204296040226,6.593449746581328,1550.7181986972296,1457.882705990246,1325.7292358398438,1420.9312121582032,1744.115716244643,1196.1940615873882,1470.1548889160156,0.37269654972290167,51.415881157648585,0.02790514569527188,1.0798983805211344,52.0,0.03478969998133842
2023-01-25,1611.7110595703125,1632.24169921875,1530.7978515625,1556.8074951171875,10598973448,0.03478969998133842,0.06294170847428153,0.035401940854640435,67.14785876060014,62.69584454547946,78.87853236879154,77.47632436729563,90.82431690659814,87.15849774964144,3.665819156956701,1560.1017157546269,1469.2773988480287,1332.530380859375,1422.9048760986327,1749.1819907241288,1227.2550332016526,1488.2185119628907,0.3507058629677163,54.98930733612011,0.028148416832699422,1.340810478612952,51.0,-0.005353413924201912
2023-01-26,1603.10595703125,1626.1982421875,1586.59814453125,1611.0809326171875,8395315241,-0.005353413924201912,0.024702108729970904,-0.005339109940311948,65.82963418384828,60.45791906302329,73.69167322228914,73.01148415283733,87.52712749398825,87.23222369851081,0.2949037954774383,1566.7177528741074,1479.1906253801192,1339.94375,1425.0783978271484,1749.9556321257942,1259.8540846710807,1504.9048583984375,0.32566945659029467,53.89007807327225,0.02842684971134666,1.0395640624690257,54.0,-0.003092196850388313
2023-01-27,1598.156494140625,1617.0008544921875,1565.2449951171875,1603.080078125,8124465373,-0.003092196850388313,0.03238472550388792,-0.0030874209336673175,65.03874417546973,59.04366007317509,65.93820759360746,72.83613772822932,83.55157034475405,86.49609302775946,-2.9445226830054025,1571.5544822997256,1488.0029119549715,1346.2845532226563,1427.5829974365233,1743.169166296516,1300.0291613402026,1521.5991638183593,0.2912330760252792,53.73763388053852,0.028400272214295908,0.9725511998877926,55.0,-0.01622536325299565
2023-01-28,1572.43505859375,1604.7041015625,1565.39013671875,1598.1253662109375,5803653357,-0.01622536325299565,0.02500196407405786,-0.01609444108957936,60.941166237807494,51.70980129611134,38.24566472917755,59.29184851502466,77.43281053640385,84.68343652948835,-7.250625993084498,1571.6899555757293,1494.2571450393255,1352.44755859375,1430.254214477539,1730.3363565711238,1341.3695272179389,1535.8529418945313,0.2532578600092923,52.70737180648219,0.029024618023267067,0.6852662774208876,52.0,0.04581724352364491
2023-01-29,1646.1556396484375,1653.7249755859375,1568.98486328125,1572.6295166015625,8801292300,0.04581724352364491,0.05147758223079386,0.046883068812149764,67.30004396447589,65.88075362889424,82.99084601221766,62.391572778334165,77.63732928309719,83.27421508021013,-5.636885797112939,1583.1462146638382,1505.508885380741,1360.04298828125,1432.9170568847655,1725.3387258518374,1378.8288278591003,1552.0837768554688,0.22325463558079847,54.99542469921114,0.02991844867516146,1.034261360449061,55.0,-0.04907132817840733
2023-01-30,1567.3265380859375,1646.651611328125,1546.6607666015625,1646.147705078125,9180418120,-0.04907132817840733,0.06379707246498492,-0.04788678522483769,56.67490716476211,48.22587376673379,35.145015318389106,52.12717535326138,70.62444750092686,80.74426156435348,-10.119814063426617,1580.712418267238,1510.0879707663112,1366.1121484375,1434.7960583496094,1705.90038747745,1421.3412140850498,1563.62080078125,0.18198732918507007,58.20938327259338,0.032792098889761326,1.0579871254316078,61.0,0.012181319413260568
2023-01-31,1586.535400390625,1598.517578125,1563.8043212890625,1567.419921875,6585191019,0.012181319413260568,0.02187991319159387,0.012255813857491304,58.39847424753525,51.891042792354,46.80395796056117,54.97993976372259,65.8575183397611,77.76691291943501,-11.909394579673915,1581.608261670836,1515.750743331075,1372.3504760742187,1436.5630895996094,1690.9426175426163,1456.159250133165,1573.5509338378906,0.14920608056633713,56.53108852711796,0.03206263661580828,0.7577229390327825,51.0,0.034236124265502516
2023-02-01,1641.792724609375,1644.7275390625,1566.8572998046875,1586.4881591796875,8116969489,0.034236124265502516,0.04743000629165283,0.034828926102213,62.963016093248775,61.12669710033342,79.73295668089553,53.893976653281875,65.78022342649979,75.36957502084798,-9.589351594348187,1590.8674098152267,1525.0871863887269,1378.7753466796876,1438.0089208984375,1681.5322880791766,1487.955004401292,1584.7436462402343,0.1221505346540698,58.05531357931043,0.032498427019541094,0.9566141905899489,56.0,0.0008820928489129534
2023-02-02,1643.2415771484375,1704.4581298828125,1641.3226318359375,1641.365966796875,10558081069,0.0008820928489129534,0.038421312438087024,0.0008824820072261819,63.07740900699992,61.35364771270285,64.74924874791319,63.762054463123235,65.08561053829726,73.31278212433784,-8.227171586040583,1598.924974020336,1533.8393634820388,1385.453603515625,1439.5319500732421,1672.6868378872405,1515.9631254916658,1594.3249816894531,0.09830098267010769,58.418183898422186,0.03229978684021404,1.2235863713198534,60.0,0.013001459829638557
2023-02-03,1664.74560546875,1670.6968994140625,1634.223388671875,1642.9046630859375,8169519805,0.013001459829638557,0.021909359978107577,0.013086346292204398,64.81444278221613,64.90183662550172,77.13206220894473,73.87142254591775,65.51510286467851,71.75324627240597,-6.238143407727463,1609.0512250123998,1543.5361221477212,1393.4214379882812,1439.9620886230468,1681.4015923253764,1518.652240682436,1600.0269165039062,0.10171663361673394,56.85070724440543,0.029152697098251988,0.9884424016147991,60.0,0.0013887962452246037
2023-02-04,1667.0592041015625,1690.099609375,1648.189208984375,1664.4722900390625,5843302512,0.0013887962452246037,0.025140319124546034,0.0013897610693263118,65.00519629063902,65.30170890414095,78.46431772252,73.44854289312592,65.28954941742745,70.46050690141027,-5.170957483982818,1617.9755294876554,1552.685980070228,1403.3974340820312,1440.582508544922,1689.0449575962139,1522.4668466030048,1605.7559020996093,0.10373812780348465,55.7835424691354,0.029151679131197743,0.7109956764294298,58.0,-0.02147187445568897
2023-02-05,1631.6458740234375,1671.770263671875,1616.391845703125,1667.16650390625,6926696531,-0.02147187445568897,0.033940218800169945,-0.02124299484445158,59.6725122195926,54.26198691822397,58.072014761444514,71.22279823096969,61.54379831243841,68.6771651836159,-7.133366871177486,1620.0786594162373,1558.534861103799,1412.2673608398438,1441.1397344970703,1691.4047824251168,1525.5882595670707,1608.4965209960938,0.10308789648818191,55.75460500482216,0.029522955981708978,0.8507272133256798,58.0,-0.009482405582902836
2023-02-06,1616.2470703125,1653.7154541015625,1611.319091796875,1631.645263671875,6919871886,-0.009482405582902836,0.02623136219915325,-0.009437589342205732,57.46498543787751,49.9758977700105,49.20481504261488,61.913715842193064,56.67934460580591,66.2776010680539,-9.598256462247988,1619.4891841695085,1562.8098395637026,1420.897998046875,1441.337222290039,1691.7365908613897,1530.0965512284542,1610.916571044922,0.10034041646743229,54.8004448119554,0.029584756154782413,0.853450743298417,56.0,0.03391579345123585
2023-02-07,1672.0035400390625,1673.7978515625,1614.863037109375,1616.0096435546875,8030277434,0.03391579345123585,0.03524802013980671,0.03449749159686455,62.827261666856735,62.491468171200175,81.31144890607152,62.86275957004358,56.67005402061068,64.35609165856525,-7.68603763795457,1627.5683158417473,1570.8982618211367,1430.9858715820312,1442.0102142333985,1690.9403510076972,1546.5424492852717,1618.7414001464845,0.08920381088008164,55.0957569291818,0.02919150539767079,1.0048046671185216,54.0,-0.012813015981606406
2023-02-08,1650.716796875,1688.5272216796875,1635.2650146484375,1671.9052734375,7806089579,-0.012813015981606406,0.03226610835491684,-0.01273127876485547,59.7312483292599,56.225795607482276,65.94281939171145,65.48636111346589,54.318874716893106,62.348648270230825,-8.02977355333772,1631.1296206160937,1576.8107458992006,1439.6461352539063,1442.5173107910157,1690.3182343009432,1556.9805938240568,1623.6494140625,0.08212218679848199,54.964789079329535,0.02907928824207943,0.9684311839491305,58.0,-0.06525524381958801
2023-02-09,1546.438232421875,1655.23486328125,1537.1822509765625,1651.082275390625,10524969124,-0.06525524381958801,0.07633839478981676,-0.0631716867790626,47.40683713316407,35.74355914679738,5.533362912712614,50.92921040349847,43.539246192456176,58.5867678546759,-15.047521662219722,1618.1001762785215,1574.5609300860654,1446.302900390625,1442.2521185302735,1690.4262129294239,1545.5410233987013,1617.9836181640626,0.08954675925280675,59.471062166855106,0.02884154874990259,1.289768477839399,55.0,-0.020625312701673705
2023-02-10,1514.869140625,1553.32568359375,1504.83447265625,1546.5965576171875,8397387897,-0.020625312701673705,0.03201016486314696,-0.02041406577709526,44.418818388660426,31.668922498041795,5.026792970414911,25.5009917582796,32.07916243375985,53.28524677049269,-21.206084336732843,1602.2184784856722,1570.1393160519124,1452.236640625,1442.5995471191407,1697.4109354160732,1527.3313985683017,1612.3711669921875,0.10548410957078078,58.68678707904403,0.028864873799137568,1.0319672194202139,48.0,0.016405796026875204
2023-02-11,1539.9267578125,1541.334716796875,1510.14697265625,1514.94189453125,5064007416,0.016405796026875204,0.02025274512726039,0.01654111006391079,47.26028452326192,38.19346358907933,17.579221643265495,9.379792508797616,24.733788068726653,47.57495503013949,-22.84116696141284,1592.6351368436456,1567.901348774919,1458.6319873046875,1443.0901470947265,1698.2362039861177,1517.660597771695,1607.9484008789063,0.1123018662263789,56.72256972629982,0.029198496555495307,0.631850707291435,49.0,-0.016297178166478982
2023-02-12,1515.03369140625,1545.55419921875,1501.4620361328125,1539.7760009765625,5319698775,-0.016297178166478982,0.029103090799922262,-0.016165097645040705,44.80948400815237,34.387870093278636,6.68567311947967,9.763895911053302,16.71122692333097,41.402209408777786,-24.690982485446817,1580.6964529302002,1563.9852260068692,1464.5096899414064,1442.4841522216798,1700.6129815310146,1503.9620795041415,1602.287530517578,0.12273134395756678,55.82039782341679,0.02934402152278497,0.676176501436733,50.0,-0.005206681693073825
2023-02-13,1507.1658935546875,1524.7314453125,1470.02392578125,1514.9169921875,9363855114,-0.005206681693073825,0.03629827331231666,-0.005193150420476522,44.0322672470043,33.16918976796494,15.843237515523423,13.369377426089471,9.607672614154353,35.0433020498531,-25.435629435698743,1569.3840591801213,1559.776386565967,1470.2737670898437,1441.392640991211,1704.8664838616423,1494.7647417242952,1599.8156127929688,0.1313287234211636,55.74090651683345,0.02769200611571134,1.1813351438566648,48.0,0.03244968986860499
2023-02-14,1556.8751220703125,1562.0343017578125,1497.1944580078125,1506.9920654296875,9249575045,0.03244968986860499,0.0416474274852416,0.03298192238041198,49.940130585883374,47.011201529190124,37.04715215167002,19.858687595557644,7.898129232266456,29.61426748633577,-21.716138254069314,1567.4596073170737,1559.5614780848073,1476.8717822265626,1440.539981689453,1703.5918544361746,1490.5557773997627,1597.0738159179687,0.13339150320610735,56.39083060491678,0.027534599930269042,1.1769356857790538,50.0,0.07238352581533515
2023-02-15,1673.7459716796875,1674.289794921875,1545.689697265625,1556.76513671875,10015035156,0.07238352581533515,0.07683370107065494,0.0750675811775845,60.49779640581359,66.20866374261132,86.89945508556433,46.59661491758586,15.791766959087681,26.849767380886156,-11.058000421798475,1583.8113556805529,1568.0195887214652,1486.090869140625,1440.4288641357423,1712.25096415631,1488.9606691444712,1600.6058166503906,0.13950361337504152,61.548635394297726,0.03210393130841611,1.2613366046698413,53.0,-0.020326734323949925
2023-02-16,1640.067626953125,1732.8011474609375,1638.1455078125,1673.867431640625,12704861676,-0.020326734323949925,0.05771447353319588,-0.020121538929091298,56.78146839776868,59.01996884292376,64.71021349755722,62.88560691159713,19.109686203235015,25.30175114535593,-6.192064942120915,1592.466166645564,1573.356480442329,1495.0925,1440.221615600586,1715.6496826604114,1489.75306392162,1602.7013732910157,0.14094741696947027,63.91342141245057,0.03248130324565283,1.5552458192379937,62.0,0.03281742398510527
2023-02-17,1694.7833251953125,1716.7818603515625,1636.173828125,1640.2801513671875,9802443159,0.03281742398510527,0.04756244118537865,0.03336185492779764,60.97572691916249,66.01420991312663,85.53229917623268,79.04732258645136,25.856206425767596,25.412642201438267,0.44356422432932874,1608.20726796091,1582.3510615351424,1504.956259765625,1440.5195532226562,1727.6473893151885,1489.990183926999,1608.8187866210938,0.14772155034770998,65.10589361345856,0.032937078528699225,1.1712832974806484,61.0,-0.0017503487323079013
2023-02-18,1691.8194580078125,1705.30908203125,1683.670166015625,1694.7418212890625,5491437195,-0.0017503487323079013,0.012790322225697605,-0.0017488177653378623,60.632467936845615,65.30977626656681,84.40439807104755,78.21563691494576,30.610850170050526,26.452283795160717,4.1585663748898085,1621.0706818142799,1590.4598316442293,1514.8079931640625,1440.8139233398438,1734.3837651092126,1487.8201899689125,1611.1019775390625,0.1530403280349285,62.00110949932759,0.03142183565915092,0.6694030154999173,60.0,-0.006156268459437538
2023-02-19,1681.4361572265625,1718.9476318359375,1673.9066162109375,1691.68017578125,6959144003,-0.006156268459437538,0.026787229138269933,-0.006137357465717308,59.371499200769954,62.580393549601766,80.45302788953816,83.46324171227273,33.15885930715149,27.793598897558873,5.365260409592615,1630.3576780315539,1597.1988187244024,1524.5012915039063,1441.1267315673829,1742.0045456877988,1491.6103713043885,1616.8074584960937,0.15486950723020507,60.7896742225899,0.029181554099051852,0.8599582579768447,60.0,0.012552360417918552
2023-02-20,1702.6751708984375,1716.4893798828125,1659.2950439453125,1682.3370361328125,7703604237,0.012552360417918552,0.03359086742735592,0.0126314719596059,61.15125203431764,65.97386756868418,88.5355449114147,84.46432362400009,36.471564316515696,29.52919198135024,6.942372335165455,1641.4834461649207,1605.011881848405,1534.535498046875,1441.5990783691407,1752.3480181763928,1492.8808758665762,1622.6144470214845,0.1599068360238636,60.532864345083475,0.029187471767704264,0.9454199206048673,58.0,-0.026566647410582005
2023-02-21,1658.036376953125,1714.28564453125,1642.396728515625,1702.7978515625,8721608198,-0.026566647410582005,0.043357864166847164,-0.026216858452078218,55.63504993346778,53.97222852700307,71.54823008253467,80.17893429449578,35.0904286750349,30.641439320087176,4.448989354947724,1644.0300509015674,1608.9396222265325,1543.4030932617188,1441.2279870605469,1753.8319296841828,1493.0213295931608,1623.4266296386718,0.1606543808814267,61.34401089297929,0.02898697236203519,1.066397266143895,60.0,-0.00896915151985511
2023-02-22,1643.231689453125,1663.996826171875,1604.8033447265625,1658.1409912109375,9189387004,-0.00896915151985511,0.03602260218400021,-0.008929048666112882,53.898516676788354,50.42302354463617,65.91429902665108,75.3326913402001,32.42745070891715,30.998641597853172,1.428809111063977,1643.9072260633454,1611.4797753544283,1551.9721508789062,1440.985855102539,1753.8311348853238,1493.0211356224888,1623.4261352539063,0.16065405970690735,61.190401646717376,0.02906359703704715,1.133073979572931,59.0,0.00476105072802483
2023-02-23,1651.0738525390625,1674.6015625,1632.566162109375,1643.298583984375,9013236167,0.00476105072802483,0.025459430737142325,0.004772402538407272,54.705019712038,52.35910685567772,68.89863801760697,68.78705570893085,30.597114021989228,30.918336082680387,-0.32122206069115933,1645.0097839826867,1614.4126699606975,1559.863095703125,1440.7444702148437,1752.415267525827,1493.0698276890166,1622.7425476074218,0.159819214834288,59.8221872712822,0.02892766864612984,1.105603226612246,56.0,-0.026202681869558177
2023-02-24,1608.3731689453125,1661.09130859375,1583.1478271484375,1650.8951416015625,8909129423,-0.026202681869558177,0.048461067960008174,-0.025862370437327087,49.61533716480463,41.95176175537862,52.64887202921394,62.48726969115727,25.408082154131307,29.816285296970573,-4.408203142839266,1639.3733816692447,1613.9652995151134,1567.021787109375,1439.908755493164,1747.9842045309338,1491.632287168285,1619.8082458496094,0.1582606570990685,61.116565426570084,0.029489716711281862,1.0726633268558048,53.0,-0.00840282283684143
2023-02-25,1594.9149169921875,1608.8651123046875,1567.6317138671875,1608.6583251953125,5657686235,-0.00840282283684143,0.02585303955602917,-0.00836761779727413,48.09648547270348,39.09441430374853,47.52732767803347,56.35827924161807,19.979457803803598,27.848919798337178,-7.86946199453358,1632.5336178727744,1612.5541600689708,1573.5325048828124,1439.3682049560548,1746.4687579955294,1489.4746380005645,1617.971697998047,0.1588372159494196,59.69633921306508,0.029173787097215496,0.686432032469512,52.0,0.02837398180046356
2023-02-26,1640.817138671875,1645.2734375,1590.39306640625,1594.7611083984375,5727967432,0.02837398180046356,0.03344697577828311,0.028780357616977614,53.34272947799547,52.08141058565141,64.99544054804473,55.05721341843065,19.16029164846441,26.111194168362626,-6.950902519898218,1633.8080056880206,1614.6477140395561,1581.0634399414062,1438.3135772705077,1748.0770632228985,1490.323339609133,1619.2002014160157,0.15918582729199013,59.352341490256855,0.029824745460397966,0.70002058309122,51.0,-0.003963631545004294
2023-02-27,1634.326416015625,1662.57568359375,1615.387939453125,1640.763671875,7239824677,-0.003963631545004294,0.02887290058962974,-0.003955786725572508,52.53412296337202,50.31160366565839,58.20376251884627,56.90884358164143,17.78236545562345,24.445428425814793,-6.663062970191344,1633.8877611230366,1616.1053956674132,1588.0027783203125,1437.0790887451171,1744.1357909324392,1490.4968994972483,1617.3163452148438,0.15682701296232662,58.48344167956886,0.028792936720581946,0.8890805054989075,50.0,-0.017549419753221152
2023-02-28,1605.8951416015625,1644.435791015625,1602.4281005859375,1634.50244140625,6323676957,-0.017549419753221152,0.026158426749951523,-0.01739632556596371,49.028248670288804,42.86736915695344,32.17624804526568,51.7918170373855,14.23212372215471,22.402767485082776,-8.170643762928066,1629.581204273579,1615.3490805514243,1593.68990234375,1435.3223321533203,1741.0357830458343,1489.1147418565097,1615.075262451172,0.15598099175080443,57.30660230457733,0.028913230275606862,0.7837073203459667,53.0,0.035202647729229694
2023-03-01,1663.4337158203125,1663.4337158203125,1601.548583984375,1606.0404052734375,7701847224,0.035202647729229694,0.0372032448587344,0.035829596047825873,55.500526851531625,57.659163947357555,58.002258570892224,49.46075637833466,15.878377586919669,21.097889505450155,-5.219511918530486,1634.7892829730765,1618.9109053861569,1600.22685546875,1433.732817993164,1744.4348457105934,1497.4152275315942,1620.9250366210938,0.15239422712226414,57.633640128245915,0.025789080120863977,0.9715022752942217,50.0,-0.009734647607413407
2023-03-02,1647.3193359375,1672.0511474609375,1622.5999755859375,1663.549072265625,7080950926,-0.009734647607413407,0.03001917770051368,-0.009687419299942324,53.45341187608228,53.1619949199354,52.66307943012956,47.613862015429085,15.701749853996489,20.018661575159424,-4.316911721162935,1636.7169834291417,1621.0152335751452,1605.4145874023438,1432.285404663086,1741.4290795302254,1513.666013243212,1627.5475463867188,0.1399424961763267,57.049178110156916,0.025361035950102237,0.9006610326875154,51.0,-0.04860403256495922
2023-03-03,1569.1676025390625,1648.475341796875,1552.4515380859375,1647.5577392578125,9922240199,-0.04860403256495922,0.061194102883313325,-0.04744176292568125,44.81926285919981,36.88452576042458,10.039913896253196,40.23508396575826,9.150102671301056,17.84494979438775,-8.694847123086696,1626.324770984514,1617.174668313213,1608.439169921875,1430.610101928711,1739.0396589300767,1518.9795183160172,1629.009588623047,0.13508830282581072,59.8330799387841,0.02776524027389283,1.2242333192942156,50.0,-0.0014308592008995468
2023-03-04,1566.9239501953125,1575.63720703125,1551.73681640625,1569.278076171875,4389045367,-0.0014308592008995468,0.015253063572115855,-0.0014298360099453955,44.59654912742721,36.510102857554365,9.082626473673722,23.928539933352095,3.7337902737185686,15.022717890253915,-11.288927616535346,1617.1861831707909,1613.4523928970723,1610.7453515625,1429.0540246582032,1732.8588034420627,1530.3493996829375,1631.6041015625,0.12411675330136324,57.26645927351381,0.027476973671545404,0.5446595736032462,50.0,-0.0015681205990365002
2023-03-05,1564.46875,1584.2088623046875,1559.9541015625,1567.1793212890625,5020886238,-0.0015681205990365002,0.015503512449313864,-0.001566891740346743,44.336913805764034,36.042994960791454,7.727912285602299,8.95015088517634,-0.7481660678736262,11.868541098628407,-12.616707166502033,1609.075808836823,1609.8239749046966,1611.0205883789063,1427.7113702392578,1724.0467864508225,1544.891702318709,1634.4692443847657,0.10961055691173303,54.908480806990504,0.027440971653184255,0.6403228429447645,47.0,0.0018710450294194586
2023-03-06,1567.398681640625,1579.456298828125,1557.363525390625,1564.3831787109375,5245153345,0.0018710450294194586,0.014095184394550523,0.0018727965263767299,44.75029219377531,37.162283140479424,9.635175728446981,8.815238162574268,-4.01741747450842,8.691349384001041,-12.708766858509462,1602.663943114331,1606.6813605888394,1611.3189721679687,1426.313324584961,1722.8507073685043,1547.1401373580582,1634.9954223632812,0.10746853942653112,52.564501709169754,0.02648237001857827,0.686452298210989,48.0,-0.0034931302279607333
2023-03-07,1561.93310546875,1579.1622314453125,1543.1275634765625,1567.4246826171875,6854058349,-0.0034931302279607333,0.023070557786747003,-0.0034870363462051746,44.09247068822763,35.79880680836769,14.303620588003175,10.55556953401742,-6.969014624762167,5.559276582248399,-12.528291207010566,1596.3976603996261,1603.3666750243883,1611.0209643554688,1426.058053588867,1720.8423498230723,1537.9672082823963,1629.4047790527343,0.11223432255243027,51.38379929913977,0.020340628139677346,0.9159616911165891,49.0,-0.017987989214627065
2023-03-08,1534.0882568359375,1568.17529296875,1534.0882568359375,1561.9779052734375,7130327525,-0.017987989214627065,0.0222197360425124,-0.017827171045494916,40.80179519395128,29.389717455853926,0.0,7.979598772149987,-11.423342030857611,2.1627528596271968,-13.586094890484809,1586.8115983129046,1598.2349403437622,1610.3458081054687,1425.8434759521485,1724.3196903036621,1523.891930790088,1624.105810546875,0.12340806751136817,50.148316215830675,0.020245038548958056,0.9897482932974809,50.0,-0.06422357742676012
2023-03-09,1438.6607666015625,1544.1083984375,1423.2647705078125,1534.0316162109375,9457897583,-0.06422357742676012,0.08399730550458194,-0.0622046937711358,31.990257840939577,17.128681947068102,6.188440171967628,6.830686919990202,-22.39546851266755,-2.7488914148317525,-19.646577097835795,1564.0191626650058,1586.4146311776733,1608.8088842773439,1424.9401849365233,1734.854304930969,1487.745060303406,1611.2996826171875,0.15336020188757843,55.197981338249015,0.022613411220319502,1.315981112713329,44.0,-0.006627141274041085
2023-03-10,1429.1580810546875,1438.7601318359375,1378.525390625,1438.7601318359375,12665194936,-0.006627141274041085,0.04214701089363437,-0.0066052302026157195,31.266148188552435,16.336873150580246,17.249828763064222,7.812756311677217,-31.494693879503757,-8.498051907766154,-22.996641971737603,1543.2713039557261,1574.7659978352299,1606.3409155273437,1423.973446044922,1739.2845093881626,1457.0487181509,1598.1666137695313,0.1765997292181974,55.55774990058391,0.02256653861464153,1.6784778222821508,34.0,0.03672305026517496
2023-03-11,1482.61669921875,1484.136962890625,1428.72314453125,1429.100830078125,14917080154,0.03672305026517496,0.0373756874508258,0.0374056718236595,39.555145292048735,35.81159009809964,35.46241042551183,19.633559786847826,-34.00029755975493,-13.59850103816391,-20.401796521591017,1533.9398263038838,1567.9401238636387,1602.7981665039063,1423.0726800537109,1732.4565733074896,1443.9947084307914,1588.2256408691405,0.18162524105758696,55.54746907621184,0.024727920877671637,1.8778881896088853,33.0,0.07010968968857462
2023-03-12,1590.29296875,1607.152587890625,1461.6109619140625,1482.431884765625,11480965122,0.07010968968857462,0.09151875084435601,0.07262583079496476,52.08828722333342,58.5077745772528,72.14616543629758,41.619468208291146,-26.98634962515439,-16.276070755562007,-10.710278869592383,1542.6095405263632,1569.5958901515176,1602.0616625976563,1422.7388488769532,1716.984282129146,1448.2287793942912,1582.6065307617187,0.16981826974105885,61.9756231405226,0.029854379630551587,1.4117546618333645,33.0,0.05505942491105562
2023-03-13,1680.3089599609375,1699.9117431640625,1572.07470703125,1590.8311767578125,15711468959,0.05505942491105562,0.07607948251123077,0.05660340137307651,59.62522727656273,69.1475479637146,93.90055518902521,67.16971035027814,-14.002791692327946,-15.821414942915194,1.8186232505872475,1563.7940665932208,1577.7968582855488,1603.1002001953125,1422.6581085205078,1720.9194309671032,1446.5208888571158,1583.7201599121095,0.17326201247903258,66.68000978282903,0.03202332268889774,1.8523522739790856,49.0,0.013711433059796017
2023-03-14,1703.507080078125,1779.9178466796875,1665.90234375,1680.2952880859375,16159781303,0.013711433059796017,0.06692986736777085,0.013805865867504874,61.314200443338315,71.3559587247284,80.96357680644802,82.3367658105902,-1.8203502063513497,-13.021201995602427,11.200851789251077,1585.288376360129,1587.1087265664803,1604.6053198242187,1423.636729736328,1731.4708133734114,1441.9970455133073,1586.7339294433593,0.18243371650951845,70.06111643617606,0.03206567581166263,1.830012575270158,56.0,-0.02817504134257235
2023-03-15,1656.1805419921875,1721.0792236328125,1616.63037109375,1705.18994140625,12715339905,-0.02817504134257235,0.06306610293429905,-0.027781826468116,56.153309909866536,60.96880445464955,69.17298698044253,81.34570632530519,3.9697060416906425,-9.623020388143813,13.592726429834455,1596.1948633804454,1592.2251573387548,1606.596845703125,1424.4606573486328,1732.1965159563972,1441.7820118756342,1586.9892639160157,0.18299714477219794,72.51738330066794,0.03274423986857764,1.4103824639743647,50.0,0.012620877536401303
2023-03-16,1677.2154541015625,1693.1392822265625,1639.26171875,1656.33203125,9364980166,0.012620877536401303,0.032123221464962715,0.012700856927151394,57.85142500340183,63.70821673895209,74.41347214454565,74.85001197714533,10.13883476849196,-5.670649356816657,15.809484125308618,1608.6595696452325,1598.5207348767406,1607.90693359375,1425.6939978027344,1740.679347355055,1440.1834089926012,1590.431378173828,0.18893989548136958,71.18596759894612,0.03224647905612889,1.0361418477560782,52.0,0.06646803468576684
2023-03-17,1792.485107421875,1799.343994140625,1667.1318359375,1677.2967529296875,12467445117,0.06646803468576684,0.07375913900522459,0.06872680134113085,65.69254027135123,74.9489126813093,98.37010848345365,80.65218920281387,24.051955434489628,0.27387160144460054,23.778083833045027,1636.9404216108699,1612.8884661763802,1611.6945166015626,1426.8912365722656,1774.5087221293015,1426.1110532613234,1600.3098876953125,0.2177063777127087,75.54498121353033,0.03517638711006725,1.3293210621590685,51.0,-0.017346627309423105
2023-03-18,1761.65966796875,1840.3575439453125,1751.2628173828125,1793.5924072265625,10317822213,-0.017346627309423105,0.05057431249773066,-0.017197040759496796,62.35194457286354,68.34456463208694,82.95963687006866,85.24773916602258,32.219442775583275,6.662985836272336,25.55645693931094,1656.1279979736205,1623.9085551980372,1614.964580078125,1428.080340576172,1793.642664198575,1419.0613641217374,1606.3520141601562,0.2331875558874178,76.51282016702817,0.03512041470804686,1.0738447956936101,64.0,0.013484995730340676
2023-03-19,1785.5765380859375,1843.8441162109375,1762.9632568359375,1762.9632568359375,9170565472,0.013484995730340676,0.04529677538309327,0.013576328363562151,63.88641396082589,70.68300314101452,87.47792106332527,89.60255547228246,40.15919665301817,13.362227999621503,26.796968653396668,1676.0431579909,1635.8839613378818,1619.2274096679687,1429.2397985839843,1816.687285104025,1411.1417554233187,1613.9145202636719,0.251280674774802,76.91793645811097,0.03514057907176521,0.9449479762907239,63.0,-0.028548776334941982
2023-03-20,1735.3212890625,1807.7252197265625,1728.103759765625,1785.416259765625,10978325507,-0.028548776334941982,0.04588283475963846,-0.028145110529571027,58.49166282507,59.845419697399734,76.67774340871762,82.37176711403713,41.91318114597061,19.072418628891327,22.840762517079284,1685.1628704634538,1643.2496893174832,1621.01072265625,1429.9855212402344,1829.8717257295132,1410.8999295439241,1620.3858276367187,0.25856298483963297,77.11104527974145,0.035585850851116034,1.1047295117637048,66.0,0.04034301947849053
2023-03-21,1806.7607421875,1836.28857421875,1725.00732421875,1735.617919921875,10758627746,0.04034301947849053,0.06159158066787992,0.04116785380048826,63.243275987405724,67.9860824708922,92.03054337073122,85.39540261425797,48.50861618436966,24.959658139986992,23.548958044382665,1703.8702353440763,1655.3616191597066,1625.7994067382813,1431.13322265625,1851.7293694857406,1403.3749884244155,1627.552178955078,0.27547773082714794,79.55177418833134,0.03584166262205275,1.0662232837569683,68.0,-0.03896339040133464
2023-03-22,1737.717041015625,1821.458251953125,1717.76513671875,1804.95703125,12484103560,-0.03896339040133464,0.05967203680857649,-0.03821408090164813,56.51034274470018,55.33666827474072,77.19260597955189,81.96696425300017,47.615415437958745,29.490809599581347,18.1246058383774,1709.0774362166221,1661.4620207786634,1628.8230395507812,1432.0374444580077,1861.2506115708993,1402.8935168470693,1632.0720642089843,0.2808436617325361,81.27615569162016,0.03701359464585258,1.204963535469782,62.0,0.044287149920960535
2023-03-23,1816.4051513671875,1853.8880615234375,1732.524658203125,1737.140869140625,11012966854,0.044287149920960535,0.06681516138013793,0.04528246457522944,61.536217642558924,64.19457448465994,92.11488144716809,87.11267693248367,52.65010268248557,34.12266821616219,18.527434466323378,1725.5893923936324,1672.9392897111468,1632.3152880859375,1433.2312622070312,1885.0911369720152,1403.776746328766,1644.4339416503906,0.29269305288127984,84.13953052224103,0.03605655438606678,1.057403671715608,57.0,-0.036075793416849404
2023-03-24,1752.0447998046875,1819.935302734375,1730.3494873046875,1815.81982421875,10913669383,-0.036075793416849404,0.051132148812447174,-0.035432817130064076,55.85095814811618,53.97903793634142,76.04617463754155,81.78455402142045,50.860497946772966,37.47023416228435,13.390263784488617,1729.6594550722562,1678.7989571254832,1634.4913525390625,1433.9055700683593,1895.9453204476006,1411.434647814118,1653.6899841308593,0.29298760788475714,84.52855087277293,0.03730932805013063,1.0160442294826577,61.0,-0.004737125758273195
2023-03-25,1743.7647705078125,1762.674560546875,1716.6519775390625,1751.469482421875,6614309912,-0.004737125758273195,0.02639265558416459,-0.0047259232742210555,55.14508854376521,52.71983095793681,71.92716803369748,80.02940803946898,48.21826400255486,39.61984013033845,8.598423872216408,1731.8295036008033,1683.6112395982484,1636.0717358398438,1434.8156512451171,1904.309052754491,1421.000517558009,1662.65478515625,0.29068483699162023,81.77812459670432,0.03734800809585187,0.6112473312938872,64.0,0.01813518517494087
2023-03-26,1775.6767578125,1797.8802490234375,1741.182861328125,1743.8421630859375,6990313307,0.01813518517494087,0.031930016229507564,0.01830062623377482,57.380751354243706,57.20831922003675,72.24712652391152,73.40682306505012,48.144327403868374,41.32473758504444,6.8195898188239354,1738.5752350179873,1690.430907614119,1638.2440869140626,1435.5445031738282,1915.3557824872391,1430.7815954424482,1673.0686889648437,0.2896319740133355,79.98664338946205,0.037443495926539005,0.6408274029847165,64.0,-0.03449988069985198
2023-03-27,1715.4608154296875,1781.3792724609375,1690.5166015625,1775.4813232421875,8585750760,-0.03449988069985198,0.052966917157870656,-0.03391154505901961,52.103524972806106,47.31910053996694,41.655317539739094,61.943204032449295,42.7341956062246,41.606629189280476,1.127566416944127,1735.0191704659412,1692.2849748597166,1639.9203857421876,1435.9450689697267,1918.140362966497,1443.3497859592844,1680.7450744628907,0.2824881561285786,80.76350249724601,0.03849478070525256,0.7808886232181903,64.0,0.0328703783446537
2023-03-28,1772.78564453125,1791.1109619140625,1702.564697265625,1715.327392578125,8346890042,0.0328703783446537,0.04994753027337967,0.033416577391890856,56.2304583461848,55.80428072844214,65.81673839726488,59.90639415363844,42.58140981724091,41.80158531487257,0.7798245023683421,1740.8293972452193,1698.2479874279784,1643.0511572265625,1436.213569946289,1923.286551409525,1462.0733362857875,1692.6799438476562,0.2724751461728475,81.31941407947397,0.03859768509616313,0.7549869291075347,59.0,0.01133909593298425
2023-03-29,1793.0018310546875,1825.6009521484375,1772.89990234375,1772.89990234375,9136176952,0.01133909593298425,0.02939263579763745,0.011403627159211949,57.61738286749476,58.551064816295465,71.63152030549095,59.70119208083158,43.589134864012294,42.15909522470052,1.4300396393117722,1748.855925523599,1705.2667906595866,1645.471123046875,1436.2975604248047,1912.959528848566,1507.834465292059,1710.3969970703124,0.23686025188914245,79.28340647502493,0.03474077661228706,0.8275830794812357,57.0,-0.0001476116566049356
2023-03-30,1792.7371826171875,1827.2802734375,1766.2489013671875,1793.345947265625,9724496987,-0.0001476116566049356,0.03404368061425145,-0.00014760076254038967,57.591655510527616,58.49554040507287,67.25631035089062,68.23485635121541,43.86080920063955,42.49943801988833,1.3613711807512203,1755.6068881533818,1711.7460789527422,1648.3115307617188,1436.45224609375,1887.4677307410896,1569.6841735557853,1728.5759521484374,0.18384124619478415,77.97968973183119,0.03459757206001513,0.8927655546023057,60.0,0.01620332120801775
2023-03-31,1822.0220947265625,1844.6773681640625,1783.1422119140625,1793.6201171875,9149379763,0.01620332120801775,0.03377300221995102,0.016335306922469428,59.734234673389494,63.022513672411414,80.49477748163956,73.12753604600698,45.90993952779763,43.1815383214702,2.728401206327433,1765.8246122415635,1719.9146727137659,1653.8232080078126,1436.9935302734375,1862.7719979781539,1628.3204458695025,1745.5462219238282,0.13431414715002737,76.80508019741468,0.034105761471078175,0.862809693512643,63.0,-0.004489425774266541
2023-04-01,1813.860595703125,1840.173095703125,1811.1185302734375,1821.704345703125,5556443606,-0.004489425774266541,0.01601808071607884,-0.004479363366151845,58.841990734126476,60.86404007397444,75.49910747575913,74.4167317694297,46.3411335711055,43.81345737139726,2.527676199708239,1773.2147635433423,1726.8736299722368,1659.803037109375,1438.158893432617,1853.4443734432791,1660.0048330996894,1756.7246032714843,0.11011375373428155,73.39432914257704,0.031174521666586633,0.5390448582227585,61.0,-0.010058054151126426
2023-04-02,1795.7081298828125,1824.328857421875,1774.8724365234375,1821.192138671875,6199721188,-0.010058054151126426,0.027541458478369207,-0.010007641085160612,56.80948611325182,55.89642920006963,64.38794655165843,73.46061050301897,44.70279962425775,43.99132582196936,0.7114738022883884,1776.6752814417225,1731.9724818174648,1664.9186645507812,1438.9636590576172,1853.914566245792,1671.074557289364,1762.494561767578,0.10373933226384573,71.68447855370992,0.02918121736534235,0.6305428232433699,63.0,0.008091540554718994
2023-04-03,1810.297119140625,1839.1578369140625,1765.5189208984375,1794.9224853515625,9643826401,0.008091540554718994,0.040677806552872654,0.008124365544173617,58.06324287688685,59.03167347105108,73.3178962878613,71.06831677175956,44.073565052572576,44.00777366809001,0.06579138448256572,1781.8478718569381,1737.7743068043656,1670.8239331054688,1440.6566772460938,1857.3029878979562,1678.3651395434501,1767.8340637207032,0.10121869016252655,71.824081229561,0.029102852348403162,1.014439365191338,63.0,0.03298480148175826
2023-04-04,1871.005126953125,1886.5946044921875,1802.9554443359375,1810.14208984375,10398322335,0.03298480148175826,0.04470279581352823,0.03353483092395293,62.89064801540331,69.54290629422805,92.04934908244002,76.58506397398651,47.92111619595266,44.79044217366255,3.1306740222901155,1795.564372640967,1747.6432564450142,1678.1007177734375,1442.8494641113282,1863.3027633973222,1693.847822540178,1778.57529296875,0.09527566335091422,72.66801543861023,0.028862485982830092,1.10729921464816,62.0,0.020163479742369997
2023-04-05,1909.114013671875,1937.49755859375,1865.94189453125,1870.965087890625,10319231689,0.020163479742369997,0.03748108470738955,0.020368135912491647,65.56994917275952,74.360610963651,88.50780025186975,84.62501520739029,53.42949490754995,46.51825272044003,6.91124218710992,1813.0335481841835,1759.6040532766335,1685.1454956054688,1445.0463256835938,1879.5809751071665,1700.7594667873645,1790.1702209472655,0.09989078481328936,72.58856176888807,0.029001145892500933,1.0933220074534,62.0,-0.019139164759578154
2023-04-06,1872.922607421875,1909.271728515625,1857.0850830078125,1909.1435546875,8263191830,-0.019139164759578154,0.027863749041744296,-0.018957173846517184,61.06109074886421,63.271736773704944,73.85427931445562,84.8038095495884,54.24922935501195,48.06444804735442,6.184781307657531,1822.247249605367,1767.998020250355,1689.1290283203125,1447.7342932128906,1890.6187561556874,1697.765435738844,1794.1920959472657,0.10748755434407604,71.1312820359541,0.02582409253378015,0.8954276850484422,63.0,-0.0038980306602721957
2023-04-07,1865.6361083984375,1882.2991943359375,1845.993896484375,1872.734130859375,8356130492,-0.0038980306602721957,0.01946001028181692,-0.00389044320067633,60.164080975298035,61.13050950924115,70.90405225605308,77.75537727412609,53.69198742616754,49.18995592311704,4.502031503050503,1828.9224586504547,1775.2304712242872,1693.6403979492188,1450.174766845703,1899.386754913572,1699.395081023928,1799.39091796875,0.1111440943113159,68.64371173706898,0.025461014380735277,0.915226578434287,64.0,-0.008687729568505954
2023-04-08,1849.4981689453125,1879.1077880859375,1848.87548828125,1864.6790771484375,5016362733,-0.008687729568505954,0.01634621775372054,-0.008650100295806706,58.12738023537389,56.21486840008893,64.36996977167632,69.70943378072828,51.35617037538623,49.62319881357088,1.7329715618153472,1832.0879525419714,1780.7317821665852,1696.7346948242186,1452.800316772461,1904.676605050944,1700.4973939724932,1802.5869995117187,0.11327010076837264,65.90003945618459,0.02545708766649746,0.5622204739668778,61.0,0.005332960847435061
2023-04-09,1859.3878173828125,1873.057373046875,1828.7000732421875,1849.6722412109375,6361497715,0.005332960847435061,0.02385586233813383,0.005347206395527104,59.04242352367888,58.59527744652059,68.37418473479539,67.8827355875082,49.72977660268975,49.64451437139466,0.08526223129508992,1836.2879317482548,1786.558155145565,1700.0860620117187,1455.8342169189452,1908.8337862156395,1708.7468656398291,1808.7903259277343,0.110619189912565,64.36127233822052,0.024441164560534533,0.7319157793037181,61.0,0.027487948366718452
2023-04-10,1911.20751953125,1917.3001708984375,1848.1641845703125,1859.7412109375,8380134275,0.027487948366718452,0.03617398195727147,0.02786922752961596,63.538602211529806,68.92336245628206,88.80955226362252,73.85123559003135,52.022580780051385,50.120127653126005,1.90245312692538,1847.814022176408,1795.7914413963565,1704.6814892578125,1458.7518536376954,1923.5418167157468,1704.483512874097,1814.0126647949219,0.1207589715843659,64.70232333749941,0.02357359780912337,0.9775434895547384,62.0,-0.010000523048081017
2023-04-11,1892.189697265625,1936.728271484375,1886.5341796875,1911.3758544921875,8877222956,-0.010000523048081017,0.026526987156419744,-0.009950684094362172,60.89648492752849,62.27248725028193,73.65494811722193,76.94622837187988,51.708996170982346,50.43790135669728,1.271094814285064,1854.6410491132106,1802.9320529422282,1708.4717797851563,1461.5715045166016,1930.438378290437,1713.0342169244068,1821.7362976074219,0.11933898536882534,63.666021084597666,0.021686434919144886,1.0577816431497635,68.0,0.014945669987220005
2023-04-12,1920.68212890625,1929.8812255859375,1860.036865234375,1891.94970703125,11010714187,0.014945669987220005,0.03636435165424068,0.015057915008098277,63.355051461788065,67.71745839072042,90.22237301513505,84.22895779865978,53.146934443801456,50.97970797411812,2.167226469683335,1864.8012152352167,1811.6542807914152,1713.7246948242187,1464.5849487304688,1943.8251940634298,1710.0750989053201,1826.950146484375,0.12794552473581072,64.10733103223801,0.0197411971785815,1.3120192788485725,65.0,0.046764233285983225
2023-04-13,2012.6346435546875,2022.150146484375,1901.8603515625,1917.6983642578125,12546950499,0.046764233285983225,0.059767328018075265,0.04787492592582243,69.92659698134007,79.08346720794847,96.29214920828055,86.72315678021243,61.00310452188228,52.984387283670955,8.018717238211323,1887.5448195920585,1826.5417150701762,1721.11275390625,1468.1770379638672,1976.9259433980717,1703.0333339456781,1839.979638671875,0.14885632628526987,68.12036416721209,0.01984740197181631,1.480666461195371,61.0,0.04327121850679109
2023-04-14,2101.635498046875,2126.316650390625,2011.5032958984375,2013.9306640625,16298099411,0.04327121850679109,0.05463047926193084,0.044221068526871576,74.66277209448162,85.03368151055072,93.15928279856749,93.2246016739943,73.56281471893612,57.10007277072399,16.462741948212134,1920.4818470466457,1846.9190323277096,1730.1239868164062,1472.0086145019532,2029.0890428291127,1686.6573072685437,1857.8731750488282,0.18431383808077711,71.45557776185319,0.021217541200487133,1.8193817190052801,68.0,-0.004372194635680744
2023-04-15,2092.466796875,2111.075439453125,2076.5107421875,2101.616455078125,8036468153,-0.004372194635680744,0.016518635955058276,-0.004362650507376609,73.38066255617913,82.22246787128792,90.61805251289478,93.3564948399142,81.8333144696528,62.046721110509765,19.78659335914304,1946.9410700971619,1865.107755627509,1739.805859375,1475.8203100585938,2068.563638945359,1678.8617150585471,1873.7126770019531,0.20798382199684798,68.82051486926547,0.02132276151341332,0.8919151441409493,68.0,0.01307519696283164
2023-04-16,2120.005859375,2137.445068359375,2076.83203125,2092.281005859375,7898126856,0.01307519696283164,0.02859097621892628,0.013161051129283452,74.78143444452425,84.068151119007,95.31110971803707,93.02948167649971,89.57732564791058,67.55284201798993,22.024483629920653,1973.5664222937523,1883.9890966458418,1750.3076782226562,1479.7332849121094,2102.3953595504936,1685.484498847944,1893.9399291992188,0.22012887223874342,68.23426645784471,0.01881361554945189,0.8799190929639625,68.0,-0.020858880628287772
2023-04-17,2076.242919921875,2120.113525390625,2063.03857421875,2120.001220703125,9648882546,-0.020858880628287772,0.02748953440092772,-0.020642838914618267,68.60330203164706,70.49847338853267,81.7028260245192,89.21066275181694,91.13268595201816,72.26881080479558,18.863875147222586,1989.3628065442326,1898.2301205922145,1759.0161938476563,1483.4362377929688,2124.156991238929,1694.068594698571,1909.11279296875,0.22528181578603995,67.43717250884687,0.01929416020567008,1.0672280584708018,69.0,0.013535686517087031
2023-04-18,2104.537353515625,2121.531494140625,2057.65380859375,2075.855224609375,9134015143,0.013535686517087031,0.030352364827436997,0.013627708647316883,70.31110088503559,73.70051249878146,89.34145804330868,88.78513126195492,93.56982977095413,76.52901459802729,17.04081517292684,2007.0819676167546,1913.5121378458005,1768.4204125976562,1487.3190313720704,2148.7771949656512,1700.6019432179423,1924.6895690917968,0.2328558635869728,67.1829234401346,0.019320998052582982,1.010292512641694,58.0,-0.08326330162021343
2023-04-19,1936.4034423828125,2104.857177734375,1928.5828857421875,2103.9462890625,13779745451,-0.08326330162021343,0.09103180057110195,-0.07989115082796949,52.15608226575943,42.055467895422495,34.88424779152939,68.64284395311903,81.00055831626696,77.42332334167523,3.5772349745917325,1996.2083483499944,1915.2077900337274,1775.0305786132812,1490.442826538086,2147.6366895966703,1716.1090745634863,1931.8728820800782,0.2233726758297634,74.97516405099552,0.028108449131342854,1.4907137429563302,63.0,0.0034510728781589465
2023-04-20,1943.09765625,1979.5733642578125,1918.1328125,1936.41796875,11324135406,0.0034510728781589465,0.0316198990617832,0.0034570346864029045,52.67998018003232,43.18855193066335,37.052449373111834,53.75938506931657,70.76376659255538,76.09141199185126,-5.327645399295875,1988.0374726423029,1917.2737060497475,1780.623857421875,1493.777847290039,2147.7341617682528,1728.1191585442468,1937.92666015625,0.216527803580644,74.00840603005388,0.02795781608485954,1.2108187601238247,52.0,-0.04909785657670008
2023-04-21,1849.9998779296875,1955.649169921875,1827.7889404296875,1943.409912109375,12044274581,-0.04909785657670008,0.06911364212373589,-0.04791204292839435,45.25770753379403,32.78627773325253,7.172775054864523,26.369824073168516,54.51046008725689,71.77522161093239,-17.264761523675503,1966.8009196095927,1912.2904595223358,1784.6774682617188,1496.4106506347657,2145.825529475517,1733.6417190596387,1939.733624267578,0.21249505873339414,77.85496484877771,0.030287303355244617,1.2446479205497833,50.0,0.013011608441518507
2023-04-22,1874.2286376953125,1886.7816162109375,1845.8492431640625,1849.2864990234375,6970642726,0.013011608441518507,0.02183958361516043,0.013096627764505042,47.33726654156487,37.36668120704468,14.997183351775908,19.740802593250688,43.08796477139231,66.03777024302438,-22.949805471632075,1952.559030084319,1909.4710653129266,1790.7786889648437,1498.9711608886719,2141.451789889756,1745.86750942665,1943.659649658203,0.20352548890577138,75.21763686292752,0.030283840732360356,0.7174839542420669,53.0,-0.006512699424307825
2023-04-23,1862.06201171875,1882.229736328125,1838.992431640625,1874.1715087890625,6607451862,-0.006512699424307825,0.023220120713160576,-0.006491537762182253,46.38437465275079,35.93213489668696,11.068106908849794,11.079355105163343,32.67712830902133,59.365641856223775,-26.688513547202447,1938.6364118742313,1905.95928356521,1796.6814501953124,1501.51728515625,2138.262103893043,1754.2336846811759,1946.2478942871094,0.1973173203367974,72.93332742182555,0.030308840168949056,0.6908973243048151,56.0,-0.010421420187486955
2023-04-24,1842.7574462890625,1888.1937255859375,1811.7921142578125,1862.0853271484375,8438191338,-0.010421420187486955,0.041460481672171375,-0.010367305335802768,44.84196530757072,33.547987096168654,9.508690660178301,11.857993640267935,22.60813579500632,52.014140643980284,-29.406004848973964,1923.8858017842053,1901.277665989199,1802.2472241210937,1503.9725250244142,2139.440847113188,1750.2301733946247,1944.8355102539062,0.20012524024088293,73.18106198656122,0.029471369903172423,0.8914611824344855,53.0,0.01293785075247709
2023-04-25,1866.753662109375,1877.4849853515625,1805.3228759765625,1842.204345703125,8677255481,0.01293785075247709,0.038656471306159915,0.013021906854120191,47.19262590386077,39.380944910606885,18.496441232089005,13.024412933705634,16.37590946576006,44.88649440833624,-28.51058494257618,1915.0962418342315,1898.7203323684714,1808.2343237304688,1506.6437084960937,2139.7389206438843,1745.696064707678,1942.7174926757812,0.20283075507467405,73.10827965716399,0.029244784209180027,0.9247379861959928,53.0,-0.00010149316597420684
2023-04-26,1866.564208984375,1962.567626953125,1792.4638671875,1866.14892578125,14356524696,-0.00010149316597420684,0.09113201621827997,-0.00010148801571707722,47.17553198463825,39.3491306642042,21.479530346917965,16.49488741306169,11.291377938963024,38.1674711144616,-26.876093175498575,1907.629775241946,1896.338397302983,1814.3269458007812,1509.3990270996094,2139.8904285122403,1744.9087169955721,1942.3995727539063,0.2033473014806468,80.03652823633978,0.028935671933026208,1.4818657381096108,56.0,0.0223682158443065
2023-04-27,1908.786376953125,1936.9451904296875,1863.14794921875,1866.6932373046875,14008145806,0.0223682158443065,0.03866186499546134,0.022620260136523074,51.40049390583448,49.87735307618662,33.71850679703307,24.564826125346613,10.54724409708274,32.64342571098583,-22.09618161390309,1907.8077139667428,1897.26046986966,1821.820908203125,1512.3299377441406,2139.5736550823713,1749.5405172809099,1944.5570861816407,0.20057685144504342,79.59086487738247,0.029350663996408486,1.4049250976588874,59.0,-0.008562156334883395
2023-04-28,1892.5128173828125,1923.19921875,1876.2918701171875,1909.2730712890625,7691759733,-0.008562156334883395,0.02478574950825509,-0.00852560546680392,49.74891991246309,46.26600893175666,29.001275969662636,28.066437704537822,8.545861046158961,27.823912778020457,-19.278051731861495,1905.4546529538304,1896.9087919076715,1830.89794921875,1515.3358135986327,2138.404039692362,1755.0115975146693,1946.7078186035155,0.1969440090155501,77.25632800277033,0.02934846362060702,0.7612203120619717,64.0,0.008630582412971032
2023-04-29,1908.9169921875,1916.9737548828125,1887.990478515625,1892.5650634765625,4796651246,0.008630582412971032,0.01518309936252098,0.008667933265241068,51.44264258422223,50.48242506388898,33.75636834830929,32.158717038334935,8.189032303545673,23.896936683125503,-15.70790437957983,1905.9873205282413,1897.7982882246956,1840.4931274414062,1518.4825201416015,2137.555141804738,1760.813412882762,1949.18427734375,0.1932817401109867,73.80825288594299,0.029382446585868218,0.4784083641217879,64.0,-0.016901626227118743
2023-04-30,1876.92431640625,1938.41796875,1876.92431640625,1908.7413330078125,6539641957,-0.016901626227118743,0.03276298985858524,-0.016759595054255505,48.041723208000704,42.83468810078309,25.666593216956347,29.474745844976024,5.264021034862253,20.170353553472854,-14.9063325186106,1901.5160891248581,1896.2520680899959,1848.3792797851563,1521.3926098632812,2137.805827871971,1757.1344065030287,1947.4701171875,0.1954697111957234,72.92863856150063,0.028975021735645964,0.6582927998937917,60.0,-0.024250823208415286
2023-05-01,1831.954833984375,1886.2064208984375,1809.1932373046875,1868.89111328125,8625783201,-0.024250823208415286,0.042038800392393764,-0.023959134648528724,43.67132103542937,34.31080076287054,12.000866558198508,23.80794270782131,-0.6749524433141687,16.00129235411545,-16.676244797429618,1890.814357564784,1891.489310008098,1853.2125170898437,1524.111764526367,2140.031816851367,1748.884931195508,1944.4583740234375,0.2011598144148002,73.22039177808986,0.029382800207707678,0.8693879740717152,63.0,0.020976818915212615
2023-05-02,1870.789306640625,1879.759521484375,1824.3270263671875,1831.7265625,7536785767,0.020976818915212615,0.029630538789388094,0.02119837887694409,48.065175813326604,45.28125337161245,25.072700601689796,20.913386792281482,-2.222395925793535,12.356554698133653,-14.578950623927188,1887.7335804995287,1889.9559764253222,1857.0221240234375,1526.9786004638672,2139.944648490091,1743.9828173302217,1941.9637329101563,0.20389764466223848,71.94982773088255,0.029591941110938536,0.7731641223318906,55.0,0.017938807917938802
2023-05-03,1904.65185546875,1915.504150390625,1845.871826171875,1870.6871337890625,8306390869,0.017938807917938802,0.036559082447964186,0.018100674783592785,51.609725997065055,53.22762735848656,59.958468189934635,32.34401178327425,-0.7081680249136753,9.74361015352419,-10.451778178437864,1890.336392033255,1891.0445600581686,1861.04501953125,1530.1275012207032,2132.4201520841543,1740.7090349275643,1936.5645935058594,0.202271134394467,71.78429176573022,0.027773018169854235,0.871060783509923,64.0,-0.01424943087374444
2023-05-04,1877.7041015625,1915.8717041015625,1868.6297607421875,1905.1689453125,6578438233,-0.01424943087374444,0.025159418526094397,-0.014148388236346676,48.75782528123931,46.903663963225235,50.110729176384474,45.047299322669566,-1.6634152173164694,7.462205079356058,-9.125620296672526,1888.3929627300618,1890.0563779473782,1865.4754907226563,1532.9845385742187,2107.3053148560075,1743.430732507274,1925.3680236816406,0.1889896258134285,70.03126687956198,0.025653036159836138,0.7269020191072882,64.0,0.06062477478209256
2023-05-05,1995.0609130859375,1998.41357421875,1876.9466552734375,1877.8331298828125,9498261360,0.06062477478209256,0.060883814698884986,0.06250016252602375,59.30457904156884,66.89030861372574,98.37209715850493,69.4804315082746,6.968924969620275,7.3635490574089015,-0.39462408778862645,1904.8034166309658,1897.8344916613455,1871.8323999023437,1536.301275024414,2089.0009004536196,1751.9945585307553,1920.4977294921875,0.1754786463673532,73.70524202711559,0.02962999820603515,1.0411272472153252,61.0,-0.04870396562452302
2023-05-06,1900.2218017578125,2017.5594482421875,1870.6055908203125,1995.4791259765625,9623243037,-0.04870396562452302,0.07733510755740955,-0.04753695022846638,50.295432375529614,49.36932477215622,47.87207908098936,65.45163513862619,6.087223358057827,7.108283917538687,-1.0210605594808602,1904.0985528043268,1898.011329446269,1873.9871337890625,1539.2501489257813,2051.0422405294653,1767.9748126931909,1909.508526611328,0.14824098656349782,78.93728598388411,0.031116576886480007,1.0449471208066934,60.0,-0.01438839576966011
2023-05-07,1873.076416015625,1933.9984130859375,1873.076416015625,1899.9176025390625,6883942236,-0.01438839576966011,0.03252509964324077,-0.014285377484394957,48.04563902599618,45.39840413550003,35.81258612470939,60.6855874547345,3.1616175535189086,6.3189506447347314,-3.157333091215823,1899.3259163752957,1896.1642988217768,1876.21546875,1542.186809692383,2019.0348455702688,1779.6655572617624,1899.3502014160156,0.12602693707039928,77.6504796329147,0.030981525712115043,0.7588902725308914,64.0,-0.012914162345005442
2023-05-08,1849.042724609375,1886.162109375,1818.4505615234375,1872.47509765625,9895102899,-0.012914162345005442,0.03661978544377178,-0.012831132355707098,46.08029544780173,41.915956064907405,25.135481183937163,36.27338212987857,-1.0837711240799308,4.8384062909717995,-5.92217741505173,1891.5900407190004,1892.6738118430803,1877.4847924804687,1545.0160186767578,1962.4533584462727,1810.6975814951336,1886.5754699707031,0.08043981243617872,76.94055593424669,0.030705262907433372,1.0862854637223884,60.0,-0.00023775948933960428
2023-05-09,1848.6031494140625,1860.66748046875,1832.906982421875,1849.06103515625,6129516088,-0.00023775948933960428,0.015017013281446605,-0.0002377312267921594,46.04319771503452,41.84745889301692,24.940197387936873,28.629421565527746,-4.432645503886761,2.9841959320000875,-7.416841435886848,1884.976672825933,1889.4093183298198,1879.7504296875,1547.759302368164,1956.15963395108,1808.2112766934513,1882.1854553222656,0.07860455877994081,73.42769465657729,0.024826394056842095,0.7023939705210643,51.0,-0.0033604216734156264
2023-05-10,1842.4014892578125,1886.80029296875,1795.6688232421875,1848.2135009765625,9945549603,-0.0033604216734156264,0.04946341514480301,-0.0033547817757508813,45.4868105931553,40.75134228485586,21.061126857263574,23.712268476379137,-7.500612332394667,0.8872342791211367,-8.387846611515803,1878.4266445846838,1885.9272569170785,1880.4632446289063,1550.3998138427735,1947.4732995828201,1806.8279943624923,1877.1506469726562,0.07492488972430168,74.69225001871908,0.024789750605231385,1.1487548995474561,52.0,-0.025234782361342904
2023-05-11,1796.4906005859375,1842.4920654296875,1774.132568359375,1842.4920654296875,8353828312,-0.025234782361342904,0.03805168646471993,-0.02491904665707234,41.489715612474285,33.233146179124134,9.184701474761464,18.395341906653908,-13.48122005696041,-1.9864565880951726,-11.494763468865237,1865.8210993541074,1879.3023194110679,1881.6387158203124,1552.5650317382813,1952.3880755380296,1796.5622906729077,1874.4751831054687,0.08313035364221959,74.23991052240432,0.022942501658709032,0.9859170514456246,52.0,0.006397104138644187
2023-05-12,1808.019775390625,1812.4249267578125,1742.40380859375,1795.1766357421875,9047198660,0.006397104138644187,0.03872807096312558,0.006417609310578776,42.84789892734029,36.656883768065136,23.846855140135087,18.030894490719977,-17.093542989998923,-5.007873868475923,-12.085669121523,1856.92858797511,1874.022130965109,1881.4710083007812,1554.880137939453,1954.2901558310728,1788.0393241493962,1871.1647399902345,0.08884884806163258,73.93856821109418,0.022769819339775253,1.0548229528104585,49.0,-0.006606274016334966
2023-05-13,1796.1148681640625,1816.0584716796875,1788.4755859375,1808.375,4647630864,-0.006606274016334966,0.015356972001674893,-0.006584500561665818,41.76969729595472,34.52414773569012,19.520246664374522,17.517267759756958,-20.67859152837309,-8.142017400455357,-12.536574127917733,1847.5726310811028,1868.251222609476,1882.3524096679687,1556.5523852539063,1957.1773443011832,1778.5574213238167,1867.8673828125,0.09562773279354207,70.62744803474371,0.02277084863832462,0.5481348285284685,48.0,0.0024390208808186785
2023-05-14,1800.5009765625,1823.49072265625,1793.228759765625,1796.10791015625,4711210241,0.0024390208808186785,0.016807523730645712,0.0024419977119396474,42.34532673630717,36.12162813121383,21.114293002672937,21.49379826906078,-22.901847787014503,-11.093983477767186,-11.807864309247318,1840.330838078241,1863.2326858652555,1883.4871337890625,1557.7220568847656,1959.242301220702,1772.2668174316416,1865.7545593261718,0.10021440540206306,67.74419909587809,0.022696122527050378,0.5681192633989762,48.0,0.009424453575591261
2023-05-15,1817.5499267578125,1845.6954345703125,1787.536376953125,1800.3712158203125,6748889346,0.009424453575591261,0.03199860249282559,0.009469003581360047,44.63631013363856,42.48517504847874,27.31040448964653,22.648314718897932,-23.022695292739854,-13.47972584076172,-9.542969451978134,1836.8260824904828,1859.8487777832227,1884.3245971679687,1559.2379321289063,1959.1081789110635,1767.480566206124,1863.2943725585938,0.10284344520495974,67.05954613311448,0.022594631760293846,0.8234143873166031,50.0,0.0036090792596990724
2023-05-16,1824.1214599609375,1830.3515625,1797.84375,1816.82421875,5595959668,0.0036090792596990724,0.017821078921299537,0.003615599828306948,45.53469232793151,44.95126334840367,29.69870124108559,26.04113291113495,-22.330784618141706,-15.249937596237718,-7.080847021903988,1834.871525178245,1857.2023097963868,1886.4978100585938,1560.5811499023437,1958.4709332925893,1763.8735369222543,1861.1722351074218,0.10455636114682496,64.5915651593206,0.022620517629093468,0.7212964636202055,54.0,-0.0012407311290979063
2023-05-17,1821.859619140625,1835.5545654296875,1786.6719970703125,1824.068359375,6352161579,-0.0012407311290979063,0.026831138824204803,-0.0012399617404649232,45.26245091509484,44.190413417109895,28.876678903763185,28.628594878165035,-21.714639230625153,-16.542877923115206,-5.1717613075099464,1832.8696934801496,1854.5843327107748,1887.4792895507812,1561.5919555664063,1952.987995313606,1760.6637991199877,1856.8258972167969,0.10357686010405914,63.46949395932448,0.021934230584598317,0.8612636537441264,50.0,-0.011111257616523266
2023-05-18,1801.728515625,1831.4503173828125,1774.195068359375,1822.0682373046875,5673124255,-0.011111257616523266,0.03177795573911771,-0.011049755592651422,42.80921520686982,37.58468968358775,21.560418353426574,26.711932832758382,-22.59034395982144,-17.752371130456453,-4.837972829364986,1828.078743040896,1850.6690870007174,1887.6538232421874,1562.6466815185547,1949.8426366032027,1754.7307276546098,1852.2866821289062,0.10533569713104184,63.02561932104684,0.021979706252486877,0.7798681947941308,51.0,0.006009982865914986
2023-05-19,1812.5894775390625,1826.1942138671875,1797.4344482421875,1800.994384765625,4796110259,0.006009982865914986,0.015866673607775154,0.0060280790473556944,44.555227154803376,42.95226612226113,25.507625079023548,25.31490744540437,-22.152596071206062,-18.632416118606375,-3.520179952599687,1825.6957791175369,1847.848375188743,1888.050869140625,1563.8460565185546,1942.8545271019582,1752.0860856910106,1847.4703063964844,0.10325927336988924,60.578058342757785,0.021917848066961582,0.6593100361799713,48.0,0.004342645541990229
2023-05-20,1820.47802734375,1829.0096435546875,1808.0467529296875,1812.76611328125,2951655969,0.004342645541990229,0.011515047317317444,0.004352088491321071,45.848369278746496,46.827100276993555,40.749695930598904,29.27257978768294,-20.9278939396238,-19.091511682809863,-1.8363822568139376,1824.893048075416,1845.8209420150397,1888.0199877929688,1565.0499237060546,1939.719000188051,1749.5769836986676,1844.6479919433593,0.10307766973419491,57.74840350577508,0.021701417398321765,0.41601687011461624,48.0,-0.008798188574408906
2023-05-21,1804.5313720703125,1827.9219970703125,1799.9468994140625,1820.1380615234375,3386768865,-0.008798188574408906,0.015502693989827718,-0.00875959777262747,43.63294313656832,40.36159762788261,43.02567596813245,36.427665659251566,-21.00197281629812,-19.473603909507514,-1.5283689067906074,1821.7604825361693,1842.7624553524674,1887.8334033203125,1566.4740216064454,1939.8201849182572,1746.7334527770552,1843.2768188476562,0.10475189085376345,55.62173880223757,0.021117005411439755,0.4956424773128892,52.0,0.007180141528087589
2023-05-22,1817.5347900390625,1826.696533203125,1793.2239990234375,1804.8419189453125,4534841049,0.007180141528087589,0.018416447576757585,0.0072059805498594365,45.92741691560998,47.28576620843793,52.031032313914324,45.26880140421516,-19.78336340517353,-19.53555580864072,-0.24780759653281237,1821.110375998153,1840.8937394033264,1888.2699365234375,1567.9039868164064,1936.9126086311753,1744.315577403981,1840.6140930175782,0.10463737725241624,54.03965275776971,0.020588488645476896,0.6785645729457735,49.0,0.020069668217180637
2023-05-23,1854.380615234375,1869.343994140625,1816.2879638671875,1817.7811279296875,6820047160,0.020069668217180637,0.028611186849972412,0.020272418111193735,51.90190946271076,61.906521755896236,77.54815300753405,57.534953763193535,-15.663892900476412,-18.76122322700786,3.0973303265314485,1826.228874342187,1841.8927672426635,1889.1516064453126,1568.9504229736328,1930.1106856425827,1746.0903763691363,1838.1005310058595,0.10011438774393118,53.96939400888884,0.020699286717810395,1.0319842038443643,50.0,-0.029708534807232487
2023-05-24,1800.0999755859375,1854.2996826171875,1780.925537109375,1854.2996826171875,7101647419,-0.029708534807232487,0.04076115021552012,-0.02927157413235626,44.16081541551258,41.92219910361466,45.45145947567733,58.3435482657085,-16.587961133418275,-18.326570808289944,1.7386096748716682,1822.2090437643026,1838.7970048977209,1887.7335034179687,1569.811082763672,1925.7668398502376,1742.673809563825,1834.2203247070313,0.09982063104423235,55.36122858861107,0.02148071316715337,1.070357893558421,50.0,0.0032466321229346956
2023-05-25,1805.9537353515625,1815.9947509765625,1763.3651123046875,1799.84521484375,6321689859,0.0032466321229346956,0.029142296195992897,0.0032519081412238915,45.11158293374319,44.18898086868966,50.06289102543144,57.68750116954754,-16.65594303110447,-17.99244525285285,1.336502221748379,1819.7082270854194,1836.3641701165238,1885.6702978515625,1570.979677734375,1879.619411664766,1769.910519975859,1824.7649658203125,0.06012220408867177,55.16611502312992,0.01572022679762595,0.9761711134091166,51.0,0.01251086049601085
2023-05-26,1828.689697265625,1837.8658447265625,1798.406005859375,1805.7254638671875,5451414258,0.01251086049601085,0.02157820374128558,0.012589448704585227,48.76080810165332,52.576251441227065,61.63924720593334,52.38453256901397,-14.705698917559175,-17.335095985794116,2.6293970682349403,1821.0899917285278,1835.795690646087,1884.7856396484376,1572.2801696777344,1863.8753105290846,1778.5014106623219,1821.1883605957032,0.046878127333757645,54.044238154848316,0.012358845340527023,0.8698027423213486,49.0,0.0013271675643503394
2023-05-27,1831.1182861328125,1836.1845703125,1817.4920654296875,1828.57568359375,3216737652,0.0013271675643503394,0.010208245433608607,0.001328048640957924,49.14970882362356,53.44806948433477,63.93082532519215,58.5443211855189,-12.816409985432301,-16.431358785721752,3.6149488002894508,1822.632806252264,1835.4492162376962,1884.095283203125,1574.7715832519532,1854.948751232975,1783.23215697015,1819.0904541015625,0.03942442449803588,51.519114349702896,0.012019214135492692,0.5287161399495457,48.0,0.042654892681299954
2023-05-28,1910.9141845703125,1915.7232666015625,1825.46728515625,1831.0986328125,6359610561,0.042654892681299954,0.04723183394319062,0.04357768640169235,59.915074975274514,72.69198560792394,96.84356767549222,74.1378800688725,-4.824657129231355,-14.110018454423672,9.285361325192317,1836.2145567627329,1841.0392138919642,1885.323603515625,1578.8253051757813,1874.6666765307561,1769.7013776684628,1822.1840270996095,0.05760411533700457,54.286033427960724,0.01516389517110398,1.0765717910025656,50.0,-0.009377616370766508
2023-05-29,1893.078125,1926.4217529296875,1879.0775146484375,1909.2974853515625,5884674572,-0.009377616370766508,0.025009130714692508,-0.009333783648857619,57.00979577149372,65.6182983022779,79.5508923758759,80.10842845885337,0.06884998188979807,-11.27424476716098,11.343094749050778,1844.9627980300047,1844.893948048115,1885.9974096679687,1581.7933728027344,1884.4098498049616,1764.405701952851,1824.4077758789062,0.0657770425223598,53.79019091748138,0.015360097961744347,0.9982420916683349,52.0,0.004189920157065886
2023-05-30,1901.026611328125,1916.574951171875,1883.9346923828125,1893.0931396484375,5363439784,0.004189920157065886,0.01716980635334655,0.004198710144688311,57.98748460205846,67.2740089443968,84.42557046175959,86.9400101710425,4.536076969975966,-8.11218041973359,12.648257389709556,1853.5880000758693,1849.0519231058934,1885.7937915039063,1584.8624005126953,1895.714570524628,1758.9634934402156,1827.3390319824218,0.07483618238923923,52.27948147973718,0.015335171354367197,0.9466120963481804,51.0,-0.014249247118842005
2023-05-31,1874.1304931640625,1907.035400390625,1852.0947265625,1901.0982666015625,5984512548,-0.014249247118842005,0.029315287291105115,-0.014148207081263298,53.54958841807278,56.527470712276106,67.93061627837336,77.30235970533623,5.838788665844959,-5.321986602617881,11.160775268462839,1856.7483836278989,1850.909594962054,1885.432607421875,1587.9567114257814,1900.952638995664,1761.4894142269923,1831.2210266113282,0.07615859731948814,52.46956664747916,0.014498608897685847,1.078783051866555,51.0,-0.00638547001263108
2023-06-01,1862.201416015625,1887.705322265625,1846.2274169921875,1873.9146728515625,5640027197,-0.00638547001263108,0.022273587011969857,-0.006365126223573547,51.66112467347505,52.21174788739982,60.61470623465293,70.9902976582619,5.841285536341957,-3.0893321748259135,8.93061771116787,1857.5873116875491,1851.7460261512072,1884.2629931640624,1591.1586224365235,1904.0545591416605,1763.8056581434955,1833.930108642578,0.07647450703667939,51.68444797790476,0.01458143705965396,1.0488960903532023,52.0,0.023906525289625596
2023-06-02,1907.256591796875,1910.2784423828125,1851.9647216796875,1862.4237060546875,6097746022,0.023906525289625596,0.030574659410764527,0.024194577124557304,57.72510246938675,64.24152562001746,88.24631670359945,72.26387973887518,9.370819493938143,-0.5973018410731026,9.968121335011245,1865.2287393966762,1855.857919902738,1882.1554321289063,1594.4868841552734,1914.208476092299,1764.7659135561385,1839.4871948242187,0.08124142584772992,52.15796745827764,0.015271197159573027,1.1189318507045007,50.0,-0.007813412940096475
2023-06-03,1892.4124755859375,1908.822265625,1885.4854736328125,1907.4207763671875,3472274607,-0.007813412940096475,0.012331768202363945,-0.007782967574883282,55.26525824580139,58.573948898141644,79.14266035814818,76.0012277654668,10.845187888402279,1.6911961048219737,9.153991783580306,1869.4108526565626,1858.5656647681603,1877.9709716796874,1597.6902655029296,1919.9446486322156,1768.2208909185658,1844.0827697753907,0.0822760020322351,50.099312067842625,0.015461974282956549,0.6444857940413243,53.0,-0.0010039455849781425
2023-06-04,1890.5135498046875,1912.2056884765625,1885.65185546875,1892.398193359375,3747042696,-0.0010039455849781425,0.014045830568395463,-0.0010034418002142775,54.94271250037155,57.81273707074628,77.97807989459184,81.78901898544642,11.725246677716086,3.698006219400796,8.02724045831529,1872.657421448582,1860.932174770866,1873.9319067382812,1601.0648205566406,1925.139948311198,1770.3219535442706,1847.7309509277343,0.08378816985730209,48.41749213498333,0.015391471896042085,0.7154156642228802,52.0,-0.04251202751853726
2023-06-05,1811.828369140625,1890.6405029296875,1780.2115478515625,1890.4176025390625,9246593033,-0.04251202751853726,0.060948904961954514,-0.041621061468822385,43.590083330184385,35.506048291305916,29.72173144876325,62.28082390050103,6.004249873603612,4.15925495024136,1.8449949233622522,1863.2991057088961,1857.2948558352925,1867.7683569335939,1604.1199194335939,1925.4550424715756,1768.7775503018618,1847.1162963867187,0.08482275451535037,52.84688234520773,0.01831086608698973,1.7059801208603942,53.0,0.03932332901333518
2023-06-06,1884.494873046875,1896.22265625,1801.4052734375,1810.5814208984375,8704411776,0.03932332901333518,0.05031448170469048,0.040106725970251,53.206217436050544,54.44437781846165,74.28692280050308,60.66224471461933,7.250321066622746,4.777468173517637,2.4728528931051086,1866.559992991662,1859.3096719250393,1863.9333959960939,1607.4808923339845,1929.3023381398652,1771.1937800241972,1850.2480590820312,0.08545262746775203,55.844775235728605,0.020339759560350806,1.5718407882368426,44.0,-0.028035415163873995
2023-06-07,1832.39599609375,1893.80908203125,1822.3031005859375,1884.3729248046875,7919894455,-0.028035415163873995,0.03902321419482848,-0.027646069882318547,47.017717706911476,43.7086605832324,42.33552434569084,48.78139286498566,3.9879271609995612,4.619559971014023,-0.6316328100144615,1861.3039934689064,1857.3160663079068,1858.4905688476563,1610.5507385253907,1928.1560630875688,1775.4068031233687,1851.7814331054688,0.0824877370695077,56.96343282212745,0.021232820684121276,1.4017370927678243,53.0,0.0075602566414878485
2023-06-08,1846.3018798828125,1861.1361083984375,1830.1650390625,1832.5135498046875,4536041931,0.0075602566414878485,0.016774650815988595,0.0075889075389308225,48.7317782691051,46.96519749150564,45.202270249149656,53.94157246511446,2.4957753473340745,4.194803046278033,-1.6990276989439588,1858.9959759941228,1856.5002006467887,1856.6885375976562,1614.0699145507813,1927.7672690276254,1779.166837417687,1853.4670532226562,0.08017430434037884,55.106835430256744,0.021255490549074055,0.8046831335109977,50.0,-0.003296688452608854
2023-06-09,1840.2252197265625,1854.824951171875,1828.5445556640625,1846.077880859375,4610831509,-0.003296688452608854,0.0142810756129717,-0.003291260341800495,48.000981440779874,45.619708735362046,41.04615805916741,42.8613175513359,0.8135208330252226,3.5185466036274713,-2.7050257706022487,1856.108167337575,1855.2946465045497,1854.6310888671876,1617.7292755126953,1927.4889020765058,1781.419923607088,1854.454412841797,0.07876655120660486,53.04780400722501,0.021259414270649542,0.8060876845649304,50.0,-0.04891038267058314
2023-06-10,1752.384765625,1844.78564453125,1721.443115234375,1840.3919677734375,10788500406,-0.04891038267058314,0.07038552931774891,-0.04773353454780638,38.915951637704964,30.758699538503535,15.09506099685264,33.78116310172317,-7.520971445068199,1.3106429938883375,-8.831614438956535,1840.1507209202557,1847.671692365324,1852.6787866210936,1620.81533203125,1934.8653004524353,1768.8288645866273,1851.8470825195313,0.08965990628119633,58.06885581362859,0.023913149482953703,1.771481964314963,49.0,0.0005878929736166297
2023-06-11,1753.415283203125,1776.84716796875,1741.1104736328125,1752.527587890625,4559112981,0.0005878929736166297,0.02038119245239724,0.0005880658165602348,39.061669337627,31.06605191050508,15.597804887490062,23.913007981169972,-13.882928705774475,-1.728071346044225,-12.15485735973025,1826.8068074253126,1840.689736131087,1850.26251953125,1623.6664105224609,1941.1246653784558,1756.1575489770128,1848.6411071777343,0.10005571967607431,56.47370142236493,0.023832997100749348,0.7484615122041054,47.0,-0.006228150087489563
2023-06-12,1742.5286865234375,1757.6597900390625,1722.9063720703125,1753.075439453125,6031384958,-0.006228150087489563,0.019944244383194296,-0.006208795362955821,38.02955652573041,29.454632886543394,10.80580787228186,13.832891252208121,-19.577604600083077,-5.297977996851996,-14.279626603231081,1813.840942671178,1833.418547271261,1847.8718530273438,1626.3591381835938,1946.3610500139478,1739.7359714704273,1843.0485107421875,0.11211049374946372,54.92225260424958,0.023282241474696284,0.9966135390665466,47.0,-0.002005470958931595
2023-06-13,1739.03759765625,1761.9554443359375,1727.7498779296875,1742.39013671875,6214125203,-0.002005470958931595,0.019669250654701088,-0.0020034613456795247,37.68567713658575,28.893915045955325,9.223236048266907,11.87561626934621,-24.09463007249292,-9.05730841198018,-15.037321660512738,1802.3327357458045,1826.4273658182974,1845.7974560546875,1629.0596966552735,1951.4894872255718,1728.5012964658345,1839.9953918457031,0.12118953761947057,53.44248930439246,0.022424839020861433,1.0343939723822113,45.0,-0.05224189755336002
2023-06-14,1650.519287109375,1749.1632080078125,1637.187744140625,1739.2501220703125,7462905534,-0.05224189755336002,0.0678425661194756,-0.050900745714856144,30.223210847891494,18.484635784702476,4.847517495973052,8.292187138840541,-34.420317194815425,-14.12991016854723,-20.290407026268195,1778.9768205709693,1813.3971377657847,1841.4727685546875,1631.2828033447265,1970.5631309238315,1693.8842079433562,1832.2236694335938,0.15100717646880238,57.623416058877815,0.02505554695702219,1.230575756220406,46.0,0.009047294268028925
2023-06-15,1665.519775390625,1676.4066162109375,1624.1383056640625,1650.4981689453125,7328564880,0.009047294268028925,0.03138258177367854,0.00908834473998854,32.65685143467904,23.904545509997874,14.365204877602286,9.478652807280682,-40.921368528104495,-19.488201840458686,-21.43316668764581,1761.521890543224,1802.4432590713284,1837.4518798828126,1633.6347674560548,1980.356894929066,1667.7734517506217,1824.0651733398438,0.171366378650883,57.240908522306185,0.02494350312381418,1.19000700794054,41.0,0.030248430137366597
2023-06-16,1716.6688232421875,1727.28955078125,1653.1708984375,1665.41064453125,6281023479,0.030248430137366597,0.04317585974664919,0.030710561716126294,40.302564174695505,39.82187420717519,32.12113661557863,17.111286329717924,-41.4681785073019,-23.88419717382733,-17.58398133347457,1754.6214186507568,1796.0895971580587,1833.6095288085937,1636.3676806640624,1981.41618474939,1655.2692156412352,1818.3427001953125,0.17936496188156528,58.44646165240931,0.026120246218669037,0.9951498425997626,47.0,0.006118292640112686
2023-06-17,1727.2041015625,1766.76318359375,1714.15087890625,1716.6717529296875,4875187477,0.006118292640112686,0.030460965580098347,0.006137047622508218,41.76902927651063,42.7019666935397,35.77836369122079,27.421568394800502,-40.58359798673587,-27.22407733640904,-13.359520650326829,1750.4033698679482,1790.986967854684,1830.3033544921875,1638.919194946289,1971.03004832996,1647.2843437598838,1809.1571960449219,0.17894835522188504,58.02973615491579,0.023928087356281637,0.7816038648262329,47.0,-0.0038439761048233256
2023-06-18,1720.5775146484375,1746.5091552734375,1718.1114501953125,1727.1937255859375,3820038842,-0.0038439761048233256,0.016504751943086652,-0.003836597486115201,41.08538220921909,41.253143148753004,35.44459972677289,34.448033344524035,-39.95667604511527,-29.77059707815029,-10.186078966964985,1745.814776757254,1785.7714528023694,1826.5365649414061,1641.043639526367,1961.9817961528142,1639.0825349018733,1800.5321655273438,0.17933545839008633,55.91316250657359,0.023907444491322198,0.6227461527045483,49.0,0.009879050169205828
2023-06-19,1737.659423828125,1745.1346435546875,1705.8134765625,1720.50537109375,5210480121,0.009879050169205828,0.02262881117725681,0.009928009075009792,43.64593658283594,46.692519104039526,41.72276645811976,37.64857662537108,-37.64749172842767,-31.345976008205767,-6.3015157202219,1744.5601070758496,1782.2075988042773,1823.7512670898439,1643.3505670166016,1949.1115795080702,1635.6160327966174,1792.3638061523438,0.1749062024324357,54.72801996983173,0.02405315422633854,0.8504774943211353,47.0,0.030860224903017826
2023-06-20,1792.1199951171875,1793.31396484375,1715.342529296875,1736.8797607421875,7171072578,0.030860224903017826,0.043507932370218556,0.03134133797581806,50.96341753590176,60.34835349779847,62.291395351047896,46.48625384531345,-31.064837454648114,-31.289748297494235,0.22491084284612128,1751.8770129283632,1782.9418503830113,1822.9545703125,1645.8396502685546,1940.4653209928,1636.0612415072003,1788.26328125,0.1702233013881605,56.38826393962053,0.0251787616961085,1.1592679301592146,49.0,0.05371032444261625
2023-06-21,1891.0072021484375,1898.6689453125,1788.4892578125,1791.9949951171875,11731457711,0.05371032444261625,0.05826508083883611,0.05517889834423939,60.89304522400599,74.29671971308511,97.20914824885335,67.07443668600693,-17.665033830765196,-28.56480540414843,10.899771573383234,1773.281657423759,1790.9466912545242,1823.3589282226562,1649.0780120849608,1945.186869564973,1634.2202715483083,1789.7035705566407,0.17375313048067875,60.23050847964764,0.028076757715865475,1.8074995892825634,59.0,-0.009598611426714983
2023-06-22,1872.9429931640625,1932.0655517578125,1867.8765869140625,1889.79443359375,8477657143,-0.009598611426714983,0.03427171306229249,-0.00955269179506646,58.56023659006097,69.11515385563206,80.79982874404371,80.10012411464824,-8.406320781396516,-24.53310847959805,16.126787698201532,1788.614170614575,1797.0204913959715,1822.7247509765625,1652.0414440917968,1938.93589417147,1637.0398870785302,1787.987890625,0.16884678507940593,60.51325536279781,0.027619305859903975,1.2826608434228646,65.0,0.010579014510562092
2023-06-23,1892.862060546875,1932.5316162109375,1865.1920166015625,1872.540771484375,8290615074,0.010579014510562092,0.03557554510333395,0.010635170133588723,60.36342964059537,71.65799266089115,87.13670034096513,88.38189244462065,0.532440638605749,-19.51999865595729,20.05243929456304,1804.6523075272366,1804.119866888631,1823.02791015625,1655.2073706054687,1939.020691599432,1637.0000481466616,1788.0103698730468,0.16891436903367324,61.00085138041046,0.027683396469524925,1.2102474467153839,65.0,-0.00891633235310276
2023-06-24,1876.0596923828125,1905.2274169921875,1867.8115234375,1893.77197265625,5026191704,-0.00891633235310276,0.019943871565816222,-0.008876699741769856,58.068081249752616,66.2870517220343,81.6883434572614,83.20829084742334,6.189316192316255,-14.378135686302581,20.567451878618837,1815.6380590434792,1809.448742851163,1820.6478857421876,1658.229400024414,1936.4559859272365,1638.1193680766698,1787.2876770019532,0.16692143166958154,59.316211535715965,0.027755121953580895,0.7269265730348828,62.0,0.012946551928309865
2023-06-25,1900.506103515625,1929.0791015625,1870.85009765625,1875.84912109375,6937581709,0.012946551928309865,0.030638682926898198,0.01303072137420247,60.425923742487946,70.09212247391451,89.61536725990537,86.1468036860439,12.500948739951127,-9.00231880105184,21.50326754100297,1828.6946812699632,1816.193732530012,1820.6535717773438,1661.5697430419923,1948.6157327908356,1634.8273946505708,1791.7215637207032,0.17513231100966908,59.238553847896966,0.02604218309492562,1.020404576416805,64.0,-0.021848693008354386
2023-06-26,1859.432861328125,1905.3604736328125,1840.215087890625,1900.05029296875,8619702292,-0.021848693008354386,0.03503508359837017,-0.021611739163331922,54.84582147564534,57.39439147900036,76.29690645585464,82.53353905767374,14.027001088639963,-4.39645482311348,18.423455911753443,1833.4236320481418,1819.3966309595019,1820.3807006835937,1664.4613256835937,1944.7574317098508,1636.1794945596805,1790.4684631347657,0.17234480444850156,59.66047041177486,0.025049376349562703,1.2686072504033294,55.0,0.016148341244193568
2023-06-27,1889.703369140625,1911.3111572265625,1856.83837890625,1859.34619140625,7686042202,0.016148341244193568,0.02882610001647239,0.016279430380120807,57.92932033662717,63.13638093800943,86.11245912099552,84.00824427891844,17.47751564785608,-0.02166072891956805,17.499176376775647,1842.082053139293,1824.604537491437,1821.1939135742186,1667.5884185791015,1952.67677698363,1633.9908865905888,1793.3338317871094,0.1777058374432502,59.28992097667041,0.02445003770592063,1.1331455378380053,59.0,-0.03321315592616908
2023-06-28,1827.97119140625,1890.208984375,1822.102783203125,1889.906494140625,7135265016,-0.03321315592616908,0.03725780881671401,-0.03266765501002877,50.374363416825396,47.806968619230126,66.09510607760262,76.16815721815085,15.057232071304952,2.9941178311253362,12.063114240179615,1839.9111513342095,1824.8539192629046,1820.7812744140624,1670.3963537597656,1950.7386179583436,1634.0959767682189,1792.4172973632812,0.1766567649486082,59.91965527632788,0.025594694007575393,1.0321686111363741,62.0,0.013182144849619147
2023-06-29,1852.227294921875,1876.5302734375,1828.059326171875,1828.059326171875,5677228612,0.013182144849619147,0.026169006038575547,0.013269412357076016,52.96976650399875,53.03433052079892,71.25425438153779,74.48727319337858,14.924365936264394,5.380167452153148,9.544198484111245,1841.805942655389,1826.8815767191245,1820.9777905273438,1673.3381475830079,1952.1479378855668,1633.8868643605272,1793.017401123047,0.1775002703965385,59.10818575882232,0.025764566180991502,0.8149669822724288,54.0,0.04278209460658563
2023-06-30,1933.18896484375,1945.2742919921875,1831.281005859375,1852.0084228515625,12895131248,0.04278209460658563,0.058966447774041586,0.04371043993566137,60.412030283323574,66.21198104221412,94.95310866341467,77.43415637418495,21.108671084216894,8.525868178565897,12.582802905650997,1855.8648691459061,1834.7561980616892,1823.7117578125,1676.6309973144532,1971.1582834287578,1632.9569387392107,1802.0576110839843,0.18767510128941453,63.028550071250194,0.024677437827521454,1.8235255822610428,56.0,-0.004470507587039554
2023-07-01,1924.56591796875,1942.7015380859375,1910.8486328125,1933.3238525390625,5136809625,-0.004470507587039554,0.016550695913318522,-0.004460529742211228,59.33505619398541,63.98129438633282,91.35208239131798,85.85314847875674,25.025491365840935,11.825792816020904,13.199698549820031,1866.4342612724977,1841.4087699066567,1826.0426806640626,1679.651080932617,1986.2014572903029,1635.0288283542284,1810.6151428222656,0.193952110876909,60.80171829997786,0.024749878687025557,0.7234511844405326,59.0,0.006666219550552589
2023-07-02,1937.4383544921875,1958.1607666015625,1895.906982421875,1924.4481201171875,6343966490,0.006666219550552589,0.03213200772832049,0.0066884882472737495,60.46801759008605,65.97754228443857,91.78813764706281,92.69777623393175,28.835895453132707,15.227813343443264,13.608082109689443,1877.3579679216807,1848.522072468548,1828.869150390625,1682.7916290283204,2001.3035131745155,1639.4177392668907,1820.3606262207031,0.19879894604122755,60.90543729138569,0.024619009691204275,0.8915008182415216,63.0,0.0092225678282851
2023-07-03,1955.38916015625,1974.7750244140625,1934.6888427734375,1937.8837890625,7858509087,0.0092225678282851,0.020500359957719014,0.009265226747700916,62.055649884318115,68.79156938654954,92.52758824639305,91.88926942825788,32.92461368899171,18.767173412552957,14.157440276438756,1889.362766726999,1856.4381530380074,1831.9669140625,1686.236805419922,2017.178479489575,1645.1779292018311,1831.178204345703,0.20314819683028235,59.418347602045635,0.024571589685554087,1.0917216781863628,62.0,-0.009638052931703962
2023-07-04,1936.633544921875,1966.3653564453125,1932.611328125,1955.524169921875,5683423776,-0.009638052931703962,0.01742922836838198,-0.009591755757138554,59.37265494612451,62.49107343618759,79.5252851637525,87.94700368573604,34.25664170478308,21.865067070998983,12.391574633784096,1896.6351941415953,1862.3785524368122,1834.3485864257811,1690.078676147461,2017.1642176908856,1673.8036167817706,1845.4839172363281,0.18605450727704448,57.5851819390647,0.020831223644212762,0.7994353609950394,64.0,-0.013540124870224116
2023-07-05,1910.5880126953125,1942.4324951171875,1897.124755859375,1936.7967529296875,6034088075,-0.013540124870224116,0.023714028852246268,-0.013448869712526457,55.76685768859478,54.416512189998166,57.95764101604633,76.67017147539723,32.832158044326206,24.058485265664427,8.77367277866178,1898.781781611398,1865.9496235670717,1836.0779174804688,1693.6908685302735,2010.1966067263288,1705.278051476796,1857.7373291015624,0.16413437490487273,56.70822174754669,0.02137622241071196,0.856558310899316,61.0,-0.03296272813878403
2023-07-06,1848.636474609375,1956.0123291015625,1847.8507080078125,1910.4171142578125,8905008384,-0.03296272813878403,0.05850886454926463,-0.0324253777759973,48.2592893069233,40.05443626281275,17.379512605431717,51.62081292841011,26.399950906978347,24.52677839392721,1.8731725130511379,1891.0671189957022,1864.6671680887239,1836.6134545898437,1697.0104748535157,2002.560807673543,1726.1106156663009,1864.335711669922,0.14828348257064725,60.38346455798978,0.022385885833999274,1.240982478103365,56.0,0.01181226577883662
2023-07-07,1870.6025390625,1876.9632568359375,1832.025390625,1847.5125732421875,6468885150,0.01181226577883662,0.02402320389956236,0.01188230609685803,50.788996123413675,45.95494464955234,31.76723907024197,35.70146423057327,22.811896885009446,24.183802092143658,-1.371905207134212,1887.918722082902,1865.1068251978925,1837.9909350585938,1700.525438232422,1994.580346518054,1748.4309205717898,1871.505633544922,0.13152481164591479,59.28020753320033,0.02245432063410085,0.8915888397499511,55.0,-0.0027102777457200535
2023-07-08,1865.53955078125,1872.5015869140625,1844.6417236328125,1871.0020751953125,4299007854,-0.0027102777457200535,0.014933944053656143,-0.0027066082588487195,50.18000930729623,44.769939203954394,28.45099229146128,25.865914655711588,19.336893707070658,23.21442041512906,-3.877526708058401,1884.4757726518785,1865.1388789448079,1839.0499365234375,1703.7646179199219,1980.6777485584787,1776.8297221446462,1878.7537353515625,0.10850172780930618,57.03589722948959,0.0224349316240878,0.5905712279663354,58.0,-0.0013569811365045717
2023-07-09,1863.009765625,1878.6689453125,1857.748291015625,1865.594970703125,4392863807,-0.0013569811365045717,0.011229492557091651,-0.0013560608539179286,49.858319500834774,44.106931685677615,26.793988283277006,29.00407321499335,16.192143185314308,21.80996496916611,-5.617821783851802,1881.1733100323586,1864.9811668470443,1839.9005712890626,1707.011666870117,1964.3902070396207,1805.6522978431917,1885.0212524414062,0.08421014298424372,54.45623702001712,0.022421816138762683,0.6068727507745022,55.0,0.009374355145353378
2023-07-10,1880.556396484375,1905.4608154296875,1848.7772216796875,1863.240234375,6336468234,0.009374355145353378,0.03014192706795059,0.009418432035694924,52.149643594454545,50.08818506091884,38.286994949192085,31.177325174643386,14.943512694825131,20.436674514297913,-5.493161819472782,1881.0784002557457,1866.1348875609206,1841.4210717773437,1710.323538208008,1956.5182486064782,1822.3678964130531,1889.4430725097657,0.07099994392275172,54.615333929301606,0.021538362533830513,0.8804569386004534,56.0,-0.0011813783970974622
2023-07-11,1878.3360595703125,1889.3817138671875,1863.2186279296875,1880.6549072265625,4905225892,-0.0011813783970974622,0.01392886315747197,-0.0011806808443571848,51.826903647936376,49.30919116102339,36.83267889510679,33.97122070919189,13.617823608621393,19.07290433316261,-5.455080724541219,1880.6565016887562,1867.0386780801348,1842.6370971679687,1713.6144213867187,1956.0527865449303,1821.5662442167886,1888.8095153808595,0.0712017496910078,52.583030501315775,0.017836194033214854,0.71551858345861,57.0,-0.003318159704377879
2023-07-12,1872.11376953125,1901.1484375,1865.7100830078125,1878.322021484375,6379007000,-0.003318159704377879,0.01892959448776489,-0.0033126606963430616,50.87665774370486,46.92322240700712,30.027082232640954,35.0489186923132,11.927624422768531,17.643848351083797,-5.716223928315266,1879.342235202986,1867.4146107802176,1842.9917602539062,1716.8692474365234,1956.0514170846318,1821.4846913138058,1888.7680541992188,0.07124576544570914,51.358410786378045,0.017719441748438477,0.9449609286468104,64.0,0.06932947889636883
2023-07-13,2006.511474609375,2011.88525390625,1864.49609375,1872.040283203125,11114853969,0.06932947889636883,0.07345542849932793,0.07178928293005193,65.56344317901568,76.08444502366912,97.02455542713466,54.62810551829406,21.188651398229922,18.352808960513023,2.8358424377168987,1898.9067335731997,1877.7180821749698,1847.119990234375,1720.8069946289063,1979.1100752223424,1809.790974582345,1894.4505249023437,0.08937636449952983,58.217750027083184,0.023497228983951245,1.6127736776263963,57.0,-0.03404628728508812
2023-07-14,1939.3470458984375,2026.2049560546875,1901.3612060546875,2005.6861572265625,10627449471,-0.03404628728508812,0.06437411512500274,-0.03347323429785665,56.47612221973956,57.62539465787437,55.269283889863644,60.773640516546344,22.84512948584438,19.251273065579298,3.593856420265084,1905.1283200847747,1882.2831905989303,1849.7878564453124,1724.3688580322266,1984.0017060660211,1811.2280790902287,1897.614892578125,0.09104778195593728,62.97675002514867,0.024799061313453566,1.481833165934467,60.0,-0.0040717558988269615
2023-07-15,1931.466552734375,1946.0191650390625,1928.1873779296875,1939.129638671875,4380084234,-0.0040717558988269615,0.009232252603147882,-0.004063477540406812,55.50405217568409,55.77314520512274,51.21093040316989,67.834923240056,23.253953268057558,20.051809106074952,3.2021441619826057,1909.180355877021,1885.9264026089634,1851.8433935546875,1727.9622326660156,1986.8020113908858,1811.523818687239,1899.1629150390625,0.09229234170257665,59.75210981687912,0.024683067958588597,0.6218220741461602,56.0,-0.004038588228567911
2023-07-16,1923.681884765625,1942.0308837890625,1917.2940673828125,1931.64501953125,4329306566,-0.004038588228567911,0.012859099314782938,-0.0040304440984128,54.50601097439316,53.780880870257256,47.20192567009006,51.22737998770779,22.688255330483116,20.579098350956585,2.1091569795265315,1911.4113603214214,1888.7231049909383,1853.6946655273437,1731.6307116699218,1988.6532450730951,1816.0974873487799,1902.3753662109375,0.09070542059635886,57.25101743040561,0.02413790189651279,0.6339190508378503,57.0,-0.006276285158144104
2023-07-17,1911.6461181640625,1936.1776123046875,1875.120361328125,1923.6943359375,6678090758,-0.006276285158144104,0.03193962020292838,-0.0062566304215256885,52.92157431743281,50.52542190182685,41.00365935152595,46.4721718082619,21.026370945871804,20.668552869939628,0.35781807593217607,1911.447476912597,1890.4211059667252,1853.7093041992186,1735.180965576172,1989.6359007922792,1817.3091065319395,1903.4725036621094,0.09053285189504894,57.52289125513111,0.023951467107933524,0.9851095437156654,54.0,-0.007375181874016909
2023-07-18,1897.5992431640625,1916.4683837890625,1878.718505859375,1911.697021484375,5814708445,-0.007375181874016909,0.019893493352549637,-0.007348051957174251,51.05618499503616,46.678167846371394,33.76969785361211,40.658427625075966,18.364159579627767,20.207674211877254,-1.8435146322494873,1909.3169794128225,1890.9528198331948,1853.7997265625,1738.6727978515626,1985.9631446743754,1827.9446678256247,1906.95390625,0.08286433999838619,56.11053316045656,0.02269691928400623,0.8661855194106372,56.0,-0.0045377420643504885
2023-07-19,1889.0079345703125,1919.264404296875,1883.067138671875,1897.7972412109375,6018487800,-0.0045377420643504885,0.0191620505994506,-0.004527462068031229,49.897723122824495,44.27268024414841,29.345283485015266,34.706213563384374,15.383756717346841,19.24289071297117,-3.8591339956243296,1906.1925109755134,1890.8087542581666,1853.5593530273438,1742.133981323242,1984.253807458028,1833.3320690068158,1908.7929382324219,0.07906658466107304,54.68815690792395,0.022577605492260996,0.894268392328517,50.0,0.0010376686367426272
2023-07-20,1890.9691162109375,1919.264404296875,1879.734375,1889.07373046875,7366830684,0.0010376686367426272,0.020904640355038685,0.0010382072011101418,50.175642148036154,45.02715176393321,30.35526702076231,31.156749453129823,13.029817321166774,18.000276034610295,-4.97045871344352,1903.8504502425017,1890.820632921335,1853.8961254882813,1745.584002685547,1981.6554219873954,1831.7084696141671,1906.6819458007812,0.07864287628225927,53.60543350713474,0.02032750040768889,1.1414976619748867,56.0,0.0005873367693250364
2023-07-21,1892.080078125,1905.38623046875,1885.2962646484375,1891.581298828125,4668158260,0.0005873367693250364,0.010617925769939458,0.0005875092853386832,50.343677786620226,45.51466060536018,26.127731842734068,28.609427449503812,11.125698604242643,16.625360548536765,-5.499661944294122,1902.039623762886,1890.9139251586435,1854.4936987304689,1748.971119995117,1979.8182346612364,1830.2970729559513,1905.0576538085938,0.07848642344569581,51.211471529504585,0.020314872821298628,0.7259716450070348,50.0,-0.014462737766929305
2023-07-22,1864.912353515625,1897.0880126953125,1855.0927734375,1891.955078125,4101305643,-0.014462737766929305,0.02251861283381254,-0.014358654754347167,46.23702181193471,36.32430263322828,9.093917528042887,21.858972130513013,7.33985321782211,14.768259082393834,-7.428405864571724,1896.3277360325383,1888.9878828147162,1853.6468139648437,1752.2217877197265,1976.5923231056856,1826.2703844138457,1901.4313537597657,0.07905725252431711,50.55316922438372,0.02045229179893215,0.6491371349593057,52.0,0.012934982819089802
2023-07-23,1889.191650390625,1904.4832763671875,1859.56884765625,1866.09423828125,4480604100,0.012934982819089802,0.02377441627039301,0.013019001578937539,50.15057348304394,47.39842874970696,22.777965831159253,19.333205067311997,6.22689999378531,13.059987264672131,-6.833087270886821,1895.2298767030131,1889.0029767092278,1853.5823974609375,1755.3851129150391,1969.206098995769,1827.0368575471998,1898.1214782714844,0.07489996982597498,50.150402044851845,0.020575101598669723,0.7286491364230725,54.0,-0.020962278559767157
2023-07-24,1850.0020751953125,1889.761962890625,1836.8524169921875,1888.8095703125,6344373569,-0.020962278559767157,0.028599722458609467,-0.020744097184215993,44.517589364352006,35.704915648701174,6.944537563758078,12.938806974320002,2.1577323526057626,10.879536282258858,-8.721803929653095,1888.271753394136,1886.1140210415303,1852.77216796875,1758.3829302978515,1965.5146057116158,1822.0652038586968,1893.7899047851563,0.07574726293051647,50.347483748679394,0.02095668918723808,1.02622563405779,55.0,0.0041749804559229105
2023-07-25,1857.741943359375,1867.3232421875,1845.9815673828125,1850.0279541015625,4163381707,0.0041749804559229105,0.011487965204734042,0.00418370782813593,45.81212041236401,39.16317378812782,11.032081465932944,13.584861620283354,-0.43752611503259686,8.616123802800567,-9.053649917833164,1883.5748595426344,1884.012385657667,1853.690439453125,1761.324744873047,1964.08566731456,1818.209535322159,1891.1476013183594,0.07713630173060404,48.27564025267998,0.020830076931513057,0.6837877109816961,50.0,0.007731056269678713
2023-07-26,1872.159912109375,1886.97412109375,1849.4368896484375,1857.696533203125,5781548155,0.007731056269678713,0.020050227121367562,0.007761018047494739,48.235089194800565,45.53041115876971,18.646433415679457,12.207684148456755,-1.3157108704185703,6.629756868156741,-7.945467738575311,1881.8187137836712,1883.1344246540898,1853.443740234375,1764.3641925048828,1963.2116793525477,1821.435867034171,1892.3237731933593,0.07492154055599337,47.50861105215373,0.019532054418263726,0.9745498366889072,51.0,-0.006324297212905574
2023-07-27,1860.357177734375,1885.591552734375,1855.321533203125,1872.0863037109375,4291339248,-0.006324297212905574,0.016271079496741676,-0.006304340937255626,46.40580489009578,41.39293022258229,12.413227125742017,14.030580669118068,-2.9302821716987637,4.71774906018564,-7.648031231884404,1878.5169390068565,1881.4472211785553,1854.0029638671874,1767.229180908203,1963.463831034495,1820.1591792194113,1891.811505126953,0.07574996315791352,46.277283086374894,0.019406286199530404,0.7368807763560778,51.0,0.007704082126493943
2023-07-28,1874.744873046875,1881.457275390625,1857.0489501953125,1860.7025146484375,3800973336,0.007704082126493943,0.013019544977148583,0.007733834924120275,48.947527680350824,48.100333096764814,34.7106208920109,21.923427144477387,-3.0141297797194966,3.171373292204613,-6.18550307192411,1877.9366211668594,1880.9507509465789,1854.5718237304689,1769.9952105712891,1963.3591772800053,1821.1843652004634,1892.2717712402343,0.07513445702694045,44.71521466558472,0.01947708360690153,0.6554811538315871,52.0,0.003367568817880407
2023-07-29,1881.06884765625,1885.529296875,1870.3338623046875,1874.5604248046875,2497302218,0.003367568817880407,0.00807808528074106,0.0033732454481110175,50.068433667032885,50.977377720336456,42.03943260501705,29.721093540923253,-2.5409966857719155,2.028899296609308,-4.569895982381223,1878.418502165227,1880.959498850999,1855.3886962890624,1772.7176245117187,1963.203334480246,1823.1461162033477,1893.1747253417968,0.07398008033918378,42.606658944493844,0.019485266274631943,0.43781787850830794,52.0,-0.01038029102636269
2023-07-30,1861.643798828125,1884.1441650390625,1851.72802734375,1880.87158203125,4003005547,-0.01038029102636269,0.017412642373217657,-0.010326601736203367,46.678246844692545,42.528794420618254,24.959811816063475,33.90328843769707,-3.690927681808489,0.8849339009257484,-4.5758615827342375,1875.8377785749035,1879.528706256712,1857.573876953125,1775.0861798095702,1963.4149413491323,1821.0432495688365,1892.2290954589844,0.07524019798763412,41.878764569552324,0.019511471641078026,0.7164469843807159,52.0,-0.002948754754670777
2023-07-31,1856.162353515625,1875.62939453125,1851.9154052734375,1861.7552490234375,4391613314,-0.002948754754670777,0.012775816303405529,-0.002944411447533879,45.73712439769361,40.328416278111284,23.430980316062797,30.14340824571437,-4.987075208682654,-0.2894679209959321,-4.697607287686722,1872.8107901042451,1877.7978653129278,1859.628818359375,1777.277299194336,1963.8119956963583,1818.4288246161418,1891.12041015625,0.07687673947118179,40.58128061871377,0.0195186953180338,0.789628267572852,50.0,0.008385216320091819
2023-08-01,1871.7921142578125,1873.0299072265625,1817.9207763671875,1856.190185546875,7634860636,0.008385216320091819,0.02944190780567874,0.008420470716144157,48.90077035906533,49.09066726956049,53.15710419208703,33.8492987747377,-4.698924121145183,-1.1713591610257823,-3.5275649601194004,1872.6540707432555,1877.3529948644007,1862.2140869140626,1779.3781854248048,1963.812866785222,1818.3957879999343,1891.1043273925782,0.07689532337213052,41.618984207332424,0.019607948292365947,1.3574500018707105,53.0,-0.01762558908303738
2023-08-02,1839.0897216796875,1877.511474609375,1822.3482666015625,1873.4681396484375,6448512422,-0.01762558908303738,0.029994843295318152,-0.017471166978973995,43.222606679922826,36.13740683900988,20.888284488085503,32.49212299874504,-7.028353598723697,-2.3427580485653654,-4.685595550158332,1867.490324733476,1874.5186783321997,1864.2151293945312,1780.8200994873048,1936.4321520518436,1829.0343274403438,1882.7332397460937,0.057043569606272805,42.58642876450957,0.011307874538095702,1.1961410923361278,53.0,-0.0021518809047709076
2023-08-03,1835.136474609375,1856.4075927734375,1825.3477783203125,1838.89794921875,4710581074,-0.0021518809047709076,0.01692507063254593,-0.0021495672689105794,42.57896169941015,34.840854135922356,19.682854698492847,31.24274779288839,-9.088668726666583,-3.6919401841856088,-5.396728542480974,1862.5128093297683,1871.6014780564349,1867.9074731445312,1782.233384399414,1928.3856697273404,1826.659752635941,1877.5227111816407,0.05418092494198221,41.76309917083925,0.008891145285949234,0.9245037915342844,52.0,-0.004053453150028359
2023-08-04,1827.712890625,1847.9122314453125,1817.413818359375,1834.8905029296875,4861242484,-0.004053453150028359,0.01668665425646166,-0.00404524899760117,41.334191365463106,32.30183029400294,11.828570547321993,17.466569911300045,-11.191495897151299,-5.191851326778748,-5.999644570372551,1857.158975682881,1868.3504715800323,1871.1513354492188,1783.4877813720702,1921.2595450844578,1823.410511067886,1872.335028076172,0.05226043018439484,40.95847873620341,0.008891004281830922,0.9495891538407327,54.0,0.003972496999979245
2023-08-05,1834.9879150390625,1836.46484375,1824.8079833984375,1827.798583984375,2866049749,0.003972496999979245,0.006352554289881715,0.0039803978247232585,43.09004345554278,37.50857221286354,20.18399687076337,17.231807372192666,-12.131127819376616,-6.579706625298321,-5.551421194078294,1853.7480432761395,1865.879171095516,1873.5177172851563,1784.823490600586,1913.3602415332175,1822.44041764647,1867.9003295898438,0.04867487972803764,38.865505994443346,0.00901006281040853,0.56796778239226,50.0,-0.0041097569109865275
2023-08-06,1827.4620361328125,1836.2489013671875,1824.9866943359375,1834.84521484375,2963395076,-0.0041097569109865275,0.006162758409516699,-0.004101323417211589,41.69963445656685,34.32262094127469,13.8887014152758,15.300422944453652,-13.32941521740895,-7.929648343720448,-5.3997668736885025,1849.7040421771662,1863.0334573945752,1875.5228759765625,1786.383265991211,1907.7370822740309,1819.6451687025315,1863.6911254882812,0.04726744274667273,36.89384178278668,0.008973451324554018,0.6097001768076881,49.0,-0.00028633605358925553
2023-08-07,1826.9388427734375,1842.5225830078125,1804.7166748046875,1827.239501953125,5837881974,-0.00028633605358925553,0.020693581699611052,-0.00028629506333388566,41.59914056220726,34.0877879004032,27.015387629052626,20.362695305030527,-14.158078430092019,-9.175334360994762,-4.982744069097256,1846.2017038073618,1860.3597822374538,1877.6501025390626,1787.7551776123046,1904.0934142240762,1816.2227967134236,1860.15810546875,0.047238252088528644,36.958989384239416,0.0089001347468168,1.200821782327309,49.0,0.015678040193483508
2023-08-08,1855.807373046875,1873.84716796875,1824.4300537109375,1826.9310302734375,5812855406,0.015678040193483508,0.026628364007779105,0.015801585470487156,48.91474372897971,54.24165230961474,62.11072741384248,34.33827215272357,-12.343067666876095,-9.808881022171029,-2.5341866447050663,1847.6794990749793,1860.0225667418554,1880.0130615234375,1788.735443725586,1900.4100306905884,1816.5861240945678,1858.4980773925781,0.045103036487195755,37.848855446637494,0.009696786829619424,1.198208008836481,54.0,-0.0008138668400405227
2023-08-09,1854.297607421875,1869.736572265625,1845.48974609375,1855.7794189453125,5870081833,-0.0008138668400405227,0.01307601653306699,-0.000813535740253668,48.572065107111825,53.24824041740183,61.30572791750374,50.143947653466206,-10.900826091229646,-10.027270035982752,-0.873556055246894,1848.6976695898863,1859.598495681116,1881.2566137695312,1789.8713409423829,1895.8540279886893,1817.4749759175606,1856.664501953125,0.042214978521255456,36.8772819270116,0.009686281407779721,1.2289624706056652,50.0,-0.0019131669226014547
2023-08-10,1850.75341796875,1863.3109130859375,1845.4422607421875,1854.3482666015625,3760304518,-0.0019131669226014547,0.009654799051167664,-0.0019113379853046286,47.72678339319511,50.70492193068757,56.96726821214561,60.127907847830535,-9.929366168209299,-10.007689262428062,0.0783230942187636,1849.01393857125,1858.9433047394593,1880.4515380859375,1790.983197631836,1890.3035690712363,1818.8927688193885,1854.5981689453124,0.038504729190182635,35.519522671064344,0.009681133750438784,0.7948121648753209,53.0,-0.0019627633330058995
2023-08-11,1847.1243896484375,1855.0660400390625,1839.5692138671875,1850.74169921875,3353025102,-0.0019627633330058995,0.008389703616454604,-0.0019608383726750223,46.828155146146486,47.96797074710648,52.47659803298102,56.91653138754339,-9.344590810560476,-9.875069572054546,0.53047876149407,1848.7232387369713,1858.0678295475318,1879.935166015625,1792.077564086914,1889.2278709135915,1818.1896705903148,1853.7087707519531,0.03832220111601466,34.08933006397939,0.009162959692917423,0.7143752836019616,51.0,0.0009553551091288965
2023-08-12,1848.889892578125,1852.281005859375,1845.71923828125,1847.1719970703125,2291124840,0.0009553551091288965,0.0035490310182696464,0.0009558116061818556,47.34755190781685,49.51467390984709,55.614520417415896,55.01946222084744,-8.639104575156352,-9.627876572674907,0.9887719975185547,1848.7488777894564,1857.3879823646128,1879.05572265625,1793.5389923095704,1883.2880103165064,1820.09935540615,1851.6936828613282,0.03412478829258318,32.12307560070408,0.008615099465238743,0.49979026418031935,54.0,-0.005211127926941038
2023-08-13,1839.2801513671875,1859.9163818359375,1834.8043212890625,1849.0538330078125,3054625661,-0.005211127926941038,0.013653200426377958,-0.005197573554549306,44.78329526812073,41.652124204133145,47.48069457603528,51.85727100881066,-8.754510902419952,-9.453203438623916,0.6986925362039642,1847.2921506475686,1856.0466615499886,1878.3201318359374,1794.6768377685546,1883.2090886062012,1819.1060847336423,1851.1575866699218,0.0346286044657467,31.62228881114486,0.007325075330742784,0.6911410004117228,54.0,0.002663601415372453
2023-08-14,1844.185791015625,1853.8363037109375,1834.8004150390625,1839.323486328125,4083364724,0.002663601415372453,0.01032211004152223,0.0026671519533285615,46.379767206805795,46.6934079248255,54.21969195167146,52.43830231504081,-8.353829381712103,-9.233328627241553,0.8794992455294501,1846.814249165731,1855.1680785474432,1877.1937255859375,1795.8822369384766,1882.5189975206356,1818.440560584833,1850.4797790527343,0.03462801250852061,30.723260229768442,0.00728426369343745,0.9247410787736342,50.0,-0.009399412543856542
2023-08-15,1826.9327392578125,1845.547607421875,1816.3250732421875,1844.1641845703125,4483923893,-0.009399412543856542,0.01599540779566909,-0.009355376145865901,41.80210329673776,34.47244868711259,30.51875204373381,44.07304619048011,-9.321016599652467,-9.250866221723737,-0.07015037792873002,1843.7555553337438,1853.0765719333963,1876.5437231445312,1797.0261181640626,1880.2019088243742,1816.2349319959385,1848.2184204101563,0.03461007428669613,30.61606551190552,0.00728917872529116,1.030596819845977,53.0,-0.011712807846728535
2023-08-16,1805.6590576171875,1829.3612060546875,1798.9666748046875,1827.036376953125,4976573383,-0.011712807846728535,0.01683292929624805,-0.011644479943617059,36.958277898868204,25.043421204223563,8.937418184248665,31.225287393217908,-11.669607780486103,-9.734614533476211,-1.934993247009892,1837.8945556850429,1849.564163465529,1874.8628369140624,1798.1922381591796,1881.8952525404015,1809.071776268192,1845.4835144042968,0.03946037756707688,30.600241636055127,0.007581398595400642,1.134891624742683,52.0,-0.06919957367312145
2023-08-17,1684.9334716796875,1807.71484375,1551.7132568359375,1805.5673828125,14208462072,-0.06919957367312145,0.15193572400152866,-0.06685956876976196,21.6363029235106,8.909346370612354,41.35553887365329,26.937236367211852,-23.007216184638082,-12.389134863708586,-10.618081320929496,1814.3620812226804,1837.3692974073185,1872.0020825195313,1798.3861273193359,1913.1262627855879,1758.859625886287,1835.9929443359374,0.08402354561068197,46.70033772734137,0.01669555817361785,2.896470879318992,50.0,-0.014339321685126798
2023-08-18,1660.945068359375,1698.124267578125,1644.930908203125,1682.0384521484375,9645084584,-0.014339321685126798,0.03202595943015899,-0.014237003254733094,19.873275086312262,7.751653009520268,33.90882106739838,28.067259375100036,-33.54137213726494,-16.61958231841986,-16.921789818845085,1790.759463859095,1824.3008359963599,1868.1764379882814,1798.854219970703,1930.7553159062943,1719.2181948358932,1824.9867553710938,0.1159115924802353,47.16412498788842,0.016679132341240674,1.8326807990248855,37.0,0.005120604489073207
2023-08-19,1669.471923828125,1693.2281494140625,1654.0758056640625,1660.8443603515625,4871231360,0.005120604489073207,0.023451933028153637,0.005133737190461396,22.297015256221073,12.468444670559663,36.555812015592736,37.27339065221474,-40.73218537173307,-21.442102929082502,-19.290082442650565,1772.0998423158687,1812.8320276876018,1862.9020971679688,1799.2689025878906,1939.4181265567688,1691.3381966854188,1815.3781616210938,0.13665468447071102,46.59185489946782,0.016835185306028084,0.9180194696406945,39.0,0.009170393112570728
2023-08-20,1684.85205078125,1692.3287353515625,1662.9014892578125,1669.5877685546875,4105056995,0.009170393112570728,0.017465774564659767,0.009212569995102449,26.609280970545626,20.971758855643543,41.33026339174231,37.26496549157773,-44.674924241545796,-26.088667191575162,-18.586257049970634,1758.6771051566966,1803.3520293982424,1858.1078198242187,1799.48419921875,1941.598342177616,1672.026950791134,1806.812646484375,0.14919720199601405,45.365811413345114,0.017145114743441825,0.7757228542108259,37.0,-0.010490772010026319
2023-08-21,1667.26904296875,1685.0826416015625,1651.9598388671875,1685.0223388671875,5077248383,-0.010490772010026319,0.019866501374844893,-0.010435935786971329,24.907455176969876,18.566147744544764,35.87197191579437,37.91934910770973,-48.657481822692034,-30.60243011779854,-18.055051704893494,1744.614326358551,1793.271808181243,1852.70443359375,1799.6043365478515,1940.8047445617199,1652.368241278124,1796.586492919922,0.16054696193046136,44.49131079341868,0.01689641975872659,0.9831947389547382,38.0,-0.020221731633509595
2023-08-22,1633.892578125,1668.638671875,1596.384033203125,1667.279296875,7244623133,-0.020221731633509595,0.04422239236485913,-0.020018643652328416,22.027539331089628,14.805189635477745,25.840659254189717,34.34763152057539,-53.88572804249111,-35.25908970273706,-18.626638339754052,1727.5802112456968,1781.4659392881879,1846.274501953125,1799.4500714111327,1945.4190696309342,1627.234201853441,1786.3266357421876,0.17812244491629217,46.47440564187985,0.01700181300092708,1.3921695461347927,37.0,0.027396551114522154
2023-08-23,1679.2744140625,1696.593994140625,1629.5810546875,1634.4017333984375,7191868448,0.027396551114522154,0.03990588964611646,0.027775287399602888,33.317417610889265,35.52394515399746,40.93777814689917,34.21680310562768,-53.74764653828811,-38.95680106984727,-14.790845468440835,1720.1485501405896,1773.8961966788777,1841.1273193359375,1799.5111474609375,1942.4939799596873,1614.57308547,1778.5335327148437,0.18437712219523475,47.941443771254505,0.01855862735186397,1.3498501950040176,37.0,-0.011577587413650496
2023-08-24,1659.944580078125,1682.48974609375,1641.6270751953125,1679.248291015625,5104531920,-0.011577587413650496,0.024616888653303297,-0.011510825045927042,31.242393874699133,31.69378066399608,35.11688054499366,33.965105982027445,-54.5689352897225,-42.07922791382232,-12.489707375900181,1710.8864009002104,1765.455336189933,1836.1144506835938,1799.652640991211,1940.2348355395957,1600.0553988354045,1770.1451171875,0.19217601619277758,47.43581713748186,0.018626562467716035,0.9558931016923151,41.0,-0.004231685246031956
2023-08-25,1652.93505859375,1671.970703125,1635.9674072265625,1660.2698974609375,5396997823,-0.004231685246031956,0.02178143400810171,-0.004222744282248891,30.500563636313913,30.311151520121243,32.84256178707224,36.29907349298829,-55.149691036298236,-44.69332053831751,-10.456370497980728,1701.9708097761397,1757.120500812438,1832.2004223632812,1799.8360809326173,1935.7015758863472,1586.3833728441214,1761.0424743652343,0.19835876086301507,46.61920847755012,0.018512865964978132,0.9872653812000654,39.0,-0.004018077591921441
2023-08-26,1646.3067626953125,1654.7777099609375,1643.712646484375,1652.92724609375,2423247747,-0.004018077591921441,0.006721143183817649,-0.004010015919243992,29.780468375633646,28.919340258371477,30.69193599493029,32.88379277566533,-55.50496554148185,-46.85564953895038,-8.64931600253147,1693.4071102252433,1748.9120757667251,1827.7145068359375,1799.7075970458984,1930.6692776895645,1573.3001436971542,1751.9847106933594,0.20397959628938722,44.079626691765284,0.01851316780113694,0.44548224358929117,38.0,0.006783869824214081
2023-08-27,1657.5130615234375,1659.26708984375,1645.90283203125,1646.27197265625,2624065031,0.006783869824214081,0.00806283710380947,0.006806932390764242,32.67452170573979,34.82247724758774,35.01877985868237,32.8510925468949,-54.25682952886655,-48.33588553693362,-5.92094399193293,1687.884948886504,1742.1417784153705,1823.5539770507812,1799.7415783691406,1923.2423220484072,1563.7845212133113,1743.5134216308593,0.206168645664261,41.88567177181777,0.01867908801765965,0.4970841752787518,38.0,-0.003054811549960939
2023-08-28,1652.4573974609375,1659.3287353515625,1627.44677734375,1657.4398193359375,4855588534,-0.003054811549960939,0.019293664125199426,-0.0030501503607176517,32.03309332340153,33.364087952959636,34.286032393457496,33.33224941568998,-53.0639345777704,-49.28149534510098,-3.782439232669418,1682.4345563594939,1735.4984909372643,1819.3429296875,1800.271674194336,1909.4856944030066,1557.2061513001186,1733.3459228515626,0.20323672179835045,41.171120788674536,0.01805390840575183,0.9282241887204856,39.0,0.045699333902423034
2023-08-29,1729.7257080078125,1742.6373291015625,1639.576171875,1652.274169921875,11304916729,0.045699333902423034,0.05958237005407161,0.046759638502996026,48.63084455762544,61.85181060077812,64.1144484130962,44.473086888411956,-45.36075923539147,-48.49734812315908,3.1365888877676085,1689.710118151543,1735.0708773869344,1816.3263159179687,1801.34595703125,1894.290282427886,1559.9443733338328,1727.1173278808594,0.1935861007800144,45.59183767709511,0.02141364119618204,2.054396054463136,39.0,-0.014331940827344741
2023-08-30,1705.1121826171875,1730.564697265625,1697.147216796875,1729.6766357421875,5023904190,-0.014331940827344741,0.0195984057878569,-0.014229727451396501,44.87176124179771,53.37206897172342,59.92108393950881,52.7738549153541,-40.772048280524814,-46.95228815463223,6.180239874107414,1692.0796665308728,1732.8517148113976,1812.8618383789062,1802.1718841552733,1877.2339693061783,1562.4365629203842,1719.8352661132812,0.18303927857998653,44.72224073364189,0.021545552157817702,0.9026101967375549,49.0,-0.03550204886755331
2023-08-31,1645.63916015625,1720.011962890625,1634.8509521484375,1705.364501953125,6593153505,-0.03550204886755331,0.05174950426805694,-0.03487924317662894,37.35760765393812,38.49474976948166,33.6779603157314,52.57116422277873,-41.4565523352137,-45.85314099074853,4.396588655534828,1684.9349732424694,1726.391525577683,1808.3323461914063,1802.8249114990235,1858.854589421982,1560.667419855362,1709.761004638672,0.1744028368629431,47.61072430568087,0.022647655876062,1.1510434586809064,52.0,-0.01047490726975087
2023-09-01,1628.4912109375,1653.53173828125,1603.0341796875,1645.581298828125,6104510092,-0.01047490726975087,0.03100880020388888,-0.01042023648557433,35.51111282561722,35.194655616220615,21.95313106425386,38.51739177316462,-42.88833291590777,-45.260179375780375,2.3718464598726072,1676.2513175032434,1719.1396504191512,1800.7719409179688,1803.4315380859375,1837.278890723702,1560.2032503895791,1698.7410705566406,0.1631064587396661,47.816926754828664,0.022613069765826676,1.0314026367276123,40.0,0.005226860039809269
2023-09-02,1637.025390625,1644.0306396484375,1627.97607421875,1628.5596923828125,2943590996,0.005226860039809269,0.009807157250968495,0.0052405439035725365,37.175417852960564,38.26746300690487,27.788336100198062,27.806475826727702,-42.84055313464637,-44.77625412755358,1.9357009929072078,1670.2165595219751,1713.0571126566215,1794.7255078125,1803.832289428711,1813.5089800077724,1563.7476850312903,1688.6283325195313,0.14790779602982485,45.54818666017572,0.02276062515271884,0.4978086623368576,39.0,-0.0005546441744855993
2023-09-03,1636.11767578125,1645.6451416015625,1626.0892333984375,1637.0435791015625,3151878318,-0.0005546441744855993,0.011952629381494217,-0.0005544903878390572,37.065847184467856,38.04362140182393,27.16769036488394,25.63638584311188,-42.38731770228037,-44.29846684249894,1.9111491402185692,1664.9705774080173,1707.3578951102977,1788.8185302734375,1803.6441479492187,1782.5038889063426,1573.9459646092823,1678.2249267578125,0.12427292728870164,43.69159534181495,0.022708773674478495,0.5372651560279181,40.0,-0.003957660792301494
2023-09-04,1629.6552734375,1642.6531982421875,1618.523681640625,1635.7247314453125,3887968912,-0.003957660792301494,0.014806515828752606,-0.003949839574139524,36.246747544905006,36.280912153633466,22.749053298244647,25.901693254442147,-42.0646916365115,-43.851711801301455,1.7870201647899577,1659.5374537202456,1701.602145356757,1782.937998046875,1803.5920861816405,1749.1937047074534,1587.5284022261403,1668.3610534667969,0.09690066915993883,42.29430400322549,0.022698315801794794,0.6661216418840006,40.0,0.0024356582172813594
2023-09-05,1633.62939453125,1645.9483642578125,1610.1412353515625,1629.9110107421875,4417491902,0.0024356582172813594,0.02191875894625685,0.0024386268424532176,37.16632236263371,38.33094133798115,21.91584858376274,23.94419741563037,-41.015528316689824,-43.28447510437913,2.268946787689309,1655.5515984604,1696.56712677709,1777.3776635742188,1803.2863165283204,1711.8084386433843,1607.7107019816158,1659.7595703125,0.06271856389547371,41.83093435344153,0.02272196402701088,0.7604864912683948,40.0,-0.0008433099527620387
2023-09-06,1632.2523193359375,1656.9327392578125,1611.147705078125,1633.912109375,4987397046,-0.0008433099527620387,0.028050218484795657,-0.0008429544668591138,36.9673447460815,37.83879848762066,20.929427288045336,21.8647763900175,-39.835972986920524,-42.59477468088742,2.7588016939668947,1651.9670939797136,1691.803066966634,1772.0707250976564,1802.988480834961,1709.1439360244713,1605.1070893661536,1657.1255126953124,0.06278151284334638,42.11337005531624,0.016971120489411518,0.9326215871776443,42.0,0.009357779476783406
2023-09-07,1647.5982666015625,1657.3037109375,1623.220458984375,1632.2628173828125,4907290296,0.009357779476783406,0.020686627707752578,0.009401700388986578,40.7727172232891,46.73082066132108,31.921978193977242,24.922418021928365,-37.23367061919498,-41.52255386854894,4.288883249353958,1651.2949666907673,1688.5286373099623,1767.2425317382813,1802.819291381836,1708.605760058923,1604.3105851559208,1656.4581726074218,0.06296275790582244,41.539790190874,0.01686089890484565,0.9601751870162892,41.0,-0.006980156417867569
2023-09-08,1636.1378173828125,1657.1363525390625,1617.7965087890625,1647.8076171875,4598495496,-0.006980156417867569,0.024044333754798558,-0.006955851709160243,38.88471246082378,41.55203259114798,23.712672553773995,25.521359345265452,-35.684738267410694,-40.35499074832129,4.670252480910598,1648.9630975664663,1684.647835833877,1762.1459057617187,1802.4866046142579,1707.2983342037871,1602.2846003665252,1654.7914672851562,0.06346040326733557,41.382651159383,0.016869352233068055,0.9021626319448709,46.0,-0.0005963768808357888
2023-09-09,1635.162353515625,1636.8707275390625,1629.660888671875,1636.0504150390625,2081625742,-0.0005963768808357888,0.004409249547414195,-0.0005961990834902897,38.720363453687646,41.09973931269642,23.013931965698667,26.216194237816566,-34.14233837701431,-39.1124602740599,4.970121897045587,1646.8399061740292,1680.9822445510436,1757.0075512695312,1802.3722344970704,1703.5769843617777,1601.0369804819725,1652.306982421875,0.06205868822844701,38.94173599565475,0.016699696541794908,0.4166568312245886,41.0,-0.011275362778105829
2023-09-10,1616.828857421875,1635.43310546875,1604.04052734375,1635.211669921875,4339499949,-0.011275362778105829,0.019416141653395055,-0.011212034116571123,35.66897428479275,33.18037909795133,9.881351382310172,18.869318633927538,-34.007320050114004,-38.09143222927072,4.084112179156719,1642.2228217506208,1676.2301418007348,1752.0458813476562,1802.240220336914,1702.795705975525,1596.7742403135376,1649.7849731445312,0.06426380854949103,38.40251043346513,0.01672284197761301,0.8750522661709891,40.0,-0.04115578466077816
2023-09-11,1551.6376953125,1618.3057861328125,1533.4267578125,1616.769775390625,7693700923,-0.04115578466077816,0.05470286560885455,-0.04032038506124014,27.400216280288376,18.440122303407037,8.704597185406216,13.866626844471613,-38.71442323804672,-38.21603043102593,-0.49839280702079236,1628.2866484524484,1667.001071690495,1745.2948022460937,1801.7430395507813,1713.6320930641748,1577.7123649436378,1645.6722290039063,0.08259222324168805,41.72226171109709,0.01851325833949432,1.5444279482639045,40.0,0.02594985113300058
2023-09-12,1592.429443359375,1619.114013671875,1549.4937744140625,1551.497802734375,6813819740,0.02594985113300058,0.04371951269058569,0.02628947992827646,37.20900350081551,38.41308667612497,29.92964505490559,16.171864540873923,-38.707092008465,-38.31424274651374,-0.39284926195125536,1622.7701553612064,1661.4772473696714,1740.143349609375,1801.6633209228517,1711.217462253554,1571.4424986839458,1641.32998046875,0.08515957499886138,43.714974393005335,0.018392390071943165,1.3730110743975799,30.0,0.009723232880359704
2023-09-13,1607.988525390625,1615.05029296875,1582.217529296875,1592.892333984375,4979469106,0.009723232880359704,0.02041853107372082,0.009770657090104162,40.51054178586048,44.46498092413621,39.9612432008772,26.19849514706293,-37.01906137301239,-38.05520647181347,1.0361450988010787,1620.4960584426556,1657.515119815668,1735.14828125,1801.7286889648437,1709.515619694033,1567.948735774717,1638.732177734375,0.08638805403518639,42.93767362721031,0.018465108217816467,1.0046482043210903,41.0,0.011738037483995224
2023-09-14,1626.974365234375,1640.522705078125,1607.7353515625,1608.0316162109375,5538958553,0.011738037483995224,0.020152347951039654,0.011807198586281986,44.35533527705085,51.280491867419315,75.51655498620418,48.46914774732892,-33.76012067253805,-37.19618931195839,3.4360686394203412,1621.492721025997,1655.2528416985351,1730.2445703125,1801.6594750976562,1708.0801687555781,1566.7881173772344,1637.4341430664062,0.08628869257223841,42.21265076209708,0.01868879621923458,1.1159316192863598,45.0,0.008973901904285443
2023-09-15,1641.640380859375,1652.1131591796875,1613.2486572265625,1626.8701171875,4348584771,0.008973901904285443,0.023674187359341146,0.009014288078772026,47.19442919752163,56.13231871691862,87.35573512022073,67.61117776910062,-29.65215026564192,-35.6873815026951,6.035231237053175,1624.5923610003629,1654.2445112660048,1725.870234375,1801.696044921875,1707.7588639554585,1566.6427839937603,1637.2008239746094,0.08619350656024757,41.97349727574193,0.018796226201961887,0.8594388406136687,45.0,-0.003917595103213167
2023-09-16,1635.2216796875,1649.9886474609375,1632.577880859375,1641.4464111328125,2819575929,-0.003917595103213167,0.010647343303869232,-0.003909931338625383,46.086157041302386,53.4161497516008,82.17422152148207,81.68217054263559,-26.607771832176013,-33.871459568591284,7.263687736415271,1626.227640798384,1652.83541263056,1721.0797705078126,1801.8426776123047,1706.0271867644465,1566.1453230011784,1636.0862548828125,0.08549785400726767,40.21901651330054,0.01874093082367036,0.5561764316403438,43.0,-0.00756572255383155
2023-09-17,1622.896728515625,1635.512939453125,1616.779296875,1635.2010498046875,3032716258,-0.00756572255383155,0.01154333621416542,-0.007537174515831024,43.951856182656485,48.19213052654914,72.22487189594008,80.58494284588089,-24.902539570867475,-32.07767556904653,7.1751359981790515,1625.7151927548825,1650.61773232575,1715.916328125,1801.6399926757813,1704.3519342724894,1564.8645085986045,1634.608221435547,0.0853338578900479,38.68434694650228,0.018798110759666135,0.6091715315969587,46.0,0.00886462056818693
2023-09-18,1637.3470458984375,1669.015380859375,1609.9573974609375,1623.0819091796875,5916674789,0.00886462056818693,0.036069313189514736,0.008904027674040194,47.04815658657171,54.30493436506385,76.6438110740388,77.01430149715357,-22.130009893197894,-30.0881424338768,7.958132540678907,1627.5047086231216,1649.6347185163195,1711.4303930664062,1801.590131225586,1684.4950704974162,1575.48350616274,1629.9892883300781,0.06687869982652365,40.139606693069084,0.015508627751689897,1.2564568980635678,46.0,0.00377802117826014
2023-09-19,1643.544677734375,1659.53173828125,1628.4132080078125,1637.31201171875,4405868861,0.00377802117826014,0.018933790297891,0.0037851668963293505,48.36566534677273,56.85233472040041,81.2147195298278,76.69446749993548,-19.211208205624644,-27.91275558822637,8.701547382601728,1629.972396178699,1649.1836043843236,1707.1780395507812,1801.9620166015625,1669.8181919586916,1584.0036342131832,1626.9109130859374,0.052746931042914134,39.49524409166683,0.015324045597785276,0.9418045982093355,46.0,-0.012646402630916957
2023-09-20,1622.890625,1649.619140625,1610.4207763671875,1643.495361328125,5156431986,-0.012646402630916957,0.024153423313917104,-0.012566772911124402,44.40080862064689,46.72484010824285,65.98183916697127,74.61345659027921,-18.35308336134358,-26.000821142849816,7.647737781506237,1628.8828929204376,1647.2359762817812,1702.200009765625,1802.2418499755859,1667.8322870402255,1583.7146856160246,1625.773486328125,0.051740049971035006,39.47403838924866,0.013414781947009692,1.1194358144403045,47.0,-0.024061803567986477
2023-09-21,1584.3070068359375,1625.20458984375,1573.3057861328125,1622.591796875,5191732312,-0.024061803567986477,0.03275804720108258,-0.02377462631781635,38.114907381027194,33.6576552862648,37.52545595646874,61.57400488442252,-20.549506845591623,-24.91055828339818,4.361051437806559,1622.025064292053,1642.5745711376446,1697.10435546875,1802.3410412597657,1669.3008791593895,1577.8276730867044,1623.564276123047,0.05634098225609919,40.36152162651215,0.014253854020583922,1.138378366254602,47.0,0.005640355663340097
2023-09-22,1593.268310546875,1601.5377197265625,1579.101318359375,1584.0025634765625,3460791634,0.005640355663340097,0.014081998128417183,0.005656292418244391,40.23133376576515,38.33088331481715,44.134641527915576,49.213978883785124,-21.321307207072095,-24.192708068132966,2.87140086106087,1617.6009483312564,1638.9222555383285,1692.2669921875,1802.4703894042968,1668.4934978141146,1574.2593464241668,1621.3764221191407,0.058119848114470324,39.08115589370325,0.014264230434805323,0.7545607043831296,43.0,0.00036991165554260767
2023-09-23,1593.8577880859375,1598.001708984375,1588.3289794921875,1593.213134765625,2101436678,0.00036991165554260767,0.006068753162603969,0.00036998008129596194,40.37578476371285,38.66246864175007,44.5693959533357,42.07649781257326,-21.635992390790307,-23.681364932664437,2.04537254187413,1613.948154447361,1635.5841468381514,1687.5898901367189,1802.6300128173827,1667.3274888702197,1571.1993665985303,1619.263427734375,0.0593653389715526,36.98055400788069,0.014268457160045904,0.4634864467288424,47.0,-0.008192535649686675
2023-09-24,1580.8533935546875,1600.207275390625,1576.7833251953125,1593.82568359375,3086456944,-0.008192535649686675,0.014817281786416446,-0.008159068286052618,38.18334098107564,33.96248163249672,34.978329801159944,41.22745576080367,-22.673364193737143,-23.47976478487898,0.8064005911418377,1608.856652771565,1631.5300169653021,1682.5071997070313,1802.8638385009765,1667.4178570780687,1566.2288104024,1616.8233337402344,0.06258509792877967,36.012225164125816,0.014341078680151078,0.6868101859074004,44.0,0.004713840832936815
2023-09-25,1588.3228759765625,1595.8441162109375,1565.0255126953125,1580.7474365234375,4394930984,0.004713840832936815,0.019403235942614328,0.0047249684583838825,40.19220409063576,38.9368023427042,32.487098121682614,37.34494129205934,-22.631877815455027,-23.31018739099419,0.6783095755391635,1605.6976101877183,1628.3294880031733,1677.7244165039062,1803.6121490478515,1665.9899576903013,1563.1260579346986,1614.5580078125,0.06371025336833136,35.6412521892329,0.01438313904811626,0.9782223766856173,47.0,0.0032022506710494814
2023-09-26,1593.417236328125,1598.0977783203125,1580.16552734375,1588.023193359375,3544861160,0.0032022506710494814,0.011253958202363638,0.0032073833529786544,41.58645900374832,42.38974058097764,27.30239410249036,31.58927400844423,-21.935073384875977,-23.03516458977055,1.1000912048945715,1603.808321901627,1625.743395286503,1673.053984375,1804.4334448242187,1664.161695199103,1561.0708121251157,1612.6162536621093,0.06392772170060729,34.376323531185015,0.0144198736011792,0.8018875692287433,46.0,0.0025534902616827573
2023-09-27,1597.4912109375,1631.9107666015625,1585.368896484375,1593.1082763671875,5533036096,0.0025534902616827573,0.02913435128689944,0.0025567531946391053,42.7361425745188,45.27680300759234,31.220059045528444,30.336517089900397,-20.814182213903905,-22.590968114597224,1.7767859006933193,1602.8364586763769,1623.6506408902808,1667.8876611328126,1805.0078173828124,1659.4346325969689,1560.7871691608436,1610.1109008789062,0.061267496159597985,35.245291144470904,0.01423667430779097,1.242838920620563,44.0,0.03408644314956767
2023-09-28,1652.8826904296875,1666.024169921875,1597.294677734375,1597.6719970703125,6658092168,0.03408644314956767,0.0415815911107599,0.03467404334555346,55.54693129809922,69.51231594436209,84.48628629451159,47.66957981417672,-15.280098947082706,-21.128794281094322,5.848695334011616,1610.535878946117,1625.8159778931997,1663.8593627929688,1805.320765991211,1662.5275175654083,1559.3687714970915,1610.94814453125,0.06403604387795714,37.63701979040155,0.01623291939368899,1.4617385300317738,46.0,0.009070790251801169
2023-09-29,1667.94384765625,1687.28125,1648.656494140625,1652.9998779296875,5529687537,0.009070790251801169,0.023157108024739245,0.009112054541902781,58.27993550753339,73.2678887142891,84.18282628687024,66.62972387563669,-9.568686706319568,-18.816772766139373,9.248086059819805,1619.3678741322913,1628.9365608386108,1660.2031713867189,1805.2589404296875,1668.9975189238066,1556.1769195527559,1612.5872192382812,0.06996247894383195,37.7075723667568,0.01634183066870776,1.169730807919937,48.0,0.0019274733123827276
2023-09-30,1671.161865234375,1692.5311279296875,1666.5638427734375,1667.83447265625,3155292192,0.0019274733123827276,0.015538462010445753,0.001929332083119517,58.86190138589738,74.06428073917225,83.24053206909163,83.96988155015775,-4.72818070853441,-15.99905435461838,11.27087364608397,1627.3361804556887,1632.064361164223,1656.6839208984375,1805.0972143554689,1677.2328667550405,1553.3748725027722,1615.3038696289063,0.07667782921904533,36.868980423149175,0.016084827343641833,0.6759255763697457,47.0,0.03680243191831558
2023-10-01,1733.8104248046875,1750.595703125,1670.0821533203125,1671.1614990234375,5054880180,0.03680243191831558,0.046437343237082734,0.037488026069531166,68.17058996341328,84.531212358766,90.95475502749325,86.12603779448496,4.115726813385663,-11.976098121017571,16.091824934403235,1643.7168334324579,1639.6011066190722,1654.3823315429688,1805.4853637695312,1698.5840371976706,1550.2409750093607,1624.4125061035156,0.09132105400009567,39.98644966468763,0.014536320238633705,1.114351064882483,48.0,-0.0413210468044494
2023-10-02,1663.6275634765625,1743.5635986328125,1646.07763671875,1732.9840087890625,8420552922,-0.0413210468044494,0.058598429152220466,-0.04047897066718298,53.55149335474458,55.34110524541076,53.134639002599016,75.77664203306122,5.399178505940881,-8.50104279562588,13.900221301566761,1646.7800226700124,1641.3808441640715,1650.8692797851563,1805.4174243164061,1702.4955976708106,1553.4492265479394,1627.972412109375,0.09155337646646658,44.093557682500126,0.017120826337089202,1.8240117165189655,50.0,-0.004181475758509447
2023-10-03,1656.6856689453125,1670.3563232421875,1644.4964599609375,1662.88720703125,4742827302,-0.004181475758509447,0.015609396378561683,-0.00417274556135816,52.35553055070875,53.22035235800317,49.39379327992338,64.49439577000514,5.789433362219825,-5.6429475640567395,11.432380926276565,1648.3039682508277,1642.5145348886078,1647.11927734375,1804.7384271240235,1705.3406406664092,1555.4738979078095,1630.4072692871093,0.09191982002394314,42.79115093955369,0.01708096262951417,1.0300038559371403,50.0,-0.005354814095119953
2023-10-04,1647.838134765625,1657.2535400390625,1629.4266357421875,1656.7359619140625,5127524863,-0.005354814095119953,0.016886916081009905,-0.005340502634588518,50.798399945116316,50.351265748010675,44.626037122966785,49.05148980182965,5.323425940557399,-3.4496728631339115,8.773098803691312,1648.2323015607963,1642.9088756202389,1643.5373852539062,1804.1693194580077,1706.7436661273518,1556.157249399992,1631.450457763672,0.09230216952697282,41.72227617936236,0.016968557817983787,1.1185461373168022,49.0,-0.022313404954047225
2023-10-05,1611.4764404296875,1654.3790283203125,1609.8499755859375,1647.7882080078125,5403759057,-0.022313404954047225,0.027632456557975915,-0.022066302247040315,44.8894139875203,40.00944336621501,25.03145986260937,39.6837634218331,1.9970066068663073,-2.360336969133868,4.357343576000176,1642.5775536944718,1640.5805470876055,1639.6537329101564,1803.2988189697267,1705.5662910488727,1554.3182304355023,1629.9422607421875,0.09279350824642109,41.92276021900612,0.017590347517842306,1.1653927753908075,48.0,0.02109495122828737
2023-10-06,1645.83154296875,1659.60986328125,1611.36572265625,1611.36572265625,4941208729,0.02109495122828737,0.029312927456705107,0.021319022529365572,50.72183988836369,51.08410806114332,43.54472562987151,37.73407420514915,2.108657683508227,-1.4665380386054492,3.5751957221136763,1643.0781674289763,1640.969509745468,1638.8716943359375,1802.851370239258,1706.385780936484,1554.5597268760162,1630.47275390625,0.09311781119722878,42.374287390862825,0.018243586369672722,1.0418033275697212,50.0,-0.006901935694143669
2023-10-07,1634.51123046875,1648.1837158203125,1631.158203125,1645.8109130859375,2578994988,-0.006901935694143669,0.01041627146876799,-0.006878172039150754,48.88593582012444,47.69901173217516,37.44443954739898,35.34020834662655,1.2690584394697453,-0.9194187429904102,2.188477182460155,1641.760177127403,1640.4911186879333,1638.343017578125,1801.9901226806642,1706.9034713096548,1555.2034866981576,1631.0534790039062,0.09300736399160947,40.563660626894944,0.01822907691892923,0.5463680647232323,49.0,-0.0005891241696125072
2023-10-08,1633.548583984375,1641.182373046875,1618.189208984375,1634.6573486328125,3315554175,-0.0005891241696125072,0.014075592417592847,-0.0005889506700414993,48.72442752704139,47.38747875707599,36.92568894303413,39.3049513734348,0.5199982473586715,-0.6315353449205938,1.1515335922792653,1640.4968551053987,1639.97685685804,1637.62455078125,1801.469280395508,1706.6685713265417,1555.0585404898645,1630.8635559082031,0.09296303807110821,39.30862515800959,0.018119085872266027,0.7223121076449056,50.0,-0.0334522336796812
2023-10-09,1579.806640625,1635.4478759765625,1553.0069580078125,1633.454833984375,7020801716,-0.0334522336796812,0.05218418244914763,-0.032898895010697204,40.65014077345255,33.24525652977691,13.563364958511645,29.31116448298151,-4.3599047722495925,-1.3772092303863936,-2.982695541863199,1631.1598990314912,1635.5198038037408,1635.523642578125,1800.2862878417968,1706.384814610088,1548.968493495381,1627.6766540527344,0.09671228049057397,42.38950321591962,0.019553638842842915,1.4871609740217744,50.0,-0.007684582639813547
2023-10-10,1567.7130126953125,1593.7413330078125,1553.03173828125,1580.112060546875,5254966125,-0.007684582639813547,0.025967504509369327,-0.007655131722261288,39.08069045888608,30.829719735970144,7.442759292174267,19.310604397906605,-9.09823894129363,-2.921415172567841,-6.176823768725789,1621.3988395951562,1630.4970785364499,1633.5325219726562,1799.36462890625,1707.8579644878903,1541.9775823871098,1624.9177734375,0.10208540075837924,42.269509752394114,0.019442312487205442,1.111957545469262,50.0,-0.0009306107553027609
2023-10-11,1566.2547607421875,1578.2235107421875,1548.98046875,1567.6807861328125,5416504273,-0.0009306107553027609,0.01867068035491899,-0.000930177871406368,38.885734519137486,30.51778784955144,8.567949761205886,9.858024670630524,-12.82325317322966,-4.901782772700205,-7.921470400529454,1612.915135156238,1625.7383883294676,1632.179765625,1798.477078857422,1709.0694931476469,1538.960829117978,1624.0151611328124,0.10474573643204887,41.33904776952221,0.018718444287571603,1.1434200547752698,47.0,-0.017156552988921717
2023-10-12,1539.6124267578125,1566.878173828125,1523.237548828125,1566.35595703125,5003930677,-0.017156552988921717,0.02834520184531146,-0.01701021740023334,35.41016063549891,25.103811530810418,7.2022391192997866,7.737649390893238,-17.720892069673937,-7.465604632094951,-10.255287437578986,1601.6377954026339,1619.3586874723078,1629.3865258789062,1797.2967572021485,1713.2080460191755,1529.4566878675432,1621.3323669433594,0.11333355325413767,41.50344614312777,0.019011972490605523,1.0393966142559188,45.0,0.008071359338065555
2023-10-13,1552.0894775390625,1571.7506103515625,1537.921142578125,1539.432861328125,4575141511,0.008071359338065555,0.02179608087226794,0.008104020573232784,38.196129447535014,31.721880900151504,12.69007869991055,9.486755860138667,-20.36080576303152,-10.044644858282266,-10.316160904749255,1594.0149772697766,1614.3757830328082,1627.229423828125,1796.4799005126954,1715.3253728143043,1523.1625300177268,1619.2439514160155,0.11867442372011497,40.955304831007034,0.019133979004288714,0.9265264622508457,44.0,0.0020386266452902587
2023-10-14,1555.2568359375,1560.3250732421875,1545.73876953125,1552.2637939453125,2429214718,0.0020386266452902587,0.009378710560140351,0.002040706057397923,38.91641796521812,33.46314998801702,14.083192753036482,11.325170190748864,-21.94441547090878,-12.42459898080757,-9.51981649010121,1588.0521862955802,1609.996601766489,1625.275859375,1795.3922564697266,1716.7021147197474,1519.226132350565,1617.9641235351562,0.12205213916468624,39.07180475100206,0.01907747027067712,0.4952438537293336,47.0,0.0018070632180871068
2023-10-15,1558.06982421875,1565.7608642578125,1550.5545654296875,1555.0760498046875,2923337883,0.0018070632180871068,0.009759703058076854,0.0018086969407560272,39.589792276812744,35.17607045892167,15.809422182035568,14.194231211660792,-22.710658593152857,-14.481810903276628,-8.228847689876229,1583.439515206837,1606.15017379999,1623.5111206054687,1794.217596435547,1717.8505988454704,1515.0523430490607,1616.4514709472655,0.1254589200117259,37.367125756510845,0.019044166424271113,0.6050569786386432,45.0,0.026889749083233876
2023-10-16,1600.5343017578125,1628.15625,1555.9896240234375,1558.3134765625,8846928526,0.026889749083233876,0.04508908424974357,0.027254540765113022,48.770832529522195,55.39836379580659,52.540373067639564,27.477662667570467,-19.664700909821477,-15.5183889045856,-4.1463120052358775,1586.0694823685255,1605.734183278347,1622.3715454101562,1793.25658203125,1717.9301835257156,1515.6844649117843,1616.80732421875,0.12508956112730227,39.85280434365739,0.0200279117515642,1.7358450877931877,47.0,-0.022170848827160933
2023-10-17,1565.4395751953125,1601.294677734375,1554.4029541015625,1600.6356201171875,5032686973,-0.022170848827160933,0.029954349165448972,-0.02192688186935865,42.959902916694396,42.58836957961886,30.94618327512035,33.09865950826509,-19.853746998694987,-16.385460523407477,-3.4682864752875098,1582.8956504957234,1602.7493974944184,1620.6311889648437,1791.9736694335938,1718.4939784747396,1511.9155063885416,1615.2047424316406,0.12789615251822534,40.35558429288276,0.020630467954848016,0.9923283783656639,52.0,-0.0010799585356926883
2023-10-18,1563.7498779296875,1584.7269287109375,1556.736328125,1565.3828125,4354138855,-0.0010799585356926883,0.017899666040578945,-0.0010793755903444335,42.69613272966261,42.04229465399792,29.707150798183253,37.73123571364765,-19.910397169301632,-17.09044785258631,-2.8199493167153236,1579.9501470240257,1599.8605441933273,1617.3116723632813,1790.7231158447266,1714.838518093826,1506.657685519455,1610.7481018066405,0.1292448101232415,39.472371170958105,0.01890819998911303,0.8784887799743112,50.0,0.0023678761320827203
2023-10-19,1567.45703125,1573.7376708984375,1543.5850830078125,1563.9581298828125,5035110867,0.0023678761320827203,0.019236628047519244,0.0023706817647977108,43.51555471890219,43.884025519293225,32.42555690222188,31.026296991841757,-19.432154762665732,-17.558789234602195,-1.8733655280635375,1578.0281292126372,1597.460283975303,1614.5585693359376,1789.5818603515625,1707.970479512911,1503.4770424597455,1605.7237609863282,0.1273528124959388,38.80667236522003,0.018745953426984294,1.02097526517136,52.0,0.023461596611029707
2023-10-20,1604.6668701171875,1628.6090087890625,1562.3028564453125,1567.5709228515625,6747486127,0.023461596611029707,0.04132082089967229,0.023738984945261166,51.07751083026869,59.10261889736679,65.17152406456296,42.43474392165596,-15.867708126891557,-17.22057301306007,1.3528648861685113,1582.1263970441064,1597.994105170998,1613.7391235351563,1788.5537091064452,1700.1434223844783,1504.654600076459,1602.3990112304687,0.12199759294528338,40.77092093511503,0.01964709269184833,1.3201173476054195,53.0,0.015237024402029386
2023-10-21,1629.304443359375,1641.2418212890625,1593.447998046875,1604.822265625,4212179634,0.015237024402029386,0.0293338813608364,0.015353699699918621,55.34076644043671,66.18641633520477,89.88394430071243,62.493675089165684,-10.92883146556187,-15.96222470356043,5.03339323799856,1589.3845580156863,1600.3133894812481,1613.7553881835938,1787.3452056884767,1675.5046986345608,1518.8427256818456,1597.1737121582032,0.09808699689968191,41.27255681419164,0.017919541623133913,0.8309452017342644,63.0,0.020728492662093916
2023-10-22,1663.429931640625,1667.6666259765625,1623.9847412109375,1629.2977294921875,5248406817,0.020728492662093916,0.026260129107176747,0.020944819993793384,60.47808435860922,73.58101355240323,97.06659183899428,84.04068673475648,-4.212534942476623,-13.61228675134367,9.399751808867046,1600.7761539579844,1604.988688900461,1614.2834790039062,1786.1167852783203,1675.4613241711695,1518.866336961643,1597.1638305664062,0.09804566332684414,41.44465166786545,0.016249008714499705,1.0688054586866642,53.0,0.059485794112344045
2023-10-23,1765.3826904296875,1794.0704345703125,1663.447998046875,1674.8492431640625,14362295879,0.059485794112344045,0.07399100332837437,0.061290684296216424,71.15418720747155,85.00826996558384,89.40758465796743,92.11937359922466,9.230510441318302,-9.043727312811274,18.274237754129576,1626.1002364920926,1616.8697260507743,1616.868779296875,1785.5790856933593,1707.3044321700577,1497.8929311111924,1602.598681640625,0.1306699571501487,47.81578390085274,0.020945707616726175,2.6638733037827094,53.0,0.010735750862524152
2023-10-24,1784.4375,1852.6844482421875,1758.6900634765625,1766.0146484375,15888690475,0.010735750862524152,0.05267451774894049,0.010793585817743923,72.64167880210296,86.30034537027369,79.2843859318245,88.58618747626201,21.177661742592136,-2.9994495017305924,24.177111244322727,1650.4598154933092,1629.282153750717,1619.964423828125,1785.1730926513671,1739.7377051393628,1479.1195946653247,1609.4286499023438,0.1619320685572807,51.11425539119362,0.02090972401404413,2.6795701511235346,66.0,0.0016574582065942418
2023-10-25,1787.3975830078125,1814.4847412109375,1762.1470947265625,1784.905029296875,9439066475,0.0016574582065942418,0.02928147994712055,0.0016588325496480483,72.87567811896173,86.51104342678342,80.18288672605786,82.95828577194986,30.53275657193285,3.7069917130020964,26.825764858930754,1671.527164341694,1640.9944077697612,1623.0397875976562,1784.8625897216798,1769.8977663847015,1466.5516476777987,1618.22470703125,0.18745611619254857,51.201640469278004,0.019989921128307418,1.539480500741089,72.0,0.009267512281385481
2023-10-26,1804.039306640625,1865.09521484375,1764.0130615234375,1787.48193359375,11196672635,0.009267512281385481,0.05603101492757477,0.009310588640725426,74.21115430462781,87.74708101566104,81.33840258785692,80.26855841524635,38.8418400861774,10.733961387637159,28.10787869854024,1691.9136477722989,1653.0718076861215,1626.47552734375,1784.5858471679687,1797.912292701232,1454.3578977284553,1626.1350952148437,0.21127051250768716,54.7645342443519,0.019666671459407828,1.7375061121040507,71.0,-0.013389403281273107
2023-10-27,1780.0452880859375,1804.1358642578125,1751.4400634765625,1803.794921875,7493399771,-0.013389403281273107,0.029603629263788674,-0.013300163952285393,68.9407646736919,76.02835524343703,73.54673513019726,78.35600814803728,42.995110988004626,17.18619130771065,25.808919680293975,1705.472361666705,1662.4772506787003,1629.1244677734376,1783.9300360107422,1817.8548557654826,1448.9687404259234,1633.411798095703,0.22583779287600433,54.61676756841605,0.019918068988892677,1.120118834295987,70.0,-0.0019271573654481044
2023-10-28,1776.6181640625,1800.6053466796875,1773.4366455078125,1780.084228515625,4226112731,-0.0019271573654481044,0.015292369357380512,-0.0019253015900076997,68.19578812216653,74.37320347583702,72.48078924417887,75.78864232074427,45.485736576021964,22.846100361372915,22.639636214649048,1716.4178697275963,1670.9321331515744,1631.9340747070312,1783.3521783447266,1835.2860037409912,1445.8445504582276,1640.5652770996094,0.23738247951417427,52.656191397234544,0.019937468134791445,0.6274522409696642,65.0,0.010597516022088605
2023-10-29,1795.5460205078125,1810.4886474609375,1766.052978515625,1776.56396484375,4358528382,0.010597516022088605,0.02474771932202846,0.01065386858481232,70.11646693047275,77.52577757639888,78.36796186210779,74.79849541216123,48.42863991183253,27.96260827146484,20.466031640367692,1728.5914313860912,1680.1627914742587,1635.141748046875,1782.7264978027345,1855.1075168664267,1447.5969753210732,1651.35224609375,0.2467738439871408,52.06901122209725,0.01788701112783937,0.6601590375362447,72.0,0.008066641706526727
2023-10-30,1810.088623046875,1829.24951171875,1779.364501953125,1795.589111328125,7534051038,0.008066641706526727,0.027559429483433172,0.008099264721129096,71.53863591201126,79.757881618653,82.89117935949086,77.91331015525911,51.34253372606145,32.638593362384164,18.703940363677283,1741.1294608723658,1689.7869271463044,1639.006943359375,1781.7137677001954,1874.5849631566434,1452.357090066013,1663.4710266113282,0.25382340079030696,51.91301111806352,0.017578313173065144,1.1217738498606982,68.0,0.0035131858560219814
2023-10-31,1816.458984375,1819.97265625,1784.567626953125,1810.131591796875,6477922747,0.0035131858560219814,0.019491235200698474,0.0035193643267046326,72.16357731447076,80.73568610727207,84.8725667863032,82.04390266930055,53.548575837731505,36.82058985745363,16.72798598027787,1752.7186183343097,1699.1700424965782,1644.303369140625,1780.287885131836,1892.1615681716935,1459.8009074142442,1675.9812377929688,0.25797464256032326,50.7338695594072,0.017498196536022647,0.9569610019411938,66.0,0.016722284071564633
2023-11-01,1847.0897216796875,1858.3128662109375,1786.4095458984375,1815.8720703125,10628825648,0.016722284071564633,0.03892789801629847,0.01686288408831138,75.00546385941334,84.84293747092747,94.39971205223154,87.38781939934181,57.11019384881274,40.87851065572546,16.231683193087285,1767.2372496182138,1710.127055769401,1649.3965747070313,1779.0609997558595,1910.2725401741304,1472.4376649039946,1691.3551025390625,0.25886632240199475,52.245973184628106,0.016612232713989414,1.5075258133054883,66.0,-0.025479687340772706
2023-11-02,1800.6209716796875,1873.885009765625,1790.11474609375,1847.2598876953125,9004197724,-0.025479687340772706,0.04652298567517567,-0.02515781959835861,64.28335798633819,61.598532572453685,76.48644593240851,85.252908256981,55.54289805864801,43.81138813630997,11.731509922338034,1772.3732068584407,1716.8303087997926,1653.2492236328126,1777.4640753173828,1917.8283745702745,1489.734979921913,1703.7816772460938,0.2512607104334576,54.49770821943145,0.018327492399493037,1.238207359050602,72.0,0.017710624992429473
2023-11-03,1832.795166015625,1835.072509765625,1779.635498046875,1800.91650390625,7622864055,0.017710624992429473,0.030247248981601357,0.01786838809609348,67.72370492691103,68.55708648961571,85.34792412093987,85.4113607018599,56.248594659435184,46.298829440935016,9.949765218500168,1781.668892882623,1725.4202982231877,1657.3656396484375,1776.2468365478517,1927.3313953922557,1507.9857921077441,1717.65859375,0.24413792403820733,54.56480132652563,0.018419807422397075,1.012111416687422,65.0,0.013496199648100346
2023-11-04,1857.6986083984375,1867.2613525390625,1825.736572265625,1833.368896484375,4845080427,0.013496199648100346,0.022352807977412934,0.013587684453004512,70.12259772609933,72.97865738456679,93.5228555532163,85.11907520218814,58.14708062324553,48.668479677397116,9.478600945848413,1793.3657721927482,1735.2186915695027,1661.6868041992188,1775.0126428222657,1937.318892966241,1527.9611729517278,1732.6400329589844,0.23626241586685287,53.63337125130505,0.0183913731851824,0.6351927733222313,68.0,0.019435847754151043
2023-11-05,1894.15771484375,1911.608642578125,1848.6201171875,1857.3956298828125,8867152645,0.019435847754151043,0.03325410809089937,0.019625953467631962,73.25644366804588,78.2118585030449,92.96789071154372,90.61289012856655,61.88027235550658,51.31083821301901,10.569434142487566,1808.8722249082869,1746.9919525527803,1666.8655249023439,1774.8014141845704,1954.1024796413453,1540.5399275852174,1747.3212036132813,0.23668375980382025,54.301596546970764,0.018078239668842297,1.1623346165094015,70.0,0.0029940427266941364
2023-11-06,1899.83740234375,1914.5826416015625,1871.9730224609375,1894.027099609375,8104122602,0.0029940427266941364,0.0224280346771041,0.002998529349214518,73.7189112189349,78.95269473094363,90.96174681847023,92.48416436107668,64.55302986818401,53.95927654405202,10.593753324131995,1822.8668675906658,1758.3138377224818,1672.4043383789062,1774.585112915039,1963.2302760815826,1564.8519138598238,1764.0410949707032,0.22583281271481662,53.46645530366035,0.016656778534934285,1.041351103605823,74.0,-0.006184419547505903
2023-11-07,1888.124267578125,1907.5614013671875,1852.7908935546875,1900.5997314453125,9203228152,-0.006184419547505903,0.0290078935761752,-0.006165335386688842,70.99239964594001,72.98214733006085,83.7820547354811,89.23723075516494,64.97704246954027,56.16282972914967,8.814212740390595,1832.9064675887364,1767.9294251191961,1677.4198828125,1774.7757348632813,1963.781352276715,1596.738276629535,1780.259814453125,0.20617388128818234,53.559601911434605,0.0168680924478628,1.1468526136455073,68.0,0.0006343545080602957
2023-11-08,1889.3223876953125,1904.5462646484375,1874.545654296875,1887.1190185546875,6751627017,0.0006343545080602957,0.015879031840700678,0.0006345557534326307,71.11010232291014,73.22378817078629,84.51645536280813,86.42008563891976,64.66434349169413,57.86313248165857,6.8012110100355585,1841.585839912825,1776.9214964211308,1682.3354370117188,1774.8512036132813,1957.493101628068,1635.213062922713,1796.3530822753905,0.17940795820448155,51.87681680001516,0.016910663127798566,0.8324452842172388,66.0,0.11546245314063243
2023-11-09,2120.56103515625,2130.88525390625,1884.204345703125,1888.9403076171875,24709695029,0.11546245314063243,0.11632813397655811,0.12239237144858772,84.32769155233332,91.11560191664411,97.27912778699113,88.52587929509338,82.12882365132918,62.7162707155927,19.412552935736485,1884.5051007195057,1802.3762770681765,1692.2888452148438,1776.1436987304687,2014.4446352692573,1629.85094578543,1822.1477905273437,0.21106613386860512,65.79139475738016,0.029085284805374423,2.7428684036359696,69.0,-0.020135351367736306
2023-11-10,2078.289794921875,2134.69140625,2068.13427734375,2121.0673828125,14740624457,-0.020135351367736306,0.032024951028906894,-0.019933988946118864,77.35995519127334,79.75057621185,84.70001847751868,88.8318672091059,91.50381516908351,68.47377960629086,23.030035562792648,1914.3181305967933,1822.8143154277097,1702.1685009765624,1777.321360473633,2046.2061650728363,1642.9879511381012,1844.5970581054687,0.21859419766659968,65.846090053728,0.030061238886772527,1.5459282867773851,70.0,-0.012382586227762105
2023-11-11,2052.7138671875,2089.530517578125,2035.0821533203125,2078.058349609375,10228351203,-0.012382586227762105,0.026525062809856805,-0.012306237463546976,73.40779303863602,73.2970460809769,77.76207446241348,86.58040690897435,95.76587052561786,73.93219779015627,21.83367273546159,1935.6097823799787,1839.8439118543608,1711.357412109375,1778.2511614990235,2067.1105786680023,1661.0119310976231,1864.0612548828126,0.21785692208698865,65.03196678259118,0.030473994154494047,1.0454027036408398,70.0,-0.003673521715431939
2023-11-12,2045.18701171875,2066.00341796875,2019.028076171875,2053.11865234375,7951011698,-0.003673521715431939,0.02296872683412824,-0.003666782589169526,72.23815348713232,71.31562324173166,74.81069025483383,79.0909277315886,97.41330581855118,78.62841939583525,18.78488642271593,1952.4678176628668,1855.0545118443156,1720.3839965820312,1779.1442755126952,2090.3247369250494,1665.778204969482,1878.0514709472657,0.22605692044288403,63.74220785504003,0.028329102545435192,0.8401712095157373,73.0,0.004915745127926334
2023-11-13,2055.265380859375,2116.0107421875,2031.9542236328125,2045.3544921875,14322027970,0.004915745127926334,0.04089813380671097,0.004927847225156823,72.86167898992308,72.47786451658257,77.62999472601764,76.7342531477549,98.39788079923483,82.58231167651516,15.815569122719666,1968.2828273854066,1869.8849465861717,1729.872236328125,1779.8766705322266,2112.6238603287425,1670.561869651726,1891.5928649902344,0.23369827559552495,65.19323004787199,0.02832245017066574,1.526018098486262,72.0,-0.037786727149761994
2023-11-14,1979.0526123046875,2065.06689453125,1939.2803955078125,2054.765380859375,13087862495,-0.037786727149761994,0.06355894645820152,-0.03708171667973137,61.59549186042929,53.39201632071909,56.164989696137475,69.53522489232958,91.96827702988935,84.45950474719,7.508772282699354,1969.939717372988,1877.9714403430987,1737.6868310546874,1780.309369506836,2119.912660689397,1682.4385722207596,1901.1756164550782,0.23010714248710445,69.52132068898382,0.030040072431401287,1.367926082160855,69.0,0.040285986954170384
2023-11-15,2060.408447265625,2061.99169921875,1968.774658203125,1979.47265625,12626326991,0.040285986954170384,0.04524202040587324,0.04110847506282078,67.3917863833419,64.90242902018531,79.07851770153385,70.95783404122959,92.37269080258648,86.0421419582693,6.330548844317178,1983.857983510317,1891.4852927077304,1747.0266552734374,1781.0668267822266,2138.432415804285,1689.5557311683708,1913.994073486328,0.23452354991794105,71.21387214088676,0.03105066586202391,1.3099003702445415,60.0,-0.04951007466964237
2023-11-16,1960.881591796875,2088.662353515625,1940.57421875,2059.9658203125,14651619483,-0.04951007466964237,0.07552120198646102,-0.04830442993030459,56.214146399505914,47.98787749223248,51.04719836018343,62.096901919284846,83.69739470901504,85.57319250841846,-1.875797799403415,1980.3231540159413,1896.6257593069263,1754.294462890625,1781.4866131591798,2139.592542385518,1706.479234958232,1923.035888671875,0.225223725661413,76.70489089979664,0.03324979344901696,1.465592594407927,70.0,0.00020354584398841086
2023-11-17,1961.28076171875,1990.050537109375,1910.4454345703125,1961.8675537109375,11881648738,0.00020354584398841086,0.040588325798546716,0.0002035665608492998,56.24549139193544,48.05122640294296,43.87184615469715,57.99918740547141,75.97853645614964,83.6542612979647,-7.675724841815054,1977.3935552009889,1901.4150187448392,1760.4624243164062,1782.1332427978516,2138.571431446142,1725.966605663233,1932.2690185546876,0.2135338412099223,76.9120488740299,0.03323038505664033,1.1446853266353003,63.0,0.0010213984116557823
2023-11-18,1963.2850341796875,1971.4622802734375,1921.0623779296875,1961.6712646484375,8064677046,0.0010213984116557823,0.025671209970185717,0.0010219202166552588,56.41420996922013,48.41924352244419,40.08263722233791,45.00056057907276,69.22503065427986,80.76841516922774,-11.543384514947874,1975.2230135054042,1905.9979828511243,1766.369248046875,1782.595721435547,2137.4631967575597,1743.8487417190026,1940.6559692382812,0.20282546792312345,75.01832412186705,0.03321362798220857,0.7633285100084577,69.0,0.025108607052151122
2023-11-19,2013.2044677734375,2015.6339111328125,1944.90087890625,1963.1800537109375,7716048818,0.025108607052151122,0.035134549599322,0.025426483024461932,60.49964804559156,57.22459224257778,56.90432155834011,46.95293497845832,67.12711020554389,78.04015417649097,-10.913043970947086,1981.0663141620248,1913.939203956481,1773.2101000976563,1783.1384844970703,2140.452513660639,1761.1710092885796,1950.8117614746093,0.19442239987591742,74.71223184363102,0.033527996868850364,0.7297020517994564,66.0,0.004477665382766092
2023-11-20,2022.2391357421875,2066.409912109375,1996.0443115234375,2011.8533935546875,12866464824,0.004477665382766092,0.034795885087107875,0.004487705105652884,61.208342889394544,58.71280018891024,60.109235193426315,52.36539799136804,65.43917327933423,75.51995799705962,-10.080784717725393,1987.4005944051266,1921.9614211257924,1778.9786743164063,1783.8611596679686,2142.623220543583,1779.5783175423544,1961.1007690429688,0.18512302311644965,74.4017581823672,0.03352595850845485,1.181095210023752,69.0,-0.04303052460772693
2023-11-21,1937.0667724609375,2035.035888671875,1937.0667724609375,2022.21728515625,13653500841,-0.04303052460772693,0.05057601400413941,-0.04211784935612506,51.77713150581373,42.4639362774316,24.033111321121254,47.015556024295826,56.576593451129156,71.73128508787353,-15.154691636744374,1979.656929490636,1923.0803360395068,1784.4474584960938,1783.5711889648437,2139.913317304102,1791.2859258599606,1965.5996215820312,0.1773643969078226,76.08514089869365,0.03508675330940866,1.2361807412396821,71.0,0.063677023255911
2023-11-22,2064.42529296875,2089.51416015625,1933.1629638671875,1933.5831298828125,13372200584,0.063677023255911,0.07573594298693241,0.06574813130783852,61.36375655759699,61.19766321460718,71.94820637527474,52.030184296607366,59.14788333049637,69.2146047363981,-10.066721405901731,1992.6982161795768,1933.5503328490804,1792.6022509765626,1784.3922064208984,2140.651040524957,1816.9286347680118,1978.7898376464843,0.16359615336511493,81.81843056943428,0.03697407807868192,1.18723576267226,62.0,-0.0010733196866971198
2023-11-23,2062.210693359375,2088.031982421875,2041.4642333984375,2063.905517578125,7828437946,-0.0010733196866971198,0.022581470057057008,-0.0010727438851469984,61.13616153176941,60.79608177459149,67.67803124947265,54.55311631528948,60.311713514090115,67.4340264919365,-7.122312977846391,2003.3924434380071,1943.080729923917,1800.8897021484374,1785.3378778076171,2141.262776779825,1839.2584512475187,1990.2606140136718,0.15174109531478255,79.30052474472022,0.03692184143902075,0.6944053408652249,66.0,0.009143074911916294
2023-11-24,2081.152099609375,2132.481201171875,2060.9990234375,2062.411865234375,12141148820,0.009143074911916294,0.03434740677905856,0.009185000500188556,62.41999686220696,63.205360965633076,76.8825075580689,72.16958172760536,62.04722867486498,66.3566669285222,-4.30943825365722,2015.3554674643715,1953.3082387895065,1810.2832153320312,1786.4984246826173,2144.4020050716554,1858.4645720767821,2001.4332885742188,0.14286633215667627,78.74207138683842,0.036887499823160655,1.0431984149828941,66.0,0.0015656876553503114
2023-11-25,2084.4130859375,2091.3427734375,2067.917236328125,2081.296142578125,5362623390,0.0015656876553503114,0.011238433143322438,0.0015669139841998359,62.64876212173697,63.6540007846015,78.35118369887137,74.30390750213758,62.96000751162023,65.67733504514182,-2.7173275335215834,2025.9797164602373,1963.019708948617,1819.0548461914063,1787.6774743652343,2149.3425977102165,1872.5495165475957,2010.9460571289062,0.1376432153320947,74.7908903670196,0.036752924926532995,0.46781361027977486,73.0,-0.010187400160361982
2023-11-26,2063.2861328125,2094.095947265625,2038.6004638671875,2084.177490234375,8054814154,-0.010187400160361982,0.026896649241174648,-0.010135684364837805,60.09633234262206,58.282607818730355,68.83607113463671,74.68992079719226,61.272313672763175,64.79633077066609,-3.524017097902913,2031.7191651298162,1970.446851457053,1827.6303442382812,1788.7818975830078,2149.3694730760526,1888.867514228635,2019.1184936523437,0.12901766769329165,73.41264701212087,0.0369046190620554,0.7028206195564297,73.0,-0.01753717607781748
2023-11-27,2027.4173583984375,2070.606201171875,1988.120361328125,2062.390869140625,10574810069,-0.01753717607781748,0.04068517984324148,-0.017384294811873313,55.93003062120529,49.93614123128233,52.68156820789514,66.622941013801,56.39045970133748,63.115156556800365,-6.724696855462888,2031.0573487096042,1974.6668890082667,1835.5077197265625,1789.9365313720702,2141.639060061125,1910.5272363255938,2026.0831481933594,0.1140682819170632,74.0607322143801,0.03715800164256503,0.9172137085504017,66.0,0.01075413409883308
2023-11-28,2049.338134765625,2074.9541015625,1996.814697265625,2027.5172119140625,9910633038,0.01075413409883308,0.038129092984360784,0.010812167645888104,57.85308946165557,54.57435702142261,62.55420120874125,61.35728018375763,53.6716849359068,61.22646223262165,-7.554777296714853,2033.8697773336075,1980.1980923977007,1844.898349609375,1791.1431231689453,2131.369988669512,1936.7978824242377,2034.083935546875,0.09565588855258454,74.3520659345583,0.03718497269687054,0.8479884547469847,68.0,-0.009515964716186757
2023-11-29,2029.92919921875,2071.994384765625,2020.756591796875,2049.186767578125,8945151861,-0.009515964716186757,0.025241172445063437,-0.009470831200383945,55.54207637401114,49.80768208002545,53.81284577581055,56.34953839748224,49.3816564585577,58.85750107780886,-9.475844619251163,2033.2635345467065,1983.8818780881488,1854.1426733398437,1792.3121948242188,2118.379307284435,1940.725380215565,2029.55234375,0.08753355271469329,72.70104643700056,0.026423449005785606,0.8207314891369494,72.0,0.011085004780645596
2023-11-30,2052.55615234375,2054.4443359375,2022.4617919921875,2029.3583984375,8107789163,0.011085004780645596,0.015581811931816155,0.011146671092621574,57.665233149388555,55.13716168237758,64.00352517459565,60.12352405304909,47.262768226064054,56.5385545074599,-9.275786281395845,2036.2316295924056,1988.9688613663416,1863.868701171875,1793.572470703125,2114.9511532547103,1941.5801699874771,2028.2656616210938,0.08547745324873579,69.79258197330856,0.02622860404799945,0.7672485005166698,74.0,0.01670873631853236
2023-12-01,2087.139892578125,2109.319091796875,2046.5570068359375,2052.0966796875,10866891430,0.01670873631853236,0.03007085686212009,0.016849107974407973,60.75053194981119,62.27918539989183,78.55379767117047,65.45672287385882,47.82288044749566,54.795419695467054,-6.97253924797139,2044.063670051747,1996.2407896042514,1874.8192504882813,1794.9204205322267,2119.854726914177,1940.119198867073,2029.986962890625,0.08854023761372692,69.29040361528205,0.02634851240801611,1.0252476441083533,71.0,0.03695087239059371
2023-12-02,2165.7041015625,2182.81787109375,2087.407958984375,2087.66357421875,9130124831,0.03695087239059371,0.044054915923435335,0.03764204271297267,66.68958920032324,73.47198752662455,93.14502978476638,78.56745087684409,53.98395506477823,54.63312676932929,-0.6491717045510583,2062.777582591863,2008.7936275270847,1887.09154296875,1796.6283337402344,2143.570203787139,1928.4554309784864,2036.0128173828125,0.1056549207215557,71.17523039387797,0.027522648152177996,0.8566259273824205,74.0,0.012840281062667463
2023-12-03,2193.691650390625,2213.17578125,2151.720947265625,2165.895751953125,8278465782,0.012840281062667463,0.02801434466572907,0.012923071442646705,68.51719274855557,76.38434493801785,93.04170036161675,88.24684260585114,60.42843103822861,55.79218762310916,4.636243415119452,2082.918208407057,2022.4897773688285,1899.8602392578125,1798.4874938964845,2170.509064466348,1915.3591972524023,2042.934130859375,0.1248938295952865,70.48091636462776,0.027610660090629926,0.7993835658621365,73.0,0.022324660631914274
2023-12-04,2243.2158203125,2273.06982421875,2193.00732421875,2193.663330078125,16149367134,0.022324660631914274,0.03569094835861428,0.022575720663866372,71.49725735546568,80.74770945865856,91.2170046007979,92.46791158239363,68.73952484551728,58.381655067590785,10.357869777926496,2107.5793794694328,2038.8398546239155,1913.5631591796875,1800.6949304199218,2207.085734388783,1905.1988481307483,2056.1422912597654,0.14682198189361365,71.16531519572577,0.026140003843302614,1.5366977092605378,74.0,0.022317582058232848
2023-12-05,2293.841796875,2306.5703125,2191.17626953125,2243.092529296875,15383072559,0.022317582058232848,0.05030601636344594,0.02256848231190145,74.1871170826174,84.224034949939,96.59125197412317,93.61665231217921,78.50624861011102,62.40657377609484,16.099674834016177,2136.235135993366,2057.728887383255,1927.4293090820313,1803.1011920166015,2250.9411896838506,1884.6867277966182,2067.8139587402343,0.17712157340806617,74.32451003665606,0.02520108278248999,1.4448304090598305,75.0,-0.027481732281027516
2023-12-06,2231.661376953125,2310.713134765625,2225.0810546875,2293.628173828125,12790612571,-0.027481732281027516,0.03837144871639891,-0.027107545082919904,65.95425701710272,66.91133673788747,75.49487641333798,87.7677109960863,80.30332064147933,65.98592314917174,14.317397492307592,2150.916096141021,2070.612775499542,1940.7537451171875,1805.1571087646485,2270.7854026186005,1891.9204933774934,2081.352947998047,0.18202818969532247,75.13219361104669,0.02306753933077062,1.2119295489443809,72.0,0.05488917505378805
2023-12-07,2357.57958984375,2380.729736328125,2225.050537109375,2233.2177734375,14766891042,0.05488917505378805,0.06603348616072288,0.05642353010676748,72.58829400032832,77.72760291559699,94.1035166354917,88.72988167431755,90.84090322551901,70.95691916444119,19.883984061077825,2182.710479787595,2091.869576562076,1956.6303393554688,1807.9223498535157,2317.2486446818752,1885.0871341267189,2101.167889404297,0.20567681085097805,80.88555115445408,0.02540824549546443,1.3803172458021729,72.0,0.0004886631288898086
2023-12-08,2358.73193359375,2387.514404296875,2340.92041015625,2357.169189453125,12543458699,0.0004886631288898086,0.019753831911553707,0.0004887825441670657,72.64083472973618,77.80506555653177,92.7934651981334,87.46395274898764,98.15354488565845,76.39624430868464,21.757300576973805,2209.7907034500804,2111.637158564422,1972.4558374023438,1810.628335571289,2354.5908738297935,1887.289594920206,2120.940234375,0.22032741485867105,78.43615422489485,0.02541755043558411,1.1484448552930437,72.0,-0.007471093126813073
2023-12-09,2341.17529296875,2401.760498046875,2331.666015625,2358.68603515625,10613312823,-0.007471093126813073,0.0299398693606539,-0.007443253883560597,70.42602085440612,73.27516859775503,85.35316094837304,90.75004759399933,101.36373388707034,81.38974222436178,19.973991662708556,2230.0037172221832,2128.639983335113,1987.186005859375,1813.062308959961,2384.110471381167,1890.567079888364,2137.3387756347656,0.23091491022345112,77.84032052467914,0.025386634201817807,0.9590063952943976,73.0,0.004809648899278448
2023-12-10,2352.462646484375,2376.749755859375,2323.40576171875,2341.440185546875,7369608905,0.004809648899278448,0.022675809207999387,0.004821233826242777,71.03742581748654,74.39339551264979,88.08194679714568,88.74285764788398,103.62411262860178,85.83661630520979,17.78749632339199,2248.8435524932897,2145.219439864688,2001.649169921875,1815.8241223144532,2411.5549466459042,1896.144955697846,2153.849951171875,0.23929707390602212,76.09058292581813,0.025384630635586453,0.6828678053277721,74.0,-0.05589509399028756
2023-12-11,2224.578857421875,2354.9140625,2160.358154296875,2352.49658203125,17989249470,-0.05589509399028756,0.0874574113450854,-0.054361666168691425,56.727933852703664,47.90066712310693,56.24559131538871,76.56023302030242,94.01260724300846,87.47181449276952,6.540792750238936,2245.1105224823027,2151.0979152392943,2012.8721484375,1817.9172479248048,2407.3630870282923,1929.0880238115515,2168.225555419922,0.22058362978943533,84.55239187419718,0.02685453666540079,1.634059279046084,74.0,-0.010184285922753354
2023-12-12,2202.0380859375,2242.55126953125,2166.77001953125,2224.39111328125,11391132228,-0.010184285922753354,0.03441414137382494,-0.010132601687358522,54.63875436295016,44.632224196087144,47.57995683689266,63.969164983142285,83.61273256616323,86.69999810744827,-3.087265541285035,2238.4839937831025,2154.8712612169393,2021.6052563476562,1819.783989868164,2409.7786151838723,1940.4337749528463,2175.1061950683593,0.21578019560386355,83.92588174032596,0.023508705514763976,1.0441116163752302,67.0,0.026268465157370285
2023-12-13,2260.648681640625,2283.09912109375,2150.75439453125,2202.600341796875,12576395493,0.026268465157370285,0.05854281013998743,0.02661652224701272,58.87938486657295,54.127469533630546,62.79665230761309,55.54073348663142,79.18732006841492,85.1974624996416,-6.010142431226683,2241.8939457611827,2162.706625692768,2031.1294799804687,1821.931641845703,2416.527107334549,1953.5290816302945,2185.0280944824217,0.2118956854025838,87.38437065619554,0.0240346094045564,1.1282033032467351,65.0,0.024439772933182627
2023-12-14,2316.5791015625,2331.6015625,2239.3662109375,2260.736083984375,12608711052,0.024439772933182627,0.039815325753516706,0.02474087211166509,62.48369495473561,61.48166761897351,76.01898669577264,62.13186528009273,79.27938286231256,84.0138465721758,-4.734463709863235,2253.383969730616,2174.1045868683036,2041.7131103515626,1823.959966430664,2429.9101977632095,1963.688691396947,2196.799444580078,0.21222761482233599,87.73086929236014,0.02442718292606808,1.1287350801077987,72.0,-0.042882888386342424
2023-12-15,2219.33740234375,2316.892822265625,2214.26318359375,2316.1103515625,10259157898,-0.042882888386342424,0.04624336910804644,-0.041976420815141524,53.6747879607429,46.39469247550118,41.96862661037537,60.26142187125364,70.69087049407199,81.34925135655504,-10.658380862483057,2248.1460362864827,2177.4551657924108,2050.019072265625,1825.5912628173828,2430.996821585102,1976.0944992156792,2203.5456604003907,0.206441069293189,88.79506710518262,0.026706120040436186,0.8987055859376135,70.0,0.003413705907421287
2023-12-16,2226.926513671875,2260.809814453125,2213.55078125,2220.41552734375,6866555430,0.003413705907421287,0.02122164019018382,0.0034195392373013167,54.21726347085738,47.5662210058898,30.34671988997404,49.44477773204062,63.761784265995175,77.83175793844308,-14.069973672447901,2244.8814943457737,2181.1197100797785,2058.956696777344,1827.2207623291015,2429.995942885163,1993.4594160015556,2211.727679443359,0.19737354238541407,85.82820754074994,0.026521523411059608,0.6046595069989368,67.0,-0.013765763969279048
2023-12-17,2196.481201171875,2244.366455078125,2195.76171875,2226.892578125,7410453853,-0.013765763969279048,0.022128455414138402,-0.013671449108484612,51.60642106288401,43.15229288576465,18.21740826225707,30.177584920868764,55.17769708712058,73.30094576817858,-18.123248681058,2237.4352953959433,2182.2575983088227,2067.3539575195314,1828.8325158691407,2421.694248626255,2018.667494537807,2220.180871582031,0.18152879310290784,83.16938816841959,0.026374709840525593,0.6617745983581853,73.0,0.009421633885768003
2023-12-18,2217.2734375,2222.019287109375,2120.12744140625,2195.341796875,10366536490,0.009421633885768003,0.04595366722924763,0.009466157195896718,53.2617376866583,47.06600465452779,34.493818748596745,27.685982300275892,49.482106929423935,68.53717800042766,-19.055071071003724,2234.33347110426,2184.851364174836,2075.788505859375,1830.6078759765626,2414.292097541614,2042.8631758958857,2228.57763671875,0.16666635953172465,84.50670656375569,0.026358440755844228,0.9238804633463216,65.0,-0.017929749988651676
2023-12-19,2177.87255859375,2253.348876953125,2139.723388671875,2218.240966796875,10619179629,-0.017929749988651676,0.05217269845881976,-0.017769968394459656,49.786426632966915,40.848656847589154,20.503671648596658,24.40496621981676,41.31276125859995,63.092294652062115,-21.779533393462167,2225.647176871874,2184.334415613274,2083.1441845703125,1831.960955810547,2399.9655032901646,2071.9841060848357,2235.9748046875,0.14668385194580383,86.5866195435767,0.02665000392742746,0.9393889257959901,73.0,0.010977281118820084
2023-12-20,2201.911376953125,2263.3291015625,2161.21875,2177.239501953125,12652290807,0.010977281118820084,0.04637350650496855,0.011037752537226941,51.85066813335873,45.93245689330464,29.039181878153798,28.012224091782343,36.359102596353296,57.745656240920354,-21.38655364456706,2221.9955153459127,2185.6364127495594,2090.853232421875,1833.5084503173828,2385.4758803667005,2101.409251469237,2243.4425659179688,0.12662086082031232,87.69545754492836,0.026648404787756024,1.0971868591746312,74.0,0.01694580433910401
2023-12-21,2239.54248046875,2278.12158203125,2184.856689453125,2201.7900390625,12616530536,0.01694580433910401,0.041644618662738685,0.017090198956007274,54.97133204046734,53.267803970231164,42.400931370381834,30.647928299044036,35.06559363890119,53.209643720516524,-18.144050081615333,2224.695048441734,2189.6294548028327,2098.7022875976563,1835.253594970703,2373.774283681328,2128.351106943672,2251.0626953125,0.10902547372346084,88.09327433301384,0.026654635737294215,1.0858482160001208,70.0,0.03810410081071799
2023-12-22,2326.52490234375,2341.947509765625,2233.53271484375,2239.59814453125,16137246310,0.03810410081071799,0.046599456043929524,0.03883937127050796,61.22677270568015,65.78552448331493,73.2859499518451,48.24202106679352,40.591321486892866,50.685979273791794,-10.094657786898928,2240.3611798112747,2199.769858324382,2109.2203662109373,1837.8270776367187,2379.441558387263,2138.7659123158624,2259.1037353515626,0.10653589842077192,89.5448115179325,0.026731889048531004,1.3482071693242357,74.0,-0.0075410763271413625
2023-12-23,2309.04638671875,2332.072021484375,2270.428955078125,2326.7158203125,7995772945,-0.0075410763271413625,0.026696330901280565,-0.007512713750621014,59.43985606549065,61.89856947039971,73.61750505410869,63.101462125445146,43.06371873689341,49.16152716641212,-6.0978084295187145,2250.928134720117,2207.864415983224,2118.745390625,1839.9498352050782,2383.156002070944,2146.586942264994,2264.871472167969,0.1044514281331393,87.55182972424089,0.0267488327162096,0.6688070115794796,70.0,-0.018954327455434107
2023-12-24,2265.692138671875,2325.705078125,2249.984375,2309.626708984375,9450799236,-0.018954327455434107,0.033420561351899594,-0.018775823775668332,55.14103257160123,52.860346005511225,61.998718916569445,69.63405797417435,41.0515689462668,47.53953552238306,-6.487966576116264,2253.1995199434646,2212.1479509971978,2126.9052612304686,1842.1163159179687,2383.8618202854677,2148.128755886407,2265.9952880859373,0.10403069487323696,86.70674925286654,0.026736264744690683,0.8132974082752938,71.0,0.0030274349100100914
2023-12-25,2272.561767578125,2303.551025390625,2254.574462890625,2265.340576171875,8036302656,0.0030274349100100914,0.02155125691135535,0.003032022219169095,55.68789806214762,54.09934166796736,68.71980849131883,68.11201082066559,39.55527875016287,45.94268416793903,-6.387405417776158,2256.178327271874,2216.623048521711,2134.4733422851564,1844.2476153564453,2382.1555551686542,2147.7070180735336,2264.931286621094,0.10351242816062618,84.01173591337609,0.026251262159998946,0.7141469460000532,73.0,-0.018249257910316962
2023-12-26,2231.46533203125,2274.557373046875,2180.225341796875,2272.21875,10668581464,-0.018249257910316962,0.04227358135299005,-0.0180837485401647,51.632703700489934,45.71351829375677,50.192884461932145,60.30380395660674,34.653851074260274,43.68491754920328,-9.031066474943003,2252.3763280040857,2217.7224769298255,2141.105900878906,1846.2038159179688,2382.156911604287,2147.686057145713,2264.921484375,0.10352272962931226,84.74889986599207,0.025828971266753493,0.9570888295342495,71.0,0.06391246238319338
2023-12-27,2378.739990234375,2392.608642578125,2215.140380859375,2231.39306640625,14161342927,0.06391246238319338,0.07460599411761024,0.06599907965814755,62.243560105705754,67.06064652828623,94.91023517068174,71.27430937464418,42.16719128656041,43.381372296674705,-1.2141810101142951,2271.8168914241305,2229.64970013757,2150.918215332031,1849.3355920410156,2386.8657870141365,2145.0932217749264,2265.9795043945314,0.10669671317429305,91.37171142690336,0.026895087569239154,1.273888015189572,73.0,-0.013191815850142955
2023-12-28,2347.566162109375,2445.017578125,2338.703857421875,2380.20068359375,15660799060,-0.013191815850142955,0.04528678357145777,-0.013105185204343561,59.279090809462865,61.12490647657964,70.00480931805373,71.7026429835558,45.08637249948424,43.722372337236614,1.3640001622476277,2283.4706253757067,2238.3842528762225,2160.0830908203125,1852.3063464355469,2384.681102202965,2146.1613294376602,2265.4212158203127,0.10528716297862359,92.43899780377635,0.02706738230813395,1.389292694018498,73.0,-0.02016974495032379
2023-12-29,2300.690673828125,2386.004638671875,2262.975830078125,2346.84375,12536968996,-0.02016974495032379,0.05347472826020634,-0.019967696347748753,55.0345718723131,52.90926754598479,55.57670486567725,73.49724978480418,43.12032028205158,43.601961926199614,-0.48164164414803423,2286.119863599156,2242.9995433171043,2163.68568359375,1855.0971563720702,2378.7554754430575,2148.0384942835053,2263.3969848632814,0.1019339438474548,94.62398428877445,0.027392981757588353,1.1027637463363371,65.0,-0.0037560253958340796
2023-12-30,2292.0654296875,2322.021484375,2270.011962890625,2300.399658203125,6888195427,-0.0037560253958340796,0.022691115537424242,-0.003748980355657072,54.26463677479955,51.42547285765974,52.9218861544242,59.501133446051675,40.400512655671264,42.96167207209395,-2.561159416422683,2287.034566074286,2246.6340534186147,2167.9611962890626,1857.8622955322267,2369.2299634012106,2151.524284645664,2260.3771240234373,0.09631387454852391,91.5800940884602,0.027366420363587312,0.6071778024194394,68.0,-0.004632851164384597
