Date,Close,High,Low,Open,Volume,Log_Return,Daily_Range,Price_Change,RSI_14,RSI_7,Stoch_K,Stoch_D,MACD,MACD_Sig,MACD_Hist,EMA_12,EMA_26,SMA_50,SMA_200,BB_Upper,BB_Lower,BB_Mid,BB_Width,ATR_14,Vol_20,Vol_Ratio,FearGreed_Score,Target
2021-02-11,184.49600219726562,192.5048828125,176.55453491210938,182.062744140625,9278994121,0.012663364994250609,0.08645362344131607,0.012743884926192717,68.54162249558809,78.65325640590923,85.73975821342091,88.95018596842856,10.258242670248649,5.488181923958853,4.770060746289795,162.31273759912034,152.0544949288717,145.802511138916,82.92510406494141,183.9864146490819,111.89135253231461,147.93888359069825,0.4873300403985224,15.048732425313435,0.054036955011848554,1.2564535214856236,93.0,0.06675140870858562
2021-02-12,197.23170471191406,199.4168701171875,178.12335205078125,184.38714599609375,10839370443,0.06675140870858562,0.10796194302284497,0.06902969366800282,72.48543858285315,83.73675872418744,97.01332758274054,88.74098139790003,12.28393147290322,6.847331833747727,5.436599639155492,167.68488638570398,155.40095491280076,147.51583724975586,83.64651245117187,192.49708399084244,109.32875447961652,150.91291923522948,0.5511014559435472,15.494788542534351,0.05518047666013045,1.4154301165562155,92.0,0.13716236893857262
2021-02-13,226.22760009765625,228.38446044921875,192.91964721679688,197.2343292236328,16565513036,0.13716236893857262,0.15676607636341758,0.14701437290771757,78.95446137421575,90.03810867987217,97.88815302733126,93.54707960783092,16.044084651362425,8.686682397270667,7.357402254091758,176.69145772600433,160.6473730746419,149.50071731567382,84.49977441787719,207.8198815072571,102.48098595490109,155.1504337310791,0.6789468325621248,16.921218877526318,0.06129246297104402,2.010945995243133,92.0,-0.05355698108597731
2021-02-14,214.43026733398438,229.2051544189453,210.10166931152344,226.28587341308594,12902511399,-0.05355698108597731,0.08908949909420844,-0.05214807016729739,71.58047006348671,76.05106612816542,85.6351860923354,93.51222223413573,17.86613726699784,10.522573371216101,7.343563895781738,182.49742843492436,164.63129116792652,151.20013870239256,85.29606573104859,216.92140637002416,101.07806796469266,158.9997371673584,0.72857565974086,17.07709503680457,0.06263365363153738,1.5063253262724583,95.0,-0.031981270598526394
2021-02-15,207.68101501464844,219.6385040283203,192.12124633789062,214.3249969482422,13482646966,-0.031981270598526394,0.13249770417622816,-0.03147527820232432,67.68572063963944,68.90646291938766,77.8677193131648,87.13035281094382,18.551666769249465,12.128392050822775,6.42327471842669,186.37182637026652,167.82015960101705,152.8034196472168,86.05125524520874,223.12868818284423,102.16336122511476,162.6460247039795,0.7437336828729131,17.822820940634937,0.06312274676092623,1.5073138613678696,93.0,0.013703542072089821
2021-02-16,210.54656982421875,221.0515899658203,201.29598999023438,207.61044311523438,12666436004,0.013703542072089821,0.0938300728056482,0.013797865969444434,68.47013374833165,70.28903995123615,78.56256649841876,80.68849063463966,19.10593879406477,13.523901399471175,5.582037394593595,190.09101767087455,170.98507887680978,154.41334426879882,86.81399740219116,228.05988023592033,105.99187910245858,167.02587966918946,0.7308328588074432,17.96087658598858,0.05729540917604298,1.3672625842744044,95.0,0.1182415672854119
2021-02-17,236.97352600097656,236.97352600097656,204.24293518066406,210.56903076171875,13792789978,0.1182415672854119,0.13811918728920639,0.1255159663670662,74.59495529183994,79.9034992833638,100.0,85.47676193719452,21.43059926300259,15.105240972177459,6.3253582908251325,197.30371126012102,175.87311199711843,156.5719987487793,87.69239891052246,238.31841393190177,106.08200415891855,172.20020904541016,0.7679224694675704,19.015856174154575,0.059643576065771954,1.4274833801753417,95.0,-0.04357323605189274
2021-02-18,226.8695526123047,238.1966094970703,221.5928955078125,236.94924926757812,7889078633,-0.04357323605189274,0.07318617151606831,-0.04263756192170698,69.0704507655966,69.82469387043855,87.9343354002175,88.83230063287876,22.201676120618174,16.524528001865605,5.677148118752569,201.85230223738003,179.65062611676186,158.5200682067871,88.54353944778443,244.67827985713066,108.90783617070136,176.793058013916,0.7679625275543474,18.843560303804804,0.06171302458624314,0.8206829460821442,91.0,0.042316965811670826
2021-02-19,236.67601013183594,241.16128540039062,220.95677185058594,226.8992919921875,7151082978,0.042316965811670826,0.08536781374060744,0.04322509303965272,71.29264348108293,73.59590840724175,95.30331514717494,94.41255018246416,23.33506712320704,17.886635826133894,5.448431297073146,207.20979575960402,183.87472863639698,160.7597819519043,89.43457498550416,251.54382856824333,112.36988603136602,181.95685729980468,0.7648733034972389,18.94077124994765,0.06114706219189457,0.7407565477028515,93.0,-0.039015078869909015
2021-02-20,227.61988830566406,245.95751953125,216.64166259765625,236.6549072265625,8208699025,-0.039015078869909015,0.12879303804167738,-0.0382637928581242,66.53825848239546,64.86220999684778,81.71630255721496,88.31798436820247,23.234699163338973,18.95624849357491,4.278450669764062,210.34980999745943,187.11511083412046,162.78757278442382,90.28500915527344,254.7884900701128,118.93013175605908,186.85931091308595,0.7270622890033327,19.68184879877952,0.061676741436438004,0.8344529950665159,91.0,-0.0017084031193739812
2021-02-21,227.23135375976562,233.1479949951172,220.98374938964844,227.51962280273438,6934669818,-0.0017084031193739812,0.05353242589193514,-0.0017069446294459834,66.33386971307857,64.4792103234891,80.85940064890737,85.95967278443243,22.86028619210751,19.737056033281434,3.1232301588260754,212.94697057627576,190.08668438416825,164.59330215454102,91.12611238479614,256.7892859032371,126.45727781746602,191.62328186035157,0.6801470406959866,19.144877142114467,0.062006014066483796,0.7002172796630323,91.0,-0.08791728651466404
2021-02-22,208.10679626464844,227.23480224609375,182.52764892578125,227.22381591796875,9523044215,-0.08791728651466404,0.21482793509280024,-0.08416337437014143,57.0452436903225,48.151507273029495,53.42578637879075,72.00049652830437,20.7808208880609,19.94580900423733,0.8350118838235723,212.20232837448694,191.42150748642604,165.55162643432618,91.8708250427246,256.3478302191041,133.45871580140374,194.9032730102539,0.6305133439767074,20.970754011985754,0.06587864864637599,0.9521008142695785,94.0,-0.16226940302095502
2021-02-23,176.93492126464844,208.3696746826172,159.68467712402344,208.1234130859375,10944696472,-0.16226940302095502,0.275157652376456,-0.14978787603053034,45.79024756057714,32.50119437724969,19.994987598994477,51.42672487556421,16.428146408958156,19.242276485181495,-2.814130076223339,206.7765734345118,190.34842702555363,165.994178314209,92.46927198410035,255.35543386860732,136.58340127543565,195.96941757202148,0.6060743255999181,22.950342836743467,0.07518270514682666,1.0814891200271983,94.0,0.024803987929673584
2021-02-24,181.3784942626953,189.16546630859375,169.78900146484375,176.96676635742188,7205360252,0.024803987929673584,0.10682889899662829,0.025114166080309586,47.383917911828945,35.9626795251575,25.145592208811603,32.85545539553228,13.185189077209515,18.0308590035871,-4.845669926377585,202.8691766388477,189.6839875616382,166.44985275268556,93.0855184173584,252.91342963167267,142.6484356027023,197.7809326171875,0.5575107396343026,22.695065837243934,0.07309251262647525,0.7141295954964921,76.0,-0.013748699712170187
2021-02-25,178.90184020996094,204.74383544921875,176.0321502685547,181.3854217529297,7327999233,-0.013748699712170187,0.16048848433849394,-0.013654618000893626,46.562293852906535,34.802160129901566,22.2748695298902,22.47181644589877,10.296584131294196,16.48400402912852,-6.1874198978343244,199.18189411132667,188.88530998003247,166.64755111694336,93.69433246612549,251.29514768723652,146.6716797053416,198.98341369628906,0.5257898939334866,23.124824361773943,0.07216547470484111,0.7263976720650802,79.0,-0.04869953336646576
2021-02-26,170.3981475830078,182.0758514404297,163.2482452392578,179.12852478027344,7875998386,-0.04869953336646576,0.11049184787645763,-0.047532728657084244,43.75676780633712,30.818349122729288,12.418126214521212,19.94619598440768,7.237734871446435,14.634750197592103,-7.397015326145668,194.75362541466225,187.51589054321582,166.6631950378418,94.25487897872925,249.95053454737604,149.4846339096552,199.71758422851562,0.5030398351041958,22.817880207445224,0.0732429698988229,0.7824557416563993,55.0,0.009940566542564293
2021-02-27,172.10044860839844,179.92987060546875,167.90878295898438,170.43142700195312,4991079437,0.009940566542564293,0.0698492522459221,0.009990138094437606,44.4779728284977,32.61971110002709,14.39128599214323,16.36142724551822,4.894515335170098,12.686703225107703,-7.792187889937605,191.26852129062166,186.37400595545157,166.63960647583008,94.84344699859619,247.66488105780712,153.86632469170462,200.76560287475587,0.46720431698958464,22.04668073880516,0.07280054368164961,0.5005570191190075,56.0,-0.042574328582585676
2021-02-28,164.9271697998047,172.64617919921875,154.79978942871094,172.10218811035156,5945000101,-0.042574328582585676,0.10820770035750014,-0.04168076763655626,42.03209083779223,28.917970210182432,11.109732942781632,12.639715049815367,2.4306542512461533,10.635493430335393,-8.20483917908924,187.21600567664981,184.78535142540366,166.38847122192382,95.39323991775512,247.88758607781773,153.41443113409633,200.65100860595703,0.4708331924174371,21.746659955355348,0.07000906590734166,0.605082506756649,55.0,0.0606404967502562
2021-03-01,175.23789978027344,176.35516357421875,163.9664306640625,164.98313903808594,4627257694,0.0606404967502562,0.07069665252602424,0.06251686725106809,46.57941138081731,40.282380072685,22.420600346863207,15.973873093929365,1.2950873691067386,8.767412218089662,-7.4723248489829235,185.37322015413037,184.07813278502363,166.4709324645996,95.98072282791138,248.1743499506186,152.44001009576812,200.30718002319335,0.4779376348055297,21.078236594983984,0.06861620481627603,0.4845980122942223,38.0,0.01492216657726508
2021-03-02,177.8724365234375,184.73049926757812,171.1996307373047,175.20968627929688,5247274825,0.01492216657726508,0.07607063126101908,0.015034057966155867,47.708170568660286,42.999013709984276,25.310686289328643,19.61367319299117,0.6008018612543538,7.134090146722601,-6.533288285468247,184.21925344171606,183.6184515804617,167.2433366394043,96.58631938934326,248.32054721741446,151.86361721129646,200.09208221435546,0.4820627030248265,20.539138876076088,0.06871894440618909,0.5722234508500519,78.0,0.058167508336437336
2021-03-03,188.52566528320312,196.25894165039062,177.3665008544922,177.974365234375,6392122021,0.058167508336437336,0.10021150577836829,0.059892521674441035,52.11432690114369,53.070590256934494,36.99727474187382,28.242853792688567,0.8998294486304985,5.887238007104181,-4.987408558473683,184.88177834040638,183.9819488917759,168.36113174438478,97.22930866241455,248.29284986801318,152.2942808692915,200.29356536865234,0.4792893312475143,20.421517584634824,0.069944295418638,0.7082188086854176,78.0,-0.040302719942485236
2021-03-04,181.07864379882812,194.2318572998047,177.32473754882812,188.45831298828125,5488598135,-0.040302719942485236,0.09336893294694523,-0.03950136695281292,49.005766638261996,46.38633143662773,28.82789461799601,30.378618549732835,0.5297914633638925,4.815748698356124,-4.285957234992232,184.2966807186251,183.76688925526122,169.03427780151367,97.81556917190552,248.2023340176649,150.7694906283312,199.48591232299805,0.48841966961343664,20.170489167944947,0.06874005922425466,0.6266887299115842,84.0,-0.001730214768632433
2021-03-05,180.76560974121094,183.10256958007812,169.32713317871094,181.0399627685547,4560793618,-0.001730214768632433,0.07620606829522764,-0.0017287188099606166,48.873797642519854,46.101576742168625,28.48449635954325,31.436555239804367,0.20886677557169264,3.894372313799238,-3.6855055382275452,183.75343902979216,183.54457225422047,169.60789840698243,98.38425703048706,244.95889316581042,149.46673244454115,197.2128128051758,0.4842087051189968,19.71369968461796,0.06018254408461242,0.559067613056007,77.0,0.012186039400103389
2021-03-06,182.98190307617188,184.33958435058594,175.39544677734375,180.70632934570312,3799599706,0.012186039400103389,0.04887990245417283,0.012260591702889956,49.90243356567878,48.702682213842294,35.97033709160625,31.094242689715177,0.13184813492716785,3.141867478024824,-3.0100193430976563,183.63474119077367,183.5028930558465,170.38278549194337,98.9715288734436,243.08524472285205,148.19554446171827,195.64039459228516,0.48502100222647804,18.944445248091117,0.05954023716187819,0.49328080997634316,77.0,0.04162416757703142
2021-03-07,190.7591094970703,191.77023315429688,182.42234802246094,182.99069213867188,3541357558,0.04162416757703142,0.049003610661012775,0.04250259883711527,53.4423292658284,57.16556165467429,49.6435614072673,38.03279828613894,0.6904072832695931,2.6515754390737785,-1.9611681558041854,184.73079785328082,184.04039057001123,171.31265914916992,99.61530128479004,241.9527595950621,147.63583903775037,194.79429931640624,0.4841872728734831,18.258976668358606,0.06024598752334076,0.49146976044759555,76.0,0.006107253971485343
2021-03-08,191.9276885986328,194.6191864013672,180.06842041015625,190.77127075195312,4401225306,0.006107253971485343,0.07581379267084337,0.006125941270345603,53.968645496779615,58.36953275056462,69.30740843282757,51.64043564390038,1.2133769456765435,2.3639357403943313,-1.1505587947177878,185.8380118141042,184.62463486842765,172.30259658813478,100.26010595321655,240.47312284351798,147.2535876667359,193.86335525512695,0.4808517579513871,17.99410447713377,0.0601507165176396,0.6479645100476792,81.0,0.05922455654588981
2021-03-09,203.6378631591797,204.75062561035156,189.41970825195312,191.94004821777344,5408294951,0.05922455654588981,0.07528520050524476,0.061013471511323525,58.97368968923199,68.66604682667332,97.77228463778776,72.2410848259609,2.5434283333532335,2.399834258986112,0.14359407436712157,188.57645048257734,186.0330221492241,173.33247207641602,100.98140016555786,234.72619246261024,149.666951763464,192.19657211303712,0.44256377605486175,17.803876825795534,0.05503585766841578,0.8486047075215218,81.0,-0.01544489796770643
2021-03-10,200.51686096191406,207.39239501953125,192.58245849609375,203.64158630371094,6296082804,-0.01544489796770643,0.07385880894200952,-0.015326237217614058,57.18892293271208,63.76238008904409,86.92680467077436,84.66883258046325,3.307537611855338,2.5813749295599573,0.7261626822953806,190.4134367101676,187.10589909831225,174.27306076049805,101.68242868423462,230.56805807345543,151.18981698757975,190.8789375305176,0.4158564696179994,17.590023947055673,0.05442366212186075,1.0004085123410864,68.0,0.0036512465548079135
2021-03-11,201.25033569335938,203.16783142089844,191.53683471679688,200.4497528076172,4823154653,0.0036512465548079135,0.057793676040488455,0.0036579204757480888,57.514340725745996,64.45829325485774,88.32143937883936,91.0068428958005,3.927016795961123,2.8505033028401905,1.0765134931209324,192.08065193835094,188.15363514238982,175.29943893432616,102.38556406021118,223.235579523146,154.9797280940415,189.10765380859374,0.3609364827623,17.164379143987524,0.05328532282535051,0.7808101892999267,73.0,0.09284090388758524
2021-03-12,220.82940673828125,223.61497497558594,198.95384216308594,201.27366638183594,8079722567,0.09284090388758524,0.11167503991770196,0.09728714726098175,65.13318400058614,77.75954993053186,95.95210241000188,90.40011548653854,5.929474624174958,3.4662975671071443,2.4631770570678135,196.50353729218637,190.5740626680114,177.11335708618165,103.17871397018433,221.46170230609627,156.07455715435296,188.76812973022462,0.34638868989797406,17.699861548881273,0.057268109457427614,1.3093759729680197,70.0,0.02570006075097313
2021-03-13,226.5782928466797,229.3739776611328,213.61134338378906,220.86453247070312,6378541696,0.02570006075097313,0.06956815712266824,0.026033154702135297,67.00421690052457,80.28680886205365,96.25113610926618,93.50822596603582,7.889380080862338,4.350914069858183,3.5384660110041555,201.13042276210842,193.24104268124609,178.8994938659668,104.01870210647583,221.276269381084,156.1946839880566,188.7354766845703,0.3448296342388078,17.56148817234288,0.05759025641333272,1.0383667391958202,74.0,-0.0510762738853849
2021-03-14,215.2960968017578,227.8301239013672,215.2960968017578,226.50550842285156,4537627844,-0.0510762738853849,0.05821762347670689,-0.04979380814982248,60.17910919204475,63.71092165486544,78.47667202684491,90.22663684870433,8.435006835870212,5.167732623060589,3.267274212809623,203.3097572297468,194.87475039387658,180.45039596557618,104.80339172363281,222.62746372577115,155.5624196970804,189.09494171142578,0.3546633422433766,17.202383810004772,0.05517350233367865,0.769926027172127,78.0,-0.06739372580421801
2021-03-15,201.26461791992188,221.6864013671875,198.75254821777344,215.22727966308594,6186375403,-0.06739372580421801,0.11394875754335948,-0.06517293666849877,52.954640899786256,49.02485489942317,53.187615463390955,75.9718078665007,7.647046498526265,5.663595398153724,1.983451100372541,202.99512041285067,195.3480739143244,181.64614212036133,105.52950973510742,223.75627182115105,156.86658126722787,190.31142654418946,0.3514749049416205,17.611774477105435,0.043088924020832274,1.0938353515944006,76.0,-0.0011135016837882333
2021-03-16,201.04063415527344,204.86439514160156,192.19180297851562,201.1912078857422,5270029739,-0.0011135016837882333,0.06303497905452426,-0.0011128819708268178,52.845580625707846,48.81529537014973,52.81460041725642,61.49296263583077,6.9246851760936465,5.915813353741709,1.0088718223519377,202.69443021937724,195.7697450432836,182.91807083129882,106.24794088363647,224.78715065829027,157.80191641934647,191.29453353881837,0.3501680523732836,17.258975740389754,0.04289693005436929,0.9480334792284592,71.0,0.024698834440255325
2021-03-17,206.06793212890625,206.2874298095703,195.02586364746094,201.0641632080078,4362001168,0.024698834440255325,0.054649775177365675,0.02500637741597056,55.08166887999978,53.96779269072412,61.18689377749204,55.729703219379815,6.680856796858251,6.068822042365017,0.6120347544932336,203.21343051315094,196.5325737162927,184.34432418823243,106.99182188034058,226.22828046397044,159.07739580556083,192.65283813476563,0.3485590210274288,16.830589341941156,0.04286709844243065,0.8061944370122641,71.0,-0.02720557909463847
2021-03-18,200.5373077392578,208.09637451171875,200.10302734375,206.03314208984375,3719561575,-0.02720557909463847,0.03985965134408727,-0.02683884063139308,52.151724134537936,47.79292683046692,51.97637749254808,55.325957229098854,5.972498636210588,6.049557361134132,-0.07705872492354349,202.80171931716737,196.82922068095678,185.8960809326172,107.68088171005249,226.27841005617114,162.04118222898512,194.15979614257813,0.3308472150435018,16.199357758085984,0.04164746589560631,0.7149174041148265,72.0,0.0026215732932576953
2021-03-19,201.063720703125,205.34371948242188,196.9537811279297,200.4992218017578,2807932048,0.0026215732932576953,0.041727758370094604,0.0026250126213505087,52.411198347793565,48.4479222261838,47.55274644477217,53.57200590493744,5.39144756574143,5.917935402055592,-0.5264878363141623,202.53433491500698,197.14288734926555,187.24761657714845,108.38063133239746,226.1927030120031,165.0232164826258,195.60795974731445,0.3127147106303639,15.641542086400714,0.04166299335624972,0.5512637023328487,71.0,-0.0012804819556605364
2021-03-20,200.80642700195312,206.6977081298828,200.1773681640625,201.0334014892578,2529075165,-0.0012804819556605364,0.03247077328733553,-0.0012796624884494623,52.262021516957354,48.103780385942564,42.06018093708115,47.19643495813381,4.854242271511282,5.705196775946731,-0.8509545044354487,202.26850292838333,197.41426065687205,188.56349365234374,109.07024951934814,224.5992744563061,170.20457075853767,197.40192260742188,0.27555305935872026,14.9900276492164,0.04002749263528169,0.5137440117841314,75.0,-0.022046716933121605
2021-03-21,196.42774963378906,202.84861755371094,193.4961395263672,200.8138427734375,2758761604,-0.022046716933121605,0.047612814608832425,-0.021805464264953445,49.670956642671754,42.15807153866862,33.179483481669386,40.93080362117424,4.028739732172454,5.369905367191876,-1.341165635019422,201.36992549844575,197.3411857662733,189.8240481567383,109.76189002990722,223.70318348592792,173.2196467142674,198.46141510009767,0.25437456820610804,14.587345533368353,0.03875450806074585,0.5712423536620467,73.0,-0.04876991670891503
2021-03-22,187.0778350830078,198.90126037597656,186.6174774169922,196.42990112304688,3115325434,-0.04876991670891503,0.06566134867625537,-0.047599764128096966,44.58754770463331,32.23294761684909,1.0766963231016848,25.43878691395075,2.5902047900962373,4.813965251772748,-2.2237604616765108,199.17114235760914,196.5809375675129,190.97418853759766,110.45840864181518,222.95157159985504,174.89179845629732,198.92168502807618,0.24160147817355596,14.422805349483783,0.0405335287154757,0.6596339879973572,70.0,0.00168841373590048
2021-03-23,187.3939666748047,189.95790100097656,182.69422912597656,187.06910705566406,3047428308,0.00168841373590048,0.03876150339250281,0.0016898399089160243,44.793273834910785,32.856490440372625,10.068043844084931,14.774741216285344,1.458847970549158,4.1429417955280305,-2.6840938249788726,197.35926917563924,195.90042120509008,192.0830291748047,111.14231859207153,222.99775129918126,174.73244889613122,198.86510009765624,0.24270373423666852,13.911438672734942,0.0383620235949803,0.6689449008056222,66.0,-0.05336997162196779
2021-03-24,177.6549530029297,197.33694458007812,175.8431396484375,187.33908081054688,4051272249,-0.05336997162196779,0.12098624084680698,-0.05197079631051116,39.881027005370264,24.691028806920016,3.3846160862688155,4.8431187511518194,-0.22106912366780307,3.270139611688864,-3.491208735356667,194.3278359182993,194.5489050419671,192.78598876953126,111.79264667510986,223.37123510131602,174.01659601440662,198.69391555786132,0.24839532176080611,14.453036262656777,0.03918168976926496,0.9035539548018154,65.0,-0.026197984411285655
2021-03-25,173.06118774414062,179.12672424316406,169.63616943359375,177.58641052246094,3429325350,-0.026197984411285655,0.05483930240673872,-0.02585779445571279,37.77662348183696,21.7205226646644,5.733418101817712,6.395359344057162,-1.9011783876594848,2.2358760118191943,-4.137054399478679,191.05604389150565,192.95722227916514,193.13497192382812,112.41768474578858,224.29905874576014,172.31833017025548,198.3086944580078,0.2621202702058616,14.098573301722029,0.03958707521981222,0.7746150814683163,60.0,0.0628039112785018
2021-03-26,184.27867126464844,184.43907165527344,172.74221801757812,173.02218627929688,3109769980,0.0628039112785018,0.06347372464443858,0.06481801995426095,45.358805348710796,41.70168341269405,24.511280653756074,11.209771613947543,-2.300995468778723,1.328501715699611,-3.6294971844783337,190.01337117968149,192.3143666484602,193.91758148193358,113.09522756576538,224.21668327680516,172.5303824580581,198.37353286743163,0.2605503873003451,13.927021897148691,0.042092497415597424,0.7079495849726046,54.0,0.0029897580903697073
2021-03-27,184.8304443359375,186.5439453125,179.1182098388672,184.2672882080078,2408040965,0.0029897580903697073,0.040175932597641816,0.002994231874488884,45.70924741274883,42.543321085346705,26.109713700171405,18.784804151915072,-2.544004213612311,0.5540005298372267,-3.098004743449538,189.2159978191055,191.7600020327178,194.51714599609375,113.7824607849121,224.3944720678354,171.7597271509146,198.077099609375,0.2657285724635559,13.462644295468985,0.04097034101025669,0.5553628906219786,65.0,0.0010709155560124043
2021-03-28,185.0284881591797,187.74563598632812,181.67015075683594,184.82435607910156,2162823815,0.0010709155560124043,0.032835404374408864,0.0010714891908296664,45.843502914880034,42.888575890923875,29.57204637478585,26.731013576237785,-2.6896058116863912,-0.0947207384674969,-2.594885073218894,188.5717655637323,191.2613713754187,195.10342102050782,114.46811473846435,224.5391965771228,170.9250825976819,197.73213958740234,0.271145166847002,12.934990076470642,0.040936077951455006,0.5120251993876928,74.0,0.049792671282424705
2021-03-29,194.4747772216797,197.4888916015625,183.47500610351562,185.01560974121094,3353971422,0.049792671282424705,0.07206016995238719,0.05105316028077467,51.94740664138397,57.20016913492996,64.58261919724757,40.088126424068285,-2.01948023468816,-0.47967263771162955,-1.5398075969765306,189.47992120341652,191.49940143810468,195.97011505126954,115.19690435409547,223.97464540870075,170.57332517235395,197.27398529052735,0.27069621043901027,13.012054035154659,0.040244170551092494,0.8138058141329457,72.0,0.011286236981288491
2021-03-30,196.68209838867188,200.12115478515625,191.15234375,194.4708251953125,3604665752,0.011286236981288491,0.045600545797679054,0.011350166836679776,53.27271411074853,59.93706836348336,70.32185319901227,54.82550625701524,-1.2953564532379005,-0.6428094008168838,-0.6525470524210167,190.58794846268657,191.88330491592447,196.55937591552734,115.93486608505249,223.74204862780243,170.42244569592805,197.08224716186524,0.27054493085865094,12.723250963726201,0.04022859076041823,0.9041568606753742,72.0,0.004145314472584292
2021-03-31,197.4990997314453,199.28268432617188,189.4910125732422,196.68894958496094,3416343750,0.004145314472584292,0.049578310818855255,0.004153918172862481,53.78083128050291,61.01361718355323,72.44613033459656,69.11686757695215,-0.6480872130400996,-0.643864963261527,-0.004222249778572662,191.65120250403407,192.29928971707417,196.8670684814453,116.6682758140564,223.48724931128024,170.3021214162588,196.89468536376953,0.2701196723352899,12.513852448669308,0.040231726567222584,0.8723107349556424,76.0,0.03293737612754386
2021-04-01,204.11251831054688,205.4669952392578,195.9429931640625,197.5243682861328,3871809467,0.03293737612754386,0.046660548574022416,0.03348581633077985,57.78277453490039,68.90468816851339,93.02460202604921,78.59752851988601,0.39398432576732034,-0.43629510545575756,0.8302794312230779,193.56832801272836,193.17434368696104,197.30583099365234,117.4485082244873,220.55812988614215,171.55955199862345,196.0588409423828,0.24991771680379496,12.30029170770688,0.03473701838289711,1.0447311935576538,74.0,0.043692459311610914
2021-04-02,213.2283935546875,214.403564453125,202.50856018066406,204.05361938476562,4095228243,0.043692459311610914,0.05578527359401683,0.04466102970848307,62.590971708180724,76.54057551265593,97.37494018152097,87.61522418072225,1.9331246183739097,0.03758883931017587,1.8955357790637337,196.5929534807221,194.65982886234818,197.8804788208008,118.26919958114624,217.0962827229651,173.6864092326013,195.3913459777832,0.22216886460928353,12.271342605189313,0.035762766988985936,1.140138700508659,74.0,-0.07840808755603221
2021-04-03,197.14820861816406,218.240234375,197.14620971679688,213.1597442626953,4020429578,-0.07840808755603221,0.10699577138465384,-0.0754129629194964,51.45775283566753,50.84523761267105,56.60439968907323,82.33464729888114,1.8342240593159431,0.3969158833113293,1.4373081760046138,196.67837734802083,194.8441532887049,197.87880889892577,119.01299013137817,214.2118078345954,174.75609530261164,194.48395156860352,0.20287387321038614,12.901534180404585,0.03813842415180474,1.1274312780754343,73.0,0.03437452977095059
2021-04-04,204.04290771484375,206.21987915039062,195.53404235839844,197.10977172851562,2866830149,0.03437452977095059,0.05237053770536329,0.03497216203487463,55.14207183476098,57.91299591466868,70.78983686390926,74.92305891150117,2.285839514383838,0.7747006095258311,1.5111389048580068,197.81138201983975,195.52554250545592,197.43511505126952,119.79353750228881,214.57757390380198,174.66815821289725,194.62286605834962,0.20506026089935156,12.743270081232271,0.03602211285154765,0.8431775787111053,74.0,0.08014477449218772
2021-04-05,221.0690460205078,225.40084838867188,200.92845153808594,204.0477752685547,4789647554,0.08014477449218772,0.11070024180732982,0.08344391136328344,62.67584956057519,70.24078486514745,92.23199622174172,73.20874425824142,3.971830296847429,1.414126546990151,2.557703749857278,201.38948417378867,197.41765387694124,197.567890625,120.65449739456177,218.55508536922943,172.69348793399323,195.62428665161133,0.23443713569630262,13.581064850471819,0.040154082305944735,1.4187293470317026,71.0,0.07238662747667772
2021-04-06,237.66490173339844,244.51747131347656,217.63345336914062,221.61463928222656,9267495720,0.07238662747667772,0.11311732505834284,0.07507091567831292,68.26975580166382,77.67658996740539,90.84875742268699,84.623530169446,6.57138614855981,2.445578467304083,4.125807681255727,206.97031764449787,200.39893149593806,198.167568359375,121.60050783157348,226.31610109200352,168.09216917166833,197.20413513183593,0.2952470133621236,14.531275785747827,0.042734098148486145,2.5591719075396373,75.0,-0.07985725323390337
2021-04-07,219.42367553710938,243.15127563476562,212.22665405273438,237.5615692138672,8711169124,-0.07985725323390337,0.14093566478791947,-0.07675187233473468,57.98327027162648,58.82757565695834,66.48856904675593,83.18977423039489,7.078047063461696,3.372072186535606,3.7059748769260903,208.8862188587458,201.8081717952841,198.34511047363281,122.45424205780029,228.81536077397914,167.48154626947792,198.14845352172853,0.3095346615853123,15.702229056910928,0.04642333462772167,2.25044375981183,72.0,0.033958874423151576
2021-04-08,227.00302124023438,228.35366821289062,218.0843963623047,219.84661865234375,4532286410,0.033958874423151576,0.04523848094390823,0.034542059714258944,60.63718629026271,63.16099628315878,75.5982051348009,77.64517720141461,7.998962285774155,4.297450206383316,3.701512079390839,211.67341922512867,203.6744569393545,198.14570037841796,123.35375452041626,232.58977231195036,166.3010647852176,199.44541854858397,0.33236515538503153,15.314160685030572,0.04688315623425217,1.1453598817732114,73.0,-0.02290611143465578
2021-04-09,221.86236572265625,228.96714782714844,220.10940551757812,227.0221710205078,3137324847,-0.02290611143465578,0.039924492289256125,-0.022645758146706885,57.963025926151246,58.30515032720529,65.3587745794103,69.14851625365571,8.219240013696208,5.081808167845895,3.1374318458503128,213.24094945551752,205.02170944182132,198.045556640625,124.2461152458191,235.05611033016896,165.94032063906934,200.49821548461915,0.344720223688982,14.852987943926268,0.04730897982568018,0.7867904263201987,70.0,0.14163550822719406
2021-04-10,255.6201934814453,255.6759796142578,220.2007293701172,221.7160186767578,6686630635,0.14163550822719406,0.1387810945644858,0.15215662038413824,67.95671991033308,73.76039763948579,99.92461927165228,80.29386632862116,10.991087855205848,6.263664105317885,4.727423749887962,219.76083315181413,208.76974529660828,198.42444030761717,125.30149097442627,245.45287780411056,161.46279754989334,203.45783767700195,0.41281319615494527,16.326006679655865,0.05578504187562427,1.5981847363439268,70.0,-0.007798625230058719
2021-04-11,253.63446044921875,264.5142822265625,246.41282653808594,256.92132568359375,6786514965,-0.007798625230058719,0.07136828196143612,-0.007768294848625512,66.9484743114543,71.93061099723624,86.57463109514423,83.95267498206894,12.879102898202916,7.586751863894891,5.292351034308025,224.9721604283379,212.09305753013498,198.94473175048827,126.35437482833862,253.3599467072413,160.21139118338368,206.7856689453125,0.45045943463563776,16.4528244660002,0.05411812259688769,1.5538848347339056,76.0,-0.03670181833579152
2021-04-12,244.49436950683594,258.59661865234375,241.10438537597656,253.17601013183594,5220366581,-0.03670181833579152,0.07154452395632004,-0.03603647125155851,62.36210490326715,63.4748047450395,73.31506236366687,86.60477091015446,13.482422496050958,8.765885990326105,4.716536505724854,227.97557720964528,214.49315471359432,199.2899920654297,127.35164739608764,258.07353316226875,161.20784501155936,209.64068908691405,0.46205576108629487,16.52706795245499,0.055291388811905234,1.1662763784374206,74.0,0.08798699703198991
2021-04-13,266.9814758300781,273.2527160644531,244.67002868652344,244.71218872070312,6908471654,0.08798699703198991,0.10705869120343503,0.09197392303389407,68.14419293866773,72.68981403785443,92.51299821638294,84.13423055839803,15.595306189711323,10.13177003020315,5.463536159508173,233.97648468971187,218.38117850000054,200.4674856567383,128.4561232185364,266.2503159554202,161.96371450112272,214.10701522827148,0.4870769943857827,17.400730709966574,0.055355351566719536,1.495677748940561,74.0,0.046711397481030946
2021-04-14,279.7484130859375,282.6783142089844,256.7626647949219,267.23248291015625,8215124752,0.046711397481030946,0.0926391293097392,0.04781956207323157,70.87944212220938,76.60016676416974,96.63787296533917,87.48864451512968,18.091420247152428,11.723700073593006,6.367720173559421,241.01831982759273,222.9268995804403,202.52375549316406,129.62392066955567,275.3869643641185,163.49578862660417,219.44137649536134,0.5098909673485372,18.00893918883057,0.05452187065917061,1.6909647242241512,75.0,0.02416406531161056
2021-04-15,286.5906066894531,290.79052734375,267.177734375,279.3411560058594,6470712244,0.02416406531161056,0.08239206874751691,0.024458382187189542,72.25441909429883,78.52291343626041,95.5909346697574,94.9139352838265,20.386711146600106,13.456302288194426,6.930408858405681,248.02944088326356,227.64272973666345,204.62799774169923,130.82641523361207,285.21793382593137,163.8960127072718,224.55697326660157,0.5402723387023127,18.409214458824813,0.05375413480520022,1.2873723170710998,79.0,0.08049216141726886
2021-04-16,310.61273193359375,316.9685974121094,267.47308349609375,286.2806701660156,11850832933,0.08049216141726886,0.15934798811336984,0.08382035099346696,76.45734656251993,83.9311619321699,94.76601575580821,95.6649411303016,23.86898368106631,15.538838566768803,8.330145114297508,257.65763950639126,233.78865582532495,207.26221557617188,132.1527011871338,299.30789887743344,162.38427641553528,230.84608764648436,0.5931381547673521,20.629664420052727,0.05508261824554164,2.1553105805480324,78.0,-0.019022588050623634
2021-04-17,304.7599182128906,335.0245361328125,300.6131286621094,309.556640625,13254117896,-0.019022588050623634,0.1129131667723607,-0.0188428004359924,73.53462195781013,78.32480604072354,78.3034548799675,89.55346843517772,25.858357550223758,17.602742363459797,8.255615186763961,264.9041439227758,239.04578637255204,209.94945098876954,133.44751796722412,309.05775055679027,164.6075677415496,236.83265914916993,0.6099250978905667,21.614074637956325,0.05573971288089613,2.1896779742366017,76.0,-0.10969062047752899
2021-04-18,273.09881591796875,307.30426025390625,238.33741760253906,304.64703369140625,13129808269,-0.10969062047752899,0.252534389135114,-0.10388866908936811,60.141320458786964,55.09755275122116,53.81988937111813,75.62978666896463,24.596629685721126,19.001519827912063,5.595109857809064,266.164862691267,241.56823300554586,211.96941833496095,134.58115474700926,311.88949097440525,169.6382311935635,240.76386108398438,0.5908331056844989,24.996415210342814,0.06294141804599322,2.007066447101174,79.0,-0.04179755726363041
2021-04-19,261.9192199707031,281.3525390625,251.5144805908203,273.6451416015625,9384818110,-0.04179755726363041,0.11392084351433703,-0.04093608355527867,56.24575679693255,49.0993500600507,40.46695682060996,57.53010035723187,22.43597336661989,19.68841053565363,2.7475628309662596,265.5116868881033,243.07571352148344,213.90925933837892,135.6591833114624,312.7073441709405,175.3440901552314,244.02571716308594,0.5629048266413134,25.342246871866877,0.06429862187575537,1.373897736705145,74.0,-0.0037404844086904223
2021-04-20,260.94134521484375,272.5924377441406,235.67340087890625,261.2803039550781,9446199109,-0.0037404844086904223,0.14148404437341047,-0.003733497511059891,55.9046525628991,48.559876310906795,39.670628138636694,44.65249144345494,20.409463752991996,19.832621179121304,0.5768425738706924,264.80855739990955,244.39909364691755,215.6233282470703,136.73927017211915,312.78135764272315,181.61430123178855,247.19782943725585,0.5306157287446072,26.1691604428217,0.06438842969990936,1.3244270635549757,73.0,-0.008218438668530009
2021-04-21,258.80560302734375,276.31024169921875,251.68423461914062,261.0679016113281,7698253801,-0.008218438668530009,0.09515252680783846,-0.008184759627653304,55.118431863246784,47.23738507420154,34.822266114059246,38.31995035776864,18.41878346806422,19.549853636909887,-1.1310701688456675,263.8850259579763,245.4662424899121,217.24199157714844,137.80538932800292,312.59798543671064,187.2669819094808,249.9324836730957,0.5014594409070855,26.05893520262573,0.06440658380194313,1.0511551696841885,73.0,-0.022378072502430298
2021-04-22,253.07835388183594,289.3291931152344,241.3014373779297,258.0594177246094,9862940091,-0.022378072502430298,0.1897742537069337,-0.022129540776992807,52.96720834113031,43.5285818754795,28.68982368792356,34.39423931353984,16.1923584301679,18.87835459556149,-2.6859961653935898,262.2224610231855,246.03010259301757,218.5330453491211,138.83713056564332,312.2874383284508,191.56252505045546,251.92498168945312,0.4792097729585723,27.62813666938851,0.06438289527969926,1.295709635849061,65.0,-0.047414600154771516
2021-04-23,241.35877990722656,256.65618896484375,212.02816772460938,253.10479736328125,9252716255,-0.047414600154771516,0.18490324345105028,-0.046308085203056626,48.77239003286033,36.65752400463586,23.846730242696346,29.119606681559727,13.328585238056178,17.768400724060427,-4.43981548600425,259.01266392842257,245.6840786903664,219.73864807128905,139.81210832595826,309.32890094298847,198.94211956482405,254.13551025390626,0.4343618932587469,28.842414138734643,0.06252546656255976,1.1751550641903825,55.0,-0.07091431672698753
2021-04-24,224.8357696533203,241.45779418945312,221.28370666503906,241.45779418945312,4567973779,-0.07091431672698753,0.08972810489861544,-0.0684582937494852,43.53724146976696,29.101565317033774,10.412991939895964,20.98318195683863,9.6149206913544,16.137704717519224,-6.522784026164825,253.75468019379144,244.13975950243704,220.62005126953125,140.70635951995848,307.25036951655295,203.09993718510717,255.17515335083007,0.40815271770701567,28.223247951997458,0.06476779845022226,0.5739619362640618,37.0,-0.005364541405348057
2021-04-25,223.6328582763672,235.20606994628906,212.28683471679688,224.92184448242188,3703413398,-0.005364541405348057,0.10248599157628448,-0.005350177949033252,43.173907940897934,28.600843473013967,9.434986334916738,14.564902839169692,6.4998239629694865,14.210128566609278,-7.710304603639791,249.12055374495694,242.62072978198745,221.43307037353514,141.591221408844,307.0537098719076,203.55297805533849,255.30334396362304,0.4054029618637366,27.844389900389938,0.0623117246670001,0.4685280133203311,31.0,0.10102474556391322
2021-04-26,247.4059295654297,247.9586944580078,221.91038513183594,223.9871368408203,4935577761,0.10102474556391322,0.10528571151033413,0.10630401754148111,51.74478334730435,48.88065514662179,28.763257239764833,16.203745171525853,5.881576384439654,12.544418130175353,-6.662841745735699,248.85676540964505,242.9751890252054,222.56600677490235,142.5921591567993,307.0485888210761,204.5322018893731,255.7903953552246,0.4007827846285436,27.716098430802933,0.0643446380208195,0.6420044423966036,27.0,0.04831293456374102
2021-04-27,259.65228271484375,262.6161193847656,243.99539184570312,247.57827758789062,4605576124,0.04831293456374102,0.071714091416297,0.049499028462757,55.470670656235114,56.33445896394044,38.71993588638193,25.639393153687845,6.307084927317533,11.29695148960379,-4.989866562286258,250.51761422582948,244.21052929851194,223.92049865722657,143.65125579833983,306.27546970502533,209.3281817231973,257.8018257141113,0.376053535359123,27.0664290813929,0.062105662103103774,0.6155144135816183,50.0,-0.004427716478658914
2021-04-28,258.5051574707031,266.3074951171875,248.5077362060547,259.79095458984375,4235575377,-0.004427716478658914,0.06885649433570815,-0.004417928593373532,55.04195627915226,55.45086677975014,37.787286200064756,35.09015977540385,6.477076388132929,10.332976469309617,-3.8559000811766886,251.7464670327331,245.26939064460018,225.01784454345704,144.69917610168457,305.7467069438373,213.00715810743222,259.37693252563474,0.35754740382412165,26.404524069231464,0.06186746050939829,0.5671900578116649,59.0,-0.011359568752574798
2021-04-29,255.58526611328125,262.5469665527344,249.2930450439453,258.5769958496094,3555940124,-0.011359568752574798,0.05185714227718675,-0.011295292465307138,53.90004001710684,52.98302597280356,35.41332069587095,37.30684759410589,6.303521938457408,9.527085563139176,-3.223563624681768,252.33705150666358,246.03352956820618,226.11921264648439,145.7234629249573,304.1930026765747,217.9331524137574,261.06307754516604,0.3304176564297708,25.46519531491415,0.061632059521928864,0.474848500262897,52.0,0.05917909953308566
2021-04-30,271.1670837402344,273.2450256347656,252.8878173828125,255.45057678222656,3898872713,0.05917909953308566,0.07507256401169397,0.06096524210455434,58.810912681323,63.18403633426147,48.081839147765265,40.427482014567,7.338705220907826,9.089409494692905,-1.7507042737850789,255.23397954259755,247.89527432168973,227.51754760742188,146.82557926177978,305.1101178592721,218.57072625693877,261.84042205810545,0.33050432367210764,25.100339096131222,0.05450255856563655,0.5305173162678418,51.0,0.020681162498839004
2021-05-01,276.8335266113281,278.21942138671875,266.63140869140625,271.1426696777344,3611805752,0.020681162498839004,0.04185913764549902,0.02089649965230267,60.46046743873213,66.28731675354744,68.01848938839663,50.50454974401095,8.51813821857408,8.97515523946914,-0.45701702089506036,258.5569867839407,250.03884856536664,228.63763000488282,147.96004369735718,306.5707286314879,219.430022100934,263.00037536621096,0.3313330120126867,24.13517292464417,0.05457888268798805,0.5023056029559706,68.0,-0.028317041206855527
2021-05-02,269.1043701171875,277.48345947265625,265.3357238769531,276.9604187011719,3118501264,-0.028317041206855527,0.04514135385617529,-0.027919871515390215,57.10126215181142,58.44728906576067,73.83628108961706,63.312203208593,8.728551721844696,8.925834535944253,-0.19728281409955706,260.17966114290175,251.45110942105705,229.48815155029297,149.05633310317992,307.02429150447995,221.43745928897704,264.2308753967285,0.32390927853150725,23.278927401148383,0.054278116631080446,0.4401329745925669,66.0,0.0908721993895206
2021-05-03,294.7040100097656,299.300537109375,268.7289733886719,269.00830078125,5172505234,0.0908721993895206,0.10373650402547992,0.09512903815508533,64.1966364695482,71.4810393497119,94.73312443329658,78.86263163710343,10.836071446927974,9.307881918140996,1.528189528786978,265.4910994301116,254.65502798318363,231.0763098144531,150.28240129470825,310.4254867848202,220.80851742660565,265.6170021057129,0.33739169047073225,23.799829995402295,0.05451418096317608,0.7390810155952161,61.0,0.03837964202414912
2021-05-04,306.2344970703125,326.888671875,275.4649658203125,294.7742614746094,11541253990,0.03837964202414912,0.16792264276771027,0.03912565377093036,66.8557533620384,75.51658778441274,82.01803574042796,83.52914708778054,13.283585054635921,10.103022545439982,3.180562509195939,271.75931445168095,258.47572939704503,233.17570739746094,151.57510940551757,314.80362966026996,219.07898294959327,266.94130630493163,0.35859810546266224,25.77296399963695,0.05420914916806287,1.6108114250785206,68.0,0.150683740755866
2021-05-05,356.0370788574219,359.5001525878906,301.4515686035156,305.1773986816406,13183539068,0.150683740755866,0.1630408388099967,0.16262890779308425,75.36593124548618,85.70770553769138,97.65170738450472,91.46762251940977,19.022628336516846,11.886943703655357,7.135684632861489,284.7251243602565,265.7024960237396,236.2756362915039,153.12002515792847,331.6750876843461,209.152172142314,270.41362991333006,0.4530944523073848,28.07836542711824,0.06325005871512572,1.7576854398183381,48.0,-0.007122128817580376
2021-05-06,353.5103454589844,364.5176086425781,323.7054443359375,356.0221252441406,10441211171,-0.007122128817580376,0.11544828837654429,-0.007096826562407954,74.3232597948396,83.64682096480053,92.78162270296795,90.81712194263355,23.100684900661975,14.129691943056681,8.970992957605294,295.30746606775307,272.2067811670911,239.22448455810547,154.64947916030883,341.7855531525765,203.33146802662276,272.5585105895996,0.507979313602974,28.987922489941266,0.061172666837197305,1.4052717446858494,65.0,-0.02074138117935105
2021-05-07,346.2535705566406,372.2654113769531,333.99517822265625,354.5068359375,11094872192,-0.02074138117935105,0.1105266094231845,-0.020527758227052217,71.27347455719152,77.41001847031976,83.74042239695028,91.391250828141,25.45359976753275,16.394473507951894,9.059126259580857,303.1453282968127,277.69172852927994,242.1388098144531,156.14025243759156,349.8260946822113,199.4402917313629,274.6331932067871,0.547587861448395,29.650944680252383,0.0612115580027769,1.5152649057955359,64.0,0.0003325718461618021
2021-05-08,346.3687438964844,356.0328674316406,334.97576904296875,345.296875,6775459938,0.0003325718461618021,0.06079387577467149,0.00033262715430937284,71.29360791042748,77.44116318469358,83.81241537391519,86.77815349127782,27.01616969013952,18.51881274438942,8.497356945750099,309.7950845429161,282.77891485277655,245.04491027832032,157.63684101104735,359.71545029789627,196.87792891352956,278.2966896057129,0.5851220207292899,29.03709851656806,0.054843630061398516,0.9673216906678977,67.0,0.10950055799251769
2021-05-09,386.4507751464844,388.2327880859375,335.1734619140625,347.09002685546875,9835832552,0.10950055799251769,0.1372990548453754,0.1157206934987729,77.26537926926014,85.53711554779728,98.9285791283662,88.82713896641057,31.129955801126073,21.041041355736752,10.088914445389321,321.58826771269577,290.4583119115697,248.75779724121094,159.30386823654175,378.11680587977025,190.9297288492337,284.523267364502,0.6578972565738594,30.752971920518554,0.05742341616846096,1.3997397392514859,73.0,-0.07276521885514932
2021-05-10,359.3293151855469,412.96014404296875,339.1389465332031,387.8691711425781,13240769672,-0.07276521885514932,0.20544162246168693,-0.07018089160425955,67.09447954280799,66.65352771109558,68.25916165354528,83.66671871860889,31.83471499887696,23.199776084364796,8.634938914512166,327.394582708519,295.55986770964205,252.0158285522461,160.8291784286499,387.7834817693831,191.10184995669113,289.4426658630371,0.6795184504891231,33.82927374832192,0.06086176516466486,1.834758130303779,72.0,0.04903665920604454
2021-05-11,377.3887939453125,378.859130859375,345.298828125,359.2580871582031,8798204078,0.04903665920604454,0.08892766100319935,0.050258851689960915,69.93269741670807,71.53528025082599,78.36982105307206,81.85252061166119,33.46473016884681,25.2527669012612,8.211963267585613,335.08599982187184,301.621269653025,255.8220477294922,162.43992895126343,399.7244713099193,191.01917950795175,295.37182540893554,0.7065849679908361,33.81006153303999,0.06100916162384791,1.2099361044997499,61.0,-0.2192630764459363
2021-05-12,303.0848693847656,393.1324768066406,303.0848693847656,377.6705322265625,8782996412,-0.2192630764459363,0.2971036053520697,-0.19688958907273302,50.59593319813365,42.01248136935501,32.866608298068066,59.83186366822847,28.433064537425196,25.888826428494,2.5442381089311965,330.162748985394,301.7296844479688,258.13586578369143,163.65987535476685,400.4324693062513,195.31183306191278,297.87215118408204,0.6886197163076718,37.8270290965282,0.08071523982321102,1.2168809710965203,68.0,0.04460285163865181
2021-05-13,316.9093322753906,332.0284729003906,292.2806701660156,310.1023864746094,9777636796,0.04460285163865181,0.12542326364764358,0.0456125141406345,53.18933342668251,46.780030429994966,39.99536723702398,50.41059886272137,25.26965899368406,25.764992941532014,-0.4953339478479535,328.1237617992397,302.8541028055556,260.92095336914065,164.9510480117798,401.1246536446822,202.1747039602983,301.64967880249026,0.6595397365387199,37.964227213517255,0.07994825873314468,1.3497797272908605,31.0,0.02899875959668833
2021-05-14,326.2338562011719,338.0980529785156,308.7076721191406,317.5172119140625,6413801038,0.02899875959668833,0.09008991648387175,0.029423317574246655,54.908677902737274,50.01398805273769,41.252072154277634,38.038015896456564,23.247070701428584,25.26140849351133,-2.0143377920827454,327.83300709184465,304.58593639041607,263.9844067382812,166.298488407135,400.1714741124502,213.26769214731547,306.71958312988284,0.6093637062814762,37.351809616792806,0.07747147844148997,0.8742713783038268,26.0,-0.08459054756383123
2021-05-15,299.77252197265625,331.5926208496094,297.5908508300781,326.3979187011719,5642887118,-0.08459054756383123,0.1134252392306748,-0.08111155150064575,49.36719178388151,41.63727141650048,23.327304559080506,34.85824798346072,19.286622206914558,24.066451236191977,-4.779829029277419,323.51600938120026,304.2293871742857,266.2942837524414,167.50827075958253,395.99150068375593,225.06163194563865,310.5265663146973,0.5504516755738433,37.11252107413127,0.08071941540145056,0.7591524470905495,27.0,-0.010548319068020829
2021-05-16,296.6270446777344,323.7637939453125,280.37066650390625,299.8179626464844,5522282426,-0.010548319068020829,0.1462885067966409,-0.010492880649043523,48.73752865074184,40.69209262331194,19.34260892600706,27.973995213121743,15.712994887607351,22.39575996647505,-6.6827650788677,319.37924558066703,303.6662506930597,268.5302157592773,168.71269342422485,393.7454341295752,232.22981001104984,312.9876220703125,0.5160447657647016,37.56113581465091,0.07825363323525839,0.7400067100458321,20.0,-0.05138689429685105
2021-05-17,281.7693176269531,296.4105529785156,262.739990234375,296.0924377441406,6426443389,-0.05138689429685105,0.11949690983997972,-0.05008891575251739,45.76803363274984,36.16765440452595,12.667626087525349,18.445846524204313,11.548847167431347,20.226377406666312,-8.677530239234965,313.5931028185572,302.04425565112587,270.4650323486328,169.84771074295043,392.4702394923428,235.7167081394931,314.09347381591795,0.4990665022372253,37.29870143098723,0.07879602814847597,0.8507879507119858,27.0,0.044595381412692627
2021-05-18,294.61932373046875,318.0450744628906,279.4114685058594,281.10333251953125,7572089848,0.044595381412692627,0.13113059071568245,0.04560470320806287,48.680349200108445,42.60659444627963,21.221742015198235,17.743992342910225,9.179799187888023,18.017061762910654,-8.837262575022631,310.6740598819282,301.4942606940402,272.4679232788086,171.05163219451904,390.6501780376018,241.14818622021073,315.89918212890626,0.4732585592968869,37.394051754276084,0.07927822629093274,0.9807967926089787,21.0,-0.44118862695359534
2021-05-19,189.52017211914062,299.84759521484375,151.1724395751953,294.6055908203125,11449368854,-0.44118862695359534,0.7844819576577039,-0.3567286431879725,33.048376950507006,21.709986443814344,14.648408572857932,16.179258891860513,-1.1648835364514412,14.180672703038237,-15.345556239489678,292.03500022611473,293.1998837625662,272.32468475341796,171.72128175735475,402.0992377818279,223.09261707657046,312.5959274291992,0.572645402572627,45.34270203180268,0.1277986137512718,1.410886670007647,23.0,0.11339249824673998
2021-05-20,212.27613830566406,224.84767150878906,167.64004516601562,186.86627197265625,8294595618,0.11339249824673998,0.26949626462677645,0.12007147277292485,37.71221769148373,30.340244439119175,23.340935302784906,19.737028630280367,-7.4411261627331555,9.85631292988396,-17.297439092617115,279.76440608450696,287.2055322472401,272.62022552490237,172.5047243309021,407.8639217680735,211.43883854686797,309.6513801574707,0.6343426698802864,46.19019662544345,0.13000956953969758,0.9951759863591364,11.0,-0.16383706550897356
2021-05-21,180.19703674316406,219.23480224609375,157.61199951171875,210.93597412109375,6827729891,-0.16383706550897356,0.34197456211339566,-0.1511196775037812,34.1054513839041,25.683836568005333,11.087074248569888,16.35880604140425,-14.832627761954086,4.91852479151635,-19.751152553470437,264.4463492627619,279.27897702471597,272.1419158935547,173.13662210464477,417.46324310976274,192.1758682183622,304.8195556640625,0.7390843884691135,47.29252563322427,0.1340349370533216,0.8036784538605255,19.0,-0.06064026097284046
2021-05-22,169.5945587158203,184.3743133544922,163.06649780273438,180.5387420654297,5184597505,-0.06064026097284046,0.12563973580934323,-0.058838248502696144,32.982678985154564,24.248827462192537,7.037045218788264,13.821684923381028,-21.30043919643714,-0.32526800607434847,-20.97517119036279,249.85376610169396,271.1542052981311,271.26923919677733,173.7154967880249,426.3020555885221,173.38607459946613,299.8440650939941,0.8434917026280734,45.436474913119525,0.13431644140995821,0.602937025668782,12.0,-0.16694067709456412
2021-05-23,143.5193634033203,176.4557342529297,118.64244079589844,169.68450927734375,6847843143,-0.16694067709456412,0.40282573783833925,-0.1537501881542832,30.33751387122119,20.8985691701034,8.452404436758767,8.858841301372316,-28.205145340161067,-5.901243472891693,-22.303901867269374,233.4946272250211,261.6997725651822,270.1966622924805,174.1605980873108,435.96939639073946,148.60026913660434,292.2848327636719,0.9831817974848139,46.3205333805418,0.1351728626661994,0.7886793536274105,14.0,0.2484338670366929
2021-05-24,183.99412536621094,184.1439971923828,140.40377807617188,142.80264282226562,5615445186,0.2484338670366929,0.23772617212181646,0.28201603604628467,38.57263783609879,36.72908846677605,23.808399576207186,13.099283077251414,-30.064633298002946,-10.733921437913944,-19.330711860089004,225.87916540058876,255.9437986985917,269.7956866455078,174.78717622756957,437.1770643664405,135.1685639904931,286.1728141784668,1.0553360955789635,46.13622521880388,0.1487343158357604,0.6695910498496417,10.0,-0.0027006375875722084
2021-05-25,183.49789428710938,194.12405395507812,168.41075134277344,185.03749084472656,5221949811,-0.0027006375875722084,0.14012859772697148,-0.0026969941464918268,38.512526342272345,36.6242487126195,23.627616664625602,18.629473559197194,-31.21846556418342,-14.83083026316784,-16.387635301015578,219.35896984466885,250.57743540885227,269.04426361083983,175.38901014328002,431.28853156195555,123.80317833794672,277.54585494995115,1.1078722587280452,44.677445032625364,0.143017716402616,0.6536996942011722,22.0,0.08222830776804077
2021-05-26,199.22433471679688,204.08950805664062,180.01719665527344,183.976318359375,4409113332,0.08222830776804077,0.12083017586976345,0.08570365611433761,41.61773153367004,42.674292653500586,36.71899438773215,28.051670209521657,-30.512168353105494,-17.96709788115537,-12.545070471950122,216.26133367115008,246.77350202425558,268.2754522705078,176.08941358566284,423.0356673582294,116.62744146745425,269.8315544128418,1.1355537218674252,43.20564977324978,0.14525137952309375,0.5736031926389273,22.0,-0.031114079011982043
2021-05-27,193.12109375,208.4635009765625,181.08734130859375,199.2351837158203,4104509375,-0.031114079011982043,0.14175644481077693,-0.030635017431343448,40.757479439821665,40.90621405533828,33.93791218796679,31.428174413441525,-30.09795279929199,-20.393268864782694,-9.704683934509294,212.70129676020392,242.7992495594959,267.7494006347656,176.74974382400512,414.6407913859331,109.70906975908647,262.17493057250977,1.1630849714004659,42.07497190858685,0.14524008226267263,0.5594125544434089,27.0,-0.08535766948754728
2021-05-28,177.32066345214844,198.48675537109375,166.2047576904297,193.99053955078125,4842770593,-0.08535766948754728,0.18205434748655588,-0.08181618067214147,38.53665402519898,36.356608117566935,27.554906336050056,32.737270970583005,-30.69086151679616,-22.45278739518539,-8.238074121610772,207.25812240511846,237.94898392191462,266.7557534790039,177.33952772140503,405.3219852164085,102.12306788417743,253.72252655029297,1.195001963186469,41.37547374944951,0.14558675657399264,0.6688407721693235,21.0,-0.07926409729180456
2021-05-29,163.80810546875,188.60699462890625,158.0443878173828,177.3782196044922,4442221955,-0.07926409729180456,0.18657566867076628,-0.0762040797746334,36.69516439395194,32.72514587997341,22.01899703730605,27.837271853774308,-31.88356258455002,-24.338942433058318,-7.544620151491703,200.57350441490794,232.45706699945796,265.5946682739258,177.86738153457642,386.04861455562695,99.13217157718555,242.59039306640625,1.1827197250136012,40.60312611102622,0.14190188649912783,0.6372556857273807,18.0,0.04284055922309309
2021-05-30,170.9782257080078,180.2601776123047,156.3244171142578,163.80166625976562,3015850344,0.04284055922309309,0.13999303360957638,0.04377146185007108,38.37786015438443,36.64283157244565,26.246285693252958,25.273396355536363,-31.88269414180047,-25.84769277480675,-6.035001366993722,196.02038461384637,227.90307875564685,263.90182891845706,178.42469751358033,369.28149114269684,97.06418604236174,233.1728385925293,1.1674486048353008,39.41259999581341,0.1429725056895708,0.4668775905374383,10.0,0.09508486187833104
2021-05-31,188.03367614746094,188.15899658203125,164.00938415527344,170.66888427734375,3347105582,0.09508486187833104,0.128432379356446,0.09975217820180204,42.3062867735791,45.457315321019465,34.799558097837235,27.68828027613209,-30.15812943915654,-26.709780107676707,-3.4483493314798324,194.79166023440246,224.949789673559,262.5898132324219,179.06303899765015,343.7670339371769,103.64313146809656,223.70508270263673,1.0733949339375028,38.322386598023726,0.144792435754003,0.5409846596423038,18.0,-0.027240405375681297
2021-06-01,182.98069763183594,193.0040283203125,176.29721069335938,188.1175537109375,2965166592,-0.027240405375681297,0.09130371587372496,-0.026872731625277146,41.46293102321714,43.371679811066784,35.50575426082406,32.18386601730476,-28.866378976061924,-27.141099881353753,-1.7252790947081706,192.97458906477684,221.84096804083876,261.3595397949219,179.65065649032593,333.20782628565007,102.19192194433039,217.69987411499022,1.061166917438344,36.778417385804396,0.13813258315481486,0.5028970299166793,20.0,0.023138593550888844
2021-06-02,187.26397705078125,191.24441528320312,178.66116333007812,183.00299072265625,2808932742,0.023138593550888844,0.06719526174386833,0.023408367518433115,42.50913977011774,45.829625118214715,64.6122001659132,44.97250417485818,-27.18367607866665,-27.149615120816335,-0.03406095785031482,192.09603337031598,219.27970944898263,259.76518981933594,180.2681056213379,317.94517206042644,104.49004064709308,211.21760635375978,1.0105934590311854,35.05019128347015,0.1376439703510447,0.5063206213126245,23.0,0.030617362827452622
2021-06-03,193.086181640625,197.6842803955078,182.46522521972656,187.4100799560547,2854571398,0.030617362827452622,0.0788200121130739,0.03109089469068005,43.97490927293311,49.31820272616976,74.00536161146262,58.04110534606664,-25.09108425640457,-26.737908947933985,1.6468246915294138,192.24836387344044,217.339448129845,258.03194519042967,180.92213691711424,297.4768111118321,111.64363413963277,204.56022262573242,0.9084521642910193,33.63368156149237,0.1376786699265503,0.5315999404855445,24.0,-0.0764661081216409
2021-06-04,178.87200927734375,193.54904174804688,170.01918029785156,193.54904174804688,3123327190,-0.0764661081216409,0.1315457993973328,-0.07361568933885121,41.21234137101109,41.67399339891452,67.05506298890361,68.55754158875982,-24.29954504849627,-26.250236168046445,1.950691119550175,190.19046316634865,214.49000821484492,255.8775732421875,181.45986572265625,281.015036674545,116.01535730738857,198.51519699096679,0.8311690080566706,32.91198012497115,0.13750927631525317,0.5956233510297467,27.0,-0.03321294293436427
2021-06-05,173.02871704101562,185.43394470214844,168.1190948486328,178.7062225341797,2626658227,-0.03321294293436427,0.10006922636669162,-0.03266744897614482,40.09716792033517,38.790409986792014,60.54958173030451,67.20333544355692,-23.868606929545905,-25.77391032034634,1.9053033908004338,187.55019453168202,211.41880146122793,253.12589294433593,181.94574760437013,262.0359497781978,122.63461144006389,192.33528060913085,0.7247829825950092,31.797899391295754,0.13747020214678518,0.5151305634039668,24.0,0.02065298825821192
2021-06-06,176.63943481445312,180.02162170410156,172.51512145996094,173.1466522216797,2250385468,0.02065298825821192,0.04249617449255121,0.020867737073849923,41.15674472742168,41.698640383007294,53.240970127536734,60.28187161558163,-22.970935966338544,-25.21331544954478,2.2423794832062356,185.8716161136468,208.84255207998535,250.56348327636718,182.46047008514404,243.62295398023986,130.53461895677185,187.07878646850585,0.6044957697141471,30.062799452213245,0.13773976195574913,0.4601816111499268,17.0,-0.08816495196948801
2021-06-07,161.73280334472656,182.23959350585938,161.0727996826172,176.539306640625,2497621711,-0.08816495196948801,0.13087508152644872,-0.08439016737901639,38.15606706119976,33.93318797734031,10.37299819987609,41.38785001923912,-23.194988451822752,-24.809650050000375,1.614661598177623,182.157952610736,205.35294106255876,248.33616302490233,182.86071575164794,209.3506314920208,151.51828940641673,180.43446044921876,0.32051716696257326,29.427370478715314,0.1374918229847825,0.5386882462193926,15.0,-0.003541300773603562
2021-06-08,161.16107177734375,164.47744750976562,145.66819763183594,162.04898071289062,3333355082,-0.003541300773603562,0.11671087608498965,-0.003535037763268023,38.04150696178965,33.65275765424829,24.67202691968344,29.42866508236543,-23.15180601190133,-24.47808124238057,1.32627523047924,178.9276632517526,202.07946926365392,246.32100006103516,183.25360534667968,208.78032966431152,149.25268119994627,179.0165054321289,0.33252603339938486,28.66893329294491,0.09765993573034455,0.7878991423145191,13.0,0.06589598447803702
2021-06-09,172.13865661621094,173.04527282714844,152.84213256835938,160.8913116455078,3251347235,0.06589598447803702,0.11736550439006074,0.06811561078492678,41.66320044380554,44.01660406918469,42.15356495542424,25.732863358327933,-21.97843059733077,-23.97815111337061,1.9997205160398401,177.8832006924385,199.86163128976926,244.5449462890625,183.6822480392456,202.66105204224945,151.35821065306303,177.00963134765624,0.2898307905541306,28.064233790505206,0.09509373424825798,0.8172242573531183,14.0,-0.023128331599161563
2021-06-10,168.20306396484375,174.52015686035156,162.9648895263672,172.47857666015625,2639779895,-0.023128331599161563,0.06869831655622843,-0.02286292183714278,40.74368469959197,41.31713462774211,42.66467563210003,36.49675583573591,-21.122603340470505,-23.407041558790592,2.284438218320087,176.39394888819317,197.51655222866367,242.7328955078125,184.1097423171997,202.29498718045178,150.52487823702867,176.40993270874023,0.29346481883703,26.885021900753717,0.08809833544482273,0.7003689347591332,21.0,-0.0321550150781937
2021-06-11,162.88052368164062,173.48854064941406,160.8946990966797,168.2439727783203,2518234370,-0.0321550150781937,0.07731950553738251,-0.03164353940850684,39.47480617440892,37.67182710158776,33.09039269259585,39.30287776004005,-20.63596008956233,-22.85282526494494,2.2168651753826083,174.3149603948774,194.95092048443973,240.9289389038086,184.4789483642578,202.4731775180384,149.67528439602413,176.07423095703126,0.2998615574524301,25.864223304466623,0.08735208673531666,0.69262000570471,21.0,-0.005328876355851023
2021-06-12,162.01486206054688,164.25701904296875,154.3889923095703,162.97703552246094,2207409008,-0.005328876355851023,0.06090815748564252,-0.0053147030812948914,39.26064974485748,37.051549150007034,31.42617352210051,35.7270806155988,-20.088574878829093,-22.299975187721774,2.2114003088926815,172.42263757421117,192.51121245304026,239.342060546875,184.8429957962036,199.82558765963356,154.1724241201516,176.99900588989257,0.257928926266862,24.721637835104612,0.07829883791226826,0.6485154677717861,28.0,0.05357117858204937
2021-06-13,170.93087768554688,171.51971435546875,156.96461486816406,161.9825897216797,2041213335,0.05357117858204937,0.0851519613330541,0.05503208478286381,42.708202347954234,47.448864398305155,48.5670560170564,37.69454074391759,-18.71953308405145,-21.58388676698771,2.8643536829362617,172.1931360528782,190.91266913692965,238.26396270751954,185.28824954986572,199.08181605101979,153.60987096069894,176.34584350585936,0.2578566309605702,23.995456524547475,0.05529702215997979,0.6329194202892657,23.0,0.01173806163433778
2021-06-14,172.9490966796875,180.00091552734375,166.6953887939453,170.85440063476562,1960141206,0.01173806163433778,0.07693319588734887,0.011807223021772728,43.49009563322271,49.64530950641871,52.447046371789824,44.14675863698225,-17.27259645232496,-20.721628704055163,3.449032251730202,172.30943768777195,189.5820341400969,237.25028747558594,185.7986664199829,198.35479393071176,153.2820133202648,175.8184036254883,0.2563598558570508,23.23189011089397,0.055404659966390726,0.6401536053924369,28.0,0.03248402095027497
2021-06-15,178.659423828125,181.04803466796875,172.44073486328125,178.63372802734375,2459814443,0.03248402095027497,0.04817713849210633,0.03301738637590801,45.74621692905312,55.75033802178856,63.42504941439034,54.813050601078864,-15.486593262324021,-19.674621615708936,4.188028353384915,173.28635863244165,188.77295189476567,235.87535736083984,186.34634418487548,194.68253072734603,154.89778543476336,174.7901580810547,0.2276143332631661,22.18727651759351,0.052415007625069975,0.829751119752778,38.0,-0.07073266932278768
2021-06-16,166.4589385986328,177.2010040283203,164.9956817626953,175.3293914794922,2211208641,-0.07073266932278768,0.07332332146520876,-0.06828906624723796,41.89741226920517,42.812052787509046,39.96983214068008,51.94730930895343,-14.884075701430078,-18.716512432853165,3.832436731423087,172.23598631954798,187.12006202097805,234.0114904785156,186.81517406463624,191.76756608462256,155.1465345623501,173.45705032348633,0.2111244913595416,21.578452628153237,0.0541558303332984,0.7704946983293776,33.0,0.0035785933145542925
2021-06-17,167.05569458007812,173.25112915039062,163.58920288085938,166.6033172607422,2010202177,0.0035785933145542925,0.05783655740570883,0.0035850041245559794,42.15377216656463,43.559510206962976,44.668170210894544,49.354350588654995,-14.194794221281825,-17.812168790538898,3.6173745692570733,171.43901835962956,185.63381258091138,232.18250122070313,187.25427719116212,191.36746224823827,154.52014151152736,172.9438018798828,0.21305950451062144,20.727272173965954,0.050978288397804335,0.7368162303993777,26.0,-0.06619412289730114
2021-06-18,156.3556365966797,167.37890625,152.0054931640625,167.23403930664062,2163514007,-0.06619412289730114,0.09832336985454072,-0.06405084250671478,38.84431956117616,34.20691736550337,26.875991908178083,37.17133141991758,-14.346560715895151,-17.11904717561015,2.7724864597149974,169.11849808840648,183.46505880430163,230.1979086303711,187.598182220459,191.99325670187474,153.14910017068385,172.5711784362793,0.22509063728468323,20.344853667678205,0.0500237811675497,0.8275716954100588,25.0,-0.01976599062749659
2021-06-19,153.2954559326172,160.82736206054688,152.93783569335938,156.55419921875,1718599931,-0.01976599062749659,0.05146614633283999,-0.019571924176652877,37.927220275926615,31.920151458175056,20.855803062739728,30.799988393937465,-14.546089495806342,-16.604455639649387,2.0583661438430454,166.68418391059274,181.23027340639908,227.84047607421874,187.93748065948486,192.8505348529916,150.52354504202793,171.68703994750976,0.24653573050070857,19.455187431928866,0.048996823183344466,0.6741115964657272,23.0,0.011655151780889715
2021-06-20,155.09259033203125,156.2391815185547,144.31533813476562,153.0144500732422,1958671063,0.011655151780889715,0.07688209577428427,0.011723337710701776,38.84043187824369,34.901803810959066,28.417834686030922,25.38320988564959,-14.393286912640434,-16.162221894247597,1.7689349816071633,164.90086182158325,179.29414873422368,225.40565734863281,188.26866104125978,190.9845556896795,149.09541562379707,170.03998565673828,0.24634876264012706,18.917234285633167,0.04319416161493601,0.7897842712413717,21.0,-0.21741833206998698
2021-06-21,124.78646087646484,155.49322509765625,124.249267578125,154.97198486328125,2929287425,-0.21741833206998698,0.25037938651423014,-0.1954066882930079,30.65106398948825,18.747694870519197,0.9457833785196719,16.73980704243012,-16.5271267039073,-16.23520285617954,-0.2919238477277588,158.72941552233425,175.25654222624155,222.51929916381835,188.44709850311278,195.07474049258244,139.18580714535702,167.13027381896973,0.33440340920976747,19.797714516625888,0.06345594490808701,1.1820156559775965,23.0,-0.04242868057160004
2021-06-22,119.6026840209961,132.62332153320312,105.56629180908203,124.59527587890625,3728601207,-0.04242868057160004,0.22622426867419854,-0.041541180181402404,29.505117884637286,17.16251456775501,18.59574471956103,15.986454261370548,-18.424115842755953,-16.672985453494825,-1.751130389261128,152.70991836828222,171.13403421103817,219.01727264404298,188.64502655029298,197.00098894006544,130.4934293948955,163.74720916748046,0.40615995767687313,20.316237031446974,0.0628475869267024,1.4771434178969396,10.0,0.07311446775981223
2021-06-23,128.67498779296875,133.59461975097656,115.95838165283203,119.67530822753906,2863227875,0.07311446775981223,0.13706034405474593,0.07585368042727225,34.14556307299185,29.358305569185063,30.614947547102187,16.71882521506097,-18.97668292024065,-17.13372494684399,-1.8429579733966577,149.01223674131091,167.98891966155156,215.4660824584961,188.87280784606935,194.26361631426892,126.78968263592641,160.52664947509766,0.42032854917843204,20.124808536211084,0.06540155272544404,1.1341178325456678,14.0,0.04415997253809749
2021-06-24,134.48460388183594,137.175537109375,123.95979309082031,129.06080627441406,1897169523,0.04415997253809749,0.09826956868733182,0.045149536739918394,37.00526549217507,36.35835494783967,38.31166448662527,29.174118917762836,-18.72990219129204,-17.4529603957336,-1.2769417955584395,146.7772163013917,165.50711849268373,211.03503295898437,189.12745418548585,192.7573546248539,123.85720378579063,158.30727920532226,0.4352304656168132,19.631303927807057,0.065510535749816,0.7701670559383722,22.0,-0.06764911323719988
2021-06-25,125.687744140625,138.11972045898438,124.58116912841797,134.59622192382812,1912813174,-0.06764911323719988,0.10771576356258632,-0.06541164926908838,34.55816716727928,30.941912081966976,26.65737643228518,31.86132948867089,-19.024853084533845,-17.76733893349365,-1.2575141510401942,143.5326821228122,162.55753520734604,206.47858093261718,189.3377725982666,192.46226071248932,119.41820040811612,155.94023056030272,0.4684106214408011,19.19610731371844,0.06648022850353859,0.7879344467711441,27.0,0.007684065110499492
2021-06-26,126.65725708007812,129.3040771484375,119.02980041503906,125.3934326171875,2064657166,0.007684065110499492,0.08111873705667415,0.0077136633017169665,35.0678014428631,32.239859124905635,27.94181012808051,30.97028368233033,-18.961792460598417,-18.006229638914604,-0.955562821683813,140.9364628854685,159.89825534606692,202.08665466308594,189.58731559753417,190.78658460208734,116.09565874508061,153.44112167358398,0.4867725485994367,18.558833700838438,0.06616658541275319,0.8537485395027686,20.0,0.043949274103380766
2021-06-27,132.34788513183594,132.47605895996094,125.09052276611328,126.89379119873047,1804264433,0.043949274103380766,0.055803960799907674,0.04492934856594877,38.11419155791937,39.96648015172917,35.48088889895157,30.026691819772427,-18.24234395098634,-18.05345250132895,-0.1888914496573868,139.61514323106348,157.85748718204982,197.80623748779297,189.8620001220703,190.1986124237447,113.74513910213422,151.97187576293945,0.5030764602844677,17.760741021767668,0.0652374433013906,0.7569253397687162,22.0,0.037250250956295416
2021-06-28,137.370849609375,139.47433471679688,130.3041534423828,132.5926971435547,1877529989,0.037250250956295416,0.06675492872389016,0.03795273700471702,40.75630893785484,46.2751424474058,42.13543115949463,35.18604339550891,-17.07009118369757,-17.856780237802678,0.786689054105107,139.26986728926525,156.33995847296282,192.82463897705077,190.17470657348633,189.27097826032997,112.29375104875207,150.78236465454103,0.5105187691408155,17.14712961124241,0.06608300888256553,0.8124725174755684,25.0,0.045063852841072886
2021-06-29,143.70291137695312,149.09628295898438,137.42349243164062,137.61309814453125,2182136698,0.045063852841072886,0.08122862936801861,0.04609465389188361,44.00197241497032,53.46693221340438,53.23762514903925,43.617981735828494,-15.45200683830896,-17.375825557903937,1.9238187195949763,139.95187407198648,155.40388091029544,188.5121109008789,190.5327844619751,186.67133926759342,112.04981551756285,149.36057739257814,0.49960655651387825,16.759865592554338,0.06501269403853253,0.9666491152331634,25.0,0.003008091836633349
2021-06-30,144.13583374023438,146.67156982421875,136.4293212890625,144.05044555664062,1889869747,0.003008091836633349,0.07105969604765403,0.0030126206848073434,44.22694798034056,53.95854415759726,56.98402100999517,50.785692439509695,-13.973650574756363,-16.695390561274422,2.7217399865180596,140.59556017479383,154.5692107495502,183.84705169677736,190.86992916107178,184.49937274068378,111.81505902201157,148.15721588134767,0.4905890900169301,16.294321517025903,0.06497701196117735,0.8513201853291466,28.0,-0.046568532748936284
2021-07-01,137.57752990722656,144.1366424560547,134.40602111816406,144.1366424560547,1681324823,-0.046568532748936284,0.07072827477315757,-0.04550085612178423,41.506473516719886,45.468669331494524,51.78754917208957,54.00306511037468,-13.179319898255528,-15.992176428670644,2.8128565304151163,140.13124782593735,153.31056772419288,180.53690490722656,191.14781360626222,182.85566922117343,110.92846316408045,146.89206619262694,0.48966025137648495,15.82548578994481,0.06534119271564624,0.7719287935146179,28.0,-0.004617755623304388
2021-07-02,136.94369506835938,138.78770446777344,130.9354705810547,137.2992706298828,1418980649,-0.004617755623304388,0.057339141336876315,-0.004607110182125007,41.242432611043945,44.676081318673255,56.78030323425667,55.18395780544714,-12.457351692721431,-15.285211481480804,2.8278597887593726,139.6408550940023,152.09820678672372,176.93759216308592,191.42071628570557,181.1511722781744,110.12584340786074,145.63850784301758,0.4876823439228808,15.255967796857234,0.06534316905781526,0.663490099549727,21.0,0.02406838464343421
2021-07-03,140.27969360351562,141.35601806640625,134.94528198242188,136.9305877685547,1236493834,0.02406838464343421,0.04569967269891237,0.024360366013864265,43.28732263385684,50.02520690416968,68.5048790259624,59.024243810769555,-11.483623424125597,-14.524893870009763,3.041270445884166,139.73913794161973,151.22276136574533,173.2185089111328,191.71511138916014,177.71483091709044,110.49706636074157,144.105948638916,0.4664468413082333,14.62416553165203,0.0641932791294862,0.5892484115355797,24.0,0.03244600266747908
2021-07-04,144.90585327148438,147.8360595703125,137.09642028808594,140.3179931640625,1431656519,0.03244600266747908,0.07411459951245453,0.03297811357532665,46.08927514204204,56.78516865674628,78.79426768518387,68.02648331513431,-10.22082502451454,-13.664080100910718,3.443255076396179,140.53401722313737,150.7548422476519,170.12117553710937,191.97569221496582,173.61390236417242,111.7936705728393,142.70378646850585,0.43320666760987864,14.346699370978783,0.06472513426264573,0.6909535295415028,27.0,-0.048299958905694114
2021-07-05,138.0732421875,144.84933471679688,134.96026611328125,144.84933471679688,1338245545,-0.048299958905694114,0.07162190477200875,-0.04715207101526342,42.73129989634346,46.05146587029784,74.67713528007666,73.99209399707432,-9.660028016994517,-12.863269684127477,3.2032416671329607,140.15543644842393,149.81546446541844,166.9500994873047,192.16126056671143,166.84105339026735,114.50790138268188,140.67447738647462,0.37201596892242744,14.032334212923379,0.06453057813209459,0.6638377209901236,29.0,0.006586344232907625
2021-07-06,138.9856414794922,142.7035675048828,135.92483520507812,137.95167541503906,1504907480,0.006586344232907625,0.04877289644919841,0.0066080818957896525,43.32511492165587,47.594710582193,69.48919188912227,74.32019828479427,-9.037787363684629,-12.098173220038909,3.06038585635428,139.9754679916652,149.01325535534983,164.09442596435548,192.30926624298095,162.64057740851453,115.96104765252065,139.3008125305176,0.3350987615077082,13.514219790557759,0.06318459208141636,0.7598210932550779,20.0,-0.01168376309089922
2021-07-07,137.3712158203125,142.90057373046875,137.18386840820312,138.9601593017578,1594183502,-0.01168376309089922,0.04161501583958697,-0.011615772981973138,42.48566636557406,44.9408602204098,61.002863831728696,68.38973033364255,-8.576068245001096,-11.393752225031347,2.8176839800302513,139.5748138114571,148.1508820564582,160.94946380615235,192.39332778930665,157.37703119855414,118.25614598650442,137.81658859252929,0.2838619473285262,12.957254471394036,0.06311656654721655,0.8134391407089002,28.0,-0.03755053240979411
2021-07-08,132.30850219726562,137.67222595214844,128.44664001464844,137.5182647705078,1654154836,-0.03755053240979411,0.06972783898456573,-0.036854253584456376,39.87638937355665,37.32630061656414,44.16446706999513,58.218840930282035,-8.520452720292639,-10.819092324083606,2.298639603790967,138.4569197169661,146.97737243725874,159.80523040771484,192.48154033660887,154.33870115044832,118.8897625946689,136.6142318725586,0.259482032507771,12.690706718973033,0.062085705033622283,0.8551526034850684,20.0,0.016960023004692334
2021-07-09,134.57159423828125,135.73353576660156,126.36164855957031,132.1701202392578,1578256301,0.016960023004692334,0.06964238820294255,0.017104660724232668,41.602912796874705,42.41469458418965,51.69142682562295,52.286252575782264,-8.199248568371189,-10.295123572941122,2.0958750045699333,137.85917733562997,146.05842590400115,158.25113952636718,192.62937133789063,151.67281317474664,119.68326440093693,135.67803878784179,0.23577543616938182,12.453648182405763,0.062273117157705546,0.8188858100481234,20.0,-0.00435141614805193
2021-07-10,133.98728942871094,136.7248077392578,130.92250061035156,134.65133666992188,1301165252,-0.00435141614805193,0.04330490715683458,-0.004341962454094905,41.273364387276004,41.40217691844418,37.06096616444456,44.30562002002089,-7.900765373545227,-9.816251933061944,1.915486559516717,137.26350227302703,145.16426764657226,157.32694458007813,192.7309059524536,147.91055891449702,121.33498857085453,134.62277374267578,0.19740768671458414,11.978552392870084,0.062130018263233555,0.6868314254964707,20.0,0.0019277634193778346
2021-07-11,134.24583435058594,136.4457244873047,132.24530029296875,133.98126220703125,1267259648,0.0019277634193778346,0.031289046804733156,0.0019296227498695195,41.49420330679171,42.11550911030004,34.67918442189166,41.14385913731973,-7.556249140257961,-9.364251374501148,1.8080022342431867,136.79924566957456,144.35549480983252,156.61997009277343,192.8930498123169,147.59967155117414,122.59181328158951,135.09574241638182,0.18511211250838172,11.4229718072605,0.03761195957615212,0.6996236006564972,20.0,-0.00528563599057501
2021-07-12,133.5381317138672,139.66526794433594,132.155029296875,134.29124450683594,1658972857,-0.00528563599057501,0.05624040527654799,-0.005271691595811978,41.03927842238945,40.53952935246533,31.56630112548383,34.43548390394002,-7.256672824340882,-8.942735664469094,1.686062840128212,136.29753583023495,143.55420865457583,156.42034545898437,193.00291347503662,146.13101253113356,125.45401707091722,135.7925148010254,0.15226903699746647,11.143490867274817,0.03610357595396437,0.9713732181973153,25.0,-0.016736208493210253
2021-07-13,131.32180786132812,134.52394104003906,129.7334442138672,133.48373413085938,1326935445,-0.016736208493210253,0.036479065466647365,-0.016596936201623613,39.57592110153097,35.66354516224928,23.097999285179846,29.781161610851782,-7.116065672479124,-8.5774016660711,1.4613359935919767,135.5320392196339,142.64810489211303,155.3668991088867,193.02460453033447,145.95880242164029,125.89090918724644,135.92485580444335,0.14763961392952116,10.689705578624608,0.03267614142921975,0.8135473243948695,20.0,-0.0019757357497356357
2021-07-14,131.06260681152344,132.31178283691406,124.23351287841797,131.39901733398438,1509497526,-0.0019757357497356357,0.06163672579863433,-0.001973785268615802,39.3989819714303,35.08772205874703,28.93371644277133,27.86600561781167,-6.945485615335656,-8.251018455924012,1.3055328405883557,134.84443423377076,141.7899198491064,154.318193359375,193.03262157440184,145.99467446495666,125.5128374368988,135.75375595092774,0.15087491969991332,10.503174462901143,0.031058676854201005,0.9366073420916188,21.0,-0.04343660325578235
2021-07-15,125.49156188964844,133.01707458496094,122.33609771728516,131.13238525390625,1512389053,-0.04343660325578235,0.08511310805955341,-0.042506745878223895,35.70413882613197,24.975850351257222,12.37438781497105,21.46870118097408,-7.177103278118295,-8.036235420362868,0.8591321422445723,133.40553079621347,140.58263407433176,152.84353790283203,193.02249454498292,146.02371501540824,125.46417866134959,135.74394683837892,0.15145821845402427,10.51587463467076,0.028719713772529513,0.9502055680127637,20.0,-0.03610874494887378
2021-07-16,121.04105377197266,127.78345489501953,120.7690658569336,125.62896728515625,1434977465,-0.03610874494887378,0.05795049546825852,-0.03546460057282064,33.038570184686435,19.68782197276242,1.0048693176613182,14.104324525134572,-7.631806045775477,-7.95534954544539,0.32354349966991336,131.5033035617149,139.13510960749036,151.40193710327148,192.97744812011717,146.9557274657061,123.97054588024118,135.46313667297363,0.16967849815078676,10.265768520628987,0.029747784074522818,0.9197629674693534,22.0,-0.008412418750891637
2021-07-17,120.0270767211914,122.89361572265625,118.07868194580078,120.94344329833984,1380666904,-0.008412418750891637,0.04011539652873481,-0.008377133370727763,32.44426104821487,18.638863627884376,6.547602413008649,6.6422865152136765,-7.981969562426457,-7.960673548841604,-0.02129601358485278,129.73773020163435,137.7196997640608,150.25606536865234,192.93237949371337,148.1239577364056,121.57023476847723,134.84709625244142,0.19691727672220904,9.876423181788022,0.027699837837356498,0.8971310356854959,15.0,-0.004300435574828784
2021-07-18,119.51201629638672,123.98239135742188,117.39049530029297,120.080810546875,1339676386,-0.004300435574828784,0.05515676382516361,-0.004291201942717593,32.12811255613036,18.06836287949922,7.726185961154015,5.092885897274665,-8.206439023178149,-8.009826643708914,-0.1966123794692347,128.16454344698087,136.37098247015902,149.37014358520508,192.88260917663575,148.74755652284955,119.16075265073444,133.954154586792,0.22087261095694602,9.641814101455228,0.025871046334020507,0.8859780701708831,19.0,-0.05457173520378539
2021-07-19,113.16480255126953,120.73291015625,111.98568725585938,119.38440704345703,1252109735,-0.05457173520378539,0.07729632096894862,-0.05310941896734689,28.449099139503204,12.546981230265189,3.8140696275193258,6.029286000560668,-8.795115178384094,-8.16688435064395,-0.6282308277401434,125.85689100148682,134.6520061798709,148.2138751220703,192.8249815750122,149.0690867770884,115.78541151392722,132.4272491455078,0.2513355482193086,9.577914729950615,0.024900087651120558,0.8543405744810474,24.0,-0.05228982015248721
2021-07-20,107.39948272705078,114.93824768066406,104.32588958740234,113.24037170410156,1447927552,-0.05228982015248721,0.09881200378061762,-0.05094622792812953,25.583407174678598,9.477794448175203,7.967902285989034,6.502719291554129,-9.6160110104246,-8.456709682600081,-1.1593013278245188,123.01728972849666,132.63330073892126,146.6011912536621,192.730827255249,149.59871380643335,111.58214938326392,130.59043159484864,0.2911129395843811,9.651803541615694,0.026189063291233057,1.0030748320203973,19.0,0.08954156721429302
2021-07-21,117.45989227294922,118.8583755493164,105.37126922607422,107.33421325683594,1535044626,0.08954156721429302,0.11482307758210197,0.09367279329888722,37.427950186498954,39.57100336409978,37.165347259058336,16.315773057522236,-9.347039051690388,-8.634775556418143,-0.7122634952722446,122.16230550456629,131.50934455625668,145.29077514648438,192.63340229034424,149.12900936815797,110.0400900581116,129.58454971313478,0.3016479927319938,9.925753740303302,0.03399582751606957,1.0688422834348479,10.0,0.027507705180813025
2021-07-22,120.73579406738281,121.90778350830078,115.81658935546875,117.63249969482422,1244645331,0.027507705180813025,0.05045060745972754,0.027889535151464084,40.73576441648228,46.346947428321,46.43518149707589,30.522810347374428,-8.768461572764991,-8.661512759687513,-0.10694881307747828,121.94284220653806,130.71130377930305,143.9602114868164,192.4361283493042,148.3748595963794,109.17344972979248,128.77415466308594,0.30441985792219134,9.651856626912496,0.03490606265303289,0.8719311379184255,21.0,0.028686298753492025
2021-07-23,124.2494125366211,124.46802520751953,117.28687286376953,120.74201202392578,1105582289,0.028686298753492025,0.05779626798342759,0.029101713343412605,44.14628891683111,52.94879771282204,56.377683693210045,46.65940414978143,-7.934945988337034,-8.516199405417417,0.5812534170803829,122.29769918039699,130.23264516873402,142.58347610473632,192.28333877563477,146.92619193321224,109.01908928627019,127.9726406097412,0.29621255345149594,9.475377749543744,0.03513204489007554,0.7780789623431511,23.0,0.015487270099575944
2021-07-24,126.18867492675781,127.74347686767578,123.61669158935547,124.21847534179688,1149988053,0.015487270099575944,0.03270329354607752,0.015607819389609867,45.99360138402168,56.40306512371861,61.86522331699699,54.89269616909431,-7.03678098379325,-8.220315721092584,1.1835347372993343,122.89631083368326,129.9330918174765,141.5298094177246,192.12130828857423,144.32907907086428,109.7444843141455,127.03678169250489,0.27224079747573815,9.093335430170642,0.03434951455456565,0.817432549738997,22.0,0.011106307091323679
2021-07-25,127.59797668457031,128.01429748535156,123.86831665039062,126.11593627929688,1152966295,0.011106307091323679,0.03249252803757261,0.011168211082575263,47.35626030006118,58.95771269186672,65.853130924138,61.365345978115016,-6.140476284638083,-7.8043478338016845,1.6638715491636011,123.61964404151203,129.76012032615012,140.6211946105957,191.91421356201172,143.05473938769134,109.97129744702545,126.5130184173584,0.2615022734777043,8.739952959084235,0.033129353480286484,0.8249820404745891,27.0,0.029076070184432985
2021-07-26,131.36248779296875,140.26858520507812,127.19208526611328,127.65141296386719,2122247682,0.029076070184432985,0.0995451605604014,0.029502905972439653,50.91869810836543,65.29518593437508,75.22139823110662,67.64658415741388,-5.067963440075744,-7.257070955056497,2.189107514980753,124.81085077250538,129.87881421258112,139.71565567016603,191.72294624328615,141.83656109228934,110.4271603737751,126.13186073303223,0.24902035485700683,9.049706314789992,0.0338788236443634,1.485718033103147,26.0,0.0244796186719519
2021-07-27,134.6178741455078,134.9468536376953,127.62014770507812,131.23289489746094,1709997405,0.0244796186719519,0.054425951821953346,0.02478170448225403,53.828435454371544,69.97294703072994,84.27855517661446,75.11769477728636,-3.9102320899730785,-6.587703182039814,2.6774710920667353,126.31962359912114,130.22985568909422,139.17335708618165,191.52963623046875,141.34670708006342,110.64168021852055,125.99419364929199,0.2437019196853713,8.926634858920506,0.03434275288519446,1.1922813724137613,32.0,0.0380344587238751
2021-07-28,139.83660888671875,141.8950958251953,132.92088317871094,134.7672119140625,1844085027,0.0380344587238751,0.06417641787748414,0.03876702684793565,58.115306538529744,76.01847891134662,94.52081333460323,84.67358891410811,-2.5423072398533293,-5.778623993602517,3.236316753749188,128.3991597972131,130.94146703706642,138.74686782836915,191.34139961242676,142.66419705699593,110.07700091053337,126.37059898376465,0.2578700774430069,8.930033272317925,0.034269079392389074,1.2773152775616625,50.0,0.010561282373869435
2021-07-29,141.3212890625,142.80491638183594,137.14625549316406,140.29916381835938,1579482162,0.010561282373869435,0.04004110722602669,0.010617249571490905,59.273796122669026,77.52065204919134,96.14432213355624,91.64789688159134,-1.3231630584737957,-4.887531806576773,3.5643687481029778,130.3871796841803,131.7103427426541,138.1305204772949,191.19243186950683,143.92084400631813,109.49532344363303,126.70808372497558,0.2716915886551242,8.696363816343206,0.03415929165221702,1.0939902539867807,50.0,0.031028560550805162
2021-07-30,145.7750244140625,145.79518127441406,136.22012329101562,141.47171020507812,1614166297,0.031028560550805162,0.06568380298260995,0.03151496410135923,62.614345961563366,81.56252758766828,99.95139328517185,96.87217625111045,0.0023693972441947153,-3.90955156581258,3.9119209630567746,132.75454041185446,132.75217101461027,137.6819596862793,191.22504585266114,146.19196405980637,108.40297688867999,127.29747047424317,0.2968557586442571,8.75912768541858,0.03470051446676055,1.1060244863178659,53.0,-0.005791473240019132
2021-07-31,144.93321228027344,146.59869384765625,142.05093383789062,145.654296875,1337306944,-0.005791473240019132,0.03137831514402038,-0.005774734987510355,61.586087954277986,78.45195348007078,96.06015830620268,97.38529124164359,0.9737118701427221,-2.9328988786215198,3.906610748764242,134.6281822377651,133.65447036762237,137.32301345825195,191.2865323638916,148.04093665593422,107.62274208552084,127.83183937072754,0.31618253143644287,8.458315708586225,0.034770164318309094,0.9141271089750567,60.0,-0.029390542836974027
2021-08-01,140.73553466796875,149.69740295410156,138.77186584472656,144.50985717773438,1520253711,-0.029390542836974027,0.0776316879397314,-0.02896284120293402,56.59510903284466,64.20668029921197,80.24780832479252,92.08645330538904,1.388781270205385,-2.0685628488561387,3.4573441190615237,135.56777491933488,134.1789936491295,136.89742691040038,191.25310333251954,149.040649611249,107.34276942561625,128.19170951843262,0.3252775108645932,8.634545808642565,0.035512622157322773,1.044132236266606,60.0,0.005456156600072341
2021-08-02,141.50550842285156,145.86026000976562,139.091552734375,140.5424346923828,1446142148,0.005456156600072341,0.04783352500429979,0.005471068530768619,57.27901423547656,65.54551337773886,81.94485058269512,86.08427240456346,1.7595739342313834,-1.3029354922386345,3.062509426470018,136.48127238141439,134.721698447183,136.30891952514648,191.20020797729492,150.314158310892,107.08763078212556,128.70089454650878,0.3358681202728208,8.501271627695997,0.03522134854999859,0.9891819836428036,48.0,-0.022979585212857825
2021-08-03,138.2908477783203,143.14199829101562,136.130859375,141.468505859375,1337812400,-0.022979585212857825,0.05069850267498868,-0.022717565417489594,53.48961303339427,55.444028197875326,74.26674916930799,78.81980269226521,1.7735887172038929,-0.687630650350129,2.4612193675540217,136.759668596323,134.9860798791191,135.61575454711914,191.1704744720459,151.05977461976417,107.06483856993307,129.06230659484862,0.3408813712584547,8.394833576861684,0.035710309068023194,0.9204877594588201,48.0,0.030846054064383985
2021-08-04,142.623046875,144.43251037597656,135.9945526123047,138.48631286621094,1391008967,0.030846054064383985,0.059162652520438765,0.03132672310769391,57.56404431915969,64.13443331917084,79.11987544659485,78.44382506619932,2.1099456549692945,-0.12811538928624433,2.238061044255539,137.66172679304253,135.55178113807324,134.89502700805664,191.16226257324217,152.61651097521911,107.2212507130133,129.91888084411622,0.3494123407410931,8.397913875919555,0.034503519001932076,0.9611032736736353,42.0,0.005683648302034798
2021-08-05,143.43597412109375,145.00405883789062,136.4845733642578,142.62791442871094,1601656842,0.005683648302034798,0.05939573754656806,0.005699830875203649,58.30221699536096,65.6031655972792,80.68088113475324,78.02250191688536,2.4142771027078425,0.38036310911257304,2.0339139935952693,138.55007253581965,136.1357954331118,134.43456771850586,191.1672883605957,154.0808986337097,107.99635508943481,131.03862686157225,0.35168670985050904,8.406597561470502,0.03302765413546968,1.1003123512263955,50.0,0.02997766772402924
2021-08-06,147.8009490966797,150.55557250976562,142.0043182373047,143.54800415039062,1830070393,0.02997766772402924,0.05785655859941321,0.03043152181544695,62.113117508945884,72.62558363591265,89.77454400862322,83.19176686332378,2.973403424741093,0.8989711722382772,2.074432252502816,139.9732843144135,136.9998808896724,134.0494728088379,191.14557266235352,155.9895073609746,108.86513359971875,132.42732048034668,0.35585084399747796,8.416930183684105,0.03310921992249097,1.2381164020321067,52.0,0.05312238476616079
2021-08-07,155.86477661132812,156.3384246826172,147.3045196533203,147.8987579345703,2107022706,0.05312238476616079,0.05795988821659337,0.05455869914186895,67.94211272209067,80.99028005039347,98.541279656911,89.66556826676249,4.02084871041157,1.5233466798729358,2.4975020305386346,142.41812928316958,138.397280572758,134.03965560913085,191.1574594116211,159.1138803126497,109.37603667953778,134.24495849609374,0.37050064442128905,8.460999815513588,0.03423722408804975,1.3894205675744176,69.0,-0.039369152609754515
2021-08-08,149.8477325439453,157.43844604492188,147.36541748046875,155.95895385742188,1780747563,-0.039369152609754515,0.06722176167396489,-0.03860425811527135,60.46650750494918,63.97298024268267,74.90371302356871,87.73984556303431,4.315682969189396,2.0818139377362277,2.2338690314531684,143.56114516944277,139.24546220025337,133.9707011413574,191.15704093933107,159.84508100041836,112.3131289910367,136.07910499572753,0.34929647730174307,8.576144726152126,0.03278970060956938,1.1541504007796088,74.0,0.10547388522603045
2021-08-09,166.516357421875,170.38600158691406,145.44422912597656,149.81851196289062,2544061454,0.10547388522603045,0.14978571983619993,0.11123708443864055,70.2364719734685,78.5435990449138,90.95155640822449,88.13218302956807,5.827187772235476,2.8308887046360773,2.9962990675993986,147.09271628520156,141.26552851296609,134.1991764831543,191.33895523071288,162.5009813536992,115.56891610723832,139.03494873046876,0.3375558855884697,9.745118135779652,0.03490179343659132,1.5923130132102352,65.0,-0.006361543082127869
2021-08-10,165.46041870117188,168.17385864257812,159.07925415039062,166.4677276611328,2379906344,-0.006361543082127869,0.05496543864434865,-0.0063413513065738725,69.07193561114684,76.26401781593643,86.85288317502365,84.23605086893896,6.860774055907967,3.6368657748904556,3.2239082810175117,149.9185166568893,143.05774260098133,135.01265563964844,191.47990005493165,165.3970004693217,117.47294963443808,141.4349750518799,0.33884158297694444,9.69865287552307,0.031550454763482616,1.4512000116202524,71.0,0.03255688322625934
2021-08-11,170.93594360351562,176.01881408691406,164.40505981445312,165.40869140625,2419719473,0.03255688322625934,0.06794214269761155,0.0330926571159762,71.69287984179692,79.80915191921314,87.30052649035657,88.3683220245349,8.029172429275292,4.515327105767423,3.5138453235078684,153.15196695637027,145.12279452709498,136.03932083129882,191.64582481384278,169.19074103150746,118.69922402586559,143.94498252868652,0.3507695518013593,9.835445832447204,0.03165786861781944,1.4244442857388335,70.0,-0.03454962437280837
2021-08-12,165.1310272216797,179.57052612304688,161.1070556640625,170.87928771972656,2386820701,-0.03454962437280837,0.11181103133451802,-0.03395960065192838,65.36836050264608,67.36472258739931,66.86362291410973,80.33901085983,8.390013467074454,5.29026437802883,3.0997490890456234,154.9948993048794,146.60488583780494,136.76844161987304,191.76409339904785,171.1450140633845,120.83311246249438,145.98906326293945,0.3446278815439336,10.451733305771288,0.033569754102124656,1.3540146843707133,70.0,0.10430898613025275
2021-08-13,183.2860870361328,184.30398559570312,164.28289794921875,165.51177978515625,2604958786,0.10430898613025275,0.10923408301328098,0.10994335903985464,73.3012136989976,79.199230370849,97.89296107052195,84.01903682499609,10.025377872576342,6.237287076938333,3.788090795638009,159.34738972507225,149.3220118524959,137.74447128295898,191.99330284118653,177.12861588524282,120.55925185157359,148.84393386840821,0.3800582433119631,11.135258615822224,0.03915634301210934,1.4191926119270295,70.0,-0.00314108448774297
2021-08-14,182.71127319335938,184.938720703125,175.77862548828125,183.3824005126953,2425228534,-0.00314108448774297,0.05013426404811826,-0.0031361564430153477,72.73314228736093,78.15238758337725,95.44900322826533,86.73519573763235,11.146542865240292,7.219138234598725,3.9274046306415666,162.94183333557794,151.79529047033765,138.88494186401368,192.2330828857422,181.74540565819308,121.45379172950227,151.59959869384767,0.39770299161839145,10.994175515752334,0.039429713719131336,1.2770175995064992,76.0,0.011931212253135608
2021-08-15,184.904296875,186.36778259277344,175.61293029785156,182.9389190673828,2463135987,0.011931212253135608,0.05816442601218958,0.012002673088046478,73.57456588071858,79.36633472719546,97.09471535110836,96.81222654996522,12.072864416828793,8.18988347104474,3.8829809457840536,166.3206738801044,154.24780946327562,140.0498826599121,192.5428570175171,186.21467400921506,122.33870428668337,154.2766891479492,0.41403513437649364,10.977080999978728,0.03936143052753522,1.285441360091187,71.0,-0.03326579457901229
2021-08-16,178.8544921875,188.8373565673828,176.99046325683594,184.7760009765625,2512505149,-0.03326579457901229,0.06623760558458507,-0.03271857274138856,67.39588597879774,67.32635584125629,81.10837496744251,91.21736451560541,12.178426917596653,8.987592160355122,3.1908347572415305,168.2489536197037,156.07052670210706,140.9800148010254,192.76969478607177,188.79929181784578,124.17774828225188,156.48852005004883,0.41294750257032503,11.039210450733595,0.04087976221340407,1.2843118476830366,72.0,-0.0576054486084193
2021-08-17,168.84263610839844,184.22093200683594,168.340576171875,178.15264892578125,2207382233,-0.0576054486084193,0.09405418086913551,-0.05597766070424304,58.622095589455085,52.07417807403781,62.161885890873684,80.12165873647486,11.323680506844312,9.45480982965296,1.8688706771913512,168.34028938719518,157.01660888035087,141.60945053100585,192.93884510040283,189.72938736578615,126.14825545647946,157.9388214111328,0.40256810416355926,11.385006549606976,0.04345826898715189,1.117962217402255,72.0,-0.008601248129411262
2021-08-18,167.3966064453125,174.30966186523438,163.58016967773438,168.67343139648438,1933140312,-0.008601248129411262,0.06409623477645147,-0.008564363222554605,57.45862244093582,50.159442336199405,59.04563461529494,67.43863182453705,10.40960980726976,9.645769825176322,0.7638399820934385,168.1951073961363,157.78549758886655,142.08332443237305,193.10882801055908,190.33120779051802,128.15396677002883,159.24258728027343,0.39045610902474676,11.338184095170762,0.043642737174679425,0.9703777498327664,73.0,0.04723559638522581
2021-08-19,175.493408203125,175.54293823242188,162.9866943359375,167.04376220703125,1886756817,0.04723559638522581,0.07154823662636456,0.04836897192690515,62.00571962410966,59.812421197096626,71.50740408894681,64.23830819837183,10.220728233499557,9.76076150684097,0.4599667266585872,169.31792290490378,159.09719467140422,142.71047592163086,193.33844097137452,191.94089644713634,129.5161164923168,160.72850646972657,0.3883864867902405,11.425188366693163,0.044230225796441314,0.9406590229025708,70.0,0.04531334774130699
2021-08-20,183.62852478027344,184.08155822753906,174.3670196533203,175.4324951171875,1821956870,0.04531334774130699,0.05290321090278861,0.046355681734395526,65.944362951095,67.24798006207206,87.99618258872246,72.84974043098808,10.605223727628783,9.929653950998533,0.6755697766302493,171.51955396265296,160.91433023502418,143.6314958190918,193.59682392120362,194.5101545171174,130.8163896723357,162.66327209472655,0.39156820113448715,11.302999095802134,0.04478659009169447,0.8975093464233727,70.0,-0.021424915383386794
2021-08-21,179.73614501953125,184.413818359375,177.05250549316406,183.65145874023438,1735474978,-0.021424915383386794,0.04095621871388758,-0.021197032244308134,62.60054479310314,60.95272783573125,79.02614518821919,79.50991062196283,10.475106156900154,10.038744392178858,0.43636176472129584,172.7836448944804,162.30853873758025,144.48734481811525,193.78296977996825,195.61563975319754,133.61096547141184,164.6133026123047,0.37666867317411384,11.021450079402763,0.044434745045554426,0.850399779448717,78.0,0.035938651028053874
2021-08-22,186.31309509277344,189.5882568359375,179.1482696533203,179.90740966796875,2051815458,0.035938651028053874,0.05603463984868407,0.03659225067126859,65.7598704645637,67.03591342631694,92.58073648221946,86.53435475305372,10.778444747990761,10.186684463341239,0.5917602846495225,174.86509877114088,164.08665402315012,145.40801284790038,193.93647510528564,197.32415746300296,136.3832064285986,166.8536819458008,0.36523587806830565,10.979917015346652,0.04471207195853706,0.9907083094029856,76.0,0.00424903413509308
2021-08-23,187.10643005371094,191.38265991210938,183.9352569580078,186.13238525390625,2033355063,0.00424903413509308,0.03980303056374762,0.00425807407977663,66.13152674132975,67.74311247009283,86.76229407530151,86.12305858191341,10.956557888914432,10.34065914845588,0.6158987404585528,176.74838050692088,165.79182261800645,146.25202438354492,194.14626628875732,197.99094045276868,140.59798166637196,169.29446105957032,0.33901261994745135,10.727594582400574,0.04394261173380856,0.9655808142077738,79.0,-0.07505737346211834
2021-08-24,173.57681274414062,188.33013916015625,172.7820281982422,187.30474853515625,1968635010,-0.07505737346211834,0.08957481541519384,-0.07230974000031154,55.1394003328907,47.477354910309934,41.18747549318547,73.51016868356884,9.891958451679017,10.250919009100507,-0.35896055742149,176.26044700495467,166.36848855327565,146.96209579467774,194.23988925933838,196.82871152693815,144.85558717911653,170.84214935302734,0.30421722358704717,11.071917180937252,0.0481287307844869,0.9221992975501412,79.0,0.0229317670001252
2021-08-25,177.6032257080078,178.9541778564453,169.92413330078125,173.70973205566406,1766315141,0.0229317670001252,0.050843922004604185,0.023196721383531127,57.40830166083335,52.41940515339672,54.48667484484477,60.81214813777726,9.266337038407897,10.054002614961986,-0.7876655765540885,176.46702834388591,167.20069130547802,147.73444747924805,194.34933170318604,195.40986768303637,149.69115618170972,172.55051193237304,0.2649584228370472,10.926069136274881,0.04820516891614376,0.8242445093184224,73.0,-0.055078699745377296
2021-08-26,168.08558654785156,180.2177276611328,166.03240966796875,177.8907012939453,1967737081,-0.055078699745377296,0.08439342292520546,-0.05358933725564152,50.86008260912505,41.61959490428353,17.95639665161707,37.876848996549114,7.9113366586712175,9.625469423703832,-1.7141327650326144,175.17757575988063,167.2662391012094,148.34873489379882,194.43405925750733,193.56260418539267,153.56688342447063,173.56474380493165,0.23043689567434839,11.15887262605268,0.05012701921055957,0.9152973111503104,75.0,0.0459220926806695
2021-08-27,175.98440551757812,175.98440551757812,165.39891052246094,167.98785400390625,2747733541,0.0459220926806695,0.060150187534996444,0.0469928393739929,55.406199468893924,51.32865332259211,45.77309106384991,39.40538752010392,7.3896742087853795,9.178310380720141,-1.7886361719347619,175.301703414911,167.91202920612562,149.22225296020508,194.47788600921632,192.85677484967823,156.28467565081007,174.57072525024415,0.20949732062144258,11.11791708098586,0.04979880698449093,1.2593483531901422,71.0,-0.0030179939234532558
2021-08-28,175.45408630371094,177.00636291503906,171.77511596679688,176.1288299560547,2197632103,-0.0030179939234532558,0.029815475139102213,-0.003013444357796935,55.03804585834076,50.66861217548649,43.905504584198034,35.87833076655502,6.8544468340218145,8.713537671380475,-1.8590908373586608,175.32514693626484,168.47070010224303,150.03990280151368,194.44458408355712,190.1944577374801,161.50762813898473,175.8510429382324,0.16313141576630624,10.697440642932742,0.048704416304488345,0.997693095978838,78.0,-0.004282998837463164
2021-08-29,174.7042236328125,182.30320739746094,173.50204467773438,175.52719116210938,2336929993,-0.004282998837463164,0.05037750397050819,-0.004273839878544794,54.486742544411484,49.61610522601606,41.264767931355784,43.64778785980125,6.297177688206375,8.230265674745656,-1.933087986539281,175.22962027419527,168.9324425859889,150.8542414855957,194.40723323822021,189.96805838897538,162.5528141085832,176.26043624877929,0.15553827542839782,10.561992219846587,0.04297677329037055,1.0659441029470154,72.0,-0.042560890353304015
2021-08-30,167.42466735839844,176.10398864746094,167.07908630371094,174.6308135986328,2322318232,-0.042560890353304015,0.053904257276681924,-0.04166788943645683,49.32170443463656,40.16638989814098,15.628885767438062,33.59971942766397,5.208102755056302,7.625833090807785,-2.417730335751483,174.0288582871496,168.8207555320933,151.51781814575196,194.32187656402587,189.78051176325633,162.93678560002493,176.35864868164063,0.15221099936918428,10.452200085839689,0.04411245095505288,1.0606723085598524,73.0,0.024977761259187523
2021-08-31,171.6592254638672,175.23890686035156,166.14059448242188,167.5045928955078,2252832552,0.024977761259187523,0.05300217540504285,0.025292319060751245,52.162494144782826,47.01495155298877,30.54142006428947,29.14502458769445,4.63328682718344,7.027323838082916,-2.394037010899476,173.66429939126,169.03101256407655,152.28024002075196,194.19401416778564,189.76182241998382,163.02780312933257,176.3948127746582,0.15155785405551334,10.355493820988974,0.0438551854423063,1.03287251051921,73.0,0.05283198707013984
2021-09-01,180.97216796875,182.71591186523438,169.01461791992188,171.46517944335938,2807031001,0.05283198707013984,0.0757093982964188,0.05425250218691624,57.76922428704683,59.04327289842915,63.338130145871105,36.50281199253289,4.873044270667634,6.59646792459986,-1.723423653932226,174.78858686472,169.91554259405237,153.27324722290038,193.96773700714112,189.63610242187255,164.73763720215086,177.1868698120117,0.14052093840891244,10.59447954415494,0.04455696396493505,1.274681097059951,71.0,0.014510168729787795
2021-09-02,183.61724853515625,187.88600158691406,179.7144775390625,180.95639038085938,2648327451,0.014510168729787795,0.044503030695871706,0.01461595225439849,59.23076316834366,61.90861955104052,70.11435393520708,54.66463471512256,5.216358731450697,6.320446085970028,-1.104087354519331,176.14684250632558,170.9304837748749,154.32434005737304,193.81367191314698,189.68590199469688,164.7209537792289,177.20342788696288,0.14088298693292203,10.421411294418984,0.03802403653031239,1.2014303058683466,74.0,0.14827898126278413
2021-09-03,212.96597290039062,217.51747131347656,180.1070556640625,183.43487548828125,5461104943,0.14827898126278413,0.17566381680566326,0.1598364238619725,71.15803598950035,80.01109669913471,91.26702974140733,74.90650460749518,7.76710039531423,6.609776947838869,1.1573234474753615,181.8113241054125,174.04422371009827,156.0738282775879,193.8400967025757,198.62554117728104,158.80678456734785,178.71616287231444,0.22280445131525176,12.349197319775774,0.05040560426045633,2.3178519781583984,74.0,-0.0028567079370136576
2021-09-04,212.35845947265625,225.11004638671875,208.9357147216797,212.96484375,4290103830,-0.0028567079370136576,0.07616523356406107,-0.0028526314296158928,70.6969725104702,79.10323647184741,78.64454137491059,80.00864168384167,9.62856814461523,7.213535187194141,2.4150329574210883,186.51088339268077,176.88231524806554,157.90017639160158,193.84915615081786,204.7373650266387,155.44037697775582,180.08887100219727,0.27373700426097636,12.622421201580295,0.050448115586571855,1.7528840787431614,72.0,0.08558679276648713
2021-09-05,231.333984375,231.95567321777344,210.74658203125,211.97352600097656,3796951481,0.08558679276648713,0.09168169235412815,0.08935610547121664,75.94072224593286,85.21607798929453,99.06592686062656,89.65916599231484,12.490972861837292,8.269022722122772,4.2219501397145205,193.40674508226834,180.91577222043105,160.12631454467774,193.82095844268798,215.9531054988986,149.47258572424596,182.71284561157228,0.3638524678006659,13.235754771933376,0.05242642000009025,1.5117198301028396,73.0,-0.05239284778075726
2021-09-06,219.52577209472656,232.10145568847656,216.6732177734375,232.10145568847656,3846416196,-0.05239284778075726,0.07027984809173883,-0.05104400165058298,67.80884443514657,70.2886083556425,81.14662107352808,86.28569643635508,13.649284719219224,9.345075121542063,4.304209597677161,197.42505693033883,183.7757722111196,162.12658966064453,193.7842395401001,221.46562805518045,149.02837676659692,185.24700241088868,0.391030625844695,13.392360710726638,0.052069391978314436,1.4830251673948291,79.0,-0.2090436251517051
2021-09-07,178.11439514160156,221.43191528320312,165.84286499023438,219.52459716796875,4888577997,-0.2090436251517051,0.31209745988680626,-0.18864016082474255,48.282335860062474,40.943649149238645,19.062967668614622,66.42517186758975,11.097774939206857,9.695615085075023,1.4021598541318347,194.4541858859177,183.35641094671084,163.42558151245117,193.49143146514893,221.23832335741895,150.3274603339873,185.78289184570312,0.38168672216774796,16.406409966601075,0.0719617116975781,1.7832412217801463,79.0,0.009000057808416133
2021-09-08,179.72467041015625,188.20123291015625,170.00404357910156,178.07594299316406,4614459511,0.009000057808416133,0.10125036974348717,0.00904068010490966,48.89855694232884,42.04137497176773,21.47708134980457,40.56222336398243,9.100713452766115,9.576634758613242,-0.4759213058471268,192.1881065819544,183.08739312918829,164.8720852661133,193.2519553756714,221.2517138192955,150.73719609281386,185.99445495605468,0.37912161275529566,16.53432277834776,0.0712317429803988,1.603475879877951,47.0,0.003621928220088605
2021-09-09,180.37680053710938,188.45785522460938,177.24061584472656,177.9097442626953,2895886861,0.003621928220088605,0.062187816540049234,0.003628495328242165,49.16273615620725,42.54595356829594,22.454750380768896,20.99826646639604,7.484374082317174,9.15818262335403,-1.6738085410368555,190.37098257505517,182.886608492738,166.13042343139648,193.0176826095581,221.16118586946294,150.50255161833002,185.83186874389648,0.3802288311942386,16.154531107028838,0.07047862729524337,0.9878576566025568,45.0,-0.03429279070182302
2021-09-10,174.29603576660156,187.12901306152344,171.5594024658203,180.44834899902344,2640894542,-0.03429279070182302,0.08932854110665069,-0.033711457085396135,46.73651477873535,38.86515629978651,12.75784873672456,18.896560155766018,5.647644063009636,8.456074911285151,-2.808430848275515,187.89791383529308,182.25026977228345,167.20162826538086,192.84862880706788,221.15548407402807,149.9642424884719,185.55986328125,0.38365646711893064,16.112751070505574,0.07073419472791319,0.8871729133367645,46.0,0.024889239094456683
2021-09-11,178.68856811523438,185.77748107910156,173.75514221191406,174.30833435058594,2374798275,0.024889239094456683,0.06728096259316611,0.025201561982251874,48.70578020543705,43.019598276095756,19.387226606588225,18.199941908027235,4.494651396913099,7.663790208410742,-3.1691388114976426,186.48109141682252,181.98644001990942,168.29041137695313,192.8573970413208,220.89692851142632,149.46034535331978,185.17863693237305,0.385771190141091,15.820578770268568,0.07046873993012458,0.7934767804299083,31.0,0.025122206399614766
2021-09-12,183.23448181152344,185.93312072753906,175.57394409179688,178.6846160888672,2524354411,0.025122206399614766,0.05653508298944369,0.025440428250325775,50.73578536079271,47.34030913433989,26.24809347439147,19.464389605901427,3.9027254559783273,6.911577257924259,-3.008851801945932,185.9816130160073,182.07888756002896,169.43132751464844,192.86667697906495,220.7014097733761,149.26866926715127,184.98503952026368,0.38615414895970507,15.430478617802398,0.07072166572138865,0.8365847757120762,32.0,-0.020680877649566824
2021-09-13,179.48394775390625,233.05685424804688,171.38385009765625,183.24244689941406,8716460338,-0.020680877649566824,0.3436129242875336,-0.02046849490629732,49.01236591040539,44.12009430023976,20.295005421191135,21.976775167390286,3.0953024098408264,6.148322288307573,-3.0530198784667464,184.9819722064533,181.88666979661247,170.46904693603517,192.86958751678466,220.71107557706029,149.84971696444364,185.28039627075196,0.38245470130075865,18.733516155844416,0.06874417933822051,2.598172142809912,44.0,0.020160025584472264
2021-09-14,183.13906860351562,187.5938262939453,176.49996948242188,179.5534210205078,3674072759,0.020160025584472264,0.06057613427935974,0.020364611405923494,50.767544880957374,48.131639535789354,25.733041297308294,24.09204673096364,2.719008496626799,5.462459529971418,-2.743451033344619,184.6984485752321,181.9794400786053,171.5045785522461,192.9332921218872,220.8297818530197,150.284594978035,185.55718841552735,0.380180296313875,18.187826202678632,0.06870184783245019,1.064877277507074,30.0,0.03276713318069787
2021-09-15,189.23941040039062,191.49803161621094,180.04246520996094,183.0461883544922,2966645617,0.03276713318069787,0.06053478174558059,0.03330988763561882,53.636164810283724,54.49278728759306,34.80904149345189,26.945696070650452,2.879842428798156,4.945936109736766,-2.06609368093861,185.39705808679497,182.51721565799681,172.59700927734374,193.01898693084718,220.98552671517623,152.24423250113236,186.6148796081543,0.3683591274092603,17.70695050293373,0.06769260203280142,0.8475702718858632,49.0,-0.019752841380324477
2021-09-16,185.53807067871094,194.78985595703125,181.85879516601562,189.02932739257812,3890293445,-0.019752841380324477,0.06969491891185955,-0.019559032200789694,51.66899873667321,50.13998693562079,29.302241848689743,29.94810821314999,2.677769635136883,4.49230281481679,-1.8145331796799065,185.41875233170512,182.74098269656824,173.5110385131836,193.1220414352417,221.12283123117317,153.0622945012487,187.09256286621093,0.3637800225046587,17.365815523511007,0.06724177259124858,1.093607072687091,53.0,-0.03205988468783366
2021-09-17,179.68408203125,190.08932495117188,178.46478271484375,185.39852905273438,3490133355,-0.03205988468783366,0.06469433521833295,-0.03155141489855229,48.63108867372231,43.69914833986506,20.59276230120029,28.234681881113982,2.0219497521559617,3.9982322022846244,-1.9762824501286627,184.53649536240434,182.51454561024838,174.2782943725586,193.1442723464966,221.09409856067808,153.51402674449773,187.3040626525879,0.3608040896663734,16.955724574426515,0.06768259867222524,0.9636115834325831,48.0,0.009001823147583278
2021-09-18,181.30886840820312,184.87098693847656,178.50674438476562,179.83258056640625,2288894200,0.009001823147583278,0.03510166165387084,0.00904246140551579,49.5182615302265,45.94750461519687,23.010095946910464,24.30170003226684,1.61470118157564,3.5215259981428275,-1.9068248165671875,184.03993736945029,182.42523618787465,174.98897125244142,193.1614545059204,221.05236777841458,154.21622200430028,187.63429489135743,0.3562043165553144,16.199190144375404,0.06769123605153171,0.6323736948438886,50.0,-0.031192984688716747
2021-09-19,175.7406005859375,181.47645568847656,173.23143005371094,181.24803161621094,2265327476,-0.031192984688716747,0.04691588402040194,-0.03071150281369084,46.55106677874316,39.62122100370141,14.72570770608245,19.442855318064407,0.8330383306943645,2.983828464653135,-2.1507901339587705,182.76311632583293,181.93007799513856,175.6051190185547,193.09752918243407,220.64889876821672,155.45128433725205,188.0500915527344,0.3467034442399167,15.631035536546134,0.067345493012892,0.6263558106487969,53.0,-0.11618296957118188
2021-09-20,156.46401977539062,175.9052734375,154.10418701171875,175.7526092529297,3091999618,-0.11618296957118188,0.13933610076666472,-0.10968769166758707,38.050696493938716,25.462072113100106,2.988920889281947,13.574908180758298,-1.3266018402755435,2.1217424036673993,-3.448344243942943,178.71710147191874,180.04370331219428,175.91968872070314,192.9744560623169,222.02039284253036,152.56026969409075,187.29033126831055,0.3708687078401907,16.071753457205784,0.07208746651695178,0.8451234437361674,50.0,-0.05298296168643662
2021-09-21,148.38987731933594,162.0477294921875,145.47476196289062,157.2126922607422,2676739911,-0.05298296168643662,0.11168529706127964,-0.0516038285840118,35.155040926329335,21.67664749098978,3.3284376753115974,7.014355423558674,-3.647600781657758,0.9678737666023678,-4.615474548260126,174.05137467921367,177.69897546087142,176.0573760986328,192.81257740020752,224.26466666328474,147.05776680839494,185.66121673583984,0.41584829191731704,16.107554462355147,0.07152873589881706,0.732927276184917,27.0,0.08411700212314643
2021-09-22,161.41200256347656,161.9007568359375,145.7730712890625,148.24111938476562,2470322802,0.08411700212314643,0.09991627196702835,0.08775615614343368,42.725400320093186,38.79740405690145,18.196916955005243,8.171425173199605,-4.385677131850201,-0.10283641308814595,-4.282840718762055,172.10685589217718,176.49253302402738,176.51979919433595,192.70472789764403,224.57675777970562,144.5251510948061,184.55095443725585,0.4337642518782838,16.108992396963707,0.07441540842002847,0.6780599382777356,21.0,0.014798037693892102
2021-09-23,163.81834411621094,164.5155487060547,157.520751953125,161.49305725097656,2168287266,0.014798037693892102,0.042698495035254753,0.014908070741443513,44.025833372874395,41.551791804135846,20.944443863702094,14.15659949800632,-4.722003981704773,-1.0266699268114716,-3.695334054893302,170.8317002343362,175.55370421604098,176.94370513916016,192.57002407073975,220.85432131835395,143.3328246777398,182.09357299804688,0.425723408928033,15.457978422389848,0.06522688933906767,0.6233252206566765,27.0,-0.07335422234829808
2021-09-24,152.2317352294922,165.76832580566406,142.44131469726562,163.8912811279297,3002639992,-0.07335422234829808,0.15323356245813352,-0.07072839704996248,39.38839662089144,33.1667687109711,10.804350534976376,16.648570451227915,-5.855983801110199,-1.9925327016712173,-3.8634510994389815,167.9701671566679,173.8261509577781,177.11962036132812,192.37154430389404,217.31545386420595,140.8590197075714,179.08723678588868,0.4269228535143661,16.020052185676175,0.06653487717375882,0.8794543758201964,33.0,-0.006923112969357422
2021-09-25,151.18145751953125,155.52850341796875,149.2789306640625,152.22764587402344,2780149595,-0.006923112969357422,0.04133822266595666,-0.006899203430727696,38.98750375469837,32.47375534307821,9.645302412361204,13.798032270346567,-6.761477507694167,-2.9463216628758073,-3.8151558448183596,165.38728875095455,172.14876625864872,177.18723052978515,192.1092622756958,206.81215339098262,143.34706749524784,175.07961044311523,0.3624927296508641,15.322160797692607,0.062123154630500846,0.8265969813820581,28.0,-0.003582166786357936
2021-09-26,150.640869140625,153.4053497314453,142.54745483398438,151.1856231689453,3285914022,-0.003582166786357936,0.0720780154774928,-0.0035757584810717224,38.768783281266266,32.07134881127077,9.04872882069451,9.832793922677373,-7.43697988344681,-3.844453306990008,-3.5925265764568017,163.11860881090385,170.55558869435066,177.0827523803711,191.85988231658936,197.78610412944812,145.48462646137222,171.63536529541017,0.30472436480708526,15.003284661961773,0.061793993342864284,0.9851803596862322,27.0,-0.0357569244229677
2021-09-27,145.34957885742188,154.82504272460938,145.27651977539062,150.86325073242188,2675737537,-0.0357569244229677,0.06569350268696139,-0.03512519752035981,36.6041990899904,28.095651705550523,5.555578226573244,8.083203153209661,-8.303564959594638,-4.736275637510934,-3.5672893220837043,160.38491189498353,168.68847685457817,176.99278930664062,191.58037853240967,198.3329455896116,141.66130337279077,169.99712448120118,0.33336824013801336,14.613658825337271,0.04301458467115273,0.8297630968825348,26.0,-0.03324321844432457
2021-09-28,140.5971221923828,148.44705200195312,140.3708953857422,145.2202606201172,2716268316,-0.03324321844432457,0.05744183444352521,-0.032696735019101086,34.72867852673258,24.865673061917448,0.4157132077968798,5.006673418354888,-9.266999212367779,-5.6424203524823024,-3.6245788598854762,157.34063655612186,166.60763576848964,176.47440460205078,191.17921710968017,198.72553327698196,137.35596086364305,168.0407470703125,0.36520649594386967,14.14669438182825,0.043061144893713856,0.8678752994474415,25.0,0.030273866027547818
2021-09-29,144.9186248779297,149.6635284423828,140.14515686035156,140.67201232910156,2611872987,0.030273866027547818,0.06568080251968252,0.03073677909021244,37.84722862304195,33.03308137510871,8.735464000145203,4.902251811505119,-9.5714845327889,-6.428233188543622,-3.1432513442452787,155.4295578364,165.0010423691889,176.06356872558592,190.7709187698364,197.9770506119604,134.55862596274665,166.26783828735353,0.381423282472768,13.816099896128463,0.04398159461219512,0.8383236292496135,24.0,0.05523236427492716
2021-09-30,153.1479949951172,154.19712829589844,144.1713409423828,144.853759765625,2490894083,0.05523236427492716,0.06546469873037043,0.05678614549454508,43.39363955643952,46.05984795809116,26.03474766287184,11.72864162360465,-9.04449069148805,-6.951484689132508,-2.0930060023555423,155.07854816851034,164.1230388599984,175.70780975341796,190.46017826080322,197.18757521729373,133.23329728026488,165.2104362487793,0.38710797809845615,13.545363285941832,0.04599004521998142,0.8014226880086606,20.0,0.08137912846302518
2021-10-01,166.1322021484375,168.00570678710938,151.5926513671875,153.2936553955078,3075986940,0.08137912846302518,0.09879514752508349,0.08478209038083895,50.84674628007395,60.28185531653424,58.1029915882902,30.957734417102426,-7.492755450984816,-7.059738841502971,-0.4330166094818457,156.77911031926834,164.27186577025316,175.72783325195311,190.2845161819458,195.96412072040897,133.2011151804699,164.58261795043944,0.3813465013592067,13.75019843836898,0.049609439483628316,0.9786320095462929,27.0,0.01864578138371245
2021-10-02,169.25892639160156,172.634521484375,164.80014038085938,166.21224975585938,2954252473,0.01864578138371245,0.04628636888189761,0.01882069943532305,52.46968321877045,63.02105788619406,70.44000637947228,51.52591521021145,-5.942195645426608,-6.836230202287699,0.894034556861091,158.69908202270423,164.64127766813084,175.4472900390625,190.12560764312744,194.17642543784524,133.59125492104147,163.88384017944335,0.3696836152391017,13.327640057308026,0.0494326167252776,0.9335179181994857,54.0,0.007950423423126038
2021-10-03,170.60997009277344,174.69522094726562,166.1136474609375,169.1682586669922,3020051826,0.007950423423126038,0.05029936692247047,0.007982111962863803,53.18890474234324,64.26349351578784,85.19215301409172,71.24505032728474,-4.551876691742763,-6.379359500178713,1.82748280843595,160.53152634117643,165.0834030329192,175.20526397705078,189.94831783294677,193.0581888400294,133.82209375274402,163.4401412963867,0.3624329654724482,12.988635302238034,0.049337592933659795,1.0486931162202109,49.0,-0.01815707528389076
2021-10-04,167.54014587402344,170.7590789794922,162.34503173828125,170.60240173339844,2809356425,-0.01815707528389076,0.05022108102697736,-0.017993228749062617,51.28978798827668,59.007914378570696,79.29070390363707,78.30762109906703,-3.6556084840361507,-5.834609296950201,2.17900081291405,161.60977550007595,165.2653839841121,174.85798095703126,189.7833320236206,190.95415098958165,134.3662393302426,162.66019515991212,0.34789034652090006,12.66187901216467,0.049153527819535886,0.990399745921995,54.0,0.037206142683692274
2021-10-05,173.89108276367188,175.23277282714844,166.92149353027344,167.53915405273438,2779608244,0.037206142683692274,0.047795891340618735,0.03790695571211833,54.87914694073544,65.76549687784947,96.1761720581239,86.88634299195091,-2.405117247666851,-5.1487108870935305,2.7435936394266793,163.499207386783,165.90432463444986,174.7587127685547,189.64746883392334,188.01035629959546,135.7752012565569,161.89277877807618,0.3226527794339913,12.351121889643979,0.04934009832298373,0.9831537682758785,59.0,0.02731102673228202
2021-10-06,178.70567321777344,182.7165985107422,164.39273071289062,173.89476013183594,3434445937,0.02731102673228202,0.1025365757444187,0.027687391311749243,57.43955546402952,70.12176518269382,90.57836630032953,88.68174742069685,-1.0139090091851983,-4.321750511511864,3.3078415023266654,165.83866366847383,166.85257267765903,174.95597351074218,189.53696506500245,186.57865892234548,136.5236588877131,161.5511589050293,0.3098399316594076,12.777746597373092,0.04968188902801812,1.2246440838174077,68.0,0.0003695634928701963
2021-10-07,178.771728515625,186.70028686523438,173.76512145996094,178.68307495117188,3653828647,0.0003695634928701963,0.07235576627622571,0.0003696317898709278,57.475209371621524,70.1824970949702,82.96952806537581,89.90802214127643,0.0928928425499862,-3.438821840699494,3.53171468324948,167.82836595265093,167.73547311010094,175.18347595214843,189.44868495941162,186.40366277585827,136.60741968263784,161.50554122924805,0.3083252915919303,12.788990797937402,0.04917150641116076,1.2990795293714963,76.0,-0.015782672365293217
2021-10-08,175.97238159179688,182.8628387451172,174.97140502929688,178.61398315429688,3235639420,-0.015782672365293217,0.04484472872638657,-0.015658778639506488,55.35869803579874,63.77339196921075,76.95655608240739,83.50148348270426,0.7356769564810008,-2.603922081263395,3.339599037744396,169.08129143559646,168.34561447911545,175.19305541992188,189.39315769195557,185.38525320687526,137.09218056998023,161.23871688842775,0.2995128810799974,12.439165292071895,0.04923821456017407,1.1313558346676418,74.0,0.020731662236303877
2021-10-09,179.65866088867188,182.5896453857422,175.0626220703125,175.8391571044922,3261336754,0.020731662236303877,0.04189624523637031,0.020948055959292944,57.57426852679347,68.23053690790044,84.87465081544406,81.60024498774243,1.524961126901502,-1.7781454396304157,3.303106566531918,170.7085790437619,169.18361791686038,175.11365814208983,189.3544811630249,186.10645902131068,136.76278078581822,161.43461990356445,0.3056573507279213,12.088298008026024,0.0489579569923712,1.1208241614455399,72.0,-0.024453986082800545
2021-10-10,175.31857299804688,183.83078002929688,174.6259765625,179.779052734375,2933958270,-0.024453986082800545,0.05250329904806732,-0.024157409774496763,54.16572938045349,58.36659473009823,75.55218111088132,79.12779600291093,1.779749848897353,-1.066566381924862,2.8463162308222154,171.41780888288267,169.63805903398531,175.02530670166016,189.3427992630005,187.6509733682659,137.1037217611286,162.37734756469726,0.31129497042065774,11.882334112223942,0.041050222626866834,1.011059681404777,71.0,0.023158442150560895
2021-10-11,179.42605590820312,185.08250427246094,173.7331085205078,175.10952758789062,3155773236,0.023158442150560895,0.06325388859776104,0.023428680943016866,56.773967041232794,64.09746837033083,84.37501741211267,81.60061644614602,2.286751047295212,-0.39590289608084733,2.6826539433760592,172.64984688677814,170.36309583948292,174.88756591796874,189.3746236038208,189.3874664126765,138.47084657560472,163.9291564941406,0.3106013654068409,11.844267086490314,0.0387910812088422,1.0785958442523493,71.0,-0.0376412848751807
2021-10-12,172.79776000976562,179.44728088378906,167.44483947753906,179.44728088378906,3014739916,-0.0376412848751807,0.06945947334949067,-0.036941657469351186,51.664668389173244,50.90533312847649,70.13749751314062,76.68823201204488,2.1291614182752028,0.10910996679036267,2.02005145148484,172.67260275185313,170.54344133357793,174.60139251708983,189.3172190475464,190.21405056314637,138.7828381697638,164.4984443664551,0.312654703766126,11.855565252187434,0.035911138900325906,1.0208946991621268,78.0,0.027571420046187563
2021-10-13,177.62832641601562,179.43910217285156,168.02479553222656,172.65509033203125,2648806965,0.027571420046187563,0.06425949549224512,0.02795502908126246,54.85339987716207,58.21700572409617,78.66873901442212,77.72708464655848,2.3667741411281895,0.560642801657928,1.8061313394702614,173.43502177710891,171.06824763598073,174.68242279052734,189.28120845794678,191.5284859833396,138.849400979551,165.1889434814453,0.3189020033275152,11.824046779932974,0.03623647894683331,0.8897382737578082,70.0,0.013921059828963696
2021-10-14,180.11839294433594,185.91506958007812,177.16390991210938,177.54449462890625,2669021002,0.013921059828963696,0.04858559708931681,0.014018408992315878,56.4483795184464,61.65170095775585,81.25224377111752,76.6861600995601,2.7246039559801147,0.9934350325223654,1.7311689234577492,174.4632327259131,171.73862876993297,174.7327261352539,189.25665798187256,192.98393328212342,140.18261945225157,166.5832763671875,0.3169664745546589,11.6045548433641,0.031350570447130695,0.9015798923990245,70.0,0.04714873300709198
2021-10-15,188.8141326904297,192.36476135253906,176.94956970214844,181.00021362304688,3361284929,0.04714873300709198,0.08164214950829242,0.04827791101145951,61.55621083751956,71.27279390965874,88.17234962561751,82.69777747038573,3.6675825774928796,1.5282645415164684,2.1393180359764115,176.67106348968485,173.00348091219197,175.14729705810547,189.2283547592163,195.5616164374725,141.36820381399232,168.46491012573242,0.3216896182298935,11.876743186723138,0.032276476269204726,1.124386563977465,71.0,-0.013999205276496129
2021-10-16,186.18930053710938,192.17178344726562,185.43048095703125,189.49830627441406,2812657145,-0.013999205276496129,0.0362067125811602,-0.013901672061931158,59.295556989890585,65.48685023913171,79.42865943570436,82.95108427747982,4.155199359011618,2.0536515050154986,2.1015478539961197,178.1354076508271,173.98020829181547,175.3513949584961,189.1758907699585,197.09165382629982,143.39300956481344,170.24233169555663,0.31542474616428157,11.509925994116797,0.032608458616938396,0.9483713858078511,78.0,-0.013293728859374127
2021-10-17,183.73052978515625,187.79721069335938,178.02435302734375,186.02996826171875,2557228667,-0.013293728859374127,0.053191256115374154,-0.013205757499814341,57.17726063732917,60.15040266447241,71.23814345322417,79.61305083818202,4.293741343133888,2.501669472639177,1.7920718704947114,178.99619567149313,174.70245432835924,175.516923828125,189.10704792022705,197.0332829428668,147.28947554101993,172.16137924194337,0.28893708694062253,11.385849684966713,0.03128808304457642,0.8639722083060047,79.0,0.009890579238697366
2021-10-18,185.55674743652344,187.1116485595703,179.23037719726562,183.8011474609375,2735635061,0.009890579238697366,0.04247364469999006,0.009939652672327659,58.36691909659367,62.77868007320267,75.66135257135844,75.44271848676233,4.499035287576561,2.9011426356266536,1.5978926519499073,180.00551132765165,175.50647604007509,175.73397430419922,189.01426906585692,195.26660451870328,153.5521164895975,174.40936050415038,0.23917574096095093,11.135522661919426,0.029459049961639498,0.9239454051631225,78.0,0.01806779677790815
2021-10-19,188.9398193359375,191.05386352539062,183.9536895751953,185.6239013671875,2468334299,0.01806779677790815,0.037579023707919976,0.018232006898974973,60.55318589756236,67.42245441103151,87.75583345834413,78.2184431609756,4.8784817455680525,3.2966104576149338,1.5818712879531187,181.38002025200333,176.50153850643528,176.16427734375,188.8928261947632,193.46070572863295,159.76013472546862,176.61042022705078,0.1908187011833095,10.847283468224846,0.02922691451555607,0.8356917625810724,75.0,0.09066584043648204
2021-10-20,206.87078857421875,208.83335876464844,185.98178100585938,188.86724853515625,2998361011,0.09066584043648204,0.11046304756841313,0.09490307178922275,69.65018059768323,81.60987319702545,95.25817732976753,86.22512111982338,6.5505643314292,3.9474012323777874,2.6031630990514127,185.30167691695956,178.75111258553036,176.86850860595703,188.94143909454345,197.410411924112,161.1827078878997,179.29655990600585,0.20205465210935583,11.704733060408005,0.032764749419342105,1.0064939754660127,82.0,-0.04955490882493207
2021-10-21,196.8691864013672,214.02157592773438,196.4022979736328,207.3284454345703,2819160222,-0.04955490882493207,0.08949738796695308,-0.048347097440793574,61.17565955567663,63.588877401778916,63.17391291528485,82.06264123446552,6.988101633270389,4.555541312556308,2.4325603207140816,187.08129376071457,180.09319212744418,177.18644897460936,188.90557048797606,199.42812315999876,162.23869507730595,180.83340911865236,0.20565573731063863,12.127200552814687,0.031879739949956305,0.9504365558671539,84.0,-0.031196951437142004
2021-10-22,190.82228088378906,201.31959533691406,188.53033447265625,196.94500732421875,2250306566,-0.031196951437142004,0.06702184254912288,-0.03071534772968476,56.68500742474388,55.019263570856474,50.19123963579455,69.54110996028233,6.768890798458585,4.9982112097367635,1.7706795887218219,187.65683024118758,180.887939442729,177.33054962158204,188.75433666229247,200.19477649371126,163.62837719281217,181.9115768432617,0.20101194182053272,12.174490575060625,0.032973287938339556,0.7677667806753702,75.0,0.028350014366582327
2021-10-23,196.30950927734375,197.44529724121094,189.37583923339844,190.98883056640625,1909421304,0.028350014366582327,0.04110579277345177,0.028755700687260966,59.58425859472851,60.635568979927896,61.97228917202001,58.44581390769982,6.957733682368712,5.390115704263153,1.5676179781055586,188.98801163136545,182.03027794899674,176.9974203491211,188.54755970001221,201.73261473684056,164.6604928681399,183.19655380249023,0.20236255049136592,11.88127396311433,0.03335029881047258,0.6640437116784407,74.0,-0.027913030180438586
2021-10-24,190.9056854248047,199.4508056640625,185.7188720703125,196.46180725097656,1964457059,-0.027913030180438586,0.07193045908084719,-0.027527061080391158,55.63489006461983,53.028330278690376,50.37030873202634,54.177945846613646,6.5953228290203185,5.6311571292145866,0.964165699805732,189.28303836881764,182.68771553979732,176.56836486816405,188.4049697494507,201.713824722229,167.01583683782962,184.3648307800293,0.18820285700692277,12.013463936731162,0.03380609827680286,0.6933703577766194,73.0,0.022755075233075187
2021-10-25,195.299560546875,197.3959503173828,189.87562561035156,190.57064819335938,2117515772,0.022755075233075187,0.03850661356314856,0.02301594691794029,58.0685887626466,58.024002416685654,59.80393473707867,57.38217754704169,6.586730884379506,5.822271880247571,0.7644590041319352,190.20865716544185,183.62192628106234,175.84767639160157,188.2464524459839,202.7088803774564,168.16162896092249,185.43525466918945,0.18630357791545687,11.692525420324026,0.033266006166358206,0.7562298105530071,72.0,0.01104637441278938
2021-10-26,197.4688720703125,198.97657775878906,190.97183227539062,195.3643341064453,2152699224,0.01104637441278938,0.040536745865182224,0.011107610879220742,59.25692129708121,60.447028289669376,64.01334242290041,58.06252863066849,6.6779873354977894,5.993414971297614,0.6845723642001751,191.32561330465273,184.64762596915494,175.4065383911133,188.12448497772218,204.11493949122223,168.63188973241057,186.3734146118164,0.1903868630229087,11.429112567686484,0.032909493823185976,0.7868028926994179,76.0,-0.09633029454534461
2021-10-27,179.33412170410156,204.65245056152344,174.11334228515625,197.55178833007812,3305908613,-0.09633029454534461,0.17029167671033751,-0.09183599509169083,47.21152972638159,38.674201132555,13.081960644269806,45.63307926808298,5.226735382396981,5.8400790535174885,-0.6133436711205071,189.48076844302946,184.25403306063248,175.43093292236327,187.74305461883546,204.09649809750184,168.7065704449786,186.40153427124022,0.18985856415229901,12.794112261163678,0.03997036131353643,1.216027988747344,73.0,0.0576556640217745
2021-10-28,189.97763061523438,194.41094970703125,178.429443359375,179.32862854003906,2629059101,0.0576556640217745,0.08412309541865971,0.059350160527144036,53.221668448170135,50.80704967284191,39.7519180431792,38.94907370344982,4.87920552735261,5.647904348284513,-0.7686988209319026,189.55720877721484,184.67800324986223,175.63599212646486,187.42477046966553,204.1884734824114,170.0151199624128,187.1017967224121,0.182645779562977,13.021783267341718,0.04176205956630498,0.9779695258406184,66.0,0.032965513989916644
2021-10-29,196.34471130371094,197.90191650390625,188.79783630371094,189.90927124023438,2323635618,0.032965513989916644,0.04636784021196727,0.03351489682157349,56.41828088905348,56.775382524381726,55.70622147214259,36.180033386530546,5.0592360886936945,5.5301706963663495,-0.47093460767265505,190.6014399351373,185.5422038464436,175.95535034179687,187.1840221786499,205.11680119912918,170.75539728719892,187.93609924316405,0.18283557044286222,12.74194733397412,0.04211080418720445,0.8796990998478378,70.0,-0.030312329458182224
2021-10-30,190.4823455810547,197.02651977539062,188.016357421875,196.4240264892578,2152582091,-0.030312329458182224,0.04730182383060581,-0.02985751785077717,52.83806357255727,50.22923119401249,41.016606854868,45.49158212339662,4.674977455587282,5.359132048210537,-0.6841545926232548,190.5831177268169,185.90814027122963,176.27907653808595,186.80152652740477,204.89099741726875,172.49757832736015,188.69428787231445,0.1716714345472321,12.47539126394137,0.04234210944101637,0.8271751067449002,73.0,0.006979021857401916
2021-10-31,191.81637573242188,194.93223571777344,187.3317108154297,190.44384765625,2072793808,0.006979021857401916,0.0396239626221812,0.007003431983671815,53.56026229978491,51.70747283369095,44.35935101968092,47.02739311556385,4.427062385250167,5.172718115618463,-0.7456557303682958,190.77284972767922,186.34578734242905,176.54163269042968,186.36186634063722,204.9844024992917,173.64320522775907,189.31380386352538,0.16555156904525678,12.127186523827254,0.042113725136611706,0.8134407567177464,74.0,0.029478451496419006
2021-11-01,197.55499267578125,200.49143981933594,188.3896484375,192.04502868652344,2301982951,0.029478451496419006,0.061257836200054316,0.029917242057396543,56.63647223561335,57.972124145131986,58.738882308274064,48.03828006094101,4.640157486476284,5.066205989790028,-0.4260485033137442,191.81625633507954,187.17609884860326,176.82804290771483,185.91668827056884,204.63945998718117,176.46387100647115,190.55166549682616,0.14786325224315247,12.125372585113587,0.04134350099979604,0.9161965962763852,74.0,0.01591725658005367
2021-11-02,200.7246856689453,204.24156188964844,195.2384033203125,197.62567138671875,2197205823,0.01591725658005367,0.044853270235953056,0.016044610921911895,58.28032084719961,61.214360562247286,66.68133604238851,56.593189790114515,5.00708605257276,5.054382002346575,-0.04729594977381524,193.18678392490506,188.1796978723323,177.25285766601561,185.3672480392456,205.13879765993795,178.27416925900735,191.70648345947265,0.14013416717129373,11.902357298272324,0.0411152710998139,0.8824252619321551,73.0,0.031316473017163074
2021-11-03,207.11013793945312,209.02328491210938,197.8549346923828,200.71893310546875,2526891232,0.031316473017163074,0.05392469113700042,0.03181199287585046,61.4507111447976,67.16734207124028,82.68167403704024,69.36729746256762,5.746885696562657,5.192882741189791,0.5540029553728658,195.32883838868167,189.58195269211902,177.73227905273438,184.87899913787842,206.97509609578245,179.1370453226746,193.05607070922852,0.14419671275210064,11.849928221233341,0.041471611873833636,1.0177357070889952,76.0,-0.02020245171125274
2021-11-04,202.96798706054688,207.28309631347656,197.3330535888672,207.28309631347656,2297111488,-0.02020245171125274,0.04902271963529501,-0.019999749505826614,58.352912114959544,60.17733566091672,82.65451789403014,77.33917599115297,5.930581237023063,5.340422440356446,0.5901587966666169,196.5040920305071,190.57351079348405,178.0068505859375,184.5283449935913,208.178560037339,179.34896681812975,193.76376342773438,0.14878733107370437,11.71422211433163,0.040766854116125885,0.9454505755331163,73.0,-0.01704390703832624
2021-11-05,199.53793334960938,203.23916625976562,197.13235473632812,202.95184326171875,1691201016,-0.01704390703832624,0.030604764823026345,-0.01689948134487973,55.842467655937384,54.679799199856866,72.8290829238528,79.38842495164107,5.733294754892739,5.418996903263705,0.3142978516290347,196.97083684883052,191.23754209393778,178.28684783935546,184.21643856048584,208.6156306002262,180.24675953649256,194.4311950683594,0.1459069932361396,11.313692786410622,0.040841705773985514,0.7125122817972139,73.0,-0.008412489222845229
2021-11-06,197.86636352539062,201.1033935546875,191.83587646484375,199.29800415039062,1562585003,-0.008412489222845229,0.046837253814767374,-0.008377203252325938,54.60946422823622,51.979938745449175,68.04084868903577,74.50814983563959,5.380044280010907,5.411206378613146,-0.031162098602239396,197.10861018368593,191.72856590367502,178.65049346923828,183.90106365203857,208.50433339038614,181.77164012035604,195.1379867553711,0.13699379456826485,11.16753737951299,0.04075079022513828,0.6724143719092527,71.0,0.020929830180142172
2021-11-07,202.0513153076172,202.4279022216797,197.35459899902344,197.8972625732422,1368484091,0.020929830180142172,0.025108983898136445,0.021150395184220017,57.15982454852995,58.03251264333949,80.0286993336125,73.63287698216703,5.375812348927667,5.4041275726760505,-0.028315223748383467,197.86902635659843,192.49321400767076,179.06534240722655,183.61729221343995,208.8908746324753,183.03455566537627,195.96271514892578,0.13194509449131173,10.732234939737507,0.0409134049275572,0.6067361137355716,73.0,0.12387277303236596
2021-11-08,228.69619750976562,229.48040771484375,202.30235290527344,202.30235290527344,3069524134,0.12387277303236596,0.11883911978208458,0.13187185721400718,69.07407967893411,78.3252738673652,98.58361609199964,82.21772137154932,7.436751583162902,5.810652374773421,1.6260992083894807,202.6116680724703,195.1749164893074,180.12445434570313,183.4953814315796,216.8122299503664,179.08883816486795,197.95053405761718,0.19056979040288094,11.924867615986726,0.04886149387601925,1.343016683365903,75.0,0.1394047715683475
2021-11-09,262.9067077636719,274.27752685546875,227.10169982910156,228.87667846679688,7006560647,0.1394047715683475,0.17943941950988093,0.1495893269167512,77.66346218725772,87.42986753401827,88.64781943708145,89.08671162089787,11.695741811628466,6.98767026214443,4.7080715494840355,211.88782802496286,200.1920862133344,182.25330810546876,183.60312107086182,234.69802255582772,166.80663747835194,200.75233001708983,0.3381847925336471,14.442793288156759,0.05405910027247347,2.818459164916564,84.0,-0.0062717980489342285
2021-11-10,261.2629699707031,294.5628662109375,254.38720703125,262.1584167480469,7776726430,-0.0062717980489342285,0.1537747932062191,-0.0062521713764956965,76.56314786988838,85.41855776802588,71.32617344552301,86.18586965820138,14.768148328376014,8.543765875390747,6.224382452985267,219.4840037089229,204.71585538054688,184.5107699584961,183.78525707244873,246.8688278992572,161.07521049185607,203.97201919555664,0.42061463991856235,16.280855137551814,0.0523036669802041,2.844624222465086,75.0,0.006956189450042247
2021-11-11,263.0867004394531,273.7519226074219,251.60540771484375,260.8917541503906,3957519255,0.006956189450042247,0.08417953038137302,0.006980439933583105,76.9532890280313,85.84020665656817,70.64643605173447,76.87347631144632,17.15248921702863,10.265510543718324,6.886978673310306,226.19211089823523,209.0396216812066,186.54426391601564,183.98252628326415,257.10534435138675,158.06513599529296,207.58524017333986,0.47710621561240224,16.69983083433941,0.051247832156964594,1.4037772255818974,77.0,-0.044808607630991676
2021-11-12,251.55836486816406,281.9473876953125,244.24835205078125,262.6050720214844,4974432912,-0.044808607630991676,0.1498619839745279,-0.04381953003337846,69.12044216819669,70.7518762734946,59.895516201278376,67.2893752328453,17.905453295419676,11.793499094058596,6.11195420136108,230.0946115089935,212.18915821357382,188.2990643310547,184.00328845977782,263.1019725889019,157.59339331685982,210.34768295288086,0.5015913548031649,18.1997740350674,0.05290824660610707,1.6735162123418053,74.0,0.025645732962123177
2021-11-13,258.09320068359375,263.6808166503906,245.50743103027344,251.19338989257812,2964986959,0.025645732962123177,0.07041404257060081,0.025977414103699026,70.92693413917411,73.79769962617313,65.98967399648893,65.51054208316727,18.812629110826805,13.19732509741224,5.6153040134145655,234.4020867666243,215.5894576557975,190.41629364013673,183.9954930496216,269.54792271373066,157.86619471791,213.70705871582032,0.522592602541645,18.197889148285242,0.052109876021765644,0.9809813352871513,72.0,0.07432735544063716
2021-11-14,278.00750732421875,279.2216796875,249.1079864501953,257.9888000488281,3230589098,0.07432735544063716,0.10831971239605917,0.07715936176497218,75.60965345243291,80.87759110129394,84.40721753197106,70.09746924324614,20.89759611575883,14.737379301081559,6.160216814677272,241.11061300625423,220.2130168904954,192.95281463623047,184.09300479888915,279.559053400233,156.125858709142,217.8424560546875,0.5666167969576332,19.049018011786632,0.053759701562676114,1.0495318332052757,74.0,-0.056394121176263655
2021-11-15,262.7633972167969,280.7282409667969,259.9883728027344,279.2409362792969,2797322397,-0.056394121176263655,0.07892982197574025,-0.0548334476796839,66.74705679101967,65.1551608293688,69.04467942384166,73.1471903174339,21.076913662441058,16.005286173353458,5.0716274890876,244.44181057710693,223.36489691466588,195.1952651977539,184.12889545440675,285.0357850174941,157.17857960652933,221.10718231201173,0.5782589424460269,19.16979302266348,0.05625331960823824,0.8993578794287556,72.0,-0.13057187707115506
2021-11-16,230.59942626953125,263.3050537109375,224.916748046875,263.3050537109375,4031751969,-0.13057187707115506,0.16647181775375774,-0.12240658816238492,52.708648082892864,44.067636324163736,37.73453296012843,63.72880997198039,18.41142501333681,16.48651394135013,1.9249110719866813,242.31221299132605,223.90078797798924,196.9002621459961,183.92605716705322,284.7409621108428,162.59993296972357,223.6704475402832,0.5460758472310991,20.542543925620553,0.06018101562326762,1.281284994198912,71.0,-0.0047612054718626385
2021-11-17,229.5041046142578,234.9708709716797,221.84703063964844,230.64382934570312,2863410681,-0.0047612054718626385,0.05718346673620206,-0.004749888900387744,52.30520030508123,43.50817960477789,36.66828770366691,47.81583336254568,16.025886309904706,16.394388415061044,-0.3685021051563382,240.3417347794694,224.31584846956468,198.6784017944336,183.68941005706787,284.75471873418275,166.538823746286,225.6467712402344,0.5238980125358782,20.01263652607846,0.05933242426119223,0.906611740459832,52.0,-0.11572996546552618
2021-11-18,204.42291259765625,232.0609130859375,200.68801879882812,229.75303649902344,3104667090,-0.11572996546552618,0.15347053756570472,-0.10928428517109579,44.00001289942844,32.48924424605774,12.252900784811645,28.885240482869012,11.973464471875388,15.510203626423914,-3.536739154548526,234.81576213611353,222.84229766423815,199.8684875488281,183.3660027694702,284.45843058032494,167.64293202953831,226.05068130493163,0.5167668501436988,20.824083509009238,0.06525179518382748,0.97099240430779,54.0,0.0649396014711658
2021-11-19,218.13858032226562,220.94715881347656,200.1072540283203,204.15194702148438,2357308403,0.0649396014711658,0.0955351628050781,0.0670945714955371,48.788774343656826,41.88017415050839,25.604472517332816,24.84188700193714,9.75616769963463,14.359396441066059,-4.603228741431428,232.25004185706,222.49387415742538,201.1682992553711,182.98317562103273,283.67685237778664,171.19013370619774,227.4334930419922,0.49459170312624057,20.825213600162595,0.06623672040894812,0.7349013663588301,34.0,0.0401700889017433
2021-11-20,227.07960510253906,227.61883544921875,213.79388427734375,218.11883544921875,2134869389,0.0401700889017433,0.060881518468522376,0.04098781961019671,51.68902859787485,47.44054334871592,30.57868117195742,22.812018158033975,8.621032117534668,13.21172357635978,-4.590691458825113,231.45459004867217,222.8335579311375,202.38724731445313,182.58740116119384,283.02220378001505,175.37110524098102,229.19665451049804,0.46968878655296087,20.32519485528491,0.06665647664715375,0.6649116358771763,43.0,-0.023651073090477023
2021-11-21,221.77194213867188,230.3231658935547,220.05844116210938,226.9408416748047,1787880756,-0.023651073090477023,0.04628504684793209,-0.02337357844827359,49.88300174134877,44.492531213845126,22.936369380006568,26.373174356432283,7.210032184383891,12.011385297964605,-4.8013531135807135,229.9649519086721,222.75491972428821,203.43750762939453,181.9160754776001,282.3893398289966,178.4256641382886,230.4075019836426,0.4512165393733088,19.606589846439224,0.06683227771961395,0.5613349707023263,49.0,-0.05855952325569035
2021-11-22,209.15802001953125,221.82920837402344,205.91053771972656,221.7183837890625,2030965166,-0.05855952325569035,0.0761083445559983,-0.056877898969082685,45.788390253153004,37.95335060830474,9.582030947735008,21.032360499899678,5.016143495808592,10.612336937533403,-5.596193441724811,226.7638854641889,221.7477419683803,204.20846862792968,181.19431385040284,281.97107357742965,179.6872638249141,230.82916870117188,0.4431147516063305,19.343167047000488,0.06829665435448305,0.6393238180921991,50.0,0.03398756490065432
2021-11-23,216.38897705078125,218.42584228515625,205.91696166992188,209.31344604492188,1944651936,0.03398756490065432,0.057807383655678744,0.03457174164574117,48.4030459285535,43.50635759989851,17.237433167001683,16.5852778315811,3.8169492893514985,9.253259407897023,-5.436310118545524,225.16774570828002,221.35079641892852,205.18544525146484,180.54499088287355,281.7293953012736,180.856826012203,231.2931106567383,0.436124400777226,18.855003730445762,0.06835946405115348,0.6178151552085163,33.0,-0.030891478385589907
2021-11-24,209.8065948486328,217.84107971191406,206.5169219970703,216.36253356933594,1884041986,-0.030891478385589907,0.053974269602982135,-0.030419212160717968,46.21778487151529,39.73008382737189,11.851570110795706,12.890344741844146,2.3088213531883923,7.864371796955297,-5.555550443766904,222.80449172987278,220.4956703766844,205.90375549316406,179.86218013763428,281.3866509713127,181.88343112097246,231.6350410461426,0.42956894345928776,18.31708615790276,0.06858517120580415,0.6025128467795664,42.0,0.027400937838973353
2021-11-25,215.63497924804688,229.64520263671875,210.92410278320312,212.23345947265625,1953190727,0.027400937838973353,0.08681847406575245,0.027779795976475397,48.43758395548244,44.689496421720456,18.973240296636043,16.020747858144492,1.565870627621365,6.604671563088511,-5.038800935467146,221.70148980959186,220.1356191819705,206.64234161376953,179.0081011581421,280.583294470313,184.29649221181592,232.43989334106445,0.41424387558642184,18.42576627434442,0.06866733582583417,0.6220207129543642,32.0,-0.10123054081808107
2021-11-26,194.87464904785156,224.8620147705078,190.84671020507812,222.91036987304688,2690646017,-0.10123054081808107,0.1745496642668858,-0.09627533655527432,41.81696958488021,33.301910597457166,4.481386563666502,11.768732323699432,-0.6901526705179322,5.145706716367222,-5.835859386885154,217.57428353855488,218.2644362090728,206.96440002441406,178.1858278274536,280.8790027191891,183.7016125151859,232.2903076171875,0.41834457580619644,19.539304723707655,0.07256759376524806,0.8417537295175577,47.0,0.0015371103292407338
2021-11-27,195.17442321777344,200.845458984375,191.19830322265625,195.557861328125,1406618152,0.0015371103292407338,0.04942838104844589,0.0015382922888460548,41.94037513172705,33.58700324784053,4.81490799724844,9.423178285850343,-2.4259136948724063,3.6313826341192965,-6.057296328991702,214.12815118151158,216.554064876384,207.3484408569336,177.27475597381593,281.47450374759217,182.41842227779847,231.94646301269532,0.4270644190179868,18.83272265499416,0.07239184789565983,0.4397903758727504,21.0,0.02118959321184703
2021-11-28,199.35421752929688,199.8712158203125,184.1060333251953,195.4145965576172,1712282909,0.02118959321184703,0.07908125892947489,0.021415686761680153,43.73239235264885,37.90457648020764,15.781241783111897,8.359178781342294,-3.424763797993023,2.220153347696833,-5.644917145689856,211.85523831194007,215.2800021099331,207.74235198974608,176.75610271453857,282.0036820499931,178.9550459773507,230.47936401367187,0.44710569431513014,18.613612643574378,0.06640893424615178,0.5469641731406713,27.0,0.03216268555430746
2021-11-29,205.87020874023438,209.2916259765625,195.7545623779297,199.5909881591797,1784850980,0.03216268555430746,0.06575533041652368,0.03268549465215065,46.504411255583555,44.47032353112872,27.48035936434027,16.02550304823355,-3.6485158471666352,1.0464195087241392,-4.694935355890775,210.93446453167766,214.5829803788443,208.35338470458984,176.2009070968628,277.9568476909499,177.29823043405008,227.6275390625,0.4422075539342446,18.251001997507124,0.05774077038767236,0.6220216067248523,33.0,0.010362073358282486
2021-11-30,208.01454162597656,218.3396453857422,198.14625549316406,205.73304748535156,2122547294,0.010362073358282486,0.09707681845092893,0.010415945555521722,47.42239488599303,46.63666073289834,47.004000026398856,30.088533724617022,-3.611183737005092,0.11489885957829293,-3.7260825965833853,210.48524562310826,214.09642936011335,208.9251544189453,175.60981052398682,273.4970746119762,176.4331606785511,224.96511764526366,0.4314620637608376,18.389743990012196,0.05795048904422118,0.8205533622403546,40.0,0.004588705455996694
2021-12-01,208.97125244140625,217.50633239746094,205.80560302734375,207.63661193847656,1739548260,0.004588705455996694,0.055992052655175484,0.0045992496868316746,47.85235171775799,47.69871939309667,51.85128028736424,42.11187989270113,-3.4644630302402106,-0.6009735183854078,-2.863489511854803,210.2523235951541,213.71678662539432,209.64862426757813,175.15580417633058,267.9383968968955,176.58029359382715,222.25934524536132,0.4110427986828375,17.911957231448266,0.057913434610268356,0.7026126822067269,34.0,-0.026581678394034847
2021-12-02,203.4896240234375,209.8877410888672,200.59449768066406,208.8951416015625,1523272322,-0.026581678394034847,0.04566937234663498,-0.026231495260362392,45.553759807955615,42.09801303499614,41.94027110957626,46.93185047444646,-3.7473107488208655,-1.2302409644724994,-2.517069784348366,209.2119082764285,212.95921902524935,210.16585021972656,174.69011707305907,264.15312818472006,175.55868822153,219.855908203125,0.4029659274898249,17.296334815502185,0.05750389364439937,0.661352008070529,32.0,-0.07864278852065122
2021-12-03,188.09971618652344,207.6363067626953,182.541748046875,203.568359375,1805361744,-0.07864278852065122,0.13341093343775196,-0.07562993892573844,39.77679775898096,30.404457961275227,11.632070353129253,35.141207250023264,-5.153895646393522,-2.014971900856704,-3.138923745536818,205.9638787241354,211.11777437052893,210.3254766845703,174.22176906585693,259.0472852467642,173.66518270977878,216.3562339782715,0.394636664574039,17.85335080838205,0.05875860302210177,0.8040665827489772,31.0,-0.14289874236890465
2021-12-04,163.05270385742188,189.43101501464844,132.05429077148438,188.3485565185547,3667491155,-0.14289874236890465,0.3518906640967817,-0.13315816119714097,32.54339376145484,19.90583930411944,31.54448755766365,28.37227634012307,-8.19523926309364,-3.2510253733040915,-4.944213889789548,199.3621595138718,207.55739877696544,209.81024810791016,173.5639359664917,249.31840408178056,171.89858352808272,210.60849380493164,0.36760065634107375,20.67644891086648,0.06124287941156713,1.6176773004813734,25.0,-0.041594062783524545
2021-12-05,156.4097900390625,165.01788330078125,149.2733917236328,162.95724487304688,1952282406,-0.041594062783524545,0.10066180367108948,-0.04074089948344639,30.936555255397053,17.984345408924142,24.956728861403832,22.71109559073226,-11.014584347008821,-4.803737168045037,-6.210847178963784,192.75410267159344,203.76868701860226,209.21465789794922,173.39838405609132,243.09054048268393,167.4910864094059,205.29081344604492,0.3682554168121472,20.324166244172336,0.060953660541807925,0.8774768436568718,18.0,0.03441617601773913
2021-12-06,161.8865203857422,164.30856323242188,141.77304077148438,156.5113525390625,1959778935,0.03441617601773913,0.1392056757242048,0.03501526563849944,33.837047383830935,24.952301765122286,30.56865546604775,29.023290628371758,-12.661060446671513,-6.3752018237703325,-6.285858622901181,188.00524385838557,200.66630430505708,208.77777770996093,173.1464359664917,242.23196946520338,161.47836683850758,201.85516815185548,0.4000571467456554,20.482120259655563,0.05708958419506857,0.923864775993137,16.0,0.0025068945632891835
2021-12-07,162.29286193847656,165.4556884765625,158.70608520507812,161.78375244140625,1510598217,0.0025068945632891835,0.041589033497006635,0.002510039450883017,34.058325256991324,25.500175627971245,30.985027795159198,28.836804040870277,-13.77433429893361,-7.855028318802988,-5.919305980130622,184.04949279378417,197.82382709271778,208.3125,173.05691509246827,240.27085584929446,156.71835618683835,198.4946060180664,0.4209308320189386,19.501226189071907,0.05719923702545812,0.7355701275287307,25.0,0.017896397853993502
2021-12-08,165.2234649658203,169.35586547851562,156.8856658935547,162.04222106933594,1705972971,0.017896397853993502,0.07547474922851086,0.018057497984444337,35.72786318944384,29.811603024055586,33.987974454158234,31.84721923845508,-14.255804633437066,-9.135183581729805,-5.120621051707261,181.15318082025127,195.40898545368833,207.83817291259766,173.03505962371827,240.62832802261264,152.44093925033658,196.5346336364746,0.4487116959517382,18.99901000306398,0.052729576819117926,0.8599919861314719,28.0,-0.08476596602003744
2021-12-09,151.79530334472656,166.9373321533203,151.79530334472656,164.9592742919922,1373978010,-0.08476596602003744,0.0997529467312059,-0.081272727356684,31.75996449578591,22.7679728103558,21.270872425930747,28.747958225082744,-15.54175804895084,-10.416498475174013,-5.125259573776827,176.63658428555516,192.178342334506,206.73666320800783,173.0764393234253,240.19847672792704,146.23646284726826,193.21746978759765,0.4863018545059639,18.72351134631611,0.05205673717963786,0.7102344579952568,29.0,-0.021286252001170555
2021-12-10,148.59829711914062,159.71279907226562,148.2205352783203,151.7544403076172,1344733451,-0.021286252001170555,0.07733778930677274,-0.021061298703857423,30.880635552546963,21.36579228186244,19.17359721312719,24.81081469773874,-16.62718919250321,-11.658636618639854,-4.968552573863356,172.3230016445683,188.95019083707152,205.77124542236328,172.89946018218996,237.40231342205126,141.18449535480423,189.29340438842775,0.5082998976013409,18.20699366400391,0.05021553853182011,0.709608891331198,24.0,0.06161361558555442
2021-12-11,158.0419158935547,159.4130096435547,146.49546813964844,148.74195861816406,1207041548,0.06161361558555442,0.08173490830500023,0.06355132567126609,36.475531906307324,35.132980917786455,30.11823412935955,23.52090125613918,-16.534777460375835,-12.63386478698705,-3.9009126733887847,170.12591152902775,186.66068898940358,205.1156381225586,172.77218029022217,233.6275511115644,138.58625504077935,186.10690307617188,0.510681197203553,17.829175652568363,0.053508213754732525,0.6468629496697251,16.0,0.007325885754607257
2021-12-12,159.20396423339844,162.48501586914062,153.6103515625,157.9253387451172,870576845,0.007325885754607257,0.05574399073147491,0.0073527857041826294,37.14970291910397,36.72339229316346,31.464984507843518,26.918938616776767,-16.181245580911025,-13.343340945771846,-2.8379046351391786,168.44561194508478,184.6268575259958,204.3735272216797,172.57207843780517,231.27198176274146,135.94641881098903,183.60920028686525,0.5191763964050754,17.18956769928781,0.05283488846420874,0.4815208544563494,27.0,-0.09665822726651317
2021-12-13,144.53590393066406,160.0882110595703,143.1669464111328,159.35443115234375,1097150357,-0.09665822726651317,0.11707308833488786,-0.09213376295850584,32.46598437978943,26.98144098493269,14.46550601197532,25.349574883059475,-16.88996193219336,-14.05266514305615,-2.837296789137209,164.76719532748157,181.65715725967493,203.44613159179687,172.3291524887085,228.08476733371614,131.94832592800262,180.01654663085938,0.534042248920874,17.170403195655645,0.05467985836619391,0.6214043195750416,28.0,0.010612798883119254
2021-12-14,146.0780029296875,151.633056640625,143.42257690429688,144.62205505371094,1150775410,0.010612798883119254,0.056206133515393955,0.010669314385463702,33.4164289188237,29.282441824559214,16.41120784402658,20.78056612128182,-17.12972938775232,-14.668077991995386,-2.4616513957569346,161.89193495859018,179.0216643463425,202.46170043945312,172.1729391860962,225.0257191413974,128.63451492842685,176.83011703491212,0.5451062626053667,16.530408662846536,0.05503825120673968,0.6655978889958027,21.0,0.049660216156958745
2021-12-15,153.51541137695312,154.86322021484375,142.0965576171875,150.61129760742188,1356025651,0.049660216156958745,0.08316209091416914,0.05091395212217886,37.951942351071224,39.93306788988034,27.57313278282842,19.483282212943454,-16.52907325158219,-15.040277043912749,-1.4887962076694414,160.6032390229537,177.13231227453588,201.58263122558594,172.12147571563722,219.46011232716748,127.98816495554738,173.72413864135743,0.5265356218600007,16.261569658190087,0.056219219236122546,0.7980956395375983,28.0,-0.030245828466648517
2021-12-16,148.9417266845703,156.61610412597656,148.71083068847656,153.51084899902344,1001741958,-0.030245828466648517,0.05307628435275116,-0.02979300026856746,36.31376858414706,36.03893144364736,22.343193273714338,22.10917796685646,-16.234960547689298,-15.27921374466806,-0.9557468030212384,158.80916020166393,175.04412074935323,200.97478332519532,172.01129322052003,217.2973707202077,125.55761432617902,171.42749252319337,0.5351519470053306,15.664691356712224,0.052754954763769936,0.6204152478163509,29.0,-0.03139452543656676
2021-12-17,144.33840942382812,150.3484649658203,142.02572631835938,148.98037719726562,973529667,-0.03139452543656676,0.05766128836173095,-0.030906834258012328,34.690730273107235,32.336224998173776,21.409585183502866,23.77530374668189,-16.18673276290147,-15.460717548314744,-0.7260152145867274,156.58289085122766,172.76962361412913,200.0619989013672,171.79281688690185,214.8441846718668,122.92719899512535,168.88569183349608,0.544255612650491,15.140266163194275,0.0527768099596651,0.6111385564574231,23.0,0.03045196912679344
2021-12-18,148.80140686035156,150.2078857421875,143.17318725585938,144.26478576660156,782184567,0.03045196912679344,0.047275752526520866,0.030920372853898703,37.60255141333623,39.38087700904994,25.480951148109057,23.077909868442102,-15.608460682870373,-15.49026617522587,-0.11819450764450323,155.38573946801597,170.99420015088634,199.1111328125,171.62192043304444,210.87362931798128,121.84247328211639,166.35805130004883,0.5351779209969548,14.56129704341812,0.05315120050019046,0.5057864111307981,24.0,0.02833264516695844
2021-12-19,153.07763671875,160.16497802734375,147.891845703125,148.71047973632812,1587190278,0.02833264516695844,0.08017586753555787,0.028737832179312806,40.34691629804239,45.700358905772326,40.98418514904286,29.291573826884942,-14.636400566701752,-15.319493053521047,0.6830924868192945,155.03064673735966,169.6670473040614,198.3630386352539,171.45098873138429,204.6671454487604,122.76969994918883,163.71842269897462,0.5002335360276134,14.397856706332451,0.052980384511107044,1.0329308774029458,29.0,-0.0029371959470036076
2021-12-20,152.62867736816406,157.30357360839844,145.53555297851562,153.26048278808594,1590290392,-0.0029371959470036076,0.07710229055773392,-0.002932886607145746,40.14726979789531,45.1241583027491,38.795818007624334,35.086984768258766,-13.743832839075623,-15.004361010631962,1.2605281715563397,154.66111298825265,168.40494582732828,197.57928466796875,171.24870121002198,196.70230018665825,125.19595878550975,160.949129486084,0.44427914353728204,14.210011272300335,0.05273062351627923,1.0531890399444963,25.0,0.014946615503933692
2021-12-21,154.92709350585938,156.4102020263672,149.45191955566406,152.505615234375,1053723085,0.014946615503933692,0.04491327057936423,0.015058874762776009,41.73674024548524,48.967173905893155,47.20564030756381,42.328547821410346,-12.70455332822391,-14.544399474150353,1.839846145926444,154.70203306788446,167.40658639610837,196.7267266845703,171.12897663116456,186.44460989910127,130.04923317951202,158.24692153930664,0.3563758218549693,13.69203064361482,0.052988338394561935,0.7140569442730904,27.0,0.003482056922968723
2021-12-22,155.46749877929688,159.9808349609375,153.37020874023438,155.0339813232422,1111879486,0.003482056922968723,0.04252095307770811,0.0034881263258002004,42.125900374747175,49.929039915045756,53.95787228647188,46.65311020055336,-11.702412512117434,-13.97600208174377,2.2735895696263366,154.8197970234864,166.52220953560382,195.82158294677734,171.04117053985595,174.93018050806057,136.76145004613863,155.8458152770996,0.2449134126191103,13.18621604197827,0.05306773089379591,0.7641177856618074,45.0,0.05006733508900443
2021-12-23,163.44949340820312,165.08154296875,153.58148193359375,155.5389404296875,1337153835,0.05006733508900443,0.07035849910183381,0.05134188619215885,47.684211716584976,62.20462625293585,92.92131098501244,64.69494119301606,-10.147158312439046,-13.210233327882825,3.063075015443779,156.1474426211351,166.29460093357415,194.94837005615236,170.9752208328247,167.32695903706303,141.89964923930415,154.6133041381836,0.16445745040823628,13.06577639863384,0.05254863896864975,0.9339591032618929,34.0,-0.012487953327193334
2021-12-24,161.42103576660156,166.69239807128906,160.67201232910156,163.55247497558594,1085980228,-0.012487953327193334,0.03729616597735358,-0.012410302407824814,46.46296135909207,57.989532529474836,78.6296166848638,75.1695999854494,-8.974831462876438,-12.363152954881548,3.38832149200511,156.95876464351454,165.93359610639098,194.11743103027345,170.97366199493408,167.04710110904114,142.016340358244,154.53172073364257,0.16197814035825828,12.562534208887673,0.04179098127434058,0.8336832082125314,41.0,-0.02277893886587086
2021-12-25,157.7855987548828,163.69915771484375,157.7855987548828,161.49082946777344,959492046,-0.02277893886587086,0.037478445476811534,-0.02252145759351476,44.274402793959155,50.79296236287973,63.891361568273275,78.48076307938318,-8.244070855602672,-11.539336535025774,3.2952656794231014,157.08596989141734,165.33004074702,193.2823843383789,170.95678462982178,167.17142732605942,142.02959501280776,154.6005111694336,0.16262450960267266,12.087607405392905,0.04102199210283459,0.7657620278505453,39.0,-0.011430237560464018
2021-12-26,155.99234008789062,158.3427734375,153.33297729492188,157.77371215820312,1248012717,-0.011430237560464018,0.032115654779942784,-0.011365160579565825,43.19361158799222,47.40722261042875,56.62139549845195,66.3807912505297,-7.720640064300881,-10.775597240880796,3.054957176579915,156.91771915241324,164.63835921671412,192.44490386962892,170.87605304718016,166.44873305653928,142.16287125254277,154.30580215454103,0.15738787177732713,11.582049458048994,0.04029790798069846,1.0251446873903542,37.0,-0.0007125612356053416
2021-12-27,155.8812255859375,161.08070373535156,154.733642578125,155.88499450683594,1057977478,-0.0007125612356053416,0.04071729057408149,-0.0007123074241370819,43.12336677840347,47.17987967977273,56.17093139423032,58.89456282031853,-7.231424047746742,-10.066762602253986,2.835338554507244,156.75825860372467,163.9896826514714,191.52150207519531,170.81444385528565,165.59458927250822,142.37585140131992,153.98522033691407,0.1507854962988431,11.208121722275964,0.04028599782998153,0.8855068641931709,40.0,-0.06626287530382402
2021-12-28,145.88687133789062,155.98207092285156,145.17674255371094,155.98207092285156,1315031071,-0.06626287530382402,0.07406648912302913,-0.06411518905166025,37.25464141118361,31.385640220850277,15.653287392015738,42.815204761566015,-7.562996179376199,-9.566009317678429,2.0030131383022294,155.08573748590405,162.64873366528025,189.86531555175782,170.7294755935669,163.92230882219462,142.11447248884053,153.01839065551758,0.1425177473108376,11.179350768480584,0.04243471069593957,1.1189626300192368,41.0,-0.002568656003168197
2021-12-29,145.5126190185547,150.60934448242188,144.5751953125,145.9368133544922,1081715291,-0.002568656003168197,0.041468219118181396,-0.0025653598291865976,37.05129851516628,30.93323892895178,14.136048572427168,28.65342245289109,-7.766441810208136,-9.20609581618437,1.4396540059762337,153.61295002938874,161.37939183959688,187.51743377685546,170.64696437835693,164.08269408334317,141.3258187950748,152.704256439209,0.14902580857219125,10.811836368583533,0.03819616032802513,0.9320228510621783,27.0,0.018880102392597617
2021-12-30,148.2860107421875,149.8709259033203,143.23793029785156,145.58570861816406,838034968,0.018880102392597617,0.04473109480975239,0.019059458501528015,39.678840684688105,38.58655749514362,25.379526214697304,18.389620726380084,-7.61609085002641,-8.888094822952779,1.2720039729263686,152.79342090828086,160.40951175830727,185.25789459228517,170.53374004364014,164.09040806313863,141.28687617758402,152.68864212036132,0.14934661523533,10.513347742646761,0.03819097247140155,0.738177722702148,22.0,-0.01201687622963587
2021-12-31,146.51473999023438,152.25169372558594,144.5597381591797,148.20953369140625,1051011688,-0.01201687622963587,0.052499533950774786,-0.011944961922488284,38.571483615594644,35.643607520749995,14.207758757716425,17.90777784828031,-7.552799407304548,-8.621035739823133,1.0682363325185857,151.82746999781216,159.3802694051167,182.92645538330078,170.40156826019287,163.53871821343319,140.68584843695743,152.1122833251953,0.15023684660376466,10.311819730058152,0.03537324466965648,0.9321827616321526,28.0,0.028148037111622726
2022-01-01,150.6974334716797,150.7519989013672,146.45693969726562,146.536865234375,691648227,0.028148037111622726,0.028501210041567998,0.028547936417346875,42.6422535568786,46.818116253562906,31.80418863426998,23.797157868894583,-7.083478148449245,-8.313524221548356,1.2300460730991105,151.653618224561,158.73709637301025,180.9092367553711,170.26175830841063,162.64970169885402,140.72421187536474,151.68695678710938,0.14454433187858995,9.882051121061252,0.03601806756082317,0.618356076599356,21.0,0.0036963399162547933
2022-01-02,151.2554931640625,152.93603515625,148.66310119628906,150.685302734375,680239631,0.0036963399162547933,0.028249777053228793,0.0037031798055651155,43.18324729751347,48.21767050226849,34.183520784432105,26.731822725472853,-6.590535327464295,-7.968926442731544,1.3783911152672488,151.59236821525354,158.18290354271784,178.77248260498047,170.18574108123778,162.4890705870054,141.55680191055322,152.0229362487793,0.13769151677347796,9.481399895268371,0.028439306281766007,0.6197056188147054,29.0,-0.01864411866711832
2022-01-03,148.4615936279297,151.26339721679688,146.6741943359375,151.26339721679688,755658603,-0.01864411866711832,0.030911717762916565,-0.018471392196661274,41.09352594325225,41.79356892410395,22.27150656555931,29.41973866142048,-6.352095925558302,-7.645560339296896,1.2934644137385938,151.1107105864345,157.4628065119928,176.1815643310547,170.09277057647705,162.38669184903222,141.89753971835057,152.1421157836914,0.13467113971132208,9.131957251382014,0.028738579101905287,0.701030100962724,29.0,-0.011171488680311339
2022-01-04,146.81228637695312,151.33206176757812,146.5630645751953,148.4677734375,789511706,-0.011171488680311339,0.03248363818909545,-0.011109319324094091,39.867040092618986,38.28098395159655,15.239553136010908,23.898193495334123,-6.2244645403758625,-7.3613411795126895,1.136876639136827,150.44941455420658,156.67387909458245,173.86254211425782,170.04505382537843,162.28580718286494,141.32811188451788,151.8069595336914,0.1380549044834522,8.820317247167784,0.02642199281714538,0.7522022157610643,23.0,-0.0758449058238781
2022-01-05,136.089111328125,149.54522705078125,132.1007537841797,146.81129455566406,1304198400,-0.0758449058238781,0.1281841956079875,-0.0730400384971559,32.97588392322635,23.37757840964818,11.529829316126436,16.3469630058989,-6.908944347442883,-7.270861813098729,0.3619174656558455,148.2401371348094,155.14908148225229,171.9723358154297,169.95902210235596,163.65122547507158,138.67743205666667,151.16432876586913,0.1652095677749846,9.436328391413054,0.030603066449312478,1.2249178368165428,24.0,0.003042435648627443
2022-01-06,136.5037841796875,137.7505340576172,133.3151397705078,136.0773162841797,1136595284,0.003042435648627443,0.03249283024469724,0.003047068553212018,33.454912027304786,24.700168992320414,12.72859526122211,13.165992571119832,-7.333403976246018,-7.283370245728187,-0.05003373051783111,146.43454437248295,153.76794834872896,170.11232940673827,169.86607807159425,164.519468218083,137.0257267892412,150.7725975036621,0.1823523762544054,9.07911881253422,0.02997325823261842,1.059390654913174,15.0,-0.03743332897813205
2022-01-07,131.4884490966797,136.52577209472656,128.08090209960938,136.4918670654297,1364180297,-0.03743332897813205,0.06422518520168959,-0.03674136298233199,30.605781137529092,19.86242427116352,9.566855361700705,11.275093313016432,-7.9824699715169345,-7.423190190885936,-0.5592797806309981,144.13514509928245,152.1176150707994,168.65364013671876,169.89958801269532,166.01836255226917,133.79553667868785,149.9069496154785,0.2149521817116221,9.033815325575862,0.02985419204672244,1.2379398511430995,18.0,-0.010327565091402912
2022-01-08,130.13748168945312,134.629150390625,126.74758911132812,131.49484252929688,1002118315,-0.010327565091402912,0.06056334560172782,-0.010274418905292904,29.867899353742715,18.710759339073263,9.873536424665176,10.722995682529344,-8.507798621704353,-7.64011187704962,-0.8676867446547334,141.98165842084717,150.48945704255152,166.8936181640625,169.9522620010376,166.93879883485656,130.5810848931708,148.75994186401368,0.2444052712451415,8.951511465127362,0.02873212960412403,0.9341821269185421,10.0,0.008880577922085249
2022-01-09,131.29832458496094,132.4771728515625,128.80877685546875,130.13734436035156,710682825,0.008880577922085249,0.027939396848281887,0.00892012724111213,31.398390719735787,23.17620696677905,13.254653775129942,10.898348520498622,-8.729823075381006,-7.8580541167158975,-0.8717689586651085,140.33806859994158,149.06789167532258,164.97799255371095,169.96537868499755,167.2870250676698,128.09982338203724,147.69342422485352,0.2653280055716808,8.574146074482105,0.028964852330719087,0.6908268993015662,23.0,-0.034594262557825495
2022-01-10,126.83382415771484,131.51531982421875,122.6286849975586,131.3038787841797,1097888042,-0.034594262557825495,0.07006518084332013,-0.03400272197957244,28.795682314471918,18.593354353697592,12.607832888616429,11.912007696137197,-9.160431179148645,-8.118529529202448,-1.0419016499461975,138.2604925319067,147.42092371105534,163.0792301940918,169.92712478637696,167.56260067645798,125.01492083843458,146.28876075744628,0.29084722310669836,8.596466699637679,0.029059982349725826,1.064927981170771,23.0,0.0364711100222073
2022-01-11,131.54498291015625,133.20668029785156,126.28759002685547,126.8260498046875,834900749,0.0364711100222073,0.05259866334637601,0.03714434050796411,34.925770384035104,34.53119863382352,29.41958919506752,18.427358619604643,-9.0175908906904,-8.298341801500039,-0.7192490891903613,137.22733720548354,146.24492809617394,161.5269694519043,169.9564109802246,166.85221556546082,123.33305436251771,145.09263496398927,0.2999405256768835,8.476654097591851,0.030752669431894888,0.8208627078994253,21.0,0.07462575523552153
2022-01-12,141.73719787597656,141.74012756347656,131.27281188964844,131.5546875,881585292,0.07462575523552153,0.07385016658073963,0.07748083385879867,45.79763718716479,56.18319853881034,63.049104518753566,35.02550886747918,-7.989860229916161,-8.236645487183264,0.24678525726710276,137.92116192402094,145.9110221539371,160.0339338684082,170.0318106842041,164.09736740690823,123.91667296784759,144.00702018737792,0.2790189977320456,8.618844210180155,0.03356945485165563,0.886618498518305,22.0,-0.03665035956632162
2022-01-13,136.6365203857422,142.0492401123047,135.3616943359375,141.7368621826172,886433982,-0.03665035956632162,0.04894405798308826,-0.03598686559824327,42.01461052163432,47.09032074032071,46.21926798231316,46.229320565378096,-7.50049725867396,-8.089415841481403,0.5889185828074428,137.72352476428574,145.2240220229597,158.5705323791504,170.05325386047363,161.41436501780828,124.12122381886167,142.76779441833497,0.2612153626865671,8.480894322050657,0.03420140126035008,0.9005310475685983,21.0,0.05751053538517965
2022-01-14,144.72491455078125,146.0211944580078,136.36302185058594,136.6469268798828,1204657825,0.05751053538517965,0.06673469207012732,0.05919642963831717,49.183041738351726,59.281979175758345,72.9071642275727,60.725178909546486,-6.386389444578839,-7.748810562100891,1.362421117522052,138.8006616545158,145.18705109909465,157.15233108520508,170.09002418518065,159.48277548986968,124.7467449263901,142.1147602081299,0.2444223985785008,8.564985628148602,0.0370132284924863,1.2087626384124754,21.0,0.021954468872945245
2022-01-15,147.93740844726562,149.92144775390625,144.45794677734375,144.72024536132812,1001838786,0.021954468872945245,0.03693116591609107,0.022197241618388874,51.73516171282648,63.21008546423462,83.50688304054556,67.54443841681048,-5.184466265786682,-7.2359417028380495,2.0514754370513675,140.20631500724653,145.3907812730332,156.21358627319336,170.11119667053222,158.12122864172048,125.3027986104768,141.71201362609864,0.231585376507554,8.343451010178166,0.03742619101885767,1.0178232699147682,23.0,-0.009537223144051246
2022-01-16,146.533203125,148.78028869628906,144.2544708251953,147.93226623535156,756580688,-0.009537223144051246,0.030885954681772743,-0.009491888069447785,50.54033876225686,60.24620061134028,83.28120527062691,79.89841751291506,-4.295722703941806,-6.6478979030588015,2.3521751991169957,141.17968240997783,145.47540511391963,155.2407618713379,170.12318351745606,156.50514795610525,125.98407704999829,141.24461250305177,0.21608661997955858,8.070762928814993,0.0374541450080195,0.7806032990461194,21.0,0.03443704223036699
2022-01-17,151.66726684570312,153.14288330078125,145.17018127441406,146.5348358154297,1608309071,0.03443704223036699,0.052567058088269766,0.03503686271242912,54.66307132981471,66.87211841795997,95.16416443121075,87.31741758079443,-3.1409045999452587,-5.946499242436093,2.805594642490834,142.79315693855094,145.9340615384962,154.28702285766602,170.19363220214845,157.34394675611756,125.7233178007672,141.53363227844238,0.22341424046224123,8.063758578640149,0.03521685868568009,1.6346440306270436,22.0,-0.06663160531790552
2022-01-18,141.89076232910156,152.90213012695312,139.51914978027344,151.65390014648438,1278790664,-0.06663160531790552,0.0943188980522861,-0.06446021425669635,46.68310914328648,48.80160025336679,63.124966089994466,80.52344526394405,-2.9802308947201936,-5.353245572892913,2.3730146781727193,142.65432699863567,145.63455789335586,153.00743392944335,170.21836753845216,157.05903194558238,125.64604694235707,141.35253944396973,0.22223148679742674,8.443702990642974,0.03841684027111861,1.2868421106088415,24.0,-0.03568475389206012
2022-01-19,136.9167022705078,142.82635498046875,133.73797607421875,141.8882598876953,926249070,-0.03568475389206012,0.06637889136632864,-0.03505555948072858,43.22562506465245,42.05590500765629,46.82416077580592,68.37109709900373,-3.217175308181311,-4.926031519950593,1.708856211769282,141.7716155020006,144.9887908101819,151.58547714233399,170.2015525817871,156.26703305247077,125.3011149883007,140.78407402038573,0.21995327440010126,8.48975127032919,0.038846366362376136,0.9279621277582226,24.0,-0.049034477595128224
2022-01-20,130.36500549316406,142.53172302246094,130.36119079589844,136.8967742919922,706911161,-0.049034477595128224,0.09335735599075846,-0.0478516986510491,39.11617040214693,34.68775581134814,25.3531828650023,45.10076991026758,-3.8887950296477243,-4.718584221890019,0.8297891922422949,140.01675242371806,143.90554745336578,150.01335220336915,170.1288483428955,155.85919326714014,124.0939813239243,139.97658729553223,0.2269323217328483,8.752664195774427,0.04011032998371763,0.7206401258334865,24.0,-0.13070825302215205
2022-01-21,114.3918685913086,130.82464599609375,112.4258804321289,130.3922882080078,1680709016,-0.13070825302215205,0.16083980260606362,-0.12252626263796729,31.302673409254197,23.150987644624422,4.828420612199048,25.668588084335767,-5.6448864157919445,-4.903844660670404,-0.7410417551215405,136.07446260334737,141.71934901913932,148.23139709472656,170.01044147491456,156.78936557185023,119.53325253117715,138.16130905151368,0.26965663032898785,9.441671436359456,0.04798204421210518,1.631119761377308,19.0,-0.053539052861515994
2022-01-22,108.42849731445312,116.67909240722656,99.7610092163086,114.4232406616211,2098519931,-0.053539052861515994,0.15602985939991304,-0.052131076712812474,28.975610948304222,20.221629121999825,16.23676247189993,15.47278864970044,-7.432122829690655,-5.409500294474455,-2.0226225352162004,131.82123717428672,139.25336000397738,146.63797271728515,169.85765575408936,157.72662784805112,114.3132906700153,136.01995925903321,0.3191688735574496,9.97570084739935,0.04858772197620351,1.90546578721736,13.0,0.03320678638801894
2022-01-23,112.08950805664062,112.39445495605469,106.59941864013672,108.46219635009766,1135598050,0.03320678638801894,0.05170007805716877,0.03376428552329935,32.30289986505112,26.8509303787,23.094915740168926,14.72003294142265,-8.455636281890463,-6.018727491957657,-2.436908789932806,128.7855865408027,137.24122282269317,145.61870880126952,169.731247215271,157.47203655496415,110.93067340597334,134.20135498046875,0.34680248314753825,9.677081952293538,0.04984250969026231,1.0136435914580335,11.0,-0.022537015546869727
2022-01-24,109.59159851074219,112.19467163085938,98.66522216796875,112.10081481933594,1645918728,-0.022537015546869727,0.12345334539092855,-0.022284954133585888,31.227953205346523,25.185035283822373,20.056617915618187,19.796098709229028,-9.360437197880614,-6.687069433142248,-2.673367764738366,125.83266530540878,135.1931025032894,144.68234497070313,169.61766269683838,157.17963880348012,107.50100237083629,132.3403205871582,0.37538549258633463,9.95225106019333,0.04987272857365723,1.4150731610447025,13.0,-0.014015087195736685
2022-01-25,108.06637573242188,109.68234252929688,106.33942413330078,109.59247589111328,909091096,-0.014015087195736685,0.03093393641953292,-0.013917333071574944,30.559256105333247,24.119048438918327,17.256896439687104,20.136143365158087,-10.08432534858926,-7.366520616231651,-2.7178047323576093,123.09938998648772,133.18371533507698,143.6059420776367,169.48513660430908,157.8496499071506,104.02871770759548,130.93918380737304,0.41103763315595465,9.480155869893526,0.04774889694183147,0.7950923848833986,12.0,-0.007283061705178806
2022-01-26,107.28218078613281,115.78300476074219,105.84998321533203,108.06230163574219,1064088735,-0.007283061705178806,0.09258780416863123,-0.00725660448010923,30.201171908254224,23.5218504826304,15.817416605233026,17.710310320179453,-10.599109959833186,-8.013038484951958,-2.586071474881228,120.66597318643312,131.2650831462663,142.50572845458984,169.35161106109618,158.13769134559953,100.81851592979109,129.4781036376953,0.44269396759315033,9.512503418144714,0.04763875728817751,0.9336137683933667,23.0,-0.003068274360490276
2022-01-27,106.9535140991211,109.46898651123047,103.78439331054688,107.26136016845703,825647673,-0.003068274360490276,0.053150130209048525,-0.003063572017303784,30.042283705915466,23.240477990817695,15.214111176590533,16.096141407170236,-10.90786208373369,-8.592003204708304,-2.3158588790253862,118.55636409607742,129.4642261798111,141.34032943725586,169.21514945983887,158.5171042970103,97.98560947862448,128.2513568878174,0.47197547290929054,9.239081259754633,0.04729331992176327,0.741937808935237,20.0,0.022915745064292777
2022-01-28,109.43273162841797,109.83932495117188,105.81873321533203,106.92748260498047,683706404,0.022915745064292777,0.036740303161689136,0.023180327922645017,32.909576349983155,30.55151015487732,19.76499951824075,16.93217576668812,-10.827683436774677,-9.03913925112158,-1.7885441856530981,117.15272833182212,127.9804117685968,140.49307800292968,169.09462245941162,158.55052918395344,95.88170958557778,127.21611938476562,0.4926169726089002,8.866332008046433,0.047873889972602716,0.6233048087893732,24.0,0.012630405933845328
2022-01-29,110.82367706298828,111.85406494140625,108.31248474121094,109.43119812011719,592402655,0.012630405933845328,0.03195689128941646,0.012710506389379983,34.53083877105645,34.6270643260431,22.318239517254824,19.09911673736205,-10.530514394527387,-9.337414279802742,-1.1931001147246452,116.17902813661692,126.70954253114431,139.73758560180664,168.99213180541992,158.25580352573837,94.12897049159562,126.192387008667,0.508167208452428,8.485992593199924,0.0479534941689761,0.5429948076320316,24.0,-0.018430413257429265
2022-01-30,108.79985809326172,112.042724609375,107.72004699707031,110.83002471923828,537737428,-0.018430413257429265,0.039730544580300356,-0.018261611808605638,33.27102817581097,31.49012179458404,18.6032875027169,20.22884217940417,-10.339128032579325,-9.537757030358058,-0.8013710022212663,115.04377120686998,125.3828992394493,138.75274444580077,168.88081806182862,158.23349009692396,92.3478873139647,125.29068870544434,0.5258619252852449,8.188612951707407,0.047625234561780506,0.5058754447669406,29.0,0.007215110805070657
2022-01-31,109.58769989013672,110.9894027709961,105.02007293701172,108.7991714477539,691404381,0.007215110805070657,0.05447080137614638,0.007241202430610549,34.276274150481015,34.19749101195018,20.13845946090416,20.35332882695864,-10.008508853153316,-9.63190739491711,-0.3766014582362054,114.20437561968023,124.21288447283355,137.76041915893555,168.80129875183104,157.68760732861844,90.69804178026828,124.19282455444336,0.5393996455808397,8.030092729012905,0.046637190966343486,0.6548574222946897,20.0,0.05169654771240248
2022-02-01,115.4020004272461,116.3658218383789,108.66441345214844,109.58943939208984,824048434,0.05169654771240248,0.06673548428725666,0.05305614172884643,41.303924079183595,50.902850283953626,37.89934087592048,25.547029279847195,-9.171600805307648,-9.539846076995218,0.36824527168757015,114.38862559007498,123.56022639538263,137.17774108886718,168.7731034851074,155.5694853895519,90.1826439744618,122.87606468200684,0.5321365197063062,8.006615275957015,0.0447119580035166,0.7826225113897266,26.0,-0.06115531119142068
2022-02-02,108.55602264404297,115.88226318359375,108.43699645996094,115.40450286865234,743395485,-0.06115531119142068,0.068584557008375,-0.05932286925579855,36.372385629021544,37.74112083255393,22.54750272624342,26.86176768768937,-8.957501835367182,-9.423377228669612,0.46587539330242933,113.49130205991621,122.44880389528339,136.4273014831543,168.71574821472169,154.09285073801823,88.85122885182551,121.47203979492187,0.5370916796683293,7.966518950791,0.04579532078285799,0.7108524711692756,28.0,0.01581970471911382
2022-02-03,110.28700256347656,110.28700256347656,106.41796875,108.53465270996094,683428425,0.01581970471911382,0.03508150301981151,0.015945498713687334,38.3758573991001,42.153296612153305,36.13802429303473,32.19495596506623,-8.549596815939154,-9.24862114612352,0.6990243301843666,112.9983329066178,121.54792972255696,135.56273330688475,168.66962314605712,150.88114776846137,88.61914062265191,119.75014419555664,0.5199326277564491,7.673841440982827,0.043373397968746424,0.6702126399824787,20.0,0.09202685715792902
2022-02-04,120.91803741455078,120.92221069335938,109.00498962402344,110.29109954833984,953726676,0.09202685715792902,0.09855618999570256,0.09639426771940274,48.997612605037226,61.63470504374482,99.98124958008657,52.888925533121586,-7.28452204831369,-8.855801326561554,1.5712792782478644,114.21674898476132,121.50127103307501,135.00225952148438,168.70838932037353,146.74008849197912,90.05826279586269,118.3991756439209,0.4787349691232982,7.976939985865192,0.048876550342637604,0.9374956372671908,20.0,0.008225416825797591
2022-02-05,121.91674041748047,123.39488220214844,119.2457046508789,120.92329406738281,736360985,0.008225416825797591,0.03403287798756323,0.008259338509653213,49.87173761538751,63.000377753548435,94.02279779574414,76.71402388962183,-6.130683491697482,-8.31077775958874,2.180094267891258,115.40136305133349,121.53204654303097,134.55382614135743,168.78097560882568,142.4926015719414,91.84410344514845,117.16835250854493,0.43227114696435825,7.703528383394073,0.0490480859568831,0.7245492359817115,33.0,0.0443504914571919
2022-02-06,127.44550323486328,127.44550323486328,121.42715454101562,121.91934967041016,782675364,0.0443504914571919,0.04722291913867472,0.04534867646929075,54.51892368216787,69.91665775582726,100.0,98.00134912527692,-4.715772677102109,-7.5917767430914145,2.8760040659893056,117.25430769495347,121.97008037205558,134.12670806884765,168.83090366363524,136.41550471232043,95.49902394368544,115.95726432800294,0.3528582793476089,7.583158405569329,0.04955966328721047,0.8027270703649578,37.0,0.07307564965994322
2022-02-07,137.10739135742188,139.24339294433594,125.56070709228516,127.44465637207031,1131143500,0.07307564965994322,0.09979539189380188,0.07581191864222281,61.2753049028021,78.218076762852,93.97613692158801,95.9996449057774,-2.7827344088577632,-6.629968276244685,3.8472338673869215,120.30862825841014,123.0913626672679,133.8073031616211,168.91276165008546,135.03821752338075,96.39797403545714,115.71809577941895,0.3339170354270207,8.018838937460862,0.05079490637380282,1.1689736380129387,45.0,-0.02299006173797711
2022-02-08,133.99124145507812,142.35386657714844,130.99807739257812,137.14239501953125,1373203815,-0.02299006173797711,0.08475023487544484,-0.022727803887832243,58.268809279499294,70.8605186073419,78.31802092741631,90.76471928300145,-1.485115422712454,-5.600997705538239,4.115882282825785,122.41364567328213,123.89876109599459,133.4345544433594,168.96147079467772,134.28243224597364,96.86121323132127,115.57182273864746,0.3237918908597314,8.257192526540107,0.05042605068368605,1.3870943202550394,48.0,0.04509295321977644
2022-02-09,140.17160034179688,140.7852020263672,132.8143310546875,133.96217346191406,1036393461,0.04509295321977644,0.0568650921602049,0.046125096085409156,62.22732912448639,76.0691816562204,94.34198590095538,88.8787145833199,0.04148210352381909,-4.472501743725827,4.513983847249646,125.14563869920747,125.10415659568365,133.13944458007813,169.03138542175293,136.7113019922229,95.41300296993529,116.0621524810791,0.3558291668683313,8.23674098690722,0.05010632910943656,1.0297413196154144,54.0,-0.03693805299702633
2022-02-10,135.08839416503906,143.23289489746094,135.08839416503906,140.1739044189453,1276403767,-0.03693805299702633,0.06029015877168281,-0.03626416595346582,57.40424565620998,64.93202753717384,78.6864714130468,83.78215941380618,0.8315636372892499,-3.411688667522812,4.243252304812062,126.67529338625849,125.84372974896924,132.73186248779297,169.0688375091553,139.32186388194648,94.87209363758475,117.09697875976562,0.37959792571210743,8.230152397301124,0.04030297283779316,1.2942058930635343,50.0,-0.06940017011737784
2022-02-11,126.03115844726562,135.0928497314453,125.37024688720703,135.0928497314453,1080587719,-0.06940017011737784,0.07714443764560369,-0.06704673464922606,49.97210545788766,49.7812206735699,54.98438595296798,76.00428108899007,0.7185823470860555,-2.5856344646010383,3.304216811687094,126.57619570333651,125.85761335625045,131.98349578857423,169.04218086242676,140.15327877845658,95.8009448543559,117.97711181640625,0.37594015687653837,8.336756000653777,0.04171545641908429,1.155278632507373,50.0,0.0051640868117936835
2022-02-12,126.68367767333984,127.5803451538086,122.20375061035156,126.01290893554688,832593853,0.0051640868117936835,0.04244109929710793,0.0051774436902223275,50.469640511874424,50.74716580055005,56.69197830704638,63.454278557687076,0.6739280853648495,-1.9337219546078606,2.60765003997271,126.59273139102933,125.91880330566448,131.28874862670898,169.00250988006593,141.02005774631047,96.39358284817193,118.70682029724121,0.37593859212464875,8.125315896568294,0.041275667385572985,0.904798659701222,44.0,-0.0037918955901340384
2022-02-13,126.20421600341797,128.6428985595703,124.2199478149414,126.6707763671875,688706404,-0.0037918955901340384,0.03504598249324032,-0.003784715432387342,50.0755621791378,49.92397066757297,55.437264194547375,55.70454281818726,0.5930148059557183,-1.428374602495145,2.0213894084508635,126.53295979293527,125.93994498697955,130.6571209716797,168.93434791564943,141.66764569633762,97.4072566474124,119.537451171875,0.37026378440415403,7.860861242858337,0.04080079604347744,0.7894955239636757,44.0,-0.011188448547004841
2022-02-14,124.80005645751953,126.63776397705078,122.24359893798828,126.1347885131836,712457600,-0.011188448547004841,0.03520963983344208,-0.011126090635992791,48.87202387574032,47.3022743888372,49.931073157367486,54.020105219653765,0.41085048018223347,-1.0605295859596693,1.4713800661419028,126.26635927979439,125.85550879961215,130.03327529907227,168.85174175262452,141.96504156973117,98.7832288465286,120.37413520812989,0.35872999335397204,7.613240085444348,0.040728793678876586,0.8260323972917537,46.0,0.05428905454264281
2022-02-15,131.7626190185547,132.11190795898438,124.23802185058594,124.79279327392578,783234535,0.05428905454264281,0.05975811779583437,0.05578973887247507,54.68754945027497,59.58110781220148,68.84340923851796,58.07058219681095,0.8188651816083024,-0.6846506324460749,1.5035158140543774,127.11193770114212,126.29307251953382,129.5509031677246,168.78167972564697,142.85454386673726,100.3417703727647,121.59815711975098,0.34961692266524724,7.631857658512497,0.04188714362954646,0.923121693320908,46.0,-0.027715902663387162
2022-02-16,128.1608428955078,131.76744079589844,126.02102661132812,131.76052856445312,715637001,-0.027715902663387162,0.04483751865814025,-0.027335341008512204,51.428672446929596,52.23553486852942,59.05994231366231,59.27814156984926,0.8418818503274537,-0.37934413589136917,1.2212259862188228,127.27330773104454,126.43142588071709,129.19638259887697,168.69781787872316,142.98233040446536,102.33471671467528,122.65852355957031,0.3313884148462717,7.497183124659484,0.042655974323925525,0.8489548354521579,51.0,-0.09709224473765034
2022-02-17,116.30241394042969,128.73141479492188,115.7144546508789,128.1046600341797,938120691,-0.09709224473765034,0.11192338751206213,-0.09252770727129622,42.45784371534706,35.44854713677533,21.320101998965743,49.74115118371535,-0.0956507828512656,-0.3226054652833485,0.2269546824320829,125.58547791710379,125.68112869995505,128.61217849731446,168.57565227508545,142.64076809365972,103.3632472566821,123.0020076751709,0.31932422550941947,7.8914529117583045,0.04862511439202334,1.0963412520216254,52.0,-0.009549326641935137
2022-02-18,115.19709014892578,121.5430679321289,114.9232177734375,116.33308410644531,1205742846,-0.009549326641935137,0.05746542859835541,-0.009503876609732731,41.72722002703727,34.25154201944527,0.967416104000263,27.115820138876117,-0.9172688374234923,-0.44153813971137723,-0.47573069771211507,123.98726441430718,124.90453325173067,127.95040008544922,168.44411018371582,142.40428183801052,104.03707482092504,123.22067832946777,0.3113698734436369,7.800624143682098,0.04864789566117542,1.3603460086861827,30.0,0.004433992507760551
2022-02-19,115.7090072631836,116.9888687133789,113.67295837402344,115.19397735595703,686244892,0.004433992507760551,0.0286573225177996,0.004443837197589007,42.223109392310334,35.42965673987955,6.887866242695794,9.72512811522061,-1.5096967874475666,-0.6551698692586152,-0.8545269181889514,122.7136863910574,124.22338317850496,127.33428543090821,168.33120098114014,141.92985843167278,105.20241314425496,123.56613578796387,0.297229051092454,7.480287443373053,0.04841220153789733,0.7678045531263474,25.0,-0.04306258925068883
2022-02-20,110.83203887939453,115.70782470703125,109.14817810058594,115.70782470703125,736479992,-0.04306258925068883,0.05918547265546025,-0.042148563012871176,38.832703753375924,29.54542991611548,4.940222296237402,4.265168214311163,-2.345691128908882,-0.9932741211886686,-1.3524170077202136,120.88574062003234,123.23143174894122,126.5369775390625,168.17224594116212,141.80974257223585,105.44696290261764,123.62835273742675,0.2941297757711681,7.414611851889096,0.04947969935782998,0.8219374241542811,27.0,-0.06892272367256641
2022-02-21,103.45049285888672,114.31229400634766,103.37959289550781,110.83516693115234,980192105,-0.06892272367256641,0.10568051256897121,-0.06660119307685286,34.338389402905875,22.845535194173692,0.17790235643568905,4.001996965122971,-3.562782205719259,-1.5071757380947868,-2.055606467624472,118.20339481062533,121.76617701634459,125.58087753295898,167.97231853485107,142.95636850163464,103.10518621638293,123.0307773590088,0.3239123017890421,7.6659039418141495,0.05026410192356199,1.0844794970484084,25.0,0.038609718364859054
2022-02-22,107.52279663085938,107.60649871826172,101.27152252197266,103.43082427978516,902125484,0.038609718364859054,0.05891751698049588,0.03936475950411911,38.56287850032153,32.672309993376615,14.897687456329235,6.671937369667451,-4.150885942712833,-2.035917779018396,-2.114968163694437,116.56022585989211,120.71111180260495,124.76210159301758,167.770927772522,143.05931265261611,102.8989194640831,122.9791160583496,0.32656270817134686,7.5708376742766434,0.04938938753256677,0.9894189976910818,20.0,-0.014585070560315827
2022-02-23,105.96595001220703,110.81077575683594,105.79009246826172,107.51875305175781,740588315,-0.014585070560315827,0.04738015643700498,-0.01447922363847376,37.56777449277619,30.916059246019728,11.18749751134599,8.754362441370315,-4.688540327968255,-2.5664422888083678,-2.122098039159887,114.93033726794056,119.61887759590881,123.94517486572266,167.52143363952638,143.46811583599052,102.05801102558175,122.76306343078613,0.33731729767199725,7.388683789583614,0.04932922777534769,0.8097127205213992,25.0,-0.016513103609095185
2022-02-24,104.2304916381836,106.20594024658203,92.61260986328125,105.941650390625,1676181000,-0.016513103609095185,0.13041606318511337,-0.016377509698384363,36.43897138315077,28.896019711581786,27.34890812989294,17.811364365856065,-5.194789983540957,-3.0921118277548856,-2.1026781557860716,113.28420717105487,118.47899715459583,123.30800247192383,167.29334743499757,144.15310677584148,99.70426550809405,121.92868614196777,0.36454785722855554,7.831872831991983,0.044137917904289836,1.7630024044594625,23.0,0.04718341591160226
2022-02-25,109.26631164550781,110.33592987060547,102.05580139160156,104.23491668701172,903266080,0.04718341591160226,0.07577933540821885,0.048314268964643414,41.89477348049661,41.77515891820671,42.16201954241362,26.899475061217526,-5.1305066078807045,-3.4997907837800497,-1.6307158241006547,112.66606939789379,117.7965760057745,122.76325302124023,167.00709720611573,144.19576417733063,98.39656522940766,121.29616470336914,0.37758159179991657,7.8638910924928345,0.04569708584986033,0.9417861495140215,27.0,-0.009403331720434116
2022-02-26,108.24365997314453,113.2392578125,107.20553588867188,109.26405334472656,773091210,-0.009403331720434116,0.05574203537948646,-0.009359258649464297,41.122817089708974,40.05619431578526,39.57298196031408,36.36130321087356,-5.103253878786916,-3.8204834027814236,-1.282770476005492,111.98569871716313,117.08895259595005,122.29835723876953,166.7210134124756,143.72870495506078,96.94344012550562,120.3360725402832,0.3887883644689627,7.733164723302498,0.044167359924463884,0.8064628748113054,26.0,-0.04863110608025064
2022-02-27,103.10559844970703,109.87517547607422,102.35350799560547,108.23714447021484,706861756,-0.04863110608025064,0.0729511063760294,-0.04746755167658101,37.39462443169239,32.27229758581706,26.56500011975465,36.10000054082746,-5.43361913987043,-4.143110550199225,-1.2905085896712052,110.61952944524681,116.05314858511724,121.75771957397461,166.38186168670654,141.8475414937398,95.42442429605514,118.63598289489747,0.39130722454427724,7.718057777385802,0.040627411367741464,0.754061780906979,26.0,0.09582514630113723
2022-02-28,113.47457885742188,113.47457885742188,102.22742462158203,103.10042572021484,930577763,0.09582514630113723,0.09911606942354576,0.10056660902630465,47.6995002894791,53.53225939003264,52.816049904466695,39.65134399484515,-4.803375603752102,-4.2751635609098,-0.5282120428423012,111.05876781635067,115.86214342010277,121.40124465942382,166.12357944488525,139.8078600835057,95.41243944652362,117.61014976501465,0.37747950092474347,7.970136095846805,0.047403957975907116,1.0167200574775612,20.0,-0.008234185366194347
2022-03-01,112.5440444946289,115.579833984375,110.73099517822266,113.47608184814453,951568702,-0.008234185366194347,0.04308392174748751,-0.008200377319418473,46.9525844212326,51.82888104811689,50.904151943979286,43.428400656066884,-4.329086393810954,-4.285948127490031,-0.04313826632092255,111.28727192070116,115.61635831451211,121.11544906616211,165.76986923217774,135.937521274912,96.5200226704005,116.22877197265625,0.33913718553083216,7.747186289440058,0.04571164427572364,1.0444941208876397,51.0,-0.019675226254936836
2022-03-02,110.35135650634766,114.24375915527344,109.67251586914062,112.54029846191406,838169853,-0.019675226254936836,0.04142444126520424,-0.019482932198921388,45.15816783192501,47.65981203550042,49.1122191795637,50.944140342669904,-4.0830732466964434,-4.2453731513313135,0.1622999046348701,111.14328493387755,115.226358180574,120.69157653808594,165.40806964874267,132.82692279234908,97.15691738709427,114.99192008972167,0.3101957544271244,7.520333217775255,0.045357229350490184,0.9426945098608699,52.0,0.009028002221404194
2022-03-03,111.35211944580078,112.50371551513672,108.96234893798828,110.35635375976562,905649306,0.009028002221404194,0.031803315417558375,0.009068877548374932,46.169356981698215,49.80956889637649,64.77432724336381,54.930232788968944,-3.763964213226501,-4.149091363710351,0.38512715048385004,111.17541332032727,114.93937753355377,120.08387496948242,165.0403087615967,131.4104971830643,97.10543909623259,114.25796813964844,0.30024215068224713,7.236121314873339,0.043305613252583613,1.0287091885084145,39.0,-0.09370520829651124
2022-03-04,101.39179992675781,112.35623168945312,100.20732116699219,111.41283416748047,930473366,-0.09370520829651124,0.11982143064071178,-0.0894488543964449,38.550684867575335,33.725364989347895,36.015329987527565,49.96729213681837,-4.265611237374813,-4.172395338443243,-0.0932158989315699,109.67024202900889,113.9358532663837,119.37898056030274,164.65299530029296,130.0239487346757,95.96279976996297,112.99337425231934,0.3014437721689119,7.587034829701024,0.04739146734928964,1.0510635177417251,33.0,0.03475085114747479
2022-03-05,104.97718811035156,105.35140991210938,100.21807861328125,101.40840148925781,548783174,0.03475085114747479,0.04889949322544236,0.03536171747797878,42.245229483061124,41.63969318298064,53.53740301063448,51.442353413841964,-4.324014706180094,-4.202719211990614,-0.12129549418948038,108.94823373383085,113.27224844001094,118.58402603149415,164.33366806030273,128.1641262384783,95.69991947685372,111.93202285766601,0.29003502244309853,7.411770291781531,0.04847700992913459,0.6248440082633643,22.0,-0.032759400823414685
2022-03-06,101.59391784667969,105.60908508300781,101.54561614990234,104.98062133789062,563304861,-0.032759400823414685,0.039997167342614416,-0.032228623423551706,39.81273917029072,36.80153618500876,39.10489110936898,42.88587470251034,-4.5903863941560274,-4.280252648423696,-0.31013374573233143,107.81680052042297,112.407186914579,117.65715621948242,164.00465461730957,126.46738274224741,95.07604911200063,110.77171592712402,0.28338762623212344,7.172605909018955,0.04876251474631149,0.6468711375025235,22.0,-0.027185271071988797
2022-03-07,98.8692626953125,103.66204071044922,97.23695373535156,101.59587860107422,756482342,-0.027185271071988797,0.06498568715838392,-0.02681907745185197,37.91912585923287,33.17941631131252,27.241658804926985,39.96131764164349,-4.964121473515121,-4.417026413441981,-0.5470950600731399,106.44025623963674,111.40437771315186,116.70387741088867,163.62153388977052,122.38390686172227,95.87018936020155,109.12704811096191,0.2429619233772474,7.119211699453148,0.046431354638998015,0.8700429221841567,23.0,0.017529243953416384
2022-03-08,100.61764526367188,102.16033172607422,98.49970245361328,98.861572265625,699527175,0.017529243953416384,0.03638158359667568,0.017683782812737192,39.894692440203386,37.76508512358462,34.85417026535033,33.73357339321544,-5.060890559029701,-4.545799242559525,-0.5150913164701763,105.54446993564216,110.60536049467186,115.68288497924804,163.2064794921875,118.246694656241,97.25308180249922,107.74988822937011,0.19483651629458867,6.872170097525133,0.04684675289802803,0.8052838595934042,21.0,0.06095985755430876
2022-03-09,106.94209289550781,109.04586029052734,100.62169647216797,100.62169647216797,812074655,0.06095985755430876,0.078773134041715,0.0628562476816319,46.52393766851112,51.741584307701444,62.391009713124014,41.49561292780045,-4.574518486633664,-4.551543091374353,-0.02297539525931125,105.75948885254456,110.33400733917823,114.98391159057617,162.8425092315674,117.01882018536422,97.54492416888384,107.28187217712403,0.18152084430749565,6.983316163905871,0.04505092290410408,0.9416785916141182,22.0,-0.04090868100445388
2022-03-10,102.65550994873047,106.97227478027344,100.6696548461914,106.93419647216797,814685365,-0.04090868100445388,0.06139582704552115,-0.04008321541795268,43.057573942254585,43.938825719451245,29.540378282017006,42.261852753497124,-4.483276118127449,-4.537889696724973,0.05461357859752347,105.28195363657316,109.76522975470061,114.29868774414062,162.42422130584717,115.87356502465728,97.43602130957125,106.65479316711426,0.17287121532547337,6.934695004632739,0.04578678431190984,0.9666226169685391,28.0,0.022251523492777193
2022-03-11,104.9653549194336,106.56657409667969,100.50381469726562,102.64948272705078,764305866,0.022251523492777193,0.05775962367837986,0.022500935135939093,45.41754676370469,48.79341662200676,42.132975187980556,44.68812106104053,-4.176437328978153,-4.465599223175609,0.28916189419745564,105.23324614162861,109.40968347060677,113.79069473266601,162.01351593017577,114.36422049848416,97.87100060136935,106.11761054992675,0.15542396602828706,6.872413889974262,0.04616739250686645,0.9026672228139055,22.0,0.0082263441740035
2022-03-12,105.8323974609375,107.76637268066406,104.80728149414062,104.96475982666016,536251476,0.0082263441740035,0.02796016397167636,0.008260273517575412,46.31694191160685,50.66433897019553,46.859836671743814,39.511063380580474,-3.8192760540662363,-4.336334589353735,0.5170585352874983,105.32542326767613,109.14469932174237,113.6195053100586,161.67479385375975,113.82549967091212,97.9097572870957,105.86762847900391,0.15033625115134128,6.592890839727774,0.04535166335243762,0.6409063624091277,22.0,-0.035759021046902095
2022-03-13,102.11479949951172,107.20188903808594,101.9041748046875,105.81227111816406,535011513,-0.035759021046902095,0.051879984677674164,-0.03512722049784367,43.04204885080346,42.83542002043017,26.59258359613316,38.528465151952524,-3.7924848520801504,-4.227564641899018,0.4350797898188672,104.831481149497,108.62396600157714,113.49323135375977,161.29735172271728,113.86050318895896,97.74118443311134,105.80084381103515,0.15235529486548718,6.500378224989965,0.043349952475509705,0.6568999866653523,21.0,0.034257930730694025
2022-03-14,105.67365264892578,105.77667236328125,101.50162506103516,102.11121368408203,743010065,0.034257930730694025,0.04045518627475542,0.03485149230921292,46.911837690620736,51.24894305909336,45.99440654377811,39.81560893721837,-3.4443782761881607,-4.070927368756847,0.6265490925686859,104.96104599556296,108.40542427175112,113.36491424560546,160.98529205322265,113.72924237482934,97.68753084904762,105.70838661193848,0.15175438808532535,6.341426016222546,0.04315299734000547,0.9212849807439011,23.0,0.012366420813161187
2022-03-15,106.98857116699219,108.43423461914062,102.769775390625,105.66586303710938,713675630,0.012366420813161187,0.052944526380058886,0.012443201167985585,48.30923319230001,54.15735615312139,57.33950139876077,43.308830512890694,-3.0274992449035096,-3.8622417439861794,0.8347424990826697,105.2729729450136,108.30047218991712,113.31285369873046,160.64031288146973,113.7993047531026,97.71973058625287,105.75951766967773,0.15203902704125047,6.293071245672052,0.04312288492438654,0.8863911006094601,21.0,0.0400389226318443
2022-03-16,111.35919189453125,111.36539459228516,106.00885772705078,106.97649383544922,977477844,0.0400389226318443,0.04810143441331339,0.04085128607538113,52.76024033311609,62.77031683637457,92.50316709519277,65.27902501257722,-2.3177296980260707,-3.553339334794158,1.2356096367680873,106.20931432186246,108.52704401988854,113.37871002197265,160.31983840942382,114.47858856104787,97.75331680394237,106.11595268249512,0.15761317063371663,6.226175932783646,0.04379875829056338,1.2691016710106067,24.0,-0.009464233959001452
2022-03-17,110.31023406982422,111.42870330810547,108.8695297241211,111.35095977783203,616556664,-0.009464233959001452,0.02319978382390584,-0.009419589051081645,51.611578871380985,59.633186788822286,86.46762348149127,78.77009732514828,-1.8189071194175028,-3.2064528917188273,1.3875457723013245,106.84022505231812,108.65913217173562,113.43927108764649,159.99786846160887,114.62132738037842,97.71497022704345,106.16814880371093,0.15924132938017313,5.964247193583698,0.04262807450468076,0.8156839296193082,27.0,0.01623616290333094
2022-03-18,112.1158676147461,112.78976440429688,108.48085021972656,110.3034439086914,644181133,0.01623616290333094,0.038432688220160376,0.016368685645059333,53.48873214156762,63.3151799064767,95.66704177209353,91.5459441162592,-1.2633242793809103,-2.817827169251244,1.5545028898703337,107.65186236961473,108.91518664899564,113.54251815795898,159.72132446289064,115.16629271216101,97.55722565942102,106.36175918579102,0.1655582531498069,5.8460091215113135,0.042700821898785234,0.8595598091088829,25.0,0.03726998485011326
2022-03-19,116.3732681274414,116.3732681274414,111.79776000976562,112.0879135131836,741516370,0.03726998485011326,0.03931751845849256,0.03797322005592152,57.65948097654677,70.6735236939611,100.0,94.04488841786161,-0.47402002729243975,-2.349065740859483,1.8750457135670433,108.99361710158807,109.46763712888051,113.68132888793946,159.4448946762085,116.70424623044747,97.346039108908,107.02514266967773,0.18087532180439703,5.7552590498087755,0.04167356556665696,0.98715622135187,28.0,-0.013357571762085779
2022-03-20,114.82913970947266,117.76000213623047,111.93087768554688,116.35651397705078,859708742,-0.013357571762085779,0.050763460088891786,-0.013268755297632162,55.70829217545088,65.14439811223167,85.71916622955342,93.79540266721567,0.026604342309752838,-1.873931724225636,1.9005360665353888,109.8913898104934,109.86478546818364,113.76143814086915,159.1141795349121,116.96850364999901,97.21723777456154,107.09287071228027,0.18443119270284536,5.760535149871262,0.03606908991622568,1.1499263411719012,31.0,0.011512332076947133
2022-03-21,116.15872955322266,116.62821197509766,113.74230194091797,114.83430480957031,833192537,0.011512332076947133,0.02484453854892925,0.01157885400094405,57.055862405657656,67.68417745416147,91.68614918046684,92.46843847000677,0.5245923762025342,-1.394226904140002,1.9188192803425361,110.85559592475943,110.3310035485569,113.90861557006836,158.77688694000244,117.66073000650665,96.88647992391326,107.27360496520996,0.193656679006273,5.5552047844647205,0.03608499421166653,1.1233523070907054,30.0,0.05664090525049738
2022-03-22,122.92796325683594,123.14498901367188,115.76655578613281,116.15018463134766,1124098345,0.05664090525049738,0.06002241501490714,0.05827572090061195,63.195423302664096,77.44575960625662,99.04145538653145,92.1489235988506,1.4487715315212881,-0.8256272170077441,2.2743987485290322,112.71288320661736,111.26411167509607,114.17542083740234,158.32669689178468,120.28903822866585,95.5158323768029,107.90243530273438,0.22958894099432026,5.685435387541459,0.03771710589293085,1.4869058741347287,26.0,-0.0036881780235874105
2022-03-23,122.47541809082031,124.09307098388672,119.09693908691406,122.92251586914062,872780593,-0.0036881780235874105,0.040792936042625544,-0.003681385048820096,62.551582006159165,75.66314043190404,93.14241672814468,94.62334043171434,2.1202328333393154,-0.23645520693833222,2.3566880402776476,114.21481165034089,112.09457881700158,114.31688919067383,157.8772816848755,122.3252853344681,94.5919151355026,108.45860023498535,0.2557046664706962,5.636199423929402,0.037759821875935164,1.1569893818271073,31.0,0.032974258201564244
2022-03-24,126.5812759399414,127.2931900024414,120.85211944580078,122.46806335449219,1007870447,0.032974258201564244,0.050884860409344417,0.03352393413408428,65.94189890815957,80.43095477259656,97.34255071501255,96.50880760989624,2.9496771251968426,0.4007712594887028,2.54890586570814,116.11734461797174,113.1676674927749,114.6773942565918,157.35351814270018,125.2627901878346,94.17335788345447,109.71807403564453,0.2833574374836363,5.693690219123061,0.030251905537759492,1.3292502790127734,40.0,-0.0200598946016237
2022-03-25,124.06736755371094,127.09410095214844,122.37696075439453,126.58251953125,822120492,-0.0200598946016237,0.03802079701345943,-0.019860033544165212,62.22725100051505,70.55707778917957,87.49272308191088,92.65923017502273,3.3653723871500745,0.9936914850209771,2.371680902129097,117.34042506962393,113.97505268247386,114.95300155639649,156.87622611999512,127.24602850844875,94.09913750717627,110.6725830078125,0.2995040876468258,5.623936646168121,0.030477907003521702,1.0650724607909108,47.0,0.0065392407708810005
2022-03-26,124.88133239746094,125.3609390258789,122.28739166259766,124.0710678100586,560151992,0.0065392407708810005,0.024611743839335756,0.00656066828690971,62.954909736600655,71.8619313162566,90.64865737903159,91.8279770586517,3.7176394045675494,1.5384810689302917,2.1791583356372577,118.50056465852194,114.78292525395439,115.03226745605468,156.61006080627442,128.95855817593875,94.71534929476437,111.83695373535156,0.30618867679646156,5.441765983104773,0.028914492387485773,0.7258356109281211,51.0,0.035524932411339465
2022-03-27,129.39747619628906,129.39747619628906,123.67554473876953,124.88927459716797,740569100,0.035524932411339465,0.044219807261462095,0.036163481860159497,66.77884617518049,78.13454201636344,100.0,92.71379348698083,4.311528004392983,2.0930904560228303,2.2184375483701526,120.1770125874092,115.86548458301621,115.18188217163086,156.35842483520508,131.02325705057692,95.70347177022386,113.3633644104004,0.3115626063503871,5.461777802705827,0.028019774971056444,0.9606074828658512,49.0,-0.011338308070952152
2022-03-28,127.93861389160156,132.4124755859375,127.85274505615234,129.400634765625,943699101,-0.011338308070952152,0.035639986952246294,-0.011274271705844385,64.4639673524579,72.07895998875291,84.90737461547648,91.85201066483603,4.6113146380202465,2.5967352924223137,2.014579345597933,121.37110509574649,116.75979045772624,115.19174438476563,156.09623390197754,132.46086407877334,96.9979616048204,114.72941284179687,0.30910035705363176,5.397345854640065,0.02853756748279596,1.2050090541347118,60.0,0.016454796725000106
2022-03-29,130.0612335205078,131.78604125976562,127.72942352294922,127.91148376464844,837905297,0.016454796725000106,0.03119006045853599,0.016590922508388894,66.29472070392512,75.32513723515714,91.09500039730985,92.00079167092879,4.962965393874342,3.069981312712719,1.8929840811616225,122.70804793032515,117.74508253645081,115.05082122802735,155.87505989074708,134.43109420542456,97.33964554066918,115.88536987304687,0.32007015816913975,5.301579560509803,0.026155604289005013,1.068159420103147,56.0,0.00848380909824229
2022-03-30,131.16934204101562,133.9067840576172,127.10261535644531,130.0547332763672,928949835,0.00848380909824229,0.05187316331162403,0.008519898593250641,67.24347450509865,76.9568348496824,89.23366184284595,88.41201228521078,5.270313356434457,3.510047721457067,1.7602656349773897,124.009785485816,118.73947212938154,114.9943832397461,155.63746376037597,135.95315436256863,98.66896859275361,117.31106147766113,0.31782327514711667,5.40890735627138,0.023292162372086565,1.1756601818538424,55.0,-0.058500470216018806
2022-03-31,123.71601104736328,132.77642822265625,122.52271270751953,131.16636657714844,1352615724,-0.058500470216018806,0.08288107115910162,-0.05682220309774633,55.854893308686115,50.665518625262685,59.91976902312529,80.0828104210937,4.856484776537087,3.7793351324730713,1.0771496440640158,123.96458941836173,119.10810464182464,114.66527145385743,155.33987140655518,136.18551536296508,100.31167320515016,118.24859428405762,0.30337647880733803,5.754965081904618,0.027992872422402358,1.6504025719576643,52.0,0.009390024486481999
2022-04-01,124.8831787109375,125.9663314819336,120.12483215332031,123.73169708251953,854575075,0.009390024486481999,0.046775709818648877,0.009434249081369028,57.080748411810085,53.5638683866882,59.185872125565155,69.44643433051215,4.570022941785396,3.9374726943355367,0.6325502474498594,124.10591084798877,119.53588790620337,114.46116714477539,155.06686756134033,136.40796247112294,101.99430422199228,119.20113334655761,0.28870244168802184,5.761146099526664,0.027994100203020792,1.0228511443374917,50.0,0.0003226982906821899
2022-04-02,124.9234848022461,128.0952911376953,124.46917724609375,124.88237762451172,761262628,0.0003226982906821899,0.02902667898947665,0.0003227503633767004,57.125025857654705,53.67351968013618,59.12205347403474,59.409231540908415,4.296722298573954,4.009322615183221,0.2873996833907331,124.23169145633605,119.9349691577621,114.439013671875,154.775789642334,135.80226318594137,104.88087203744729,120.34156761169433,0.2569468867836924,5.6086437989605855,0.026105850635693793,0.8989918885419065,52.0,0.031693933831759454
2022-04-03,128.9462127685547,129.3058319091797,124.21853637695312,124.90180969238281,676091829,0.031693933831759454,0.03945284954865436,0.03220153498500755,61.40460066957059,63.66409461403284,75.39946099109383,64.56912886356459,4.354533742959134,4.078364840738404,0.2761689022207303,124.95700242744661,120.60246868448748,114.4842643737793,154.4743236541748,135.83681886413396,107.1735723712176,121.50519561767578,0.23590140608560622,5.571404637051012,0.025986894847860965,0.8015790549873835,48.0,-0.032188621599064875
2022-04-04,124.86170196533203,128.90708923339844,122.1119613647461,128.90708923339844,849319392,-0.032188621599064875,0.05442123374658962,-0.03167608195328653,55.36214180274727,50.70966985515585,50.13799188787707,61.553168784335234,4.024373371859014,4.067566546962526,-0.043193175103512615,124.94234081789052,120.91796744603151,114.45741409301758,154.1709418106079,135.13885556092865,109.65884875425688,122.39885215759277,0.20817194244489626,5.661607977533697,0.027627026526888122,0.9989264520372639,52.0,-0.013290772154633432
2022-04-05,123.21317291259766,127.07330322265625,123.19573211669922,124.85990905761719,662578353,-0.013290772154633432,0.03147042653229635,-0.013202839836286118,53.09134758429285,46.275819512878904,27.79390219024128,51.11045168973741,3.588332320529858,3.971719701675993,-0.383387381146135,124.676314986307,121.08798266577715,114.42567642211914,153.88858726501465,134.6817317875499,111.3013706294423,122.99155120849609,0.19009729471964337,5.534176772421078,0.026908214452618092,0.793994643578243,53.0,-0.09130650155440063
2022-04-06,112.46133422851562,123.24894714355469,112.46133422851562,123.20003509521484,1017954203,-0.09130650155440063,0.09592286085739646,-0.08726208756679732,41.21695043260342,27.788133727149557,0.0,25.977298026039467,2.348115506991576,3.6469988627391094,-1.2988833557475337,122.79708717741602,120.44897167042444,114.03965072631836,153.5443495941162,134.35201618260112,111.8461962502602,123.09910621643067,0.18282683460570037,5.909422211179505,0.03441026579543817,1.1912068267445173,48.0,0.015606192054934236
2022-04-07,114.23019409179688,114.8778305053711,111.46580505371094,112.4710464477539,635873842,0.015606192054934236,0.029869733469228006,0.015728604639235533,43.457518078329635,32.93102760089157,12.318486807570858,13.370796332604066,1.4907821463673088,3.2157555194647496,-1.7249733730974408,121.4791036257823,119.98832147941499,113.76103775024414,153.23679756164552,134.07627567962072,112.33336940094568,123.2048225402832,0.17647772084218497,5.7310367283566945,0.034395837033332405,0.7444594331759777,34.0,-0.0297485014997496
2022-04-08,110.88206481933594,115.08161926269531,110.61835479736328,114.23804473876953,747638227,-0.0297485014997496,0.04025235706607904,-0.029310370161590882,40.32446310616419,28.45570877105139,1.1323649999131848,4.483617269161367,0.5350060142133231,2.6796056184144645,-2.1445996042011415,119.84878996325209,119.31378394903876,113.65263076782226,153.00888778686524,134.71682271510488,111.14370203465097,122.93026237487793,0.19176011036702484,5.640481566712076,0.033931010056375555,0.8749958016890538,37.0,0.01694769938312136
2022-04-09,112.77727508544922,112.78964233398438,110.57122039794922,110.87825775146484,519806313,0.01694769938312136,0.01967082405878578,0.017092126388530193,42.836698140270975,34.34780611317311,9.453616461439221,7.6348227563077735,-0.06873350985512161,2.1299377927605474,-2.198671302615669,118.76086459743627,118.82959810729139,113.60423446655274,152.8308247756958,134.9260944817664,110.72924380558712,122.82766914367676,0.1969983705208571,5.39604873594944,0.03409299772348748,0.6206993349577863,30.0,-0.01432034161297823
2022-04-10,111.17377471923828,114.36927032470703,111.17377471923828,112.77835845947266,510044015,-0.01432034161297823,0.028743250047403305,-0.014218293224375178,41.25425179283877,31.765492561671778,2.582128848811514,4.389370103387992,-0.6688800777562989,1.5701742186571783,-2.239054296413477,117.59362000079042,118.26250007854672,113.51352981567383,152.5796336364746,135.39993059213634,109.75691221181873,122.57842140197754,0.20919683976207512,5.238866369486533,0.03408728117128545,0.6210239510298957,34.0,-0.08018454448379853
2022-04-11,102.60739135742188,111.15314483642578,102.59768676757812,111.15314483642578,807193871,-0.08018454448379853,0.08338052410908327,-0.07705399392482826,34.023202497651496,21.630049835668245,0.030996070419563003,4.022247126890118,-1.8148160321513274,0.8931761684954773,-2.707992200646805,115.28804636334911,117.10286239550044,113.34903686523438,152.27357887268067,137.054513830178,106.07027178383565,121.56239280700683,0.25488344981439376,5.477239339641791,0.035364315968656856,1.0021650686130543,32.0,0.021414899178137974
2022-04-12,104.82841491699219,105.67218780517578,102.25173950195312,102.64373016357422,638546461,0.021414899178137974,0.03262901862945385,0.021645843736866954,37.10151789735927,28.528079112504386,8.139857173500696,3.584327364243943,-2.514771769080255,0.2115865809803309,-2.726358350060586,113.67887229467883,116.19364406375908,113.37659530639648,152.03656227111816,137.78940051929743,103.57068477733344,120.68004264831544,0.28354908559059616,5.330325694183281,0.036003751937906114,0.8044798305384453,20.0,0.05253183662963886
2022-04-13,110.48245239257812,110.66858673095703,104.24492645263672,104.82460021972656,806829114,0.05253183662963886,0.05814190524568619,0.05393611531818987,44.23459538932936,43.339809550509216,26.964117360654967,11.71165686819176,-2.5834774421934554,-0.3474262236544263,-2.2360512185390293,113.18711538666334,115.77059282885679,113.43578842163086,151.8330672454834,137.30988463832804,102.4403183035665,119.87510147094727,0.2908824760679137,5.40842102162164,0.0374071395074043,1.0295307860777312,25.0,-0.0281937246538928
2022-04-14,107.41104125976562,112.1144790649414,106.3903579711914,110.47949981689453,736401323,-0.0281937246538928,0.05329173822928165,-0.02779999055324034,41.48248709822143,38.30839232045325,19.070319122715688,18.058097885623802,-2.8528781887920616,-0.8485166166819534,-2.004361572110108,112.29848859790984,115.1513667867019,113.46469024658204,151.6169181060791,137.1738287321658,100.91074158033422,119.04228515625,0.3046235806397209,5.430971026773666,0.037602578046359456,0.9448307081850857,28.0,0.03385182004487304
2022-04-15,111.10934448242188,112.62550354003906,107.39665985107422,107.41422271728516,802528770,0.03385182004487304,0.04706034144402747,0.0344313133852987,45.85108863802129,46.95865359644732,32.740351615353944,26.258262699574885,-2.736414377752382,-1.2260961688960395,-1.5103182088563427,112.11554334937323,114.85195772712561,113.6022673034668,151.4457169342041,136.59165743894653,100.11571408204956,118.35368576049805,0.3081944015728426,5.416533359787322,0.038610573741842284,1.0139095140231487,22.0,0.029454683707543762
2022-04-16,114.43070983886719,114.53565216064453,110.54190063476562,111.1059341430664,639352139,0.029454683707543762,0.03490104650668173,0.02989276349273018,49.497520438825276,53.75299921998126,45.017109255015605,32.27592666436177,-2.3490313705518417,-1.4506832092272,-0.8983481613246418,112.47172280929537,114.82075417984721,113.70555526733398,151.31488487243652,135.18569034515068,100.02500454010321,117.60534744262695,0.29897182882947043,5.3149060859367205,0.03829081003253789,0.8129511238370901,28.0,-0.04822915151009746
2022-04-17,109.04278564453125,114.96900939941406,108.76372528076172,114.40483093261719,673093200,-0.04822915151009746,0.056906874507782285,-0.0470845999463152,44.28739681941814,43.26444072479001,25.47723519292913,34.411565354432916,-2.448562495848279,-1.6502590665514159,-0.7983034292968629,111.94419401471627,114.39275651056455,113.72153778076172,151.13550567626953,133.94656618666951,99.37454587387737,116.66055603027344,0.29634712441984845,5.378504516844979,0.03942582884946431,0.8708355978018035,28.0,0.01982511799795803
2022-04-18,111.22614288330078,111.32576751708984,105.70491027832031,109.0355224609375,810603033,0.01982511799795803,0.05053539656290134,0.020022940773789966,46.73421082085753,48.05621961808267,36.1556728751231,35.55000577435596,-2.3244679282915257,-1.785100838899438,-0.5393670893920877,111.83372460988312,114.15819253817465,113.8839486694336,150.92589641571044,132.00528296448954,99.43232003233662,115.71880149841309,0.28148375640236484,5.3958154255538755,0.03954284274032082,1.0505988135277775,24.0,0.02298328554708586
2022-04-19,113.81208801269531,113.99000549316406,110.82780456542969,111.2291030883789,653731832,0.02298328554708586,0.027784403071329674,0.02324943634975929,49.55976596195558,53.484703114455186,55.056599468196815,38.89650251208303,-1.994466955601169,-1.8269740622397843,-0.16749289336138462,112.13808821031576,114.13255516591693,113.89069885253906,150.66429584503175,129.5213173375262,100.18056025646794,114.85093879699707,0.25546815192271993,5.2362715328524825,0.03998793645081968,0.8626684282906675,27.0,-0.01623121711107723
2022-04-20,111.97969055175781,113.92158508300781,111.04325103759766,113.81503295898438,669392298,-0.01623121711107723,0.025704072151188608,-0.016100200716228863,47.63163738452687,49.23132801104555,75.82262056399772,55.678297635772566,-1.859364373247871,-1.833452124441402,-0.02591224880646914,112.11371933976838,113.97308371301625,113.87941177368164,150.37789966583253,128.3982483706037,100.12999717382988,114.2641227722168,0.24739393705516838,5.067847426606602,0.03820543548153075,0.9250339419676712,27.0,-0.045507510134686596
2022-04-21,106.99798583984375,114.22015380859375,106.3016357421875,111.97532653808594,747220318,-0.045507510134686596,0.07400623483005382,-0.044487573482009934,42.76088136243674,39.31469765725798,36.993693054034225,55.95763769540961,-2.1297263797819,-1.8927069755095016,-0.23701940427239832,111.32668341670305,113.45640979648495,113.81234436035156,150.05983974456788,126.95592895246394,99.78379730486027,113.3698631286621,0.23967684971769204,5.271466758020863,0.03908045306711234,1.0403011913443996,27.0,-0.013145729212502616
2022-04-22,105.60062408447266,108.34490203857422,105.54610443115234,106.99688720703125,668097133,-0.013145729212502616,0.02650360858836445,-0.013059701492537323,41.47958148175832,36.8834364908847,26.333360929834097,46.3832248492887,-2.428748531998764,-1.999915286807354,-0.42883324519140986,110.44575121174452,112.87449974374329,113.697314453125,149.7501421356201,125.29644809794674,99.51099208760014,112.40372009277344,0.22940037917841447,5.094847532978078,0.03905044699695043,0.936215376467524,26.0,-0.0009118917128833862
2022-04-23,105.5043716430664,107.1333236694336,105.31648254394531,105.60206604003906,502713461,-0.0009118917128833862,0.017220529322091664,-0.0009114760659866272,41.38758698906502,36.701044907669555,25.576496900193057,29.63451696135381,-2.6430253584689183,-2.128537301139667,-0.5144880573292512,109.68553897040943,112.32856432887834,113.77956588745117,149.4082085800171,121.97949411690267,100.48376195609536,111.23162803649902,0.19325197823908322,4.8607042181573785,0.037953628856288876,0.7131234978891782,24.0,-0.008392758183922072
2022-04-24,104.62260437011719,105.93083953857422,104.10662841796875,105.49246215820312,487505921,-0.008392758183922072,0.017436108875210802,-0.008357637311298682,40.501401928333415,34.85868922245152,18.642876083312636,23.517577971113283,-2.851126525101364,-2.2730551459320063,-0.5780713791693577,108.90662595497986,111.75775248008122,113.77247421264649,149.03779323577882,119.33013254532413,101.10921376815243,110.21967315673828,0.1653145781993073,4.643811854046528,0.03759377543305561,0.7097652127252863,24.0,0.0006154994588077455
2022-04-25,104.68701934814453,104.75668334960938,99.51075744628906,104.62039947509766,802054036,0.0006154994588077455,0.050110567059652285,0.0006156889174682156,40.60145897184614,35.136198256732044,33.48542847892351,25.90160048747642,-2.976538762533707,-2.4137518692523465,-0.5627868932813604,108.25745570777443,111.23399447030813,113.83433624267577,148.6673696899414,116.49920554502971,102.08752541200154,109.29336547851562,0.1318623511128052,4.686820000423227,0.03763574760928706,1.1559823304035535,23.0,-0.06188678362579398
2022-04-26,98.40467834472656,105.1731948852539,97.59080505371094,104.67106628417969,702800418,-0.06188678362579398,0.07705314380461367,-0.06001069705237827,34.50661468992122,23.66500375971141,4.683299118972902,18.937201227069703,-3.5420309515350112,-2.6394076857088793,-0.902623265826132,106.74164380576707,110.28367475730208,113.82504455566406,148.27953117370606,117.05538540703432,100.12567996161803,108.59053268432618,0.15590406481042984,4.893646416931779,0.03467270167217503,1.036469811141483,27.0,0.021454951092559855
2022-04-27,100.53875732421875,101.74410247802734,98.2237319946289,98.41316986083984,692599516,0.021454951092559855,0.03501505864097662,0.02168676342822029,37.91598693588298,32.41022225192093,16.963503316363713,18.377410304753397,-3.774475443681581,-2.86642123730342,-0.9080542063781611,105.78735357783656,109.56182902151814,113.823466796875,147.8839316558838,116.6457685292591,99.16615316263542,107.90596084594726,0.1619893398806631,4.795555278822255,0.034894482421707985,1.017171120671868,21.0,0.027320083378418042
2022-04-28,103.32334899902344,104.09369659423828,100.00948333740234,100.54241180419922,780434505,0.027320083378418042,0.03952846376354428,0.027696698754937854,42.147855403427634,42.44736321645825,32.986975128589215,18.211259187975298,-3.6914434398953944,-3.0314256778218147,-0.6600177620735797,105.40827595032684,109.09971939022223,113.7510919189453,147.52395553588866,116.37344894463773,98.68260116522556,107.52802505493165,0.16452313497225157,4.744745134394661,0.03521516846231255,1.1434143965183114,24.0,-0.0289202622229295
2022-04-29,100.37800598144531,104.0232162475586,99.0388412475586,103.31861877441406,861249271,-0.0289202622229295,0.04965604717154226,-0.02850607385563897,39.111089356808066,35.87345852402798,16.038486326255732,21.996321590402903,-3.8192782823210365,-3.1889961987216595,-0.630282083599377,104.63438826280661,108.45366654512765,113.7055418395996,147.12871528625487,115.93123922289243,97.88488397657045,106.90806159973144,0.1688025671430499,4.7618615533664705,0.035304817128044216,1.231025195717029,23.0,-0.04286740934604036
2022-04-30,96.16598510742188,101.41122436523438,95.9476318359375,100.37875366210938,604900808,-0.04286740934604036,0.056814189790639465,-0.041961591414776844,35.20469764318388,28.507446440243754,1.1479361615934733,16.72446587214616,-4.211910911980354,-3.3935791413733987,-0.8183317706069553,103.33155700813204,107.54346792011239,113.52955444335937,146.74555641174317,116.08765584110746,96.2276883971738,106.15767211914063,0.18707990715588463,4.8119851945043575,0.036231329366077196,0.8587920544331338,20.0,0.0334362559949472
2022-05-01,99.43577575683594,99.78279876708984,95.4847183227539,96.1678695678711,592413785,0.0334362559949472,0.043224688615560544,0.03400153022673824,40.19818928931784,39.71791283986016,21.088687461085293,12.758369982978188,-4.210692083845871,-3.5570017298678933,-0.6536903539779773,102.73220604639418,106.94289813024005,113.40162200927735,146.35459365844727,116.24701135768359,95.75117132053907,105.99909133911133,0.19335863900544592,4.77527771234947,0.032953019447587585,0.8540856797787082,22.0,0.01256659886686318
2022-05-02,100.69322967529297,101.51068115234375,98.60585021972656,99.4337158203125,613922891,0.01256659886686318,0.028848324182116723,0.012645890363766732,42.04782978620742,43.68017399688786,27.800321783155944,16.678981801944925,-4.061442352252826,-3.65788985434488,-0.40355249790794545,102.41851737391707,106.4799597261699,113.37319061279297,145.95746784210206,116.29019872122016,95.29446543283258,105.79233207702637,0.19846176822249076,4.641674370940022,0.032686512030304656,0.8866692910579147,28.0,-0.013499879363112225
2022-05-03,99.343017578125,101.26874542236328,97.839599609375,100.69754791259766,542363905,-0.013499879363112225,0.03451823687851584,-0.013409164663026663,40.59588660406239,40.35716036599387,20.59359259776576,23.16086728066902,-4.005933785653411,-3.727498640606586,-0.2784351450468252,101.94536355917982,105.95129734483324,113.24657791137696,145.51011226654052,115.86003067404592,94.61068999856151,105.23536033630371,0.201922059349417,4.555065188229183,0.030121371635265976,0.7985699617874958,27.0,0.06745011091427809
2022-05-04,106.27486419677734,106.80409240722656,99.26563262939453,99.33872985839844,768693782,0.06745011091427809,0.07093361007616913,0.06977688807571236,50.11888704408007,59.02696097658121,57.5921807751871,35.32869838536962,-3.363824679443397,-3.6547638483739484,0.2909391689305516,102.61144058034867,105.97526525979207,113.23230377197265,145.11054008483887,115.76817409028997,94.58892887601861,105.1785514831543,0.2013646785928925,4.768164801772244,0.03367989522062492,1.129130956172422,21.0,-0.09215409742687787
2022-05-05,96.91891479492188,106.71279907226562,95.52877807617188,106.27082061767578,842334241,-0.09215409742687787,0.11539564820508848,-0.08803539268262062,40.64747975212459,39.538207760731154,11.152223824016232,29.77933239898972,-3.568757102025799,-3.6375624991043187,0.06880539707851963,101.7356673825907,105.3044244846165,112.94349822998046,144.6764820098877,115.27346809331647,93.66459190424212,104.46902999877929,0.2068448054828005,5.22644024422378,0.03836866310487519,1.2336943956980089,27.0,-0.0013128769479534613
2022-05-06,96.79175567626953,98.20873260498047,94.0890121459961,96.9092788696289,769940452,-0.0013128769479534613,0.042562720659425006,-0.001312015502045294,40.53535759849222,39.33229212614013,20.71971008525253,29.821371561485307,-3.698790843120733,-3.6498081679076018,-0.048982675213131266,100.97506558161822,104.67385642473896,112.67312866210938,144.23265705108642,113.86159690967224,93.3125676716266,103.58708229064942,0.19837443804419777,5.147388830992393,0.03744282427875073,1.116983653906668,22.0,-0.02321200466692369
2022-05-07,94.5708999633789,97.03630828857422,93.34791564941406,96.7942123413086,551811127,-0.02321200466692369,0.03900134862403158,-0.022944678473634794,38.53603728238321,35.55883443698259,9.088646321881832,13.653526743716887,-3.9356799467946786,-3.7069825236850176,-0.228697423109661,99.98980933265834,103.92548927945302,112.32222930908203,143.76081245422364,113.53010250414607,92.19687350903752,102.8634880065918,0.2073935991140166,5.043174817290091,0.03644577525371811,0.8076398107192649,23.0,-0.006305781409703069
2022-05-08,93.97643280029297,95.5822982788086,92.00299072265625,94.57154846191406,729348318,-0.006305781409703069,0.03808728900956097,-0.006285941693651376,37.99581027642299,34.524474660351984,13.33307560270308,14.3804773366125,-4.123847651323359,-3.7903555492126864,-0.3334921021106729,99.0646744815252,103.18852213284856,111.87429260253906,143.196340675354,112.6128020949011,91.38920290998172,102.00100250244141,0.2080724567820928,4.938612870065967,0.03589319191899934,1.0738717025996714,18.0,-0.18688467659146124
2022-05-09,77.9571533203125,94.77955627441406,77.9571533203125,93.97541809082031,1207155617,-0.18688467659146124,0.2157903699354081,-0.17046060381992423,27.00817441104485,18.033109181901736,0.0,7.473907308194992,-5.502168316792151,-4.13271810272858,-1.369450214063571,95.81736353364633,101.31953185043848,111.13685287475586,142.60178050994872,113.90042563548975,86.51608590015478,100.20825576782227,0.27327428788685015,5.787455018925653,0.05288358691378738,1.7078018427477835,11.0,0.028698632353207323
2022-05-10,80.2268295288086,84.61721801757812,74.82234954833984,77.83116912841797,1720920553,0.028698632353207323,0.12208968653960144,0.029114405950283917,30.092756523954137,24.03144940059107,16.89864121638079,10.077238939694643,-6.338289615649302,-4.573832405312725,-1.7644572103365768,93.41881984059437,99.75710945624367,110.41821487426758,142.04880325317382,113.770900416523,83.47032501682659,98.6206127166748,0.3072438364051371,6.073698836805127,0.05394740315405323,2.266086595140987,10.0,-0.1893296004311332
2022-05-11,66.38880157470703,82.39093017578125,65.52423858642578,80.2115478515625,1899877236,-0.1893296004311332,0.2540592869472942,-0.1724862871358075,23.55651452345323,15.804603954955226,2.094394500606491,6.331011905662447,-8.025027454503913,-5.264071415150963,-2.7609560393529504,89.26035549199631,97.28538294650022,109.287431640625,141.39919971466065,116.75899116776313,76.4213158390728,96.59015350341797,0.4176168467033539,6.844626890558723,0.06618982416076316,2.3252693356531107,12.0,-0.03037208659294365
2022-05-12,64.40274810791016,69.25701904296875,55.322547912597656,66.40777587890625,1925404691,-0.03037208659294365,0.21636454250404288,-0.029915489053707,22.79137933207329,14.947776281394255,17.637777351959286,12.21027102298221,-9.413524015578858,-6.093961935236542,-3.3195620803423163,85.43610820213691,94.84963221771577,108.1259782409668,140.76668502807618,118.62958459308922,70.43093481609046,94.53025970458984,0.5098753555488066,7.351044336259606,0.06615507989808994,2.1881532623865017,12.0,0.05380036153513488
2022-05-13,67.96253967285156,72.84160614013672,63.49441146850586,64.38304901123047,1140599762,0.05380036153513488,0.13753451116784424,0.05527390786145947,27.34652089601066,23.608162265155443,24.552471928212338,14.761547926926061,-10.110128842971847,-6.897195316783604,-3.212933526188243,82.74786688993916,92.85799573291101,106.953603515625,140.12999992370607,118.80208952884468,66.50424668331354,92.65316810607911,0.5644474324467249,7.493626503071838,0.0682884507906335,1.250909267132738,10.0,0.014429430446503102
2022-05-14,68.95030975341797,69.99917602539062,64.62065887451172,67.94561004638672,743433183,0.014429430446503102,0.07800569961344206,0.014534037211104689,28.605210323087675,26.04592683889112,26.471159664298927,22.88713631482354,-10.461890238713522,-7.6101343011695874,-2.8517559375439347,80.62516579201282,91.08705603072634,105.85126235961914,139.4874071121216,118.34231412954857,63.396792620939706,90.86955337524414,0.6046637126267403,7.342547263629486,0.06871695388372394,0.8040480282076607,9.0,0.03673605471977631
2022-05-15,71.5303726196289,71.5303726196289,66.55667114257812,68.93971252441406,741432120,0.03673605471977631,0.06953272148460653,0.037419162806343165,31.92280208725623,32.600201162753876,31.48278643567545,27.502139342728924,-10.412445972674192,-8.170596635470508,-2.241849337203684,79.2259668424153,89.6384128150895,104.7842431640625,138.94838836669922,117.14691855946731,61.2765235181694,89.21172103881835,0.6262674275388908,7.173343993159579,0.06977725122472993,0.8045212185386941,10.0,-0.06228002693563126
2022-05-16,67.21134948730469,71.51973724365234,65.45767211914062,71.51973724365234,722439504,-0.06228002693563126,0.0901940694652584,-0.06038026888649284,29.45528808581207,27.790095782212177,23.09332731061982,27.015757803531418,-10.599584692484939,-8.656394246873395,-1.9431904456115436,77.37756417239828,87.97714886488322,103.5405206298828,138.33455696105958,116.81617981411345,58.48792937778107,87.65205459594726,0.6654521757100864,7.094726600825915,0.06979001369824732,0.7830781271710567,14.0,0.08219688004356628
2022-05-17,72.96931457519531,73.51004028320312,67.21218872070312,67.21218872070312,802347484,0.08219688004356628,0.08630821872405045,0.08566953545514244,36.50200482612123,41.268429677267235,34.27785012246233,29.617987956252552,-10.166085509342707,-8.958332499367259,-1.2077530099754483,76.69937192667474,86.86545743601745,102.44113464355469,137.717679977417,115.4771542857228,57.07001063126939,86.2735824584961,0.6769991692712137,7.037866900473952,0.07289847676941172,0.8645509181703257,8.0,-0.09410652157919437
2022-05-18,66.41563415527344,74.03701782226562,66.41563415527344,72.96766662597656,756026173,-0.09410652157919437,0.1147528554673455,-0.0898141973523442,32.520228546398386,33.07142213177359,21.585973978235472,26.319050470439226,-10.233397288135663,-9.21334545712094,-1.0200518310147224,75.11725842338224,85.3506557115179,101.16822265625,137.0973464202881,113.75319505669229,55.10319837592489,84.42819671630859,0.6946730945567888,7.079546669510968,0.07414432050274061,0.8157111500197842,12.0,0.08207550882642083
2022-05-19,72.0966796875,72.20411682128906,65.17798614501953,66.38671112060547,801021670,0.08207550882642083,0.0974542892505452,0.08553777441836696,38.75679742953426,44.26685181711944,39.11313607218985,31.658986724295904,-9.716325707261532,-9.313941507149059,-0.4023842001124738,74.65255400247727,84.3688797097388,99.98676940917969,136.49874794006348,111.84971905212392,54.178541751098734,83.01413040161133,0.6947151891132232,7.075731241422294,0.07767661559666325,0.8670760759743247,13.0,-0.04886604122007353
2022-05-20,68.65829467773438,72.90673828125,67.09920501708984,72.0771713256836,729408177,-0.04886604122007353,0.08458604006142782,-0.0476913087352866,36.55474910222654,39.59063478730735,31.96965856095997,30.889589537128455,-9.474772410121929,-9.346107687743633,-0.1286647223782964,73.73036026020914,83.20513267033107,98.88561508178711,135.85426445007323,110.45797886644101,52.81951289381289,81.63874588012695,0.7060185130386583,6.985145671617856,0.07779508705272728,0.7842721437880025,13.0,0.015141400509741876
2022-05-21,69.7057876586914,70.42964935302734,68.1723403930664,68.6545639038086,449401029,0.015141400509741876,0.03238337928284611,0.015256612269117786,37.71576560667331,41.776666682331424,35.72610265901019,35.60296576405336,-9.093985943396362,-9.295683338874179,0.20169739547781695,73.11119524459103,82.20518118798739,97.78206726074218,135.19916996002198,108.20294543073068,52.101547519708774,80.15224647521973,0.699935440092331,6.647443049356647,0.07727856790282317,0.48694756101434294,13.0,0.029238971366071443
2022-05-22,71.77400207519531,72.30361938476562,69.52865600585938,69.70726776123047,449155414,0.029238971366071443,0.03866251426246248,0.029670626872918326,40.04851632945213,46.25657181071909,41.69463131046236,36.46346417681086,-8.527028035176343,-9.141952278134612,0.6149242429582689,72.90547321853015,81.43250125370649,96.71907760620117,134.52248928070068,105.317017748094,52.09555244233567,78.70628509521484,0.6762034981243712,6.370837358610189,0.07771165126469405,0.49106500210481,14.0,-0.039230960281486496
2022-05-23,69.01275634765625,73.74264526367188,68.99034881591797,71.76394653320312,736854342,-0.039230960281486496,0.06886113088736673,-0.03847139141894573,38.00210900829065,41.3061444077251,46.73276191880066,41.38449862942443,-8.20592644962045,-8.95474711243178,0.7488206628113314,72.30659369993417,80.51252014955462,95.5204084777832,133.85271312713624,102.34031475669507,52.03922931068776,77.18977203369141,0.6516547998619835,6.2552272935490265,0.07786475771015432,0.7971333733948595,10.0,0.018786911241331368
2022-05-24,70.32154846191406,70.5352783203125,67.68013763427734,69.01382446289062,588236113,0.018786911241331368,0.04060122037246509,0.01896449560230118,39.57808794902959,44.58561808194119,55.411514450632446,47.946302559965176,-7.756431233023392,-8.715083936550103,0.9586527035267114,72.00120212485415,79.75763335787754,94.42960540771485,133.20663120269776,96.83667133737771,53.94754115651878,75.39210624694825,0.5688809122850976,6.012363964440893,0.07577938058599316,0.6426300137109413,12.0,-0.028976461077457213
2022-05-25,68.31311798095703,71.43646240234375,68.29042053222656,70.31922149658203,529431480,-0.028976461077457213,0.04605326126373237,-0.028560669167357555,37.98247493016939,40.531154464020446,69.41457669419958,57.18628435454425,-7.476086913851063,-8.467284532010295,0.9911976181592319,71.43380456425459,78.90989147810565,93.33160430908202,132.5588649749756,93.17192243213732,54.75171038036267,73.96181640625,0.5194600933100939,5.807626671989199,0.07393609853064005,0.5884453572009924,11.0,-0.0679077090477878
2022-05-26,63.8281364440918,68.71247863769531,61.34075164794922,68.31510925292969,721052783,-0.0679077090477878,0.11549337643913701,-0.06565329865510561,34.6254347734064,32.76798599629211,19.59146698715541,48.13918604399583,-7.52902266201184,-8.279632158010605,0.7506094959987646,70.26370177653723,77.79272443854907,92.35894035339355,131.86774908065797,88.88044684869604,55.74682404058618,72.31363544464111,0.4581932937595833,5.919348123257549,0.07466524228553732,0.8036093035100101,12.0,-0.0361180717592834
2022-05-27,61.56392288208008,63.928550720214844,61.28740310668945,63.80057907104492,646210455,-0.0361180717592834,0.042900898608820966,-0.035473596569672416,33.03788648433448,29.446123280389074,2.168848091172524,30.391630590842524,-7.665316735608684,-8.15676907353022,0.49145233792153675,68.92527425431305,76.59059098992174,91.30561492919922,131.03208770751954,84.35995530969151,56.96661787146085,70.66328659057618,0.3876601097957409,5.685190943990967,0.07474274911242716,0.7164292591036906,12.0,0.012098504811290552
2022-05-28,62.31327819824219,62.68661117553711,61.55788040161133,61.55788040161133,615552947,0.012098504811290552,0.018113808269480867,0.01217198776623496,34.114541017677524,32.10375549180263,8.04632229630771,9.935545791545234,-7.624968172771531,-8.050408893378483,0.4254407206069519,67.90804409184061,75.53301226461214,90.33423919677735,130.0291205596924,78.18052177500981,59.97973594593746,69.08012886047364,0.2634735361573203,5.359729503272026,0.07505184705008462,0.6867726156142083,13.0,0.022741749222152958
2022-05-29,63.74662780761719,64.26547241210938,62.10664367675781,63.063594818115234,418602793,0.022741749222152958,0.0338657715646819,0.02300231428709254,36.22674015413747,37.36850714758735,19.28861974098171,9.834596709487334,-7.392120547319095,-7.918751224166606,0.5266306768475104,67.26782620196009,74.65994674927919,89.3536262512207,129.04153884887694,76.7795190463454,59.95968612333235,68.36960258483887,0.2460133200590359,5.13109373413485,0.06449392812260953,0.4885252136411641,14.0,0.08094112411658301
2022-05-30,69.12091827392578,69.29692840576172,63.4140739440918,63.74580001831055,587913790,0.08094112411658301,0.08510961093364248,0.0843070551516516,43.5359584368902,53.2319429914784,61.44119129863699,29.59204444530882,-6.6967310537426386,-7.6743471900818125,0.977616136339174,67.55291728995482,74.24964834369746,88.51256912231446,128.0717099380493,74.25537922587245,61.37323481831701,67.81430702209472,0.18996204448949508,5.184790928958783,0.06714971594125552,0.7346901450879192,10.0,-0.010318157576999496
2022-05-31,68.41138458251953,69.56275177001953,67.18134307861328,69.11026763916016,532691935,-0.010318157576999496,0.034810122700173314,-0.010265108003837176,42.83789165321471,51.233210194896415,55.876053000462264,45.53528801336034,-6.132195180269349,-7.36591678811932,1.2337216078499713,67.68498918111862,73.81718436138797,87.8286489868164,127.1559750366211,74.32725259847334,61.50361974649738,67.91543617248536,0.18881764698392983,4.984549340562174,0.051808552194903955,0.7278596430371899,16.0,-0.08291546228705395
2022-06-01,62.96781921386719,70.07642364501953,62.54636764526367,68.41702270507812,754343388,-0.08291546228705395,0.11958578356001792,-0.07957104510998714,37.826685638365305,38.34598254282557,13.491637384470211,43.60296056118984,-6.054256959175433,-7.103584822330544,1.0493278631551108,66.9592707246184,73.01352768379384,86.99143707275391,126.18034812927246,74.4405667841864,61.24681267138,67.8436897277832,0.19447282666590177,5.166371244790295,0.05475810569612494,1.1203545684066751,17.0,0.023286963154260758
2022-06-02,64.45135498046875,64.6100082397461,62.394325256347656,62.96444320678711,497215110,0.023286963154260758,0.034377601278823,0.023560221476986554,39.89043529624376,42.911771821604766,25.402572137110816,31.590087507347786,-5.805855135521966,-6.844038884968828,1.038183749446862,66.57343753321076,72.37929266873273,86.07081512451173,125.11256736755371,74.42788379217856,60.90837719414956,67.66813049316406,0.19979134194338008,4.95560779754802,0.0535591402913805,0.7755190403717055,13.0,-0.02819921959689902
2022-06-03,62.659263610839844,64.7627182006836,61.78827667236328,64.45580291748047,445994255,-0.02819921959689902,0.0474701002998341,-0.027805332722205423,38.23920131304485,38.85643989410769,11.014322217583896,16.63617724638833,-5.6880335865271405,-6.612837825280491,0.9248042387533504,65.97125692976908,71.65929051629622,85.1757795715332,124.11204669952393,74.42375815586198,60.283398216208326,67.35357818603515,0.20994222312283123,4.814095921174612,0.053691638343149904,0.7121476571806055,10.0,0.017216600747591848
2022-06-04,63.74738311767578,64.20510864257812,61.72530746459961,62.65883255004883,365451394,0.017216600747591848,0.03890043883685196,0.017365660624324653,39.866829039379745,42.692825009423615,19.75055948315915,18.722484612617976,-5.444100804444247,-6.379090421113242,0.9349896166689948,65.62912249713935,71.0732233015836,84.22854034423828,123.27778648376464,73.9281562886057,60.00070113326929,66.9644287109375,0.20798288618956895,4.647360582374891,0.053071015073973354,0.601598253241763,14.0,-0.008499247345491963
2022-06-05,63.2078742980957,63.78080749511719,62.06110763549805,63.749755859375,358399957,-0.008499247345491963,0.02720705099983011,-0.008463230852694958,39.313616759839256,41.19758145615676,15.418979151116961,15.394620283953358,-5.233982082671233,-6.150068753424841,0.9160866707536082,65.25662277420956,70.4906048568808,83.20408363342285,122.44630533218384,73.91571423454917,59.61279566840494,66.76425495147706,0.2142301831502397,4.4382419593209095,0.05139243207746555,0.6082146944747381,10.0,0.01895294761609477
2022-06-06,64.41727447509766,66.29419708251953,63.08821487426758,63.21474838256836,500130108,0.01895294761609477,0.049768982534200784,0.019133694819387204,41.280675509371505,46.13168964304818,30.83902928568341,22.002855973319864,-4.913236265650369,-5.902702255869947,0.9894659902195784,65.12749226665389,70.04072853230426,82.31157341003419,121.74627714157104,72.95579990535006,59.71750598759428,66.33665294647217,0.19956228313837177,4.350223405673127,0.047681484512592166,0.8710720959374303,13.0,-0.007976248986342591
2022-06-07,63.90550994873047,65.3266830444336,60.5591926574707,64.4180679321289,578504158,-0.007976248986342591,0.0746021804815846,-0.00794452311957139,40.679792888463474,44.29670740184909,30.764312826176234,25.674107087658893,-4.6467729095106165,-5.651516386598081,1.0047434770874641,64.93949498697336,69.58626789648397,81.36516075134277,120.97511178970336,72.9142014783297,59.50809199396034,66.21114673614503,0.20247511401355764,4.380028190050967,0.04298548892060927,1.0233965940356144,15.0,-0.03760972871826716
2022-06-08,61.54667663574219,64.25390625,61.54667663574219,63.89841079711914,590606981,-0.03760972871826716,0.043986609224739764,-0.03691126656966992,37.938621726622365,36.49129812472724,10.375748782007989,23.993030297955897,-4.573219684972713,-5.435857046273007,0.862637361300294,64.4175229329378,68.99074261791051,80.31985252380372,120.14744714736939,72.10559908042413,59.261694086690134,65.68364658355713,0.19554189911479827,4.260542577494314,0.03880318594438194,1.0646212609940455,17.0,-0.021858208935374976
2022-06-09,60.215972900390625,62.28816604614258,59.836326599121094,61.543853759765625,461393198,-0.021858208935374976,0.04071742643895037,-0.021621049390322056,36.44657326325224,32.69910056694445,3.7074482748344124,14.949169961006234,-4.569629055633769,-5.26261144814516,0.6929823925113912,63.77113062023824,68.34075967587201,79.28457817077637,119.33966730117798,71.9501873663177,58.57287362306216,65.26153049468994,0.20498008002346813,4.131349496746255,0.037758773392074715,0.8522899464463733,11.0,-0.0608970967079248
2022-06-10,56.658416748046875,60.21354293823242,56.479984283447266,60.21354293823242,631581518,-0.0608970967079248,0.06589592277856686,-0.059079941433955785,32.73952051152385,24.694786868488407,1.31234700390688,5.131848020249781,-4.7985339928841455,-5.1697959570929575,0.37126196420881197,62.67686694759341,67.47540094047756,78.27778678894043,118.57716928482056,71.95002162287123,57.26830227544418,64.60916194915771,0.227238968971311,4.103109433903191,0.03925705991951315,1.147357686827984,13.0,-0.08020365135023785
2022-06-11,52.29166030883789,57.678855895996094,52.23197555541992,56.66562271118164,735247033,-0.08020365135023785,0.10416346140869401,-0.07707162836242709,28.85935245935805,18.285069232986118,0.33447239790372213,1.7847558922150262,-5.27153656288462,-5.19014407825129,-0.08139248463333004,61.07914284932333,66.35067941220795,77.21160751342774,117.75668270111083,72.0117856869405,55.25830403473919,63.63504486083984,0.2632744533902447,4.199093070094118,0.04103395424547466,1.3018505564368732,12.0,-0.08087837524238867
2022-06-12,48.228904724121094,52.59090042114258,48.13050842285156,52.30757522583008,674269221,-0.08087837524238867,0.09248379211191593,-0.07769414015011,25.79612590050347,14.265863794660106,0.4483581581056112,0.6983925199720925,-5.906142593855179,-5.333343781372068,-0.5727988124831116,59.102183137753755,65.00832573160893,76.06609817504882,116.94879425048828,72.96580775690235,52.22589680242382,62.595852279663085,0.33133043483165053,4.217757279251039,0.043279098928131185,1.2005332654671623,14.0,-0.10779894718679091
2022-06-13,43.30030059814453,48.21331787109375,41.629676818847656,48.21331787109375,1135771941,-0.10779894718679091,0.1520460819278518,-0.10219191487281654,22.65462405087395,10.880873739709315,5.87281136048868,2.218547305499359,-6.72919958436465,-5.612514941970584,-1.1166846423940662,56.67112428550618,63.40032386987083,74.83965209960938,116.08712085723877,74.00256731349972,48.48701245944949,61.24478988647461,0.41661592604606407,4.3878623239669245,0.04674623919175068,1.9282458472361803,11.0,0.06334760526099335
2022-06-14,46.132015228271484,46.132015228271484,40.68040466308594,43.314002990722656,1038406218,0.06334760526099335,0.11817412567410644,0.06539711251446367,28.0743445703403,23.110148047559093,18.54540428939046,8.288857935994939,-7.07146700433357,-5.904305354443181,-1.1671616498903887,55.049722892085455,62.121189896419025,73.66855201721191,115.34340768814087,74.04716209645402,46.22430740122665,60.135734748840335,0.46266757713081574,4.463844341196826,0.050650022296745055,1.6899301134701215,8.0,0.090303203866618
2022-06-15,50.49177169799805,50.64122009277344,41.901668548583984,46.133480072021484,1082980140,0.090303203866618,0.17308862910302608,0.09450609187900239,35.561014106273845,38.31462575980893,38.305015025686195,20.9077435585218,-6.911251879894188,-6.105694659533382,-0.8055572203608055,54.34849963145662,61.25975151135081,72.71029388427735,114.619994430542,73.87806857579355,45.05976444727774,59.468916511535646,0.4845944035809984,4.769251998553443,0.054890332254670424,1.7120501517787168,7.0,-0.12184318282348379
2022-06-16,44.6997184753418,50.88089370727539,44.331329345703125,50.51575469970703,754689123,-0.12184318282348379,0.14652361547165615,-0.11471281414523826,30.95162577734463,29.326330837378052,15.691990262271126,24.180803192449286,-7.169010636287247,-6.318357854884155,-0.8506527814030918,52.86407176128511,60.03308239757236,71.5935131072998,113.84672193527221,74.35871875213965,42.89269383025781,58.62570629119873,0.5367274343030938,4.896417167340502,0.060004636780864574,1.1829219325270401,7.0,0.06464786836910946
2022-06-17,47.684913635253906,48.25876235961914,44.57722473144531,44.70615768432617,624241753,0.06464786836910946,0.07720550059782498,0.06678331009084237,35.5858327397105,38.06307010088302,27.346629727714728,27.114545005224034,-7.051125026559056,-6.464911289219136,-0.5862137373399205,52.06727820343416,59.11840322999321,70.48074440002442,113.05579545974732,74.22243376525311,41.56614236084552,57.894288063049316,0.5640675876149219,4.809640057400025,0.062402608359879284,0.9777890574765044,9.0,-0.009220467609014247
2022-06-18,47.247257232666016,48.20722579956055,41.93596267700195,47.68170166015625,878504763,-0.009220467609014247,0.13273285032560028,-0.00917808944639309,35.21269729767788,37.27490779504685,25.63795498162038,22.8921916572021,-6.9133225664193745,-6.554593544659184,-0.3587290217601904,51.325736515623674,58.23905908204305,69.41812942504883,112.25195903778076,73.7937904312287,40.3448486373748,57.069319534301755,0.5861107520959536,4.914041704911351,0.06183560395391784,1.3282165860658108,6.0,0.1395561595650312
2022-06-19,54.32316589355469,55.684326171875,45.20140075683594,47.23798751831055,1408560758,0.1395561595650312,0.1929733888407788,0.14976337411595808,45.21470118703962,54.89278507711082,53.26333955965759,35.41597475633092,-6.162113423088975,-6.476097520345142,0.31398409725616716,51.786879496843824,57.9489929199328,68.58127304077148,111.47871860504151,72.14013264468113,40.51873118588527,56.3294319152832,0.561365531013218,5.3118191127776155,0.06772914858274988,2.005213847596674,6.0,-0.026441686286766037
2022-06-20,52.90559387207031,54.37226486206055,51.61100387573242,54.321990966796875,867331545,-0.026441686286766037,0.05219223118457116,-0.026095165813091237,43.75724766202553,51.51117570079573,49.60257698880987,42.834623843362635,-5.616418404551496,-6.304161697186414,0.6877432926349183,51.958989400724825,57.57540780527632,67.65066940307617,110.72579845428467,70.41091791947942,40.69736684004206,55.55414237976074,0.5348575246886086,5.129636389459795,0.06780342611051988,1.2059987548496964,9.0,0.011316098495943833
2022-06-21,53.5076789855957,55.45185852050781,52.14239501953125,52.89878463745117,683095131,0.011316098495943833,0.06185025334153387,0.011380367735428498,44.574436835638394,52.94749330773979,54.4139540543707,52.42662353427941,-5.076845222515246,-6.058698402252181,0.9818531797369348,52.19724933685881,57.274094559374056,66.70695838928222,110.05283826828003,69.56125686475787,40.601013871936466,55.08113536834717,0.5257742564519402,4.999624040282421,0.06592656343147256,0.9545517975467733,9.0,-0.02655673060425301
2022-06-22,52.10539245605469,53.57326889038086,50.77501678466797,53.52071762084961,571710882,-0.02655673060425301,0.05370369502682311,-0.026207201585374484,43.0071090074642,49.00328631431614,52.87446297850855,52.296998007229725,-4.708110227863166,-5.788580767374378,1.0804705395112117,52.183117509042795,56.89122773690596,65.76220588684082,109.4981017112732,68.3332459066805,40.59442857757244,54.463837242126466,0.5093070693089682,4.8423831878131685,0.06561740491356978,0.7947675608942666,11.0,0.06783912032561837
2022-06-23,55.76283264160156,56.43814468383789,52.04600524902344,52.109195709228516,675234042,0.06783912032561837,0.07876463993577186,0.07019312230747587,48.13000285989591,58.426837914522096,77.21456616987224,61.500994400917186,-4.07380000097973,-5.445624614095449,1.3718246131157183,52.733842914051834,56.807642915031565,64.7519652557373,108.99486692428589,67.49022970884815,40.747801678480954,54.11901569366455,0.4941410646073114,4.810222919741832,0.0677437883222906,0.9239586295983249,11.0,0.004106309535745617
2022-06-24,55.99228286743164,56.961769104003906,54.882591247558594,55.76162338256836,589158085,0.004106309535745617,0.03713329319627871,0.004114751976550313,48.44309878618222,58.981603041446505,90.07807825868787,73.38903580235625,-3.5121045060506546,-5.058920592486491,1.546816086435836,53.235141368417956,56.74724587446861,63.9334326171875,108.46539573669433,66.39414670967835,41.06837465262634,53.73126068115234,0.4713414823325688,4.615148272363508,0.06757225431915029,0.7940234069827422,11.0,0.0518137563249834
2022-06-25,58.96992874145508,59.52711868286133,55.081539154052734,55.99024200439453,560628121,0.0518137563249834,0.07538722911298705,0.05317957621183922,52.45402089932607,65.87588232262979,97.0435698190061,88.11207141585543,-2.7944727009157333,-4.6060310141723395,1.8115583132566062,54.11741634888521,56.91188904980094,63.176996078491214,107.94878107070923,65.67241109623538,41.366315710405246,53.51936340332031,0.45415516628365193,4.603036219252443,0.0688121288255667,0.745414777675612,14.0,-0.03615163307653843
2022-06-26,56.87614440917969,60.300819396972656,56.87559509277344,58.955406188964844,486759815,-0.03615163307653843,0.060222512263795346,-0.03550596680310192,49.53578716724253,57.89328744980706,82.54534863690644,89.88899890486682,-2.3674052481748333,-4.158305860972838,1.790900612798005,54.54183605046897,56.909241298643806,62.42310096740723,107.40704446792603,64.35072268452059,41.93389111552824,53.142306900024415,0.42182646702117577,4.518906796748642,0.06897006990090795,0.6477747819965982,14.0,-0.01685454606580699
2022-06-27,55.92555618286133,58.51468276977539,55.249855041503906,56.86295700073242,456437012,-0.01685454606580699,0.05837810030170084,-0.0167133028476687,48.224040256484656,54.40159071024412,77.70045499316208,85.7631244830249,-2.081659663674742,-3.742976621513219,1.6613169578384772,54.754716070837034,56.836375734511776,61.66208343505859,106.9276957321167,62.910500324208186,42.57611809925373,52.74330921173096,0.38553482003423023,4.429329720428845,0.06901049282841971,0.612395568524027,12.0,-0.05729037731950095
2022-06-28,52.81161117553711,56.72005081176758,52.752288818359375,55.91389083862305,519374670,-0.05729037731950095,0.075130485608932,-0.05568017950760229,44.10390722955134,44.21091262035889,59.29590292971905,73.18056885326253,-2.082468170264079,-3.4108749312633915,1.3284067609993127,54.455776856175504,56.53824502643958,61.15917259216309,106.44876230239868,61.63982111565199,42.97329076178942,52.306555938720706,0.3568678919661845,4.3963605970702275,0.06961258767973293,0.7001840817441896,10.0,0.01150165586166935
2022-06-29,53.42253875732422,54.23308181762695,51.790496826171875,52.80720138549805,557459009,0.01150165586166935,0.04572199390505754,0.011568054224978752,45.095019525709205,46.504596365699,62.5465052925313,66.51428773847083,-2.01063482080815,-3.1308269091723435,1.1201920883641936,54.296817148659926,56.307451969468076,60.6230867767334,105.92566541671754,60.59159521709781,43.34217324603696,51.966884231567384,0.33193104081815744,4.256805196669146,0.06965396414763426,0.7466915178697175,13.0,0.004219471464988754
2022-06-30,53.64842987060547,53.736392974853516,50.4050178527832,53.447410583496094,632075268,0.004219471464988754,0.062096414193392964,0.004228385968465087,45.479958326160954,47.43682422814933,63.77652367342945,61.87297729855995,-1.9134221098238484,-2.8873459493026448,0.9739238394787963,54.197065259728475,56.110487369552324,60.36827934265137,105.39788774490357,60.21033884578337,43.42243092960726,51.816384887695314,0.32398840545440455,4.190703048483515,0.06846383456527863,0.846608678507245,11.0,-0.048369471783988836
2022-07-01,51.11524200439453,55.61848831176758,50.38762283325195,53.699031829833984,628538818,-0.048369471783988836,0.10233474935061271,-0.04721830391533788,41.929740061660866,38.62957009336174,49.982852942221164,58.76862730272732,-2.0175305892937416,-2.713382877300864,0.6958522880071225,53.722938605061714,55.740469194355455,60.102529220581054,104.93078443527222,60.153858772776665,43.36126917216962,51.75756397247314,0.32444706264649653,4.26500036491438,0.06692050394405223,0.8479314981708594,11.0,-0.01239761556184553
2022-07-02,50.48544692993164,51.41740036010742,49.99398422241211,51.13259506225586,448609019,-0.01239761556184553,0.028194583276064895,-0.01232108173152624,41.07133869861376,36.655585611586055,34.99503059707111,49.5848024042406,-2.126345323145607,-2.595975366469813,0.469630043324206,53.22486296273401,55.351208285879615,59.75298736572265,104.45282165527344,60.13357543760696,43.60720672792039,51.870391082763675,0.3186089089499503,4.062030062970161,0.06432747385520497,0.6145511661480704,14.0,0.009594792192061724
2022-07-03,50.97217559814453,51.498252868652344,49.34320831298828,50.484867095947266,402299367,0.009594792192061724,0.04227884194416276,0.00964096978062634,42.05859429954337,39.44558512772092,14.866080504875244,33.281321348055855,-2.1485398183214457,-2.50648825684014,0.3579484385186942,52.878295675874085,55.02683549419553,59.39342468261719,103.9401054763794,59.54532949958755,44.96264016593979,52.25398483276367,0.27907324925207044,3.9258168124482964,0.058879017320469844,0.580263454690373,11.0,0.02464162962910148
2022-07-04,52.24381637573242,52.282711029052734,49.877628326416016,50.97188186645508,425036720,0.02464162962910148,0.046035739145463626,0.02494774379679754,44.666852653679626,46.61289938198676,26.471171868690103,25.444094323545503,-2.040002454012644,-2.4131910962746406,0.3731886422619968,52.780683475852285,54.82068592986493,59.00769355773926,103.4566159248352,59.28969258818619,45.82945719208724,52.559574890136716,0.25609482999499844,3.817192947461755,0.05759147930177454,0.6414329894519231,14.0,-0.04729242209133187
2022-07-05,49.83059310913086,52.33161544799805,48.23786163330078,52.238739013671875,559357113,-0.04729242209133187,0.08215342341464393,-0.046191557853390686,40.90377871779307,36.934161541971946,13.203490445988782,18.180247606518062,-2.1242260051917654,-2.3553980780580654,0.23117207286630004,52.3268234194336,54.45104942462537,58.66007843017578,102.98407684326172,59.30327174515716,45.74976017622956,52.52651596069336,0.25803180205346127,3.8369472951214343,0.05518674283894837,0.8788634992915768,19.0,0.01058969452689658
2022-07-06,50.361087799072266,50.592315673828125,49.25436019897461,49.8358039855957,429814449,0.01058969452689658,0.02656724731982781,0.010645963791352075,42.05938193849335,40.12279400389023,17.601206995565157,19.091956436748035,-2.1236867494514016,-2.309055812336733,0.18536906288533128,52.02440255476263,54.14808930421403,58.20791389465332,102.49187524795532,58.66534842360605,46.95382043015371,52.80958442687988,0.2217689860761565,3.6584478793880115,0.04725628644805884,0.6930129090179113,18.0,0.034769116260463126
2022-07-07,52.14289474487305,52.406734466552734,49.85165786743164,50.360191345214844,478192342,0.034769116260463126,0.04900143368761325,0.03538062864943914,45.886887543811,50.02419184494561,32.37210299560564,21.058933479053213,-1.9569242514205527,-2.238629500153497,0.2817052487329441,52.04263212247193,53.99955637389248,57.92245910644531,101.98720153808594,58.41092943928255,47.65403752543913,53.03248348236084,0.20283590749472016,3.579635645083232,0.045751728212940664,0.780201403144554,18.0,-0.011145692267135873
2022-07-08,51.5649528503418,53.74789810180664,50.95570373535156,52.140445709228516,565652402,-0.011145692267135873,0.05414907242442228,-0.011083809162476088,44.85193110387828,47.078240776761334,27.581056671363772,25.851455554178205,-1.8500723684653053,-2.160918073815859,0.31084570535055356,51.96914300368268,53.81921537214799,57.51182456970215,101.48188291549683,57.98948802931361,48.507248497175645,53.24836826324463,0.17807568271877366,3.5233898394669354,0.045784059766770864,0.9470691211108831,20.0,0.04911180261081632
2022-07-09,54.16061782836914,54.49441909790039,51.478233337402344,51.55635452270508,444782359,0.04911180261081632,0.055689648335550915,0.050337774681202596,50.276264349974355,59.55762924217972,49.098706230282914,36.3506219657508,-1.5382114662678177,-2.036376752306251,0.49816528603843313,52.30629297671136,53.84450444297918,57.221871032714844,100.97805053710937,57.974515279795106,48.50596644017559,53.24024085998535,0.17784571757518006,3.4871609766834437,0.03490240174367368,0.8100541620552193,24.0,-0.03748206439477364
2022-07-10,52.16814041137695,54.881256103515625,51.16180419921875,54.15983963012695,616041879,-0.03748206439477364,0.0712973833256615,-0.03678830664942179,46.49568661446192,49.173270454792025,38.244109981896855,38.30795762784786,-1.4352905936364877,-1.9161595205722983,0.4808689269358106,52.28503873589068,53.72032932952717,56.87111808776856,100.46155374526978,57.958933143827544,48.44780323007382,53.203368186950684,0.17876931927190537,3.503753185798689,0.03542353862186106,1.1482332763019505,24.0,-0.06726250054257307
2022-07-11,48.77458953857422,52.16533660888672,48.62705612182617,52.16533660888672,393277100,-0.06726250054257307,0.0725435215454194,-0.06505025569327483,40.86008737305171,36.52047588130967,6.32770495895087,31.223507057043562,-1.6090086052898016,-1.8547293375157992,0.24572073222599755,51.74496962861122,53.353978233901024,56.411129837036135,99.88817922592163,58.09464426724641,47.838783161952804,52.96671371459961,0.19362842030478294,3.5064196932095526,0.03826422896828847,0.7533727650514331,22.0,-0.025587839983681516
2022-07-12,47.54238510131836,49.12919235229492,47.53236389160156,48.7748908996582,368912014,-0.025587839983681516,0.033587470575788994,-0.02526324565543192,39.01112123750794,32.93095202874852,0.12393093645461283,14.898581959100795,-1.8250716908358626,-1.8487978081798118,0.023726117343949138,51.098418162873855,52.92348985370972,55.98172241210938,99.31878597259521,58.3798180575156,47.09730863620998,52.73856334686279,0.2139328169995888,3.3700203194583955,0.038235611176103496,0.72069740344417,16.0,0.04162549088654455
2022-07-13,49.56312561035156,49.56312561035156,46.662994384765625,47.544437408447266,447352506,0.04162549088654455,0.05851388890171663,0.042503978391634556,43.524504159776654,43.54698226757214,32.38382214566271,12.945152680356081,-1.8123546751916848,-1.8415091815821865,0.029154506390501655,50.86221930863965,52.67457398383134,55.56655395507813,98.77767360687255,58.052351732569676,46.80480425803091,52.428577995300294,0.2145308513907624,3.33645681275322,0.036006735657658884,0.8938328038719188,15.0,0.032859671150779285
2022-07-14,51.218807220458984,51.504188537597656,48.13614273071289,49.55903625488281,420169921,0.032859671150779285,0.06575798988031537,0.03340551245948098,46.98621886965194,50.966059141427756,50.87170928626286,27.793154122793414,-1.649660421385633,-1.8031394295428758,0.1534790081572428,50.91707898738109,52.56673940876672,55.22466773986817,98.2538059425354,57.58913387401254,46.79067455189078,52.18990421295166,0.20690705386353186,3.3387131694769017,0.03698766654872032,0.853937090489663,18.0,0.011246003816032859
2022-07-15,51.798065185546875,52.44595718383789,50.814613342285156,51.22144317626953,442039141,0.011246003816032859,0.03149430071777904,0.01130947783681524,48.182915497402746,53.462426104142025,62.48366110153883,48.579730844488154,-1.4571852518566644,-1.7339485940056336,0.27676334214896925,51.05261532556044,52.5098005774171,54.984066314697266,97.73339014053344,56.244278937542504,47.41834313276999,51.83131103515625,0.17028193245557766,3.2167582174823184,0.03478633638456986,0.9093415242022296,15.0,0.06225351246197357
2022-07-16,55.12516403198242,55.255428314208984,51.19859313964844,51.794742584228516,426040229,0.06225351246197357,0.07359316286490974,0.06423210663405055,54.53159468788976,65.30038368247952,98.48396527344609,70.61311188708261,-1.0243699232866135,-1.5920328598618296,0.5676629365752162,51.67916128039459,52.7035312036812,54.85529113769531,97.27958160400391,55.80866682985426,47.67885720273851,51.74376201629639,0.15711670953795961,3.276763714416478,0.03724184296876435,0.8819374504441039,21.0,0.01075709663961103
2022-07-17,55.721351623535156,56.83445358276367,54.720367431640625,55.12351989746094,579886019,0.01075709663961103,0.03794032430164733,0.01081516222258938,55.58179779201408,67.05248694368541,89.05661481247846,83.34141372915447,-0.6260367392028954,-1.3988336357300428,0.7727968965271474,52.30103671780083,52.92707345700372,54.72345260620117,96.83062526702881,55.757206529319284,47.70989704734087,51.733551788330075,0.15555300581147627,3.1937153170383756,0.03715685280657981,1.1852658809414978,24.0,0.050819813964005485
2022-07-18,58.62628936767578,59.00438690185547,55.528221130371094,55.7232666015625,604964726,0.050819813964005485,0.05929363445950914,0.05213329647433862,60.38333272540901,74.40046417870444,96.93634625382741,94.82564211325068,-0.07508508844570372,-1.134083926273175,1.0589988378274713,53.27415251008928,53.349237598534984,54.62104583740234,96.38232666015625,57.036392690907114,47.01217870496691,52.02428569793701,0.1926833564643774,3.2138903494988043,0.03626483376665678,1.2258035589334657,20.0,-0.011012668571542771
2022-07-19,57.98419952392578,59.19778060913086,56.11280059814453,58.61126708984375,579491163,-0.011012668571542771,0.05320380442112313,-0.010952251126164936,58.86856439896356,70.35431700741638,90.31829451669381,92.1037518609999,0.3062070160756889,-0.8460257378034022,1.152232753879091,53.998775127602585,53.692568111526896,54.39831146240235,95.93967395782471,57.87608825794577,46.62864921458841,52.25236873626709,0.21525223287247433,3.2046824681764847,0.03640881774579247,1.171572920843423,30.0,-0.012956621511210957
2022-07-20,57.23776626586914,61.46427917480469,56.781219482421875,57.98867416381836,662964095,-0.012956621511210957,0.0818176528872567,-0.012873045832919372,57.07604896979298,65.52158828427815,71.44495921205505,86.2331999941921,0.5419060743477573,-0.5684393753731704,1.1103454497209277,54.49708145656667,53.95517538221891,54.174839096069334,95.47237562179565,58.438367689332885,46.42530342272766,52.43183555603027,0.22911775144258867,3.31028084133408,0.036607803696739764,1.3361603210814856,31.0,0.014948687427692812
2022-07-21,58.099822998046875,58.519569396972656,55.461177825927734,57.240596771240234,464802265,0.014948687427692812,0.05264029067950405,0.015060977889554295,58.64231395535422,68.44236138643844,77.26916126212221,79.6774716636237,0.7891630693004785,-0.29691888643844055,1.0860819557389192,55.051349386025166,54.26218631672469,54.07747917175293,95.00659727096557,59.23622666133614,46.325902550089644,52.78106460571289,0.24460143439109627,3.2922887505991403,0.03459223611745371,0.9524944158419606,34.0,-0.03367098409844433
2022-07-22,56.17611312866211,59.097774505615234,55.72700881958008,58.10052490234375,464241227,-0.03367098409844433,0.06000354062081465,-0.03311042564534894,53.914508398622715,56.07515597315908,64.27224986778582,70.99545678065438,0.8204312886509655,-0.07344885142055935,0.8938801400715248,55.22438996181546,54.403958673164496,53.911974334716795,94.54516986846924,59.592203399242614,46.53899243205621,53.06559791564941,0.24598254763726915,3.2978942459874268,0.035515533105557634,0.9498233668387976,33.0,0.004444067511550659
2022-07-23,56.42631912231445,57.15965270996094,54.76734924316406,56.16364669799805,380442502,0.004444067511550659,0.042396943554143876,0.004453957024034283,54.42911902715119,57.24738953790777,65.9626841591436,69.16803176301723,0.8555389894744678,0.1123487167584461,0.7431902727160218,55.40930214035377,54.553763150879305,53.78731544494629,94.09324003219605,59.94750385786176,46.72910632585406,53.33830509185791,0.24782185165507795,3.233209190330959,0.03550173090009565,0.7801180202532948,31.0,0.03584662214679229
2022-07-24,58.48570251464844,59.61155700683594,56.397010803222656,56.42781066894531,402627822,0.03584662214679229,0.05496294077699007,0.03649685863559338,58.53340043696629,65.96849225870004,79.87622897330665,70.03705433341203,1.037576587063974,0.2973942908195517,0.7401822962444222,55.88259450562988,54.84501791856591,53.68208183288574,93.70522298812867,60.60392050961658,46.69687828799085,53.650399398803714,0.2592160054252238,3.231876119851125,0.03591266644776045,0.827511459272165,30.0,-0.07303829166183066
2022-07-25,54.366275787353516,58.794830322265625,54.366275787353516,58.48329544067383,445424172,-0.07303829166183066,0.08145775061425604,-0.0704347652533226,49.022357201477504,44.69250148735302,52.044680660235855,65.96119793089538,0.839759164342027,0.40586726552404684,0.4338918988179802,55.64931470281813,54.809555538476104,53.5052498626709,93.29453544616699,60.60994251009974,47.14442455532995,53.877183532714845,0.24992987888079518,3.3173531494983384,0.03829258475381957,0.9263152569758445,30.0,-0.010653246620573665
2022-07-26,53.7901725769043,54.353599548339844,52.19551086425781,54.353599548339844,400322025,-0.010653246620573665,0.040120501212309596,-0.01059670176236771,47.8513309804282,42.4582814162789,48.152429287321766,60.02444630695478,0.6292471478221344,0.45054324198366436,0.17870390583847007,55.363292837292924,54.73404568947079,53.29270782470703,92.90604406356812,60.58632739127178,47.51094815194111,54.048637771606444,0.2419187564834355,3.235453990469579,0.03840501852181104,0.8350806107781359,26.0,0.09161587407577765
2022-07-27,58.95100402832031,58.95100402832031,53.15217590332031,53.798828125,529603132,0.09161587407577765,0.09836691029408454,0.09594376080570344,57.618209636599055,62.20490646965089,81.14308660459069,60.44673218404946,0.868835431313272,0.5342016798495859,0.3346337514636861,55.91524840514329,55.046412973830016,53.19361770629883,92.55011167526246,61.197725173505916,47.5803612980517,54.38904323577881,0.25036961610856745,3.4185521429360373,0.04271847987066111,1.0988714921169325,28.0,0.07376610825025276
2022-07-28,63.46399688720703,63.92095947265625,58.64144515991211,58.95376205444336,757291482,0.07376610825025276,0.08318912409704181,0.07655497871959338,63.97261552422162,72.00587022469165,96.51342501637197,75.26964696942815,1.4066566173065453,0.7086926673409778,0.6979639499655675,57.07659432546079,55.669937708154244,53.231964111328125,92.21094003677368,62.71821399500135,47.24977688024279,54.98399543762207,0.28132617485586514,3.5514780122080447,0.04506555847096437,1.5406702428691703,32.0,-0.040870317553112025
2022-07-29,60.92249298095703,64.30512237548828,60.12721252441406,63.46464157104492,664571137,-0.040870317553112025,0.06857746041975231,-0.04004638899070523,58.640448386564714,61.52375111798908,74.1912650278043,83.94925888292234,1.6092551651809828,0.8888051669089788,0.720449998272004,57.668271041690986,56.05901587651,53.24609451293945,91.88138338088989,63.46324805713802,47.18093033336491,55.322089195251465,0.2943185617286971,3.596223143555629,0.04548514205729357,1.3224684953237031,39.0,-0.007948810100922077
2022-07-30,60.44015121459961,63.77112579345703,60.22955322265625,60.917049407958984,667982996,-0.007948810100922077,0.058596355231243985,-0.007917301849551528,57.65820406029804,59.60261824943806,68.08344217067334,79.59604407161656,1.7111697251431934,1.0532780785558218,0.6578916465873716,58.09471414521539,56.3835444200722,53.32172920227051,91.52585922241211,64.0328964441614,47.438483026663796,55.7356897354126,0.29773406404898334,3.592319531215997,0.04447132638343467,1.3224236237496396,42.0,-0.008818419702372782
2022-07-31,59.909507751464844,62.79286193847656,59.896419525146484,60.44405746459961,502294495,-0.008818419702372782,0.048346957303438326,-0.00877965148119264,56.53623276665354,57.305895165115054,63.70143980302804,68.65871566716858,1.7291862724972162,1.1884597173441007,0.5407265551531155,58.37391316156146,56.644726889064245,53.474086151123046,91.11672077178955,64.12803028257126,48.456841009543,56.29243564605713,0.27838890062533495,3.5426140227955742,0.041102454674317446,0.9837894123197649,39.0,-0.0062633505235082975
2022-08-01,59.53544616699219,60.570430755615234,58.44951629638672,59.91562271118164,467875340,-0.0062633505235082975,0.035624398501684515,-0.006243776630989073,55.71322504968093,55.5456214356444,60.612475436782674,64.13245247016137,1.6937563040275165,1.2895190346807839,0.40423726934673265,58.55261054701235,56.85885424298483,53.70021697998047,90.7312154006958,63.72940942541491,50.05476797326673,56.89208869934082,0.24036103726855473,3.441064053969356,0.04043661887442948,0.9075806125498752,33.0,-0.021933283947644572
2022-08-02,58.24385452270508,59.72209167480469,56.88901901245117,59.53025817871094,524322092,-0.021933283947644572,0.04864157232672685,-0.021694498444914556,52.852292168507155,49.42925020909615,49.9466366269308,58.08685062224718,1.5436627638984035,1.3403477805243078,0.2033149833740957,58.505109620195846,56.96144685629744,53.99908805847168,90.29881010055541,63.2942168284864,51.358033461430594,57.326125144958496,0.20821542249494815,3.397636097425367,0.0404210995492889,1.0095390837842895,31.0,-0.007560003097052606
2022-08-03,57.80519104003906,60.00974655151367,56.97088623046875,58.23983383178711,472558915,-0.007560003097052606,0.052570716684251416,-0.007531498151363114,51.877924418401285,47.36275679853642,46.32419603699776,52.29443603357043,1.3734834131697795,1.346974907053402,0.02650850611637745,58.397429838633265,57.023946425463485,54.23255157470703,89.84814901351929,62.925202224587636,52.38568644728737,57.6554443359375,0.18280174402768115,3.3720092562553354,0.040125780975364636,0.9053073923388631,34.0,0.034739050062117756
2022-08-04,59.848575592041016,60.375362396240234,57.7509651184082,57.805233001708984,437413922,0.034739050062117756,0.04385062220563588,0.035349499158070286,55.95165219384007,57.107982276907926,63.198267926974715,53.15636686363444,1.3875048158848813,1.355080888819698,0.03242392706518338,58.62068303146523,57.233178215580345,54.41968765258789,89.41472587585449,62.66475049635715,53.45118921616726,58.057969856262204,0.15869589141681134,3.318608400653671,0.0406266835647557,0.8383495967997782,30.0,0.04176802481050476
2022-08-05,62.40127182006836,62.40865707397461,59.70073318481445,59.839481353759766,463122316,0.04176802481050476,0.0433953317004235,0.04265258116463544,60.455348710402795,66.22230804914182,84.27818635094702,64.60021677163985,1.5863121118047658,1.4013271334167117,0.18498497838805417,59.202312075865706,57.61599996406094,54.773718719482424,88.96839590072632,63.19100944097398,53.65254105035903,58.4217752456665,0.16326906107363587,3.2749880784041343,0.03940615067814442,0.8844793538993289,31.0,-0.024051335573408234
2022-08-06,60.91834259033203,62.433921813964844,60.789920806884766,62.40816116333008,291347560,-0.024051335573408234,0.02698696217222737,-0.02376440714241046,56.82078177432513,57.885732629154184,72.03230027639329,73.16958485143836,1.6056988340216733,1.4422014735377042,0.16349736048396912,59.46631677039899,57.86061793637732,55.038387298583984,88.56353380203247,63.400058836365936,53.963190751646756,58.681624794006346,0.1608147033734323,3.1584890018809872,0.03995903985235861,0.5721861554413689,31.0,0.003015291536166108
2022-08-07,61.1023063659668,61.940494537353516,60.20869064331055,60.920589447021484,276519336,0.003015291536166108,0.02834269272374899,0.003019842100299819,57.164826609274286,58.63931336652284,73.55145533321867,76.62064732018634,1.6172644721736233,1.477214073264888,0.14005039890873539,59.71800747740942,58.1007430052358,55.31548828125,88.18446182250976,63.64005496404712,53.97079632379468,58.8054256439209,0.16442800191264345,3.0565829227497003,0.03844081207586317,0.5611633069270492,30.0,0.02408991857858131
2022-08-08,62.59212875366211,63.9603385925293,60.94041061401367,61.10433578491211,384554405,0.02408991857858131,0.04824772760806504,0.02438242476105823,59.948066371514166,64.62066312778651,85.85426443913961,77.14600668291722,1.7267417355883197,1.5271196057295744,0.19962212985874528,60.160179981448294,58.433438245859975,55.480867538452145,87.84559743881226,64.124461625495,53.947182585320434,59.03582210540772,0.17239158662012302,3.0539647124472666,0.03861309677855184,0.796155713493971,30.0,-0.05470501761923542
2022-08-09,59.2599983215332,62.782325744628906,58.754459381103516,62.59897994995117,406076522,-0.05470501761923542,0.06796939719219991,-0.053235614421149546,51.835640515393266,46.91661990728691,54.7642045396244,71.38997477066091,1.5270255771754435,1.5271008000187483,-7.522284330474527e-05,60.02169049530751,58.49466491813207,55.607955627441406,87.56993808746338,64.1585677027469,54.11529971363494,59.13693370819092,0.16983071930428623,3.123529116095704,0.04064306623285957,0.8636807870711815,42.0,0.038789876165385075
2022-08-10,61.603851318359375,62.17228317260742,58.078102111816406,59.25986862182617,543530224,0.038789876165385075,0.06645982309828176,0.03955202604139285,56.31392471519475,56.66064989507452,63.57560129767855,68.06469009214754,1.5401248308474962,1.529705606184498,0.010419224662998161,60.265099852700104,58.72497502185261,55.76987907409668,87.33581485748292,64.42056370887303,54.20370653954005,59.31213512420654,0.1722557643210397,3.192861397859655,0.04139368814525755,1.1464316651221287,31.0,0.0048703183457884415
2022-08-11,61.90461349487305,63.256103515625,61.574462890625,61.606346130371094,472762678,0.0048703183457884415,0.027165029067490645,0.004882197623641726,56.868118685181216,57.8197704846839,67.63112967680973,61.99031183803758,1.5568289230948054,1.5351302695665596,0.021698653528245737,60.517332720726706,58.9605037976319,55.96586349487305,87.08489038467407,64.61305388260175,54.58406640243243,59.59856014251709,0.16827566733470006,3.0849170569411086,0.04048737261165283,0.996271115378822,41.0,0.016463694401258895
2022-08-12,62.932228088378906,62.962833404541016,60.873382568359375,61.9041862487793,370984475,0.016463694401258895,0.03320160273441009,0.016599967845546182,58.79163501324644,61.883400914426836,85.46083948677891,72.22252348708908,1.6341494880343959,1.5549341132601269,0.07921537477426899,60.88885508498089,59.25470559694649,56.10925140380859,86.85159353256226,64.91704342337815,54.93066775826248,59.92385559082031,0.16665108689443994,3.013812326886861,0.040570072669284536,0.7825698437486229,42.0,0.012966130282019074
2022-08-13,63.7535285949707,65.3356704711914,62.72484588623047,62.934349060058594,391896085,0.012966130282019074,0.0409518444311943,0.013050555042138479,60.31492028699765,65.02520473377915,81.26900483642461,78.12032466667111,1.7416223415694958,1.5922717589220006,0.14935058264749523,61.32957408651778,59.587951744948285,56.26447631835938,86.630029296875,65.40012009727688,54.97437369239597,60.18724689483643,0.17322185251466213,2.9850274881778662,0.03998639743098281,0.8276184301073988,46.0,-0.007000859850120926
2022-08-14,63.30875778198242,65.62770080566406,62.91333770751953,63.75997543334961,411725410,-0.007000859850120926,0.0428750017097482,-0.006976410918585141,59.04207291697569,61.80650767719941,73.46346876387346,80.06443769569235,1.7704968788692241,1.6279167829114454,0.14258009595777876,61.634063885820034,59.86356700695081,56.35125289916992,86.41016218185425,65.2761801568842,55.99256183225155,60.634370994567874,0.15310818224640846,2.9656943174611996,0.03576692023105522,0.8725995954422485,47.0,-0.04001430533677177
2022-08-15,60.82551574707031,65.17250061035156,60.03242111206055,63.30583572387695,487425277,-0.04001430533677177,0.08450531713803988,-0.03922430516586184,52.393934694884926,46.73727016911111,45.046802570114366,66.59309205680417,1.5748493952920413,1.6173033053875647,-0.04245391009552346,61.50967186447392,59.93482246918188,56.430240325927734,86.17952219009399,64.40522116338117,57.56705514277117,60.98613815307617,0.11212656232545991,3.121007544663329,0.0371326481427886,1.0235878932404459,45.0,0.008460914714653106
2022-08-16,61.34233856201172,61.54142761230469,60.23854064941406,60.807071685791016,400419587,0.008460914714653106,0.021239603729380493,0.00849680941614217,53.5658158548863,49.714221061165155,50.49723883504044,56.33583672300944,1.4448453589771262,1.582811716105477,-0.13796635712835092,61.48392827947974,60.039082920502615,56.538575973510746,85.93907022476196,64.3965961553808,57.81481360414068,61.105704879760744,0.10771142504928576,2.991141788822422,0.031248029760839707,0.8524395336634735,44.0,-0.01590913419814705
2022-08-17,60.3741569519043,64.56123352050781,60.03407287597656,61.337974548339844,564337359,-0.01590913419814705,0.07498507429491247,-0.01578325236375977,51.031507153996436,44.30246644349022,33.303032342957486,42.94902458270412,1.2492910099585544,1.5161075748760926,-0.26681656491753825,61.31319422908352,60.06390321912497,56.68982688903809,85.68682262420654,64.0703824063411,57.832043359650115,60.951212882995605,0.10234971137762833,3.1008574213730524,0.026475916111341303,1.2265910089979457,41.0,-0.005455398747733818
2022-08-18,60.04568862915039,61.56446075439453,59.82616424560547,60.39039993286133,375531380,-0.005455398747733818,0.028949564048219963,-0.005440545083148285,50.16436861566837,42.472477339934336,26.062133858021042,36.62080167867301,1.0556393773173909,1.4240139353643524,-0.3683745580469615,61.11819336755535,60.06255399023796,56.82228988647461,85.44305177688598,64.05147198396371,57.76327334684685,60.907372665405276,0.10324199455558662,3.0035316419027676,0.02491241270796005,0.8426901094658283,30.0,-0.105536177172074
2022-08-19,54.0316276550293,60.10254669189453,53.635345458984375,60.04190444946289,598011455,-0.105536177172074,0.11969288199498068,-0.10015808147800054,37.574909889996476,22.56351857668288,3.3044567525647928,20.8898743178478,0.4121337825567579,1.2216379048028336,-0.8095041222460757,60.02795248870518,59.615818706148424,56.829953842163086,85.16527141571045,64.93277017178706,56.24112280306646,60.58694648742676,0.1434574256110484,3.2509366126890096,0.03421988092100627,1.3525526313119984,33.0,0.0028816676878296566
2022-08-20,54.18755340576172,55.569393157958984,53.15416717529297,54.02425765991211,473723831,0.0028816676878296566,0.044571600503543064,0.002885823683268285,38.00929306672612,23.646120682100957,8.284630972193934,12.550407194259947,-0.0842954273261256,0.9604512383770418,-1.0447466657031674,59.12942955286773,59.21372498019385,56.89140007019043,84.85919918060303,65.46393288670794,55.13776465357526,60.3008487701416,0.17124416063353579,3.191242996258796,0.03426202360818046,1.074918096169908,29.0,0.023788117755942372
2022-08-21,55.492027282714844,55.935054779052734,53.987640380859375,54.18001174926758,346325352,0.023788117755942372,0.03509358899922471,0.024073311950165044,41.666377538140004,32.8139533091679,18.74256467092495,10.110550798561249,-0.3682144656560453,0.6947180975704245,-1.06293256322647,58.56982920361344,58.93804366926948,56.991531677246094,84.59387920379639,65.66659752924673,54.53075812260874,60.09867782592774,0.18529258561880996,3.102398096396979,0.034858358523149766,0.796829079645088,27.0,0.0312874284625287
2022-08-22,57.25567626953125,57.2607421875,52.51923370361328,55.497440338134766,766070930,0.0312874284625287,0.08281289808832323,0.03178202479125791,46.28062423800459,43.51222439646094,36.13269598225536,21.053297208458105,-0.44577203274221233,0.46662007150789714,-0.9123921042501095,58.367651829139255,58.81342386188147,57.11720169067383,84.32872257232665,65.69908506361469,54.39945276292341,60.049268913269046,0.18817268728136682,3.219477409789103,0.035405563552115146,1.7148914986548036,29.0,-0.003082919470758456
2022-08-23,57.07943344116211,57.5816650390625,54.28071212768555,57.24626922607422,524532444,-0.003082919470758456,0.05783086327897068,-0.003078172154311387,45.889977954618935,42.719169228588065,34.78819988673884,29.887820179973072,-0.5155157421782874,0.27019290877066027,-0.7857086509489477,58.16946438483508,58.68498012701337,57.21391403198242,84.00952955245971,65.72892039075683,54.29704167589357,60.0129810333252,0.19049009927560737,3.22529708847395,0.03537508363804807,1.1674033324315514,28.0,-0.01058970183062981
2022-08-24,56.47816848754883,57.46327209472656,55.827903747558594,57.0779914855957,471510182,-0.01058970183062981,0.028955760977420895,-0.01053382833999339,44.50966385830257,39.829809783928965,30.201355758189173,33.70741720906115,-0.6122475821423308,0.09370481058806207,-0.7059523927303928,57.90926501602181,58.52151259816414,57.346865539550784,83.68233669281005,65.76492860000224,53.92399275619894,59.84446067810059,0.19786185236917594,3.111730749809237,0.034429078986196585,1.0454299723640579,25.0,0.00555144504389383
2022-08-25,56.79257583618164,57.36817169189453,56.08835220336914,56.47560501098633,432646387,0.00555144504389383,0.022534978730618486,0.005566882869123546,45.43392411320257,42.21417975708936,32.59986159556221,32.5298057468301,-0.6559765277258762,-0.056231457074725585,-0.5997450706511507,57.73746668066178,58.39344320838766,57.47549530029297,83.32907205581665,65.5047926040351,53.6232591537774,59.56402587890625,0.19947498972639763,2.9808799454318193,0.03287345183634711,0.9625132669498916,25.0,-0.07394706381425337
2022-08-26,52.744449615478516,57.95991134643555,52.51424026489258,56.78224182128906,567680603,-0.07394706381425337,0.10324633437723595,-0.07127914452022666,36.909562572686234,26.462399877478248,1.7555194517128883,21.51891226848812,-1.0056890294474101,-0.24612297154926252,-0.7595660578981476,56.96931020909513,57.97499923854254,57.487526397705075,82.90725734710693,65.75526102905735,52.5554014312698,59.155331230163576,0.22313896859826696,3.1569364551540446,0.03614875479688295,1.2252631864978731,27.0,0.0057808345855380906
2022-08-27,53.05023956298828,53.28228759765625,52.11684036254883,52.758628845214844,392990718,0.0057808345855380906,0.021968745941734123,0.005797575853744963,37.85802580818846,28.803635093702894,6.908510411822719,13.754630486365963,-1.24382596199829,-0.44566356963906806,-0.798162392359222,56.366376263540225,57.610202225538515,57.51723213195801,82.50255233764648,65.79595172355599,51.70950405647331,58.75272789001465,0.23975818949977215,3.014687225150715,0.036195162095891346,0.8376890219474958,28.0,0.010533889431486504
2022-08-28,53.61201858520508,55.6735725402832,52.711055755615234,53.04772186279297,485789560,0.010533889431486504,0.05525844508092283,0.010589566170568832,39.65292549177713,33.351573742885606,11.452337103425224,6.705455655653637,-1.3714115459909593,-0.6308131649094464,-0.7405983810815129,55.94262892841174,57.3140404744027,57.50626014709473,82.06975442886352,65.45478921220831,51.15265555097528,58.3037223815918,0.245303954482135,3.0109607651162333,0.03570463276333658,1.0244434271492284,28.0,0.03949675441654946
2022-08-29,55.77189254760742,56.5727424621582,52.94242477416992,53.610782623291016,526456711,0.03949675441654946,0.06509224489539076,0.04028712254081013,46.09905582205783,48.19510564894556,29.37107610362627,15.91064120629143,-1.2834455017367006,-0.7613396322748973,-0.5221058694618033,55.91636179290339,57.19980729464009,57.578335189819335,81.67317192077637,65.34840482778493,50.91022935800607,58.129317092895505,0.2483802699196595,3.0552005453213797,0.035395598002792884,1.0962879850906502,24.0,-0.049906755316924796
2022-08-30,53.05681228637695,56.06769561767578,52.30454635620117,55.77510070800781,464828759,-0.049906755316924796,0.07092678770753909,-0.04868187427767223,40.2750957480802,36.32913104664777,7.553376945720755,16.125596717590774,-1.416487675917864,-0.8923692410034907,-0.5241184349143733,55.47643109959162,56.892918775509486,57.66397964477539,81.30830018997193,65.0583428061213,50.34558747647146,57.701965141296384,0.2549784100701305,3.1057683107608964,0.03543616969427794,0.9759518749222029,27.0,0.014962854524158409
2022-08-31,53.85666275024414,55.09647750854492,53.05765914916992,53.05765914916992,439496760,0.014962854524158409,0.03785638127690631,0.01507535845821173,42.57667282235624,41.29661571468654,18.415456120537648,18.446636389961583,-1.4407749528633431,-1.0020503833754613,-0.43872456948788185,55.227235968922784,56.66801092178613,57.790265197753904,80.94416511535644,64.57235363794612,50.026781570183765,57.29956760406494,0.2538513408734775,3.029618090147116,0.03569205840546808,0.9259987670756992,23.0,0.06594512929469185
2022-09-01,57.52796936035156,57.57414627075195,53.549686431884766,53.85836410522461,584763245,0.06594512929469185,0.06995657735906209,0.06816810442066945,51.76486548918245,58.595046395216485,67.76018018491405,31.243004417057506,-1.1505165946455236,-1.0317436256294736,-0.11877296901604995,55.58119495221952,56.73171154686504,57.949562072753906,80.60078388214112,63.83129683271958,50.22741250260757,57.029354667663576,0.2385417897394795,3.100678215055693,0.03896620991988649,1.2049319656757616,20.0,0.0592744598513279
2022-09-02,61.04099655151367,62.07897186279297,56.644378662109375,57.524898529052734,761493332,0.0592744598513279,0.08903185576430156,0.061066420911830344,58.592446353069285,68.84423758019463,89.5807909055019,58.585475736984556,-0.6297534144716863,-0.9513455833979163,0.32159216892623,56.421164429034,57.05091784350569,58.146005859375,80.28198858261108,63.24735616570366,50.54009996527778,56.89372806549072,0.22335073886876378,3.267386428314829,0.04136032428413285,1.5115353804856808,25.0,-0.014956941415117919
2022-09-03,60.134803771972656,61.95997619628906,59.83968734741211,61.03767776489258,529966061,-0.014956941415117919,0.03525893020150117,-0.014845641957635158,56.37568490879587,64.07129029404607,80.48441650491496,79.27512919844366,-0.286860279490071,-0.8184485226163473,0.5315882431262763,56.99249355871687,57.279353838206944,58.312740631103516,79.92384950637818,62.577824498756534,50.89223623122394,56.73503036499024,0.2059677802647917,3.1854508869264095,0.041447362347187836,1.0397607700278568,21.0,0.01265908548885605
2022-09-04,60.90089416503906,60.91429138183594,58.82038879394531,60.142940521240234,404022021,0.01265908548885605,0.034382132095076144,0.012739550892547635,57.82827409100764,66.37083241558622,88.17444140618868,86.07988293886854,0.046169875050566134,-0.6455248430829646,0.6916947181335308,57.59378595968952,57.54761608463895,58.428255233764645,79.58754976272583,62.59223046583981,50.88536810593754,56.738799285888675,0.20632904656503456,3.1074831512809964,0.040607946876569614,0.7992050991789353,20.0,-0.007987187664499544
2022-09-05,60.416404724121094,61.32762908935547,59.51828384399414,60.90159606933594,450815584,-0.007987187664499544,0.029947913213692966,-0.007955374835795004,56.54593016221816,63.37795413925227,83.3111303677217,83.98999609294181,0.2679160535484897,-0.46283666375667376,0.7307527173051634,58.028035000371304,57.760118946822814,58.52215629577637,79.30811971664428,62.41268830970342,50.972316878284865,56.69250259399414,0.2017969027289072,3.014759015143877,0.04059544945092399,0.8873455546396549,23.0,-0.10649594177998822
2022-09-06,54.31306076049805,62.34904861450195,54.3062744140625,60.4139518737793,671460963,-0.10649594177998822,0.1480817705322358,-0.10102130359283534,43.46885307857446,38.11661273230299,21.463796903566774,64.31645622582575,-0.04828080146209146,-0.3799254912977573,0.33164468983566586,57.45650050192926,57.504781303391354,58.435891723632814,79.00369956970215,61.936932680966024,50.841962887881635,56.38944778442383,0.1967561348623296,3.373902956950704,0.04693333870400533,1.30785617307167,22.0,0.0555565613978204
2022-09-07,57.41590118408203,58.10066223144531,53.299686431884766,54.302589416503906,623767136,0.0555565613978204,0.08361752930025539,0.05712880806453624,49.82213059702158,49.948933019466345,51.78804702808622,52.187658099791584,-0.04794313782022641,-0.31352902060225113,0.2655858827820247,57.45025445302969,57.49819759084992,58.42452575683594,78.71223403930664,61.57232881238772,50.9435880119531,56.25795841217041,0.188928661835963,3.475836731422836,0.04886509852922512,1.1862804401817726,24.0,0.010177888023399695
2022-09-08,58.003257751464844,58.4691162109375,56.34557342529297,57.41305923461914,539805386,0.010177888023399695,0.0366107502917093,0.010229858893961774,50.94598907154885,51.976784989399945,57.52831885328776,43.59338759498027,-0.00027757104099634944,-0.25087873069000016,0.2506011596490038,57.53533188355818,57.535609454599175,58.43983558654785,78.448090133667,61.71987522107331,51.19320461291106,56.456539916992185,0.18645617715218765,3.3792443067243854,0.04241561027061327,1.0323156471645212,20.0,0.05418517945004296
2022-09-09,61.23288345336914,61.653663635253906,57.855316162109375,58.00151824951172,610797768,0.05418517945004296,0.06203117114413039,0.05568007431139055,56.69008619152235,61.88356169550303,89.09164929359449,66.13600505832284,0.2947043685651991,-0.14176211083896031,0.4364664794041594,58.104185971221405,57.809481602656206,58.502496795654295,78.23700208663941,62.3531155130522,51.264497325692915,56.80880641937256,0.19519188812912502,3.409180247182967,0.043898704731280526,1.1529685530825144,22.0,0.03527850402913639
2022-09-10,63.431644439697266,64.44889831542969,60.87065124511719,61.225059509277344,611529013,0.03527850402913639,0.056411072137886036,0.03590817322856532,60.114402442732455,67.24977626057296,91.62364629131645,79.41453814606625,0.6978568572678441,0.026161682782400567,0.6716951744854435,58.92379496637154,58.225938109103694,58.647607421875,78.01654632568359,63.413411891356226,50.998162663087136,57.20578727722168,0.2170278536348825,3.4212564488350767,0.04421626013346004,1.1261605211851902,28.0,-0.01890672981875381
2022-09-11,62.24362564086914,64.26847839355469,61.82975387573242,63.427024841308594,467207228,-0.01890672981875381,0.03918030951302747,-0.018729118712309978,57.47040646592406,61.768115525959786,81.84116631365615,87.51882063285571,0.9109935541253051,0.2031280570509815,0.7078654970743237,59.43453814706348,58.52354459293817,58.76395355224609,77.79793470382691,64.04011240325269,50.87025708832445,57.45518474578857,0.22921961478669833,3.351075596619876,0.044170887045923604,0.8847314869183791,26.0,-0.014265138995286152
2022-09-12,61.36201477050781,62.94322967529297,60.38718795776367,62.246158599853516,527623332,-0.014265138995286152,0.04165511395101383,-0.01416387399165997,55.518937241418854,57.696461209702555,74.58173515321954,82.68218258606407,0.997271369080245,0.3619567194568342,0.6353146496234108,59.73107301220876,58.733801643128515,58.82147979736328,77.58359231948853,64.4665407163275,50.87208690818421,57.66931381225586,0.23573115248779333,3.29428746239912,0.04433806730177575,0.9988467097219326,25.0,-0.037521107851403404
2022-09-13,59.10230255126953,67.06636810302734,58.63788986206055,61.36082077026367,1001779466,-0.037521107851403404,0.1426082889690353,-0.03682591302925009,50.76110238141148,48.19607599195926,43.14918256928426,66.52402801205334,0.8732410884466759,0.4642135932548026,0.4090274951918733,59.634339095141186,58.76109800669451,58.9162003326416,77.33277227401733,64.6020173137875,50.99902371709629,57.800520515441896,0.2353437905988589,3.661015375153954,0.04519297088254288,1.805834495463461,34.0,0.017491608391028077
2022-09-14,60.14519119262695,60.84946823120117,58.701507568359375,59.061370849609375,622750084,0.017491608391028077,0.03571292434606326,0.017645482431970283,52.77265429134574,52.41492863466183,49.725161983599776,55.81869323536788,0.8493082976489177,0.5412325341336257,0.308075763515292,59.71293172552361,58.86362342787469,59.04330070495605,77.09227993011474,64.82703340954563,51.10926915698269,57.96815128326416,0.23664312124653464,3.5529400385602288,0.04531728499289184,1.1036752760111388,27.0,-0.06517460784823523
2022-09-15,56.35026168823242,60.608158111572266,56.19339370727539,60.14997100830078,629471575,-0.06517460784823523,0.07834505594175097,-0.06309614167224964,45.49000542950261,38.948901681692746,22.15911814640275,38.34448756642895,0.5181493894351732,0.5366159051939352,-0.018466515758762014,59.195597873632664,58.67744848419749,58.9912858581543,76.85850324630738,64.62766612601571,51.669217647787995,58.14844188690186,0.22285117292449158,3.614498921827132,0.044570977299091964,1.1095123900966652,28.0,-0.009020118570791337
2022-09-16,55.844261169433594,56.75113296508789,54.940608978271484,56.35547637939453,471316851,-0.009020118570791337,0.032420949778943414,-0.008979559342569887,44.606098369233045,37.452131710404565,18.483573589725047,30.12261790657588,0.21242485427024604,0.4717776950091974,-0.2593528407389514,58.68000761144819,58.467582757177944,58.838891143798826,76.57035165786743,64.43353128221177,52.14275465223646,58.28814296722412,0.21086238134034416,3.485643569326366,0.0446505352439938,0.8250521508779283,20.0,0.03470838787111557
2022-09-17,57.81655502319336,58.34921646118164,55.85560607910156,55.85560607910156,354646581,0.03470838787111557,0.043129694965045144,0.03531775356067035,48.78349663348812,46.756627639480755,32.81014771175218,24.48427981596002,0.12781027113019405,0.40298421023339676,-0.2751739391032027,58.54716875171668,58.41935848058649,58.77677238464356,76.29671421051026,64.2655413199497,52.73119825829737,58.49836978912354,0.19717375207602605,3.4155944066422004,0.04520138756504007,0.6280266483521458,22.0,-0.08992560135333208
2022-09-18,52.84428405761719,57.821388244628906,52.83761978149414,57.81219482421875,447780228,-0.08992560135333208,0.09431045480152334,-0.08600081695600026,40.49282280932235,32.525614867472925,0.04683669970436847,17.113519333727222,-0.33658812910960734,0.25506974236479596,-0.5916578714744033,57.669801875701374,58.00639000481098,58.624855041503906,76.0091788482666,64.52301521235864,52.18096351688941,58.351989364624025,0.2115103843049371,3.5276068392488122,0.048928744829613624,0.7985151973941568,27.0,0.0005786320126176601
2022-09-19,52.87487030029297,53.63090515136719,50.42839050292969,52.832515716552734,687424376,0.0005786320126176601,0.06056780149529285,0.000578799452414458,40.559742451734216,32.67267742172251,14.704189752899545,15.853724721452053,-0.6941573392366323,0.06522432604451034,-0.7593816652811426,56.93212009486931,57.626277434105944,58.48416229248047,75.71679260253906,64.54557036236136,52.14021416827829,58.342892265319826,0.212628406176172,3.504385968476576,0.04765050991407094,1.202009730619666,21.0,-0.009764905326745421
2022-09-20,52.36106491088867,53.530235290527344,51.1770133972168,52.88425064086914,561066601,-0.009764905326745421,0.04494220843894995,-0.009717383446734451,39.75103779764843,31.334229422116337,11.616041651286034,8.789022701296673,-1.0073808558500446,-0.14929671033440067,-0.8580841455156438,56.228880835795366,57.23626169164541,58.3406746673584,75.47163892745972,64.71652675937013,51.81969798733398,58.268112373352054,0.2213359631319427,3.422159963107574,0.04755785942347195,0.9707465551071747,23.0,-0.02171729416750899
2022-09-21,51.236183166503906,55.26560592651367,50.69179916381836,52.35625076293945,681284602,-0.02171729416750899,0.08926907665685523,-0.02148317163333402,37.96625484495424,28.366170675721307,4.8551133015678385,10.391781568584497,-1.331037928465598,-0.38564495396064014,-0.9453929745049579,55.46077350205822,56.791811430523815,58.20052124023437,75.20293390274048,65.09258642637047,50.814459700948866,57.95352306365967,0.24637202314236611,3.504420448792412,0.04499415944964023,1.1689844259055868,23.0,0.04343401356854819
2022-09-22,53.51061248779297,53.88665771484375,50.80744552612305,51.23323440551758,480101560,0.04343401356854819,0.05754395334987324,0.04439107639805595,43.490913901278724,41.44896260537521,18.52522018568645,11.665458379513465,-1.388010926355399,-0.586118148439592,-0.801892777915807,55.1607487306328,56.548759656988196,58.114629669189455,74.96251737594605,64.81858871634029,50.33541900460698,57.57700386047363,0.2515443448017957,3.474048430215862,0.043915017734654664,0.8441630775780177,22.0,0.029083022391082163
2022-09-23,55.08971405029297,55.22101593017578,51.89682388305664,53.51188659667969,560635011,0.029083022391082163,0.06034142860288567,0.02951006331426753,47.01885344026632,48.99440173416274,28.01616674454425,17.13216674393287,-1.2908618863675727,-0.7270668960251881,-0.5637949903423846,55.14982031827282,56.440682204640396,58.01945243835449,74.74361963272095,64.54381274606271,50.105686002716574,57.32474937438965,0.25186550139190844,3.4633444028518103,0.04457225852757933,0.9831143947897955,20.0,-0.028920711395802497
2022-09-24,53.5192985534668,55.630455017089844,53.438209533691406,55.09682846069336,451262561,-0.028920711395802497,0.04096177533433744,-0.028506510224258874,44.072023757083834,42.621592775450495,18.57742644465976,21.70627112496351,-1.3253125996696014,-0.8467160367540708,-0.47859656291553054,54.89897081599497,56.22428341566457,57.84181297302246,74.50812789916992,64.16042672392015,49.750912463701916,56.95566959381104,0.2529952568898253,3.3725516228908554,0.044705117692259995,0.7880576995919873,24.0,-0.016718010279597503
2022-09-25,52.63199996948242,54.27486801147461,52.55524826049805,53.5197868347168,385124912,-0.016718010279597503,0.03267251390738806,-0.016579039859760947,42.45307876660537,39.25577926423277,13.244455062493895,19.946016083899327,-1.4079822751993518,-0.958969284443127,-0.4490129907562248,54.550206070377655,55.95818834557701,57.67608612060547,74.2365774345398,63.82220858621163,49.31069012594658,56.566449356079104,0.25653932013509917,3.254485060611263,0.044763402389211296,0.6764388947159854,24.0,0.015086717058329637
2022-09-26,53.432064056396484,53.624149322509766,52.22364044189453,52.63922882080078,464070272,0.015086717058329637,0.026211019644253777,0.015201096051412843,44.43510442593073,43.91495631500921,18.05311694522997,16.624999484127898,-1.392883805787072,-1.045752188711916,-0.34713161707515594,54.37818422207286,55.77106802785993,57.52268127441406,73.99046020507812,63.84275488537384,49.20204415637421,56.522399520874025,0.2590249326480335,3.1220581906115465,0.03831699843327381,0.8302206253897958,21.0,-0.013088810310545622
2022-09-27,52.73725891113281,55.31169128417969,52.032012939453125,53.43476486206055,507500545,-0.013088810310545622,0.062189018019558534,-0.013003524335693295,43.048451891803126,40.7483145307699,22.155754600499375,17.817775536074436,-1.4206072523849542,-1.1207232014465238,-0.2998840509384304,54.12573417423593,55.546341426620884,57.325583877563474,73.72931972503662,63.77675790439947,48.80017691005366,56.28846740722656,0.2660683739352095,3.133316773048333,0.0360062643950484,0.9174588842408598,20.0,0.0107721972161733
2022-09-28,53.30842590332031,53.66436767578125,51.35790252685547,52.73012161254883,479078426,0.0107721972161733,0.043266427583301105,0.010830426229584189,44.57952677954261,44.580907991537785,28.291759803489892,22.8335437830731,-1.3805754661274818,-1.1726936543827156,-0.20788181174476628,53.99999444024891,55.380569906376394,57.20655242919922,73.46669986724854,63.60634843198276,48.501103197655915,56.05372581481934,0.26947798767612624,3.074255942753865,0.03601904114840593,0.8708576413534458,20.0,0.011296657512543107
2022-09-29,53.91404724121094,53.956153869628906,52.44720458984375,53.30769348144531,406391539,0.011296657512543107,0.027988054264116574,0.011360705697612827,46.23016668276184,48.68678667974358,44.006228096072185,31.484580833353842,-1.28516680360255,-1.1951882842266826,-0.08997851937586754,53.98677179424307,55.27193859784562,57.05275634765625,73.22569610595703,62.90286299705454,48.472705011368305,55.68778400421142,0.2591260945954493,2.962448323970386,0.033550955052020624,0.7527131956194874,22.0,-0.009635793666939214
2022-09-30,53.397037506103516,54.98878860473633,53.03111267089844,53.91484069824219,412604499,-0.009635793666939214,0.036662631959949454,-0.009589518160161958,44.998032873972186,45.34111553516792,37.479008108757625,36.592332002773254,-1.2370135932727493,-1.2035533460358958,-0.03346024723685348,53.8960434422216,55.133057035494346,56.88260482788086,72.96431303024292,61.51901982866438,48.85308748639909,55.18605365753174,0.2295132828461754,2.8906788675323507,0.03208815749807369,0.7785636719027283,21.0,-0.009222107068601824
2022-10-01,52.90686798095703,53.70939636230469,52.705291748046875,53.40304183959961,256914103,-0.009222107068601824,0.018978719636536103,-0.009179713857542349,43.80597314361089,42.13822050474138,33.52466164094467,38.33663261525818,-1.2242915405386086,-1.2077009849364384,-0.016590555602170154,53.74386260202705,54.96815414256566,56.682097625732425,72.69390451431275,60.22482955488556,49.2136019941867,54.71921577453613,0.20123145781308854,2.7559235637270265,0.03199754675554678,0.49459693559917595,20.0,-0.018990261210078057
2022-10-02,51.9116325378418,53.39273452758789,51.91116714477539,52.90461349487305,270394848,-0.018990261210078057,0.028540180887828722,-0.018811082210979713,41.40743291962489,36.09791458568706,28.512565172436553,33.17207830737964,-1.2797640811174773,-1.2221136041726461,-0.057650476944831164,53.461981053690856,54.74174513480833,56.445259704589844,72.3966667175293,58.95518207553343,49.53821125027224,54.246696662902835,0.17359528606469196,2.664898122233132,0.03206263801274423,0.5337654157212055,24.0,0.042698955704099026
2022-10-03,54.17620849609375,54.23301696777344,51.77304458618164,51.91643142700195,361537838,0.042698955704099026,0.04540687600479032,0.04362367060217487,48.33887043947001,53.711967959106964,70.55379916718097,44.19700866018743,-1.1279913332646743,-1.2032891499910519,0.07529781672637759,53.571862198675916,54.69985353194059,56.26260871887207,72.11599658966064,58.14922105547374,49.85156286481435,54.00039196014404,0.15365922152534792,2.6502605693301793,0.03321977216373286,0.7618253902848765,24.0,0.020503240213714972
2022-10-04,55.2984619140625,55.60553741455078,53.98905944824219,54.17231750488281,346928233,0.020503240213714972,0.02923187933908014,0.02071487557217422,51.406797543243314,60.07469576651722,93.27766273069172,64.11467569010311,-0.9067019694592418,-1.1439717138846899,0.23726974442544813,53.837492924120006,54.74419489357925,56.15206764221191,71.83190956115723,56.882661169705784,50.63344982272585,53.75805549621582,0.11624697525415206,2.5764189548286374,0.033330635999698134,0.7529204260826757,20.0,-0.013090266221768234
2022-10-05,54.579307556152344,55.304988861083984,53.48540115356445,55.29716491699219,333262024,-0.013090266221768234,0.03333841686517369,-0.013004961313892838,49.38296684258445,54.47633970389858,78.20556930467926,80.67901040085067,-0.7803627646078226,-1.0712499240293165,0.2908871594214939,53.95161825212499,54.73198101673281,56.016807022094724,71.52293975830078,56.58888824276116,50.75012733646247,53.669507789611814,0.10879102765739972,2.522359580020844,0.030203934156381906,0.7472807666677391,25.0,-0.020091971970849602
2022-10-06,53.49364471435547,54.993560791015625,53.464698791503906,54.580135345458984,359457748,-0.020091971970849602,0.028580254863461114,-0.019891473351506428,46.41236227750837,46.79574346955007,49.9875002678514,73.82357743440748,-0.7590916169660673,-1.0088182626166668,0.24972664565059954,53.88116078477583,54.6402524017419,55.87919677734375,71.2162622833252,56.29566123526052,50.8082926984553,53.55197696685791,0.10246808516894208,2.451395467127335,0.030447639204476244,0.8162568605042326,26.0,-0.011784674313685019
2022-10-07,52.866939544677734,53.78902816772461,52.47561264038086,53.49896240234375,350100261,-0.011784674313685019,0.024843797251281878,-0.011715507010677695,44.73930842843969,42.73772935584241,35.319332442876224,54.504134005135654,-0.7837691459735581,-0.9638084392880452,0.1800392933144871,53.725126747837656,54.508895893811214,55.735621795654296,70.89980333328248,55.238235183869115,51.37075720199514,53.30449619293213,0.07255444208450808,2.3701111857142214,0.029236156152049317,0.7954184601537612,23.0,-0.0012977840288626104
2022-10-08,52.79837417602539,53.49382019042969,52.56524658203125,52.86621856689453,262572900,-0.0012977840288626104,0.017587162917226395,-0.001296942271349022,44.550095370061904,42.26985814828198,33.91232267497207,39.73971846189992,-0.7996411522853322,-0.9309749818875026,0.13133382960217044,53.582549429097305,54.38219058138264,55.710956726074215,70.54915538787841,55.23822711013908,51.366174287566,53.30220069885254,0.07264339505322596,2.2671442159059514,0.021220424364419812,0.6093795518512298,24.0,0.02083629612027334
2022-10-09,53.910037994384766,53.910037994384766,52.747379302978516,52.796817779541016,255019662,0.02083629612027334,0.021566645742808636,0.02105488730871108,48.36316546445985,52.17357545065824,60.08368268474313,43.10511260086383,-0.7142840303837161,-0.8876367915867454,0.17335276120302923,53.632932285295375,54.34721631567909,55.70540641784668,70.20632848739623,55.29685731180058,51.41106085531368,53.35395908355713,0.07283051760791344,2.1882523927274016,0.0217290495235247,0.6231156053807917,22.0,-0.021641560617195146
2022-10-10,52.75587463378906,54.36719512939453,52.75587463378906,53.91397476196289,381643338,-0.021641560617195146,0.030542958614384354,-0.02140906227363293,44.91016134442043,43.19735742829535,32.911776645005084,42.302594001573446,-0.7313388151478151,-0.8563771962989594,0.1250383811511443,53.49800033890979,54.229339154057605,55.650683364868165,69.83720148086547,55.283586480575586,51.46381265882871,53.37369956970215,0.07156659277025632,2.147042971504406,0.022195137398183063,0.9534070090317344,22.0,-0.014077224443180074
2022-10-11,52.0184211730957,52.74837875366211,51.54995346069336,52.747901916503906,348076873,-0.014077224443180074,0.023038478791597466,-0.013978603630637854,42.80710802025039,38.28704860910573,15.550268883835717,36.181909404528,-0.7951946768257372,-0.844140692404315,0.048946015578577806,53.270372774938394,54.06556745176413,55.54593826293945,69.47695674896241,55.17210385079438,51.6535190892691,53.41281147003174,0.06587529592033259,2.0798199859037845,0.02185806860288103,0.9073153113549232,24.0,0.0038934639643226137
2022-10-12,52.22134780883789,52.86455154418945,51.87591552734375,52.020790100097656,329386156,0.0038934639643226137,0.01893164497524492,0.0039010533416024007,43.58990940862232,40.459814993343656,16.55481321021458,21.672286246351817,-0.8199742707099062,-0.8393074080654332,0.019333137355526997,53.10898431861524,53.92895858932515,55.44877655029297,69.11365682601928,55.18151265049407,51.5151838216739,53.348348236083986,0.06872431762264614,2.0018782738282073,0.019450493719895507,0.8757985403044357,20.0,-0.01890289496951007
2022-10-13,51.24348449707031,52.44142532348633,48.87171936035156,52.22258758544922,535442367,-0.01890289496951007,0.06966165548985749,-0.01872535567919764,40.69910835204849,33.774632909597614,35.22169915535086,22.442260416467075,-0.9080502364215874,-0.8530559737366642,-0.054994262684923245,52.82198434606987,53.730034582491456,55.3440828704834,68.72288686752319,55.02477329541308,51.28730022143262,53.15603675842285,0.0703113569389319,2.1138659659215326,0.018449712864040912,1.42846167329039,20.0,0.0014056042507891568
2022-10-14,51.3155632019043,52.482601165771484,51.03215408325195,51.240760803222656,356949435,0.0014056042507891568,0.028265247266460982,0.0014065925754542796,41.00965488196697,34.702448901192255,36.29209791358633,29.356203426383946,-0.9609576036286356,-0.8746362997150585,-0.08632130391357706,52.59022724696747,53.55118485059611,55.23454261779785,68.3397716140747,55.069383658908095,51.022316322781364,53.04584999084473,0.07629375977244629,2.0664789028213897,0.017481592451057865,0.9644081262019755,24.0,-0.016631208459733884
2022-10-15,50.469181060791016,51.612220764160156,50.44257736206055,51.314369201660156,256385346,-0.016631208459733884,0.02317539887740111,-0.016493673425801436,38.462545032918186,29.114492489120792,23.72297094429621,31.745589337744494,-1.0589758244793401,-0.9115042046679149,-0.1474716198114252,52.26391244909417,53.32288827357351,55.1890372467041,67.94181135177612,55.248877761980296,50.62654032884002,52.93770904541016,0.08731653704876453,2.0024192241984053,0.017477783272863374,0.7049638216353157,24.0,0.0198483579504017
2022-10-16,51.480918884277344,51.72751235961914,50.45616149902344,50.46696853637695,264200642,0.0198483579504017,0.024695574363261474,0.02004664633388198,43.01852131333181,42.113702094201535,38.74769860018241,32.920922486021674,-1.0429941959277969,-0.9378022029198914,-0.1051919930079055,52.143451900660814,53.18644609658861,55.157650833129885,67.54336923599243,55.22321731275239,50.45708626085601,52.8401517868042,0.09019904165162956,1.9502000553696408,0.017754436656630773,0.7469786951985783,24.0,0.007024847830867106
2022-10-17,51.84383773803711,52.0576286315918,51.15899658203125,51.47489929199219,284788683,0.007024847830867106,0.017333439976053952,0.007049579953605001,44.6028864862708,46.23952801757618,44.13719458654113,35.535954710339944,-0.989636211481475,-0.9481690046322081,-0.04146720684926686,52.09735741410332,53.086993625584796,55.12228721618652,67.1840083694458,55.21775863025286,50.37320282604597,52.795480728149414,0.0917608048528267,1.8750880549547055,0.017654291774216433,0.8313620627352406,20.0,0.000639504635952036
2022-10-18,51.87700271606445,52.15135955810547,50.90192794799805,51.84373092651367,302736361,0.000639504635952036,0.024084498808573565,0.0006397091626380025,44.75406038144695,46.64496884155651,46.7147125636621,43.1998685834619,-0.9339079779959221,-0.9453167993049509,0.011408821309028871,52.063456691328106,52.99736466932403,55.044389419555664,66.81897748947144,55.16584288745013,50.281976250123115,52.723909568786624,0.09263096529204166,1.8303983088941853,0.017447256844979053,0.9071033889175122,22.0,-0.017312078149750332
2022-10-19,50.98663330078125,51.964622497558594,50.9465446472168,51.878692626953125,275310850,-0.017312078149750332,0.019967544127417358,-0.017163085156565727,41.48127891174717,37.73218013236532,34.54702256474934,41.79964323831754,-0.950630050666625,-0.9463794495772858,-0.004250601089339168,51.897791554320904,52.84842160498753,55.00298583984375,66.4492932319641,55.06705308932302,50.08802465420725,52.577538871765135,0.09469877331572042,1.772375418997586,0.017527466638939105,0.8414515888654,23.0,0.004000266074869743
2022-10-20,51.191001892089844,51.958187103271484,50.721534729003906,50.98495864868164,289082998,0.004000266074869743,0.02415761224744985,0.004008277818678074,42.52030774572891,40.76321539079888,42.20348936489228,41.15507483110126,-0.9365950911940786,-0.9444225779006444,0.007827486706565856,51.789054683208434,52.72564977440251,54.949672622680666,66.06051717758179,54.996900401662266,49.93757378046664,52.467237091064455,0.09642830272183825,1.7341094872311569,0.017512421063180943,0.900543342212323,23.0,0.008410726405617434
2022-10-21,51.62337112426758,51.774085998535156,49.96644973754883,51.194400787353516,369983730,0.008410726405617434,0.03501585079817808,0.0084461959367228,44.75516489634059,47.11697836673151,50.071220028238116,42.2739106526266,-0.8804345991123057,-0.9316249821429767,0.05119038303067103,51.76356490490984,52.64399950402215,54.83158065795899,65.69432552337646,54.949921041584524,49.856203454875434,52.40306224822998,0.09720267038175123,1.7393613996422406,0.017579227750056794,1.132615917343491,23.0,0.010728076633133446
2022-10-22,52.180171966552734,52.46562194824219,51.43117904663086,51.623756408691406,304008099,0.010728076633133446,0.019824444087198516,0.010785828785664364,47.58166090090024,54.45635551203123,60.2032061507449,50.82597184795845,-0.7819836096452946,-0.9016967076434403,0.11971309799814578,51.827658299008746,52.60964190865404,54.65436416625977,65.33916051864624,54.95566309368882,49.87731534564224,52.41648921966553,0.09688454575361556,1.6890100783543183,0.01725176208214872,0.9258838226838254,20.0,0.033361918447541924
2022-10-23,53.95036697387695,53.95036697387695,51.944881439208984,52.181556701660156,344691478,0.033361918447541924,0.037172787640889174,0.033924667945880005,55.39514507416207,69.93357056251384,92.4150669926406,67.56316439054122,-0.5547260120752426,-0.8323025685298009,0.27757655645455825,52.15422886437309,52.70895487644833,54.530675430297855,65.04660568237304,54.91480422937454,49.895590057734836,52.40519714355469,0.09577703062332657,1.7116154680910076,0.01613286606859786,1.0524886945263097,23.0,-0.0259332525701952
2022-10-24,52.569244384765625,54.16692352294922,52.2632942199707,53.95069122314453,397590910,-0.0259332525701952,0.03621184449685909,-0.025599873857764077,49.22944719750737,53.411696268370605,69.82780853911733,74.14869389416764,-0.48052854516656396,-0.7619477638571536,0.2814192186905896,52.21807740597194,52.698605951138504,54.36404243469238,64.73830093383789,54.40294045952137,50.13453207465832,52.26873626708984,0.08166274315590416,1.7253307420115438,0.016335388002914467,1.204695019377157,22.0,0.06366952926516747
2022-10-25,56.02515411376953,56.69667053222656,52.392093658447266,52.56521987915039,544831810,0.06366952926516747,0.07683293231176215,0.06574014463113365,60.94373914731727,72.42781151794607,91.41826698074944,84.5537141708358,-0.1412354112843346,-0.6378052933425898,0.49656988205825525,52.80378151486388,52.94501692614821,54.27621742248535,64.46401638031006,54.84867886638284,49.83337832355856,52.3410285949707,0.0958196787005096,1.9095626085663835,0.021820336486934135,1.5995626656418898,20.0,0.006520821393040508
2022-10-26,56.39167785644531,57.4550895690918,55.77552795410156,56.012290954589844,615500789,0.006520821393040508,0.02978385603751402,0.006542128236389777,61.94655802959367,73.75338763928573,87.61079055446497,82.95228869144393,0.15544042420760462,-0.47915614983255095,0.6345965740401556,53.35576556741486,53.20032514320726,54.317789764404296,64.18208839416504,55.5224037044457,49.449456799704684,52.48593025207519,0.11570618784071,1.893133966168087,0.02125070238314692,1.7415801675979388,33.0,-0.028492547016703198
2022-10-27,54.80760955810547,56.6036262512207,54.72449493408203,56.39434051513672,531516232,-0.028492547016703198,0.034285956499279,-0.02809046225530587,55.333851983665944,59.36312372489195,64.64671728723215,81.22525827414887,0.259742933352733,-0.3313763331954942,0.5911192665482272,53.579126181367265,53.31938324801453,54.26562393188477,63.90025756835937,55.78163759822391,49.38428990726925,52.58296375274658,0.12166198392764627,1.8921337769517004,0.02215661044712553,1.4663085755477177,32.0,0.003575021868220615
2022-10-28,55.00389862060547,55.39767074584961,53.736907958984375,54.80946350097656,485918370,0.003575021868220615,0.030193546794210005,0.003581419880972936,55.961194112229876,60.47792014370964,67.26787502636134,73.17512762268616,0.35415977674731636,-0.19426911120693208,0.5484288879542485,53.798321941250066,53.44416216450275,54.205636749267576,63.66224010467529,56.06158909372441,49.32489085622676,52.69323997497558,0.12784748557304423,1.87560727765981,0.02214751356374697,1.3004528306249732,30.0,0.026768917333287606
2022-10-29,56.496177673339844,57.38797378540039,54.776119232177734,55.00160217285156,680353979,0.026768917333287606,0.04623064180243069,0.02713042330012838,60.503001114038476,68.21243733680168,87.19511263296558,73.0365683155197,0.5431392818843079,-0.04678743258868409,0.589926714472992,54.21337666926388,53.67023738737957,54.110902633666996,63.42057891845703,56.547495568623326,49.097598349223354,52.82254695892334,0.14103631211106257,1.9281963687714418,0.022450085243161624,1.7227643898986962,34.0,-0.019781980835899632
2022-10-30,55.38955307006836,57.30467987060547,54.90853500366211,56.51261520385742,476487677,-0.019781980835899632,0.04325987003202953,-0.019587601300568913,55.89903210911198,58.335478364775646,72.41773478912457,75.62690748281717,0.5967327801564863,0.08191660996035,0.5148161701961363,54.39432688477226,53.797594104615776,53.950060806274415,63.14511442184448,56.843047482094605,49.06541427938001,52.954230880737306,0.14687463255261438,1.9616212614980075,0.022349147679681904,1.1922262086025202,34.0,-0.0055238222735798405
2022-10-31,55.084434509277344,56.294715881347656,54.229270935058594,55.38230895996094,530884510,-0.0055238222735798405,0.037495981663226464,-0.005508594019616564,54.66391205883489,55.73928994053488,68.34331583381811,75.98538775196943,0.60758167247009,0.187049622462298,0.420532050007792,54.50049728854228,53.89291561607219,53.80687698364258,62.883481388092044,57.07758138592898,49.137481709163794,53.10753154754639,0.14950986132082852,1.9690372389830828,0.022096941114491706,1.2986331605086572,31.0,0.0007758733151684901
2022-11-01,55.12718963623047,55.830039978027344,54.63513946533203,55.08561325073242,427975211,0.0007758733151684901,0.021675338804320342,0.0007761743827274792,54.81457537012283,56.05898789997526,68.91424897942134,69.89176653412136,0.6125681746098337,0.27215333289180516,0.34041484171802855,54.59691149587893,53.984343321269094,53.68218048095703,62.60357061386108,57.29455544437647,49.211091833455555,53.25282363891601,0.1517940844927084,1.9137417585339562,0.022100288744879307,1.0344262422298642,30.0,0.09396625508360645
2022-11-02,60.558467864990234,62.11707305908203,54.834171295166016,55.12697219848633,1674017428,0.09396625508360645,0.12026231872564219,0.09852267573586304,68.9369135142751,78.77746930738947,87.17263178318059,74.81006553214003,1.0427585045108572,0.4262743672156156,0.6164841372952415,55.51407401420374,54.471315509692886,53.711303787231444,62.3342094039917,58.75195194960088,48.68519366502315,53.718572807312015,0.18739809638441238,2.2972531874898174,0.029472728225262004,3.556739137819914,30.0,0.02225514450047732
2022-11-03,61.92131423950195,64.2907943725586,60.42015075683594,60.563323974609375,1257411661,0.02225514450047732,0.06250906756842421,0.02250463762640198,71.35610295226448,81.56736690239512,83.45836969556392,79.84841681938865,1.476636012177714,0.6363466962080353,0.8402893159696787,56.499803279634236,55.02316726745652,53.746826248168944,62.098602046966555,60.2913919815544,48.20632873682939,54.248860359191895,0.22277082255198602,2.4096382180778773,0.029582660537029154,2.4383383147880084,30.0,0.08769316940815773
2022-11-04,67.59659576416016,69.36846160888672,61.81066131591797,61.91897964477539,2151904532,0.08769316940815773,0.11180740993729021,0.0916531180637914,78.77068205989241,88.75148618309652,90.1218825171714,86.91762799863865,2.2524697821210395,0.9595713133906363,1.2928984687304033,58.207002123407456,55.954532341286416,53.9717529296875,61.88045431137085,63.25102252500086,46.959439663719834,55.10523109436035,0.2956449421904042,2.777364080570083,0.03366781408324382,3.5250552793363923,30.0,0.03094679511351825
2022-11-05,69.72119903564453,71.28485107421875,67.28504943847656,67.59465789794922,1505513756,0.03094679511351825,0.05736851475685772,0.031430625277298896,80.77679473476803,90.3877342643364,91.91491988827298,88.49839070033613,3.004131603225005,1.3684833713575102,1.635648231867495,59.97841703298239,56.97428542975739,54.24929168701172,61.6599998664856,66.17229388587809,45.862196317979325,56.01724510192871,0.36256866132817867,2.864681048796662,0.033849675377734416,2.2385974372218747,38.0,-0.02373204351250682
2022-11-06,68.08605194091797,70.4658432006836,67.89131164550781,69.68710327148438,1004920656,-0.02373204351250682,0.03781290707544395,-0.023452653100394905,74.90972628178287,79.94591753788524,83.18329483852737,88.40669908132394,3.428366234958183,1.780459944077645,1.6479062908805382,61.2257454803571,57.797379245398915,54.45468162536621,61.440531673431394,68.0603252484411,45.59838637570441,56.829355812072755,0.3952523929184661,2.843956084966599,0.034920667671980016,1.4183136152784053,40.0,-0.006391503350146403
2022-11-07,67.65226745605469,72.61084747314453,67.28209686279297,68.11200714111328,1373144070,-0.006391503350146403,0.07876677029063353,-0.006371121140049341,73.38688423524611,77.18616582587299,75.47534302789033,83.52451925156358,3.6870702042192107,2.161781996105958,1.5252882081132526,62.21444116892596,58.52737096470675,54.75084129333496,61.24380308151245,69.54154170188686,45.69469639625767,57.61811904907226,0.4138775388575125,3.021441408208382,0.03509325821028386,1.8019023400346785,33.0,-0.1644793703443446
2022-11-08,57.39180374145508,68.26932525634766,56.00795364379883,67.6431884765625,1854346680,-0.1644793703443446,0.2136432524021236,-0.1516647423719325,48.34960103667844,39.52981346854801,19.36477426839596,59.34113737827124,3.0292420752195426,2.335274011928675,0.6939680632908676,61.47249694931506,58.443254874095516,54.8411799621582,61.00275897979736,69.46975514499742,46.406999997214506,57.93837757110596,0.3980566269650668,3.6814364228041283,0.05280421270372557,2.204919566987081,31.0,-0.12479294689665718
2022-11-09,50.65857696533203,59.548316955566406,49.33195495605469,57.4444465637207,1725423337,-0.12479294689665718,0.2016709234944211,-0.11732035477497149,38.956837615836584,28.780149850506746,5.698819255698803,33.51297885066172,1.9422048857402459,2.2566601866909894,-0.3144553009507436,59.80881695177921,57.86661206603896,54.80713020324707,60.72853000640869,69.50759685703781,46.31591579249831,57.911756324768064,0.400465855921913,4.148216821140385,0.06036268394399245,1.8902094413702466,29.0,0.17523553253651575
2022-11-10,60.361053466796875,61.0633430480957,50.26551055908203,50.65410614013672,1623775451,0.17523553253651575,0.17888740949415824,0.19152682690050082,53.096768721358636,51.124490878193775,47.37810659439809,24.14723337283097,1.8423909124959366,2.173806331851979,-0.3314154193560426,59.893776415628075,58.05138550313214,54.98962760925293,60.50722225189209,69.61767324576269,47.07960763802638,58.34864044189453,0.38626548000172245,4.62318936884562,0.07205592249493387,1.6645386171713035,22.0,0.014493760676885624
2022-11-11,61.24228286743164,63.74396514892578,59.21273422241211,60.35039520263672,1292495839,0.014493760676885624,0.07398860255294891,0.01459930451875735,54.135908865084616,52.697053180470924,51.16363633980082,34.74685406329925,1.8134906758167517,2.101743200644934,-0.2882525248281822,60.101238946674776,58.287748270858025,55.144261016845704,60.289998569488525,69.76689598253705,47.83659599133991,58.80174598693848,0.3729532112204368,4.616620908679052,0.07206884426878753,1.2610512501592652,25.0,-0.022903643288393904
2022-11-12,59.855552673339844,61.48381423950195,58.682254791259766,61.258323669433594,694111623,-0.022903643288393904,0.0468053392394792,-0.022643345890511424,52.17689605379551,49.757860562946675,45.20660813034562,47.91611702151486,1.6595591281682829,2.013306386149604,-0.353747257981321,60.06344105846941,58.403881930301125,55.239577789306644,60.09725294113159,69.8394783710313,48.354532172791934,59.09700527191162,0.36355389074936784,4.48697366150499,0.07212515681862836,0.6658744025639639,21.0,-0.04037232496261103
2022-11-13,57.48717498779297,60.19234848022461,56.75194549560547,59.861961364746094,514877448,-0.04037232496261103,0.05984644375636284,-0.03956822015281081,48.92085723143356,44.78114633872135,35.03268046687037,43.800974979005616,1.3311147198739306,1.8768680528944692,-0.5457533330205386,59.66709243221149,58.33597771233756,55.318935317993166,59.88199502944946,69.69446429957664,48.99133930454934,59.34290180206299,0.34887281151302874,4.412218613156001,0.07252428689261164,0.4911684741606573,22.0,-0.016503879663124003
2022-11-14,56.546199798583984,59.03120040893555,53.97700119018555,57.473968505859375,812582160,-0.016503879663124003,0.0893817663565884,-0.016368436775833772,47.64860443218723,42.797023434595104,30.990498526650565,37.07659570795554,0.9835535333830663,1.6982051489921886,-0.7146516156091223,59.186955103961104,58.20340157057804,55.397219314575196,59.64810928344727,69.68956209787414,49.04834607473328,59.36895408630371,0.3476769355433659,4.458074370698429,0.07128513826793652,0.7653897074936515,24.0,0.025510230437795347
2022-11-15,58.00726318359375,59.43242645263672,56.54057693481445,56.54057693481445,554300042,0.025510230437795347,0.049853231459473,0.025838400992711064,49.83031097379084,47.047136541626394,37.2668425749645,34.430007189495164,0.8165912381174039,1.5218823668172319,-0.705291128699828,59.0054640392892,58.1888728011718,55.488723297119144,59.436255569458005,69.7009212956328,49.19854540968947,59.449733352661134,0.34486909746628125,4.346201166921561,0.07149622358495304,0.5236171092976499,22.0,-0.008497718257723344
2022-11-16,57.516422271728516,59.97846603393555,56.982696533203125,57.99906921386719,589292031,-0.008497718257723344,0.05208546328871633,-0.008461714704789958,49.090162378274975,45.71586309388296,35.15831910674155,34.47188673611888,0.6373190395910484,1.3449697013719955,-0.707650661780947,58.77638069043371,58.13906165084266,55.58430656433106,59.24300775527954,69.6574703134753,49.51287766320927,59.585173988342284,0.338080621434575,4.249741762193765,0.07119521251027233,0.5551571797252939,23.0,0.08284186229829493
2022-11-17,62.48411560058594,62.91094970703125,57.27116012573242,57.51876449584961,781698635,0.08284186229829493,0.09025957280646765,0.08636999890897656,56.18365577045463,59.31072590297148,56.49822316450747,42.97446161540453,0.8858839468699529,1.253152550471587,-0.36726860360163416,59.34680144584175,58.460917498971796,55.76782035827637,59.05824945449829,69.8775905810002,50.04077909368242,59.95918483734131,0.3308385786286381,4.349030892129841,0.07343448361978304,0.7262995308779842,20.0,0.0025517731423359467
2022-11-18,62.64376449584961,63.61214065551758,61.68499755859375,62.486942291259766,658083895,0.0025517731423359467,0.030763526305184113,0.0025550316865199374,56.39393731331627,59.68923892020561,57.184032831554426,49.61352503426784,1.0832685131993003,1.2191757430171297,-0.13590722981782943,59.85402653045834,58.77075801725904,55.94241470336914,58.86800212860108,70.11743998336016,50.41568837357343,60.266564178466794,0.3269101512315207,4.176038906757983,0.0732800131145497,0.6120786371994961,23.0,0.01848333467711566
2022-11-19,63.81239700317383,64.29181671142578,61.63325500488281,62.635292053222656,536167505,0.01848333467711566,0.041662150795099266,0.01865520881015459,57.98351395299395,62.65598717674122,62.20417073745474,58.628808911172236,1.318793846227365,1.2390993636591767,0.07969448256818823,60.4630066031838,59.144212756956435,56.150721893310546,58.69034902572632,70.38759553624577,50.98781721399837,60.68770637512207,0.3196657030063674,4.067647678171196,0.07309370136340597,0.4973049513904872,23.0,-0.028775565829800034
2022-11-20,62.00232696533203,64.51478576660156,60.910369873046875,63.81458282470703,608805129,-0.028775565829800034,0.05813355836741514,-0.028365492017981553,54.65993638490819,55.30137413907372,54.428585895895104,57.93892982163478,1.3439001998975613,1.2600595309068536,0.08384066899070763,60.699825120437374,59.35592492053981,56.33263107299805,58.46898633956909,70.39712553286769,51.670076462981925,61.03360099792481,0.30683179041856795,4.034559693555731,0.07348853340289335,0.5626444533305301,24.0,-0.01019394318298399
2022-11-21,61.37348937988281,63.187744140625,59.8094596862793,62.0029411315918,869131451,-0.01019394318298399,0.05504468604408612,-0.010142161048259157,53.51235589924529,52.78984876750287,63.58609581416823,60.072950815839384,1.2980916359862604,1.2676659519227351,0.030425684063525305,60.80346577573667,59.50537413975041,56.521868209838864,58.2912592124939,70.30869428758317,52.38313768263169,61.345915985107425,0.29220456353285446,3.9876828907550146,0.07356980289795888,0.7871853273915427,21.0,0.13782298630170622
2022-11-22,70.44279479980469,70.49604034423828,61.302490234375,61.36384963989258,1313490535,0.13782298630170622,0.13051086539071802,0.14777236086065915,64.94376016288889,73.23929423381306,99.7484155660073,72.58769909202356,1.9708860238445567,1.4083099663070995,0.5625760575374572,62.28643947174713,60.31555344790257,56.84719993591309,58.15951440811157,71.626910230384,52.0533544333123,61.840132331848146,0.31651865963086184,4.359530549262748,0.07692662738575733,1.209393421179319,22.0,0.11464776247975164
2022-11-23,79.00006866455078,81.56343841552734,69.78589630126953,70.46426391601562,2115042339,0.11464776247975164,0.14908268199446106,0.12147834124221624,71.95201389091578,81.87950577950787,91.80977806986454,85.0480964833467,3.1581754277720293,1.7582830586000855,1.3998923691719438,64.85776703987077,61.699591612098736,57.32123207092285,58.08166025161743,75.01298023201718,50.37515987418399,62.69407005310059,0.39298486024221213,4.889388518190967,0.08054469598526437,1.8734508218782349,22.0,-0.0021532244654537064
2022-11-24,78.83014678955078,79.03105163574219,76.00837707519531,78.99910736083984,1248286495,-0.0021532244654537064,0.038344144767564245,-0.0021509079406186737,71.64572354946645,81.27161389303483,90.09190058270492,93.88336473952559,4.038842299193604,2.2143949067187894,1.8244473924748146,67.00736392443693,62.968521625243326,57.80624885559082,58.00592882156372,77.31850921541994,49.192985993320285,63.255747604370114,0.4446318996656133,4.756051806930675,0.07859320831526043,1.15179545943862,20.0,-0.06283993769037026
2022-11-25,74.02890014648438,78.85713958740234,73.60417938232422,78.80712127685547,891650503,-0.06283993769037026,0.07095823650876687,-0.06090622482137542,63.4295201493358,65.29210821062063,72.68752681799194,84.86306849018716,4.299791343177347,2.631474194010501,1.668317149166846,68.08760026629038,63.78780892311303,58.2169539642334,57.98628755569458,78.04602380659696,48.89624151322725,63.47113265991211,0.45926047120599905,4.791545263941208,0.07991909357570638,0.846706242386998,20.0,0.03117228692045276
2022-11-26,76.37289428710938,79.24798583984375,74.0214614868164,74.0214614868164,765406705,0.03117228692045276,0.06843428420270704,0.031663230657038355,65.50908655912998,68.78754664767504,81.18443463351706,81.321287344738,4.64222341628367,3.0336240384651347,1.6085993778185355,69.36226088487791,64.72003746859424,58.68707305908203,57.967017879486086,79.40231495168925,48.36863460275411,63.88547477722168,0.4857705207193697,4.822615198875932,0.07989558594708453,0.7351864303375506,22.0,-0.01754898535440734
2022-11-27,75.04431915283203,78.89019012451172,74.84988403320312,76.38352966308594,622191865,-0.01754898535440734,0.05383893327195467,-0.01739589872400038,63.31153408830175,64.49258216977101,76.36838998293466,76.74678381148124,4.751624620498305,3.3772241548717687,1.374400465626536,70.23642369533239,65.48479907483409,59.131991958618165,58.01029546737671,80.45051254793465,48.05964217618644,64.25507736206055,0.5040982238529436,4.766735976906836,0.08002362457427015,0.6199859652274876,26.0,-0.012390437522695455
2022-11-28,74.12022399902344,75.28052520751953,70.88888549804688,75.04519653320312,848737350,-0.012390437522695455,0.0592502217684949,-0.012313992108138438,61.759655187673175,61.382501176011615,70.25434352405706,75.93572271350295,4.709471254032195,3.6436735747038544,1.0657976793283406,70.83393143436179,66.12446018032959,59.53619567871094,58.058882846832276,81.50908160427598,48.67391514560195,65.09149837493896,0.5044463144716296,4.739943386375823,0.0695996843430715,0.8903360615910064,28.0,0.024831371301318905
2022-11-29,75.98377227783203,77.37468719482422,73.67680358886719,74.08927154541016,784423812,0.024831371301318905,0.048666754691197064,0.025142237546842194,63.692428126965225,65.31748752527255,77.30066014928704,74.64113121875961,4.771435046090119,3.8692258689811077,0.902209177109011,71.62621464104951,66.8547795949594,60.0007536315918,58.09898900985718,82.0162978549817,50.699218426146224,66.35775814056396,0.4719429996790624,4.665510544917338,0.06161636673466473,0.865592554644019,26.0,0.04268941289121444
2022-11-30,79.2977066040039,79.78611755371094,75.76333618164062,75.98596954345703,730020088,0.04268941289121444,0.05073010991552679,0.043613711544283174,66.89662534166224,71.36993996595504,90.6730369852742,79.40934688620612,5.029966281886075,4.101373951562101,0.9285923303239745,72.80644417381173,67.77647789192565,60.54633934020996,58.150725994110104,83.672249687016,50.93693190783262,67.30459079742431,0.4863757047080381,4.619601318285407,0.05012877912759054,0.8473434556383176,29.0,-0.02269897097380301
2022-12-01,77.51800537109375,79.94892120361328,76.67385864257812,79.29113006591797,662986878,-0.02269897097380301,0.042249056143237894,-0.02244328756943259,63.64803520331399,64.33561708858798,81.40370966257063,83.12580226571065,5.033227222612169,4.287744605772115,0.7454826168400537,73.53129974262434,68.49807252001217,61.05227249145508,58.18066415786743,84.81459559807364,51.42215824714121,68.11837692260742,0.49021187614131184,4.523562835624675,0.050781194499871785,0.7987174710096047,27.0,0.005576405148540837
2022-12-02,77.95148468017578,77.95706939697266,75.7491683959961,77.52195739746094,458462393,0.005576405148540837,0.028324040395577794,0.0055919822369896455,64.10525761176072,65.30727510992025,83.39635346569811,85.15770003784768,5.013002921938451,4.432796269005382,0.580206652933069,74.21132819455534,69.19832527261688,61.58643249511719,58.23436483383179,85.791364815589,52.25498223030944,69.02317352294922,0.48587135122277736,4.358158418864096,0.05015273106708471,0.5602744161372347,27.0,-0.017516776359804538
2022-12-03,76.59791564941406,77.95121765136719,75.7414321899414,77.9508285522461,348753640,-0.017516776359804538,0.028849159179995063,-0.017364249524113973,61.50390612437948,59.41067051393562,77.17418579876987,80.65808297567956,4.832052416997271,4.51264749860376,0.31940491839351104,74.57849549530283,69.74644307830556,62.09207954406738,58.25250783920288,86.17684397800416,53.7805771340564,69.97871055603028,0.4629446096753789,4.20472228110483,0.0491173092945992,0.4305729811637909,27.0,0.008014636606222671
2022-12-04,77.21428680419922,77.21934509277344,75.92654418945312,76.58692932128906,322480996,0.008014636606222671,0.016743027188719756,0.008046839780944781,62.255029126614296,61.2685310028695,80.00755785661993,80.19269904036265,4.684385162886656,4.54699503146034,0.13739013142631595,74.98400185051767,70.29961668763102,62.62698165893555,58.30650110244751,86.2598056111418,55.764424201480274,71.01211490631104,0.4294391379540693,3.9967278969773647,0.048610042740985675,0.41055768364659,26.0,0.03873090042766974
2022-12-05,80.26353454589844,83.82389068603516,76.93034362792969,77.20143127441406,974931920,0.03873090042766974,0.08588641276647761,0.03949071950158056,65.80920329374038,69.36235557913963,84.19123114577775,80.45765826705588,4.758552972674707,4.589306619703214,0.16924635297149315,75.79623764980701,71.0376846771323,63.202633972167966,58.3473353767395,86.64495516463019,57.60490178422235,72.12492847442627,0.4026354548234281,4.203643551343658,0.04884158141496233,1.2088397403343378,26.0,-0.004274017191026434
2022-12-06,79.92121887207031,81.64342498779297,77.9024658203125,80.25992584228516,561961413,-0.004274017191026434,0.046808084514684545,-0.004264896578064059,65.06845802899628,67.51450119223382,72.1992208644839,78.79933662229388,4.735125898412107,4.618470475444993,0.1166554229671144,76.43085014553982,71.69572424712771,63.76418159484863,58.403649997711184,86.48473642712909,60.00560018175762,73.24516830444335,0.36151376067989915,4.170594666782002,0.04873802252542408,0.6979710734588527,25.0,-0.03676780665014283
2022-12-07,77.03605651855469,80.21939086914062,76.16535949707031,79.91864013671875,569587946,-0.03676780665014283,0.052625115501516745,-0.03610007948119376,59.036844048224786,53.49973634992298,47.52352960952969,67.97132720659714,4.432654402929785,4.581307260941951,-0.14865285801216643,76.52395881831134,72.09130441538156,64.26736267089844,58.4403013420105,86.33733933660493,61.60819136407868,73.9727653503418,0.3343007099357005,4.162268717159739,0.047484670930616,0.7168865159992912,29.0,0.01742112714323439
2022-12-08,78.3898696899414,78.54460144042969,74.81533813476562,77.02951049804688,612007545,0.01742112714323439,0.047573281093776114,0.01757376003612854,60.869784780497824,58.24472686356335,57.98980427823951,59.23751825075106,4.253157223241672,4.515677253401895,-0.2625200301602231,76.81102202933135,72.55786480608968,64.81542739868163,58.473380680084226,86.10186066502035,63.418280555072414,74.76007061004638,0.3034183879823634,4.131339759195762,0.04747060483693345,0.7725160416639697,25.0,-0.02656886610447064
2022-12-09,76.33456420898438,78.56754302978516,76.09815979003906,78.38641357421875,440676994,-0.02656886610447064,0.03234947713837153,-0.026219018976386455,56.72028499489578,49.329175179954255,42.10032104196195,49.20455164324374,3.9001005087858402,4.3925619044786846,-0.4924613956928443,76.73772082620106,72.83762031741522,65.31829864501952,58.509989719390866,85.5642755248947,65.20808241577913,75.38617897033691,0.27002553236085036,4.012628579235072,0.048171132493661804,0.5596240863046393,26.0,0.00047713206866400825
2022-12-10,76.3709945678711,77.32261657714844,75.98724365234375,76.34083557128906,272669009,0.00047713206866400825,0.017485341553565056,0.0004772459142752261,56.77653018129372,49.48906135276118,42.381962667591516,47.49069599593101,3.5819496584676784,4.230439455276484,-0.6484897968088053,76.68130140184259,73.09935174337491,65.8132511138916,58.540236949920654,84.22234213415547,67.98688256677227,76.10461235046387,0.21333082274459866,3.821396032490044,0.0474030675894117,0.3538192178966816,27.0,0.0033602488118702227
2022-12-11,76.6280517578125,78.26119232177734,76.37084197998047,76.37084197998047,286405662,0.0033602488118702227,0.02466916877609572,0.0033659007768054305,57.19920251195225,50.7678960893267,44.369261367557364,42.95051502570362,3.3123722192853364,4.046826008078255,-0.7344537887929183,76.67310914891489,73.36073692962955,66.3022087097168,58.581811618804934,81.36446411402147,72.37021682469924,76.86734046936036,0.11700999715096655,3.6834641974405318,0.04718922884151289,0.38624720155071995,26.0,-0.005319289981530543
2022-12-12,76.22152709960938,76.625244140625,73.81819915771484,76.625244140625,463127138,-0.005319289981530543,0.03682745662182544,-0.005305167610002326,56.26219582522011,48.502236405770866,25.078364720574978,37.276529585241306,3.030987674892245,3.843658341441053,-0.8126706665488079,76.60363498748326,73.57264731259102,66.74763191223144,58.64377857208252,80.57952717382855,73.73302699487263,77.15627708435059,0.08873549162398063,3.621063369058898,0.0366317550991664,0.66256567880158,27.0,0.014625311191540454
2022-12-13,77.344482421875,79.5179672241211,74.82292938232422,76.2125244140625,680106244,0.014625311191540454,0.06070294473221529,0.014732784358913564,58.29457856669348,54.977500512757665,35.242774116904286,34.89680006834556,2.8655690099799074,3.648040475148824,-0.7824714651689164,76.71761151585122,73.85204250587131,67.24313667297363,58.7226813697815,80.39289565264819,73.7540998917854,77.0734977722168,0.08613590861651439,3.6977758313973252,0.02601011607522968,1.084277469328957,27.0,-0.0244563639330892
2022-12-14,75.47586059570312,78.9631576538086,75.3160400390625,77.35295867919922,583539478,-0.0244563639330892,0.04832164331695909,-0.024159730179322825,53.813492131501924,44.19043885571449,16.567185119553233,25.62944131901085,2.55424758541119,3.429281897201297,-0.8750343117901069,76.52657291275152,73.97232532734033,67.6321508026123,58.7884942817688,80.1919994757295,73.61956744931932,76.90578346252441,0.08546082921855777,3.694157387350809,0.026532369106105465,0.982379143859529,30.0,-0.04249824518826994
2022-12-15,72.3354721069336,75.47409057617188,72.1849136352539,75.47409057617188,471322636,-0.04249824518826994,0.04547114776627953,-0.04160785268274658,47.241122167002,31.913270071409414,1.293571342419491,17.701176859625686,2.030711232751372,3.1495677643113122,-1.1188565315599401,75.88178817339491,73.85107694064354,67.95102668762208,58.83143850326538,80.46704079747806,73.1751833236157,76.82111206054688,0.09491996767913562,3.665356642572124,0.024387626777277807,0.822566969484571,31.0,-0.08672063190347515
2022-12-16,66.32679748535156,73.45869445800781,65.80487823486328,72.34021759033203,725577784,-0.08672063190347515,0.11539553413286531,-0.0830667782564466,37.742834250728926,19.697460569577615,2.8964919798051305,6.919082813925968,1.1180666990854178,2.7432675512661335,-1.6252008521807157,74.41178960600362,73.2937229069182,68.18141044616699,58.81746789932251,82.1728232429365,70.46479119798146,76.31880722045898,0.15340952605737848,3.9502466126130105,0.02980760661246565,1.2707174077394714,29.0,-0.020854852578843935
2022-12-17,64.9578857421875,67.53433227539062,63.48716735839844,66.33074188232422,688308693,-0.020854852578843935,0.062304443421312264,-0.020638894007605102,35.96852545976586,17.878491295117797,7.231835532671187,3.8072996182986194,0.2810893704156854,2.250831915096044,-1.9697425446803587,72.95734285772421,72.67625348730853,68.38049018859863,58.80020040512085,83.4787784463481,68.15019265350541,75.81448554992676,0.20218544888427983,3.9571693486400945,0.029877964474593212,1.1985085188822988,28.0,-0.0062350430107989165
2022-12-18,64.55413055419922,65.63925170898438,63.55735397338867,64.9636459350586,335700601,-0.0062350430107989165,0.03225041864436166,-0.00621564546590625,35.439340279687,17.327873984832195,5.246485279911464,5.124937597462611,-0.4100737866484252,1.7186507747471504,-2.1287245613955754,71.66454096487422,72.07461475152265,68.54164924621583,58.80813196182251,84.42525666401116,66.24710509135994,75.33618087768555,0.241293776255594,3.8232213762797804,0.02985356156537822,0.6118637468779,26.0,-0.018964477330328265
2022-12-19,63.3414306640625,64.83087158203125,61.860809326171875,64.56124114990234,461264127,-0.018964477330328265,0.046889724856569656,-0.018785783027757463,33.82943724796668,15.640007946869119,7.484456874745223,6.654259229109308,-1.0436497694685585,1.1661906659040087,-2.209840435372567,70.38406245705704,71.4277122265256,68.7006867980957,58.80258234024048,85.17802876962853,64.23009882436563,74.70406379699708,0.2804121875108079,3.762281439106894,0.028996758673460615,0.8662325632954343,29.0,0.0372650403723816
2022-12-20,65.74638366699219,65.95455169677734,63.235496520996094,63.351200103759766,519783204,0.0372650403723816,0.041356726014823306,0.03796808783313699,39.68142122989393,31.155396091226024,21.164894094492116,11.298612083049619,-1.3362996615358895,0.6656926004160291,-2.0019922619519184,69.67057341243168,71.00687307396757,68.91392578125,58.81801794052124,84.967030293903,63.08596500638997,74.02649765014648,0.295584229729795,3.6877652774407763,0.02850811657851454,0.9957862377688323,29.0,-0.005413868028033663
2022-12-21,65.39140319824219,66.65327453613281,64.90047454833984,65.7381362915039,375489125,-0.005413868028033663,0.02680474652729407,-0.005399239455480709,39.131316589126335,30.198945484642067,19.99525570579154,16.214868891676307,-1.578672809106763,0.21681951851147063,-1.7954923276182337,69.0122395333256,70.59091234243236,69.11921005249023,58.826238040924075,84.8525581809148,61.987776902093,73.4201675415039,0.3114237142798196,3.549553471037361,0.02834431171603284,0.7397228819801293,26.0,0.011559371366570021
2022-12-22,66.15167236328125,66.5145492553711,64.51705169677734,65.39942169189453,368489876,0.011559371366570021,0.03019572275700318,0.011626439070808958,41.01726832385216,35.17177008738797,24.300983555273834,21.820377785185844,-1.689927474988437,-0.16452988018851092,-1.525397594799926,68.5721522763957,70.26207975138414,69.23107414245605,58.84095703125,84.48207966529252,61.17827418602583,72.83017692565917,0.3199745828306014,3.438692334434246,0.028531713646381556,0.7324252366379722,28.0,-0.005752543589577585
2022-12-23,65.77222442626953,66.59639739990234,65.45034790039062,66.15280151367188,306694378,-0.005752543589577585,0.017424520905423183,-0.0057360293920905026,40.34537560979462,33.770845676820414,22.152008396277328,22.149415885780915,-1.7881037298426463,-0.48924465011933804,-1.2988590797233082,68.14139414560707,69.92949787544971,69.3080923461914,58.84773178100586,84.19345658281406,60.38432814618982,72.28889236450195,0.3293608140593936,3.27493213193978,0.028450828678798112,0.6121568045716218,27.0,3.897430306376102e-05
2022-12-24,65.77478790283203,66.01224517822266,65.26317596435547,65.77223205566406,178396939,3.897430306376102e-05,0.011388394212289588,3.897506257177774e-05,40.35248426413023,33.791631025352245,22.16652645505732,22.873172802202845,-1.8444407036939054,-0.7602838608342516,-1.0841568428596537,67.77730087748783,69.62174158118174,69.27165618896484,58.85707817077637,83.71878549015335,59.71504934871384,71.7169174194336,0.3347011696146196,3.094513352077452,0.028275526898376157,0.36127218224857394,29.0,0.05085483870883334
2022-12-25,69.20626831054688,69.36314392089844,65.54060363769531,65.77474975585938,335124962,0.05085483870883334,0.055234018196883165,0.05217014781992324,49.09678954324551,55.56858751927087,41.600460429864164,28.639665093732955,-1.5938237623215485,-0.9269918411317111,-0.6668319211898375,67.99714202103539,69.59096578335694,69.26135757446289,58.89537612915039,82.54271592482543,59.78539229050661,71.16405410766602,0.3197867788685655,3.146515275729286,0.029436631572619547,0.7256744922785549,29.0,0.02113834887043114
2022-12-26,70.68474578857422,70.8349380493164,68.71089172363281,69.20682525634766,457389047,0.02113834887043114,0.03004957154457127,0.021363346328587163,52.3388096816907,61.872405686251085,49.9737076227154,37.91356483587898,-1.261367000750468,-0.9938668730554625,-0.26750012769500553,68.41061952373367,69.67198652448414,69.31333145141602,58.947719993591306,81.3478483665024,60.05661254048002,70.70223045349121,0.30113952119272985,3.073481779297451,0.03011970468682444,1.0017652375964339,28.0,-0.02778346043478301
2022-12-27,68.74790954589844,70.84424591064453,67.97071075439453,70.67948150634766,440850738,-0.02778346043478301,0.04179814593971807,-0.027401049845592884,48.023725657023974,50.84680611427391,40.26990965092952,43.94802590116971,-1.1410260815478352,-1.0232987147539372,-0.11772736679389806,68.4625102963744,69.60353637792224,69.3352442932129,59.00816745758057,80.55342832154662,60.02221788817019,70.2878231048584,0.2921019534599483,3.059199877651205,0.029702991991168402,0.9793501071115318,27.0,-0.035667381803352834
2022-12-28,66.33906555175781,69.21504211425781,66.10697174072266,68.7469482421875,457672812,-0.035667381803352834,0.04685128359413258,-0.035038796234704406,43.24807399783477,40.40065736300234,32.8962293758967,41.046615549847225,-1.2258972346219537,-1.0638184187275406,-0.1620788158944131,68.13582648951032,69.36172372413228,69.51418952941894,59.07840448379517,79.37653344317762,59.99403235272082,69.68528289794922,0.27814339390487297,3.0626906273572017,0.029900309804747994,1.0344537165868126,28.0,0.006191465498976261
2022-12-29,66.7510757446289,67.1692886352539,65.92817687988281,66.34163665771484,337784432,0.006191465498976261,0.018593134889979046,0.006210672240320347,44.26891535633054,42.74775483349822,42.165156516625245,38.4437651811505,-1.2455544789424806,-1.1001656307705288,-0.14538884817195186,67.92278791337472,69.1683423923172,69.83603950500488,59.1710153388977,78.47332113830984,59.93889581115306,69.20610847473145,0.267814875531169,2.9325778507867653,0.029746411719392483,0.772458584928421,28.0,0.018449550114890363
2022-12-30,67.99403381347656,68.33097839355469,66.3155288696289,66.74835205078125,324391932,0.018449550114890363,0.029641564279810604,0.01862079457120469,47.34601860398586,49.71728753815,68.27258621612143,47.77799070288114,-1.1476077505796525,-1.1096540547323535,-0.03795369584729902,67.93374882108269,69.08135657166234,69.98869911193847,59.294484004974365,77.45941139790595,60.115109476117496,68.78726043701172,0.25214410068955395,2.867068684582409,0.030242222826535065,0.7374706199765795,28.0,0.029021217588468106
2022-12-31,69.9962158203125,70.88714599609375,67.7869644165039,67.99822998046875,367586009,0.029021217588468106,0.04429070262238646,0.02944643661425328,51.94841528433264,59.078928847057384,90.12965936945314,66.8558007007333,-0.8980724870653916,-1.067337741198961,0.16926525413356952,68.25105143634882,69.14912392341421,70.16377777099609,59.41380500793457,76.37798539257805,60.53335188769539,68.45566864013672,0.23145831192119404,2.883719605654369,0.031181473224098862,0.8280269470024354,25.0,0.011638961601327836
2023-01-01,70.81565856933594,71.32891082763672,69.2348861694336,70.00282287597656,344383885,0.011638961601327836,0.029570079563022857,0.01170695786079401,53.73097040888349,62.41976123280516,94.57914283849435,84.32712947468966,-0.6269645543379312,-0.9792631038267552,0.352298549488824,68.6456063798853,69.27257093422322,70.38297988891601,59.51542444229126,75.36333227333147,61.00741815391463,68.18537521362305,0.21054242312871527,2.8273128236935663,0.03138865215236987,0.7862774217724315,26.0,0.055578397202286786
2023-01-02,74.86290740966797,75.75517272949219,70.22737884521484,70.82049560546875,699498243,0.055578397202286786,0.07383888865052911,0.05715189157450751,61.35602592624224,74.44270206361492,92.87309587752189,92.52729936182315,-0.08455570178321636,-0.8003216234180475,0.7157659216348311,69.6021142306211,69.68666993240431,70.73049453735352,59.66624038696289,74.66444144710917,61.45815147891622,68.0612964630127,0.19403523962212194,3.0202043280209794,0.03388228022745225,1.593526395909162,27.0,0.00983375036817313
2023-01-03,75.60272216796875,76.1574935913086,74.21105194091797,74.86341094970703,562329324,0.00983375036817313,0.0257456556400993,0.009882260573348178,62.57030002602487,76.07504771998401,95.2341034097642,94.2287807085935,0.4003886585931298,-0.5601795670158121,0.9605682256089418,70.52528468252073,70.1248960239276,71.11162498474121,59.80582942962646,74.69944403358228,61.43583504966968,68.06763954162598,0.19485924696714946,2.9435069939045255,0.033532223416520415,1.284144407770796,26.0,-0.002235427055273145
2023-01-04,75.43390655517578,77.644287109375,74.65835571289062,75.60233306884766,577893231,-0.002235427055273145,0.03958341192763667,-0.002232930348961548,62.09085710918988,74.80314626082048,83.1618731231253,90.42302413680382,0.7623012150344977,-0.29568341060575015,1.0579846256402479,71.28045727831382,70.51815606327932,71.46015785217286,59.94676267623901,75.37059084155901,61.07453168651718,68.22256126403809,0.209550314297239,2.946537308374515,0.032015514261536426,1.3038210905966847,29.0,-0.01580819357571972
2023-01-05,74.25080871582031,76.17188262939453,73.91404724121094,75.43116760253906,432215597,-0.01580819357571972,0.030408226216430773,-0.01568389989838448,58.696381198357706,65.80733423636349,72.59148751830921,83.66248801706625,0.9427855701891588,-0.04798961444676836,0.9907751846359272,71.73743442254559,70.79464885235643,71.79484558105469,60.04640089035034,76.16962910742896,61.06789454369409,68.61876182556152,0.220081711793716,2.8973443140751636,0.024767816154736284,1.0085244053378368,29.0,0.023186989769280287
2023-01-06,75.9925765991211,76.26553344726562,73.01207733154297,74.25939178466797,537790219,0.023186989769280287,0.04281281490013703,0.02345789781182095,61.990864903181375,71.66092754115958,86.65943233278922,80.80426432474125,1.2123911431783227,0.20408653707824986,1.0083046061000729,72.39207168048029,71.17968053730196,72.06501480102538,60.161835803985596,77.17000752901576,61.170985207800655,69.17049636840821,0.2312983592889502,2.922780871335699,0.024240184445193207,1.2773009067812287,26.0,0.00499937974574306
2023-01-07,76.37344360351562,76.60201263427734,75.66865539550781,75.99344635009766,332539243,0.00499937974574306,0.01222096575368466,0.005011897496300044,62.69163131075068,72.84680649171558,89.5003574008449,82.91709241731446,1.4401867104784714,0.45130657175829414,0.9888801387201772,73.00459043787033,71.56440372739186,72.33960838317871,60.2761646270752,78.0505838264296,61.47234021531845,69.76146202087402,0.23764186028885997,2.7806791832952586,0.024025959148689772,0.7901077122160369,25.0,0.016992056823789244
2023-01-08,77.6822738647461,77.6822738647461,75.52995300292969,76.36907958984375,384160222,0.016992056823789244,0.027706718080418812,0.017137242992801394,65.07461541702146,76.74780244728828,100.0,92.05326324454472,1.7066547488832526,0.702376207183286,1.0042785416999667,73.72423404200507,72.01757929312181,72.61700592041015,60.40404903411865,78.9021277479361,62.05488061388029,70.4785041809082,0.23904092928549317,2.7357964460467694,0.023201159179952437,0.9211963478454286,25.0,0.05100586275359966
2023-01-09,81.747314453125,83.28827667236328,77.67666625976562,77.67666625976562,879528523,0.05100586275359966,0.06864580751231196,0.05232906281111971,71.22259896743137,84.70828179391926,91.12354054608747,93.54129931564414,2.220253689169269,1.0059517035804826,1.2143019855887862,74.95855410525428,72.73830041608501,73.01190567016602,60.53397144317627,80.72925229297448,61.8278491474552,71.27855072021484,0.2651765917591641,2.9412117293718327,0.024225501228079635,2.0218561406683637,25.0,-0.010573412893362522
2023-01-10,80.88751983642578,82.59616088867188,79.88059997558594,81.73111724853516,561103552,-0.010573412893362522,0.03357206301512843,-0.010517710856327134,68.47691708439913,78.10961305016286,86.17083504913153,92.43145853173968,2.5287563802074544,1.3105126389058772,1.2182437413015772,75.87070267928067,73.34194629907321,73.40218627929687,60.65844762802124,81.97551459434881,62.13119850989925,72.05335655212403,0.27541140391001784,2.92509381392284,0.024434842268396643,1.2629185650987371,26.0,0.038593956662671465
2023-01-11,84.0703125,84.414794921875,80.1606216430664,80.88765716552734,651624972,0.038593956662671465,0.05060256292979277,0.03934837747542019,72.6761721206901,83.62021524865511,98.13658495516859,91.81032018346254,2.9955410215030156,1.6475183154253048,1.3480227060777108,77.13218111323748,74.13664009173446,73.67473663330078,60.783949546813965,83.77305474125832,62.12552237666161,72.94928855895996,0.2967476831127761,3.02002806141468,0.025223796896556825,1.4213718800373294,26.0,0.02227772799955574
2023-01-12,85.96422576904297,86.03971862792969,82.8438491821289,84.28632354736328,919252860,0.02227772799955574,0.03717673738360664,0.022527729619691517,74.82521809365934,86.05691980779005,99.61725749036181,94.64155916488733,3.478199664817751,2.013654585303794,1.464545079513957,78.49095721413063,75.01275754931288,73.81401977539062,60.92938995361328,85.64873094284232,62.26904630935494,73.95888862609863,0.3161173060845205,3.0325881602994014,0.024963746685079936,1.8795712040299444,30.0,0.004362159254649308
2023-01-13,86.34003448486328,87.58306121826172,83.92391204833984,85.96900939941406,726155927,0.004362159254649308,0.0423806776514941,0.004371687320606776,75.24134204142707,86.52111661853536,93.72084938841044,97.15823061131363,3.8466924633797106,2.380262160918978,1.4664303024607328,79.69850756347411,75.8518151000944,73.96421752929687,61.08146234512329,87.221764694343,62.7525372160574,74.98715095520019,0.32631227039022087,3.0773425181295777,0.024860590830630757,1.406015186313552,31.0,0.01692593500917682
2023-01-14,87.81385803222656,90.64549255371094,86.17276000976562,86.33483123779297,1235692684,0.01692593500917682,0.05093424482390783,0.01706999025604583,76.85696714028919,88.30287208127628,86.77461781949457,93.37090823275561,4.209130665878845,2.7460358619109515,1.463094803967894,80.94702302020525,76.7378923543264,74.23991668701171,61.25647357940674,89.04934339499458,62.78571748757379,75.91753044128419,0.345949423733343,3.177013234259273,0.023292989160292408,2.2007300267038485,46.0,-0.005118491276449299
2023-01-15,87.36553192138672,88.45198059082031,85.99716186523438,87.81404113769531,575262096,-0.005118491276449299,0.028098251926112386,-0.005105414121257645,75.24838261463356,84.34598262867412,83.93602524135514,88.14383081642006,4.409361013229926,3.0787008921747465,1.3306601210551796,81.93448592807931,77.52512491484939,74.45976943969727,61.42618854522705,90.5500104469498,62.95312904889981,76.7515697479248,0.3595611332600288,3.1254279122111774,0.023484429545889845,1.0138816843887595,52.0,-0.017681994841185503
2023-01-16,85.83431243896484,88.84612274169922,85.13117218017578,87.36483001708984,643419793,-0.017681994841185503,0.0432804837129099,-0.017526585699720765,69.86968044501072,71.56735394609106,72.71555138849288,81.14206481644754,4.393838950440227,3.341728503827843,1.0521104466123838,82.53445923744631,78.14062028700609,74.67556930541993,61.587117958068845,91.43213456416905,63.77964522098719,77.60588989257812,0.3563194672654146,3.1675366728763388,0.022711531586196695,1.1141192828185347,45.0,0.01483807147855387
2023-01-17,87.11742401123047,88.6110610961914,85.00495147705078,85.84930419921875,689233513,0.01483807147855387,0.04139366676723309,0.01494870216590849,71.69545900534254,75.23532755289897,79.99214276968235,78.88123979984347,4.4339620300826965,3.560175209078814,0.8737868210038826,83.23953074110541,78.80556871102272,74.93551330566406,61.76712886810303,92.04455520230019,65.24506042880333,78.64480781555176,0.3407662313366013,3.1988633118952166,0.01986777827050241,1.169992372953437,51.0,-0.051126844723803966
2023-01-18,82.77532958984375,88.21279907226562,82.76156616210938,87.12406158447266,745330320,-0.051126844723803966,0.06585576810346035,-0.04984185965860255,58.726673890378194,49.84717478707016,55.36790312761899,69.3585324285981,4.068490106955977,3.661838188654247,0.4066519183017303,83.16811517937285,79.09962507241687,75.0713444519043,61.92857828140259,91.77912767617498,67.11291333945003,79.4460205078125,0.3104776573963115,3.3597468546281477,0.024573190208619065,1.222916304822844,52.0,0.017448028337272412
2023-01-19,84.23226928710938,84.42252349853516,82.14119720458984,82.76729583740234,468877565,0.017448028337272412,0.027083756774607507,0.01760113435349453,61.25892247717226,55.69924487572845,63.630282700204695,66.33010953250204,3.8520102557758094,3.6998726020785595,0.15213765369724985,83.33183119594769,79.47982094017188,75.1700357055664,62.09487874984741,91.56371686901207,68.9521476939762,80.25793228149413,0.28173625375406836,3.282716814579374,0.02455770670373659,0.7603084341184884,45.0,0.07169689358574784
2023-01-20,90.49322509765625,90.72124481201172,83.22157287597656,84.23062133789062,618138690,0.07169689358574784,0.08287550728733388,0.07432965849710316,69.82631962428286,72.05009419328248,98.49901037238223,72.49906540006866,4.137955448361765,3.787489171335201,0.3504662770265643,84.43358410390286,80.2956286555411,75.42954010009765,62.28612579345703,92.39634068630818,70.16922480441448,81.28278274536133,0.27345416988891363,3.5839278946833586,0.027864103230579355,0.9823864369768535,51.0,-0.024368964728328175
2023-01-21,88.31465148925781,91.3327865600586,88.31027221679688,90.4991455078125,678058077,-0.024368964728328175,0.03422438171121995,-0.024074438788621144,64.48268677049197,62.66135343293798,80.90130444081497,81.01019917113398,4.141041047029944,3.8581995464741494,0.2828415005557945,85.03067139395746,80.88963034692752,75.6368034362793,62.478546085357664,92.57052838847942,71.74493639423544,82.15773239135743,0.2534830427772946,3.54382692672467,0.029082563488548575,1.0497795076269352,53.0,-0.007782909842375676
2023-01-22,87.62997436523438,89.89444732666016,86.98963165283203,88.31466674804688,525923629,-0.007782909842375676,0.03314865369834638,-0.007752701420179586,62.85469046788843,59.80400355394652,72.88532823817624,84.09521435045784,4.041649069744963,3.8948894511283125,0.14675961861665066,85.43056415876929,81.38891508902432,75.8574446105957,62.66489051818848,92.90264463089694,72.68952684737455,82.79608573913575,0.2441313209806503,3.498183265803488,0.02737668890124446,0.8253323229230661,53.0,0.02697456834673589
2023-01-23,90.02592468261719,92.5329818725586,87.63065338134766,87.63065338134766,674337929,0.02697456834673589,0.05445463080211507,0.0273416754339868,66.08184107669325,66.11269715761223,80.18509708008995,77.9905765863604,4.108849123461113,3.937681385594873,0.17116773786623973,86.13754270089973,82.02869357743862,76.11367736816406,62.8543056678772,93.52561552536683,73.50887620436949,83.51724586486816,0.23967192780021332,3.59852785448354,0.027707595348305192,1.0490194099320935,50.0,-0.03186031313295891
2023-01-24,87.202880859375,91.09490203857422,86.69969177246094,90.01139068603516,508764326,-0.03186031313295891,0.050402122301453314,-0.031358120821249114,59.5203135126787,54.38034264889225,56.91928690794058,69.99657074206894,3.8894741696927895,3.9280399424144568,-0.03856577272166728,86.30144087912669,82.4119667094339,76.2524642944336,63.03249530792236,93.50947477119729,74.70191438895895,84.10569458007812,0.22361815660806908,3.6554337410285216,0.029082435616136416,0.7957269477772424,52.0,0.024670897722159392
2023-01-25,89.38101196289062,91.62334442138672,85.99020385742188,87.21868133544922,526831341,0.024670897722159392,0.0630239067588944,0.024977742501742783,62.60550140258357,60.66389007717449,69.6686371939222,68.92434039398425,3.847028762095576,3.911837706350681,-0.06480894425510497,86.77522104585961,82.92819228376403,76.44166015625,63.20859727859497,93.36419809683275,76.36021138803054,84.86220474243164,0.20037172920986007,3.7966985140954015,0.02880052231417187,0.817932462215722,51.0,-0.020247655471246205
2023-01-26,87.5894546508789,89.85004425048828,87.17108917236328,89.36752319335938,495312033,-0.020247655471246205,0.030585360861110446,-0.020044048200702158,58.64622422369765,53.581768169071296,52.428505982062624,59.672143361308486,3.627016776699719,3.8548735204204885,-0.22785674372076947,86.90048775432412,83.2734709776244,76.65272811889649,63.38570384979248,92.97149304187323,77.91260424816582,85.44204864501953,0.17624681327892297,3.716859697240373,0.029328871565733508,0.7715412726317622,54.0,0.014241784644261957
2023-01-27,88.84580993652344,89.10095977783203,86.3469009399414,87.59169006347656,432915139,0.014241784644261957,0.03099818483120682,0.014343682018026271,60.531274591824705,57.628764621667834,64.51839550332141,62.205179559768766,3.513531263615363,3.7866050690594637,-0.27307380544410087,87.1997680900471,83.68623682643174,76.86184692382812,63.586059951782225,92.46927004212509,79.66206388121475,86.06566696166992,0.14880737712303024,3.6480882072868193,0.029366799870955914,0.6691154694041801,55.0,0.008474536046037063
2023-01-28,89.60193634033203,89.6626968383789,87.50555419921875,88.85044860839844,403642649,0.008474536046037063,0.024074732391571915,0.008510546578941902,61.663889957670506,60.07298200353831,71.79458941964889,62.91383030167767,3.4448956458204236,3.718263184411656,-0.2733675385912324,87.56933243624478,84.12443679042435,77.12719436645507,63.79635770797729,91.95599925573251,81.36730091516594,86.66165008544922,0.12218436101927446,3.541592095277772,0.02928451396140766,0.6229338920287509,52.0,0.05902673222274414
2023-01-29,95.05005645751953,97.46087646484375,89.60147094726562,89.60147094726562,1052463965,0.05902673222274414,0.08268701577353306,0.06080359799920054,68.64563928222881,73.11162345782662,84.26324751080811,73.52541081125949,3.786471103952522,3.7319047683198296,0.0545663356326922,88.72021305490244,84.93374195094992,77.50077560424805,64.02379236221313,93.28526325255861,81.36831111877929,87.32678718566895,0.13646387915820393,3.850007339727797,0.029963938840751866,1.602858104570123,55.0,-0.04066439575551451
2023-01-30,91.26243591308594,95.84671783447266,89.49971771240234,95.04669952392578,767486345,-0.04066439575551451,0.06954668762200143,-0.03984869326328477,60.408795024332825,57.80171007076707,59.53935819113826,71.86573170719844,3.708790167560423,3.7272818481679484,-0.018491680607525485,89.11132426385375,85.40253409629332,77.79346328735352,64.22401050567628,93.25220309094499,82.4388628880589,87.84553298950195,0.1230949353358507,4.0283639670379765,0.031630366417068415,1.1507642761903125,61.0,0.03282795375783002
2023-01-31,94.30811309814453,95.99915313720703,91.26331329345703,91.26331329345703,786998062,0.03282795375783002,0.0502166747713583,0.03337273605056024,64.13542038461279,64.73039880291049,79.4201737964652,74.40759316613722,3.848623623411058,3.7515502032165706,0.09707342019448717,89.91083023836002,86.06220661494896,78.15519500732422,64.43656074523926,94.16142908058956,82.55341695822881,88.35742301940918,0.13137563009064732,4.0789606282582,0.03134294531045349,1.1681644644969809,51.0,0.06302941789928557
2023-02-01,100.4436264038086,101.98343658447266,94.0133056640625,94.2973861694336,1000421802,0.06302941789928557,0.07934929478121618,0.06505817054444685,70.21724160027689,74.55104353173354,92.23973589278835,77.06642262679729,4.403763447980495,3.881992852169356,0.5217705958111392,91.5312604176598,87.1274969696793,78.61717788696289,64.66315305709838,96.80536481215101,81.3574212901439,89.08139305114746,0.17341380722613345,4.356901363411911,0.033709522874161534,1.4760637090963267,56.0,-0.01761113453274002
2023-02-02,98.690185546875,101.87773132324219,98.49517822265625,100.43993377685547,679499126,-0.01761113453274002,0.03427446287431816,-0.01745696486389614,66.73433258870828,68.21782693203684,82.44710073175543,84.70233680700301,4.648641094620189,4.035322500659523,0.613318593960666,92.63263351446213,87.98399241984194,79.08146438598632,64.87799722671508,98.36476736641548,81.03303384208063,89.69890060424805,0.19322124805968957,4.287305058924341,0.03418166424089232,1.0060238204758165,60.0,0.012893883204536256
2023-02-03,99.9709243774414,100.4805679321289,98.03994750976562,98.67835998535156,581587515,0.012893883204536256,0.0244133025433344,0.01297736774401037,67.98351580948125,70.36327068406717,87.41647644739572,87.36777102397986,4.889688033945816,4.206195607316782,0.6834924266290345,93.76160133953586,88.87191330559004,79.63417343139649,65.08472040176392,100.00270779403533,80.61080004898224,90.30675392150879,0.21473374806393553,4.1553990134556935,0.03412993335428199,0.9048774170449969,60.0,-0.01366129015660116
2023-02-04,98.6144790649414,101.08512115478516,98.52680206298828,99.96023559570312,412470764,-0.01366129015660116,0.025942631508625868,-0.013568398221254108,65.19131876599783,64.94607002269899,78.93510600997489,82.93289439637536,4.914613069355411,4.3478790997245085,0.5667339696309028,94.50819791267517,89.59358484331976,80.27992706298828,65.28787179946899,101.1073473716441,80.63105518572894,90.86920127868652,0.2253380892291159,4.04132187619435,0.0343356064793541,0.6499844072304107,58.0,-0.022102584562309454
2023-02-05,96.45875549316406,98.81040954589844,95.21514892578125,98.6142349243164,467715468,-0.022102584562309454,0.03727251716794107,-0.021860112148011424,60.90973341548097,56.83329698674333,65.4561326931471,77.26923838350592,4.706167691721362,4.41953681812388,0.28663087359748207,94.80828369428885,90.10211600256748,80.90994445800781,65.48397674560547,101.64100201154858,81.1598448512444,91.40042343139649,0.22408164416959148,4.009460357903124,0.03451024162945806,0.74738759891924,58.0,-0.00411696799402648
2023-02-06,96.06245422363281,97.8489990234375,95.40951538085938,96.46707916259766,454784285,-0.00411696799402648,0.025394767001257555,-0.004108504899374643,60.127911153881186,55.35038199770281,62.97820170636823,69.12314680316344,4.457610469034407,4.427151548305985,0.030458920728421823,95.00123300649561,90.5436225374612,81.54011093139648,65.6737899017334,102.08229283503957,81.61305704899362,91.8476749420166,0.22286068535723047,3.8973191639513383,0.03451025336589024,0.7405969940609405,56.0,0.04940553440463088
2023-02-07,100.92766571044922,101.16192626953125,95.97954559326172,96.04475402832031,723164903,0.04940553440463088,0.05134747385456464,0.05064633759502146,65.91255616155948,67.49709218675692,93.3986399620277,73.94432478718103,4.600180963381433,4.461757431321075,0.13842353206035796,95.91299188402694,91.3128109206455,82.29183563232422,65.89754766464233,102.82902426300768,82.68155923308606,92.75529174804687,0.21721094991160825,3.9891092719740664,0.03321951619360744,1.1797727127924953,54.0,-0.01718926628851501
2023-02-08,99.2076187133789,102.02371978759766,97.43045043945312,100.92325592041016,627006188,-0.01718926628851501,0.04629956255088596,-0.017042373713516246,62.46231785066695,60.68743733245472,82.03652729814016,79.47112298884538,4.522246052196081,4.473855155496077,0.048390896700004404,96.41985755008109,91.89761149788501,82.96106033325195,66.11145416259765,103.14955548228909,83.85856295643163,93.50405921936036,0.2063118188334565,4.0322635631291,0.03370538492372886,1.0098732679249458,58.0,-0.07435653680331482
2023-02-09,92.09846496582031,99.3779296875,90.92083740234375,99.21289825439453,835624265,-0.07435653680331482,0.09182663672293405,-0.07165935277710556,50.65909421338943,40.8262899130243,36.688336337692576,70.70783453262015,3.8425383891864016,4.347591802234142,-0.5050534130477402,95.75502792173329,91.91248953254689,83.49520156860352,66.27951797485352,103.15468927399077,84.01395315154635,93.58432121276856,0.20452930442191292,4.348322757559611,0.03501642223266145,1.3227127003000474,55.0,0.015416283547721357
2023-02-10,93.52928161621094,94.0442886352539,91.3700942993164,92.09505462646484,636744666,0.015416283547721357,0.028592054699092182,0.015535727451284176,52.60046024595488,45.04902473112763,41.49096785212239,53.40527716265172,3.380353504076794,4.154144142602672,-0.7737906385258784,95.41260541319139,92.03225190911459,84.04275375366211,66.4753330039978,103.10608631294977,84.58401912528265,93.84505271911621,0.19736860549383206,4.228742156015175,0.03463460636207313,1.0112118744123249,48.0,0.009590080038549128
2023-02-11,94.43054962158203,94.70785522460938,93.03905487060547,93.53056335449219,410760115,0.009590080038549128,0.01767225077786165,0.009636212208593342,53.8326840309727,47.78718507052796,39.371056309113484,39.18345349964284,3.0516163152703655,3.933638577136211,-0.8820222618658455,95.26151990678996,92.20990359151959,84.61592025756836,66.6785348892212,102.99685692865958,85.3733060352076,94.1850814819336,0.18711616124505337,4.045889170157227,0.034571209354329474,0.6583469139958501,49.0,-0.021783801759371276
2023-02-12,92.39573669433594,94.52456665039062,91.60399627685547,94.42091369628906,367491351,-0.021783801759371276,0.031609362921116185,-0.02154824826711632,50.63232605159423,42.242798801230336,23.1237504157666,34.66192485900084,2.596961175254023,3.6663030967597736,-1.0693419215057505,94.82063018179704,92.22366900654302,85.14833923339843,66.84575855255127,102.95064443860255,85.65649972643652,94.30357208251954,0.18338801309703237,3.965509256112793,0.03456547338881964,0.6038463399160977,50.0,-0.013884314853245878
2023-02-13,91.12174987792969,94.67049407958984,88.84952545166016,92.39724731445312,681702114,-0.013884314853245878,0.0638812208471379,-0.013788372299263774,48.68096845111144,38.94250117199668,17.247539912715546,26.580782212531897,2.1095263061232714,3.3549477386324735,-1.2454214325092021,94.25157167350974,92.14204536738647,85.5866488647461,66.98404731750489,102.65789284309194,86.34113822380259,94.49951553344727,0.17266495523476186,4.098042068385428,0.0338848650913864,1.1044519770611536,48.0,0.04889194768340127
2023-02-14,95.68757629394531,95.76618194580078,90.53520202636719,91.1250991821289,594958420,0.04889194768340127,0.05466728411392093,0.05010687812879122,55.326078900107,53.976677586295715,51.90488820733301,30.75872617860507,2.067818173396745,3.097521825585328,-1.0297036521885832,94.47249546126906,92.40467728787232,86.08670547485352,67.15787273406983,102.63813427916195,86.99155322083804,94.81484375,0.16502248423864438,4.1789662006031545,0.035139916023071455,0.9586247359259961,50.0,0.07165119392762291
2023-02-15,102.79530334472656,102.81857299804688,95.18052673339844,95.68885803222656,725730052,0.07165119392762291,0.07430345566503231,0.07428056312082587,63.29417811771651,68.19829908880533,99.83341990036871,56.32861600680577,2.578574151255708,2.993732290719404,-0.41515813946369606,95.75292744333944,93.17435329208374,86.76765335083007,67.36964849472047,103.39741167846958,87.75286069091518,95.57513618469238,0.1636885032245455,4.426043348034961,0.0377920543971341,1.1480193860671333,53.0,-0.03810274078880819
2023-02-16,98.95220184326172,104.48017120361328,98.91292572021484,102.78801727294922,737793870,-0.03810274078880819,0.05626196668384238,-0.037385963914877585,57.33910166511872,57.073256010372425,64.6337749055517,72.12402767108449,2.6427814312134643,2.923542118818216,-0.2807606876047517,96.24512350486594,93.60234207365248,87.41991607666016,67.56486196517945,103.38735323848734,88.77355832157126,96.0804557800293,0.1520995586279641,4.507557786275209,0.03912629167804965,1.139621954190744,62.0,0.01362357494180239
2023-02-17,100.30950927734375,101.54397583007812,98.67265319824219,98.9504623413086,725287123,0.01362357494180239,0.02862463043156831,0.013716798704812794,58.81299103643399,59.77688457270208,73.31740484395287,79.26153321662444,2.7712443497827763,2.8930825650111283,-0.12183821522835192,96.87041362370869,94.09916927392591,88.09108474731445,67.7687322807312,103.50255826023704,89.72911059352273,96.61583442687989,0.14255890608840344,4.390683846672403,0.03916460054679887,1.09314852297482,61.0,-0.00517400993388071
2023-02-18,99.7918472290039,101.61112976074219,99.2220230102539,100.3018798828125,625887364,-0.00517400993388071,0.023940901154036374,-0.00516064779968739,57.99010149706658,58.14734885433558,70.00556439567734,69.31891471506066,2.7990158251500645,2.8742692170389157,-0.07525339188885116,97.31986494760027,94.5208491224502,88.727041015625,67.9764722442627,103.83355421591922,89.87229371498897,96.8529239654541,0.14414908636016,4.247714054087823,0.037137512717629904,0.974666072175529,60.0,-0.022575695751298103
2023-02-19,97.56421661376953,101.1244888305664,97.30595397949219,99.79312133789062,550959680,-0.022575695751298103,0.039138682025099125,-0.022322771620033932,54.458929209565,51.147358265824046,55.7538779933032,66.35894907764448,2.6111737601894873,2.82165012566903,-0.21047636547954252,97.35745751162631,94.74628375143682,89.27840103149414,68.17526737213134,103.66282249787075,90.67320350310582,97.16801300048829,0.13368204817257764,4.217058396729709,0.036242131752863664,0.8726977039742573,60.0,-0.016779262738296673
2023-02-20,95.9408187866211,98.48907470703125,94.90387725830078,97.60203552246094,805774822,-0.016779262738296673,0.03736884356495009,-0.016639274966712803,51.975072118679144,46.39839244823529,45.36788465105382,57.042442346678136,2.3047452642775994,2.718269153390744,-0.4135238891131445,97.13951309239474,94.83476782811714,89.78090423583984,68.35572858810424,103.63880227946117,90.86049429036305,97.24964828491211,0.13139695838962356,4.171925471872621,0.03581267816823466,1.2744193505511483,58.0,-0.02353216926450515
2023-02-21,93.70948028564453,96.7424087524414,92.47864532470703,95.94813537597656,693293752,-0.02353216926450515,0.04549980871452497,-0.023257446926101544,48.688032673283836,40.38543790349326,31.09247635131837,44.071412998558486,1.8604025421686856,2.5466958311463324,-0.6862932889776467,96.61181573751009,94.7514131953414,90.15783569335937,68.51226963043213,103.30309435544675,90.52278760256107,96.9129409790039,0.13187409879197165,4.178485325862746,0.0330258251995909,1.123813421662441,60.0,0.015979357923123147
2023-02-22,95.21892547607422,95.35537719726562,92.11103820800781,93.72162628173828,668342701,0.015979357923123147,0.03407241756863788,0.01610771061613625,50.94800470865569,45.91696125933192,40.749436238859005,39.06993241374375,1.6114811934034634,2.3596529035977585,-0.7481717101942951,96.39752492805842,94.78604373465495,90.55015975952148,68.68377254486084,103.11556663042852,90.36318932049922,96.73937797546387,0.1318219899363391,4.111760587533822,0.0331228003093517,1.084348819922562,59.0,-0.005549266120704207
2023-02-23,94.6919937133789,96.15288543701172,93.74882507324219,95.2168197631836,489893890,-0.005549266120704207,0.025388211500185835,-0.00553389738500798,50.11815172608749,44.24494731784724,37.37829104718022,36.40673454578589,1.3560584440031391,2.1589340116788347,-0.8028755676756956,96.13513551041542,94.77907706641228,90.93532150268555,68.85172098159791,102.73058041793188,90.22028246658961,96.47543144226074,0.1296734076678321,3.9897820001220867,0.0329487430957405,0.8007820894054256,56.0,-0.03368848170383048
2023-02-24,91.55509948730469,95.13282775878906,90.82508850097656,94.687744140625,503847733,-0.03368848170383048,0.047050784521399866,-0.03312734374955939,45.37941034481657,35.31386168804194,17.309419448050996,31.81238224469676,0.8902506713786664,1.905197343618801,-1.0149466722401346,95.430514583783,94.54026391240433,91.28140731811523,68.99653583526612,102.64591006956084,89.59901485719698,96.12246246337891,0.13573201183162073,4.0124932328142595,0.03359695702686421,0.8174858926517563,53.0,0.01848731949026307
2023-02-25,93.2634506225586,93.39837646484375,91.15186309814453,91.56354522705078,414154710,0.01848731949026307,0.024087821667578654,0.01865926796891082,48.2491806681217,42.66694835546467,28.238917578609293,27.642209357946854,0.6514349780164679,1.6544448704983343,-1.0030098924818664,95.09712012821001,94.44568515019354,91.62682479858398,69.16655309677124,102.60087769941177,89.3245167402855,95.96269721984864,0.13834918508710092,3.886351813806042,0.03365359507818017,0.674892680597975,52.0,0.021135754231817728
2023-02-26,95.25562286376953,95.46882629394531,92.91877746582031,93.2463150024414,382931744,0.021135754231817728,0.026770585834832758,0.021360696263248435,51.45244339181892,50.346025186017286,40.98421468805217,28.844183904904174,0.6158246280655959,1.4467208220117866,-0.8308961939461907,95.12150516444994,94.50568053638435,92.00446838378906,69.33481195449829,102.56742381161611,89.27728749209483,95.92235565185547,0.13855097937499625,3.7909016005431106,0.034029151481610696,0.6276875277791558,51.0,-0.012347585950213163
2023-02-27,94.08667755126953,95.93436431884766,92.99018096923828,95.25726318359375,432031681,-0.012347585950213163,0.031292244834610475,-0.012271667302745759,49.51570788460963,46.1175455911352,25.467790425075023,31.563640897245516,0.48765763804064477,1.2549081852175583,-0.7672505471769135,94.96230091626835,94.4746432782277,92.33255645751953,69.49572227478028,101.85344395314422,89.30716853464875,95.58030624389649,0.13126423121600578,3.730421725476415,0.032011903910634534,0.7254808347018324,50.0,-0.003128599398737747
2023-02-28,93.79277801513672,95.861083984375,93.38899993896484,94.08485412597656,409490427,-0.003128599398737747,0.026356869875537748,-0.0031237104315078312,49.01614193822481,45.00871011135291,21.733222557393315,29.39507589017352,0.35823957587328437,1.0755744633487037,-0.7173348874754193,94.78237431609425,94.42413474022096,92.57346572875977,69.65002502441406,101.39780073566287,89.22132768230587,95.30956420898437,0.12775709504512858,3.6405404626145392,0.03184964551020056,0.7004206217381872,53.0,0.04119912432840091
2023-03-01,97.73766326904297,97.92925262451172,93.79537200927734,93.79537200927734,533714000,0.04119912432840091,0.042295676783831226,0.0420595843026379,55.505168589273566,60.050374759308944,50.62272355722626,32.60791217989822,0.5674528570979476,0.9739501420985525,-0.4064972850006049,95.23703415500944,94.66958129791149,92.9104685974121,69.81994569778442,101.58030695281393,89.60274129547709,95.59152412414551,0.12529945271906612,3.6759643302402867,0.02849099111707179,0.9370974092687212,50.0,-0.025705959216363844
2023-03-02,95.25724029541016,98.11628723144531,94.28402709960938,97.73342895507812,469936514,-0.025705959216363844,0.040230644095413604,-0.025378374013351856,51.101108501269515,50.014868503607715,41.09155238415899,37.81583283292621,0.5270311979716666,0.8845663532731753,-0.3575351553015087,95.24014279199417,94.71311159402251,93.13420715332032,69.97968811035156,101.59463074286492,89.76121337334601,95.67792205810547,0.12367970703139274,3.6871283160685477,0.02902445583630248,0.8373793032851535,51.0,-0.05069018133092662
2023-03-03,90.5489730834961,95.35025024414062,88.11177062988281,95.26394653320312,651979397,-0.05069018133092662,0.07993994153399332,-0.04942686978242139,43.969445125720725,36.504842381168594,18.054208573811962,36.58949483839909,0.11376748576310547,0.7304065797711614,-0.6166390940080559,94.51842437530217,94.40465688953907,93.22590209960937,70.12830539703369,101.79310715133062,89.17457931107174,95.48384323120118,0.13215353941823252,3.9407962659392095,0.031129739459884648,1.1373187044540298,50.0,-0.014006545770254257
2023-03-04,89.28953552246094,90.7447738647461,88.05729675292969,90.54444122314453,353464242,-0.014006545770254257,0.030098455503112867,-0.01390891048398546,42.27005327295544,33.666785847852225,9.430019565106965,22.85859350769266,-0.311779074092712,0.5219694489983868,-0.8337485230910988,93.71397993640353,94.02575901049624,93.28489212036133,70.26804138183594,102.07219208733251,88.58487425788233,95.32853317260742,0.14148248567959448,3.851273469216152,0.030918757731568994,0.6173414790751945,50.0,0.007406863337787512
2023-03-05,89.9533462524414,91.68465423583984,89.26779174804688,89.2894287109375,334569360,0.007406863337787512,0.026867955317753097,0.007434362001059958,43.509339182719856,36.69324644473662,18.175707993920927,15.219978710946641,-0.5886778980942182,0.29983997957986586,-0.8885178776740841,93.13542090810166,93.72409880619588,93.32768188476562,70.41593732833863,102.17680580595125,88.36342017671477,95.27011299133301,0.14499180483278234,3.7488155419716387,0.030843963999648942,0.6026082675255625,47.0,-0.02853366751263397
2023-03-06,87.42292022705078,90.46906280517578,87.15454864501953,89.94908905029297,497425953,-0.02853366751263397,0.037913560328892544,-0.028130426835810463,39.98556810378472,30.503772927762867,2.4482574540099127,10.017995004345957,-1.0007701878918596,0.03971794608552079,-1.0404881339773804,92.25657464947845,93.25734483737031,93.3288296508789,70.55282348632812,102.5575419758227,87.15621840015386,94.85688018798828,0.16236380055032748,3.7177940146991113,0.02910936091798989,0.9038759743386264,48.0,-0.012905847264324088
2023-03-07,86.3019027709961,88.69581604003906,84.95177459716797,87.42385864257812,562810842,-0.012905847264324088,0.043383069464945474,-0.012822923932799712,38.498033231792434,28.057618368103732,10.255815853848654,10.29326043392652,-1.4016556229696846,-0.24855676772552032,-1.1530988552441643,91.34047128355809,92.74212690652777,93.33818145751952,70.71417486190796,101.6881676189353,86.37625269966821,94.03221015930175,0.16283691400347686,3.71966883099711,0.02295430654786998,1.03805262301694,49.0,-0.0416225032534302
2023-03-08,82.78353118896484,86.50735473632812,82.11461639404297,86.30134582519531,501018352,-0.0416225032534302,0.053062949589068924,-0.04076818087507672,34.197940251623805,21.6889914165056,4.180280932653307,5.6281180801706485,-1.9804341883582879,-0.5949322518520739,-1.385501936506214,90.02401896131298,92.00445314967126,93.25150360107422,70.85715475082398,101.96818727556372,84.4793659776101,93.22377662658691,0.18760043768668672,3.767745224660542,0.023203381842389174,0.9447103313839702,50.0,-0.07592271093486282
2023-03-09,76.73104858398438,84.7593765258789,75.72064971923828,82.78529357910156,688488963,-0.07592271093486282,0.11779751448004094,-0.07311215791417303,28.334736230739253,14.900916539679557,4.511587867035992,6.315894884512676,-2.8941432529391733,-1.054774452069494,-1.8393688008696794,87.97894659557011,90.87308984850928,93.13061798095703,70.96334985733033,102.78104349938164,81.30866368445626,92.04485359191895,0.23328169883482258,4.144243909087691,0.026959712252219083,1.3027207427646719,44.0,-0.0669483526659522
2023-03-10,71.76221466064453,76.77790069580078,69.158935546875,76.73309326171875,1038005217,-0.0669483526659522,0.10616959335710323,-0.06475649707694675,24.605104986080974,11.464352024840764,8.99004557504707,5.89397145824548,-3.9734047047953,-1.6385005026146553,-2.3349042021806445,85.48406475942771,89.45746946422301,92.88121688842773,71.03588254928589,103.97315354575551,77.31359038124646,90.64337196350098,0.294114865621327,4.39243828336184,0.02939650449012229,1.8903524923122454,34.0,-0.02905798237358976
2023-03-11,69.70695495605469,74.0255355834961,66.67816162109375,71.74779510498047,1077950408,-0.02905798237358976,0.10540374295555363,-0.028639858932851148,23.242332550188166,10.316221666856904,9.634140955158133,7.711924799080421,-4.937651292173555,-2.2983306605264353,-2.63932063164712,83.05681709737031,87.99446838954387,92.4654914855957,71.09902015686035,104.99883895231659,73.50217880891387,89.25050888061523,0.35290174295290366,4.603505117579019,0.029502719715541824,1.8732100578434363,33.0,0.09052805697512953
2023-03-12,76.31184387207031,76.47943878173828,68.2200698852539,69.71017456054688,766082096,0.09052805697512953,0.10823180881765138,0.09475222264664329,35.588806833847485,34.798214889448275,30.64330987915037,16.422498803118547,-5.109959886794314,-2.8606565057800113,-2.249303381014303,82.01912890886263,87.12908879565694,92.22543533325195,71.19818853378295,104.66072553527579,71.8773947344996,88.2690601348877,0.37140228694718835,4.864638244643687,0.03803296922048015,1.3358675428779399,33.0,0.0690613330817631
2023-03-13,81.7682876586914,82.90601348876953,74.9416732788086,76.34123229980469,1017027604,0.0690613330817631,0.09740133293734668,0.07150192564824298,43.65234888753169,48.37962810850163,47.999445719591385,29.42563218463332,-4.7514544678431605,-3.2388160981926415,-1.512638369650519,81.98053794729782,86.73199241514098,92.10820159912109,71.32306709289551,104.09738171856337,71.2466192885167,87.67200050354003,0.3747007281842533,5.086045527880634,0.0419210734861251,1.7247745318189,49.0,0.03109172577188389
2023-03-14,84.35054016113281,88.0995864868164,79.79379272460938,81.76873779296875,882163452,0.03109172577188389,0.09846758238110477,0.03158012202994853,47.03185312378864,53.703960146624624,56.21320672572196,44.95198744148794,-4.210434871970506,-3.4331398529482144,-0.7772950190222914,82.3451536725032,86.55558854447371,91.9946939086914,71.48109754562378,103.23532313422643,71.02183934135951,87.12858123779297,0.3697234975621751,5.316027544618234,0.04248596330865006,1.4694169028256643,56.0,-0.09863007674369331
2023-03-15,76.42815399169922,85.65532684326172,75.65375518798828,84.35587310791016,805712252,-0.09863007674369331,0.130862399952244,-0.0939221747045087,39.253352111569725,39.22320596415716,31.01327506432225,45.07530916987856,-4.370562177928562,-3.6206243179442845,-0.7499378599842776,81.43484602930259,85.80540820723115,91.7791993713379,71.59798711776733,102.57235238974751,69.85842611367046,86.21538925170898,0.37944416373934753,5.650709266807892,0.047257338106150064,1.307676710725104,50.0,0.033774344008570996
2023-03-16,79.05355072021484,79.8748779296875,76.20967864990234,76.46414947509766,542002591,0.033774344008570996,0.04636349975925781,0.03435117285183642,42.63901738657583,44.96095418531038,43.16179843687302,43.462760075639096,-4.23677771077277,-3.743854996509982,-0.49292271426278855,81.06849290482755,85.30527061560032,91.57265014648438,71.72519477844239,102.0385105303449,69.14211309636408,85.59031181335449,0.3843472086620912,5.508887124877696,0.04793398807266346,0.876958746813108,52.0,0.07841802226740525
2023-03-17,85.5023193359375,85.50890350341797,78.52023315429688,79.05499267578125,610202264,0.07841802226740525,0.08173661724499776,0.0815746864874678,50.00920115070502,56.68060615863084,75.27708105591473,49.817384852370026,-3.569246769031537,-3.7089333510142932,0.1396865819827564,81.75062004807523,85.31986681710677,91.53090744018554,71.87384691238404,101.26983210875173,69.13467838929515,85.20225524902344,0.37716318218965106,5.614585926609367,0.05138276045760961,0.9718912262365585,51.0,-0.029898796108348162
2023-03-18,82.9837417602539,87.87979125976562,82.8204345703125,85.52595520019531,602010403,-0.029898796108348162,0.060968047260028066,-0.029456248616930858,47.445205482744655,51.667713669864504,65.2053864185052,61.21475530376434,-3.206489435881039,-3.6084445679876427,0.4019551321066035,81.94033108071811,85.14682051659915,91.41366607666015,72.02348155975342,99.99746892921812,69.1798534584772,84.58866119384766,0.3643232442243968,5.574926695383922,0.05131797284280138,0.9424019252090794,64.0,0.017350283963301523
2023-03-19,84.43609619140625,86.41730499267578,82.68276977539062,83.00101470947266,444514565,0.017350283963301523,0.04422913168343814,0.017501674428568315,49.066901435395536,54.381991489114526,74.64170622588246,71.70805790010083,-2.7698793263876667,-3.440731519667648,0.6708521932799814,82.3242949439009,85.09417427028856,91.31034927368164,72.17637872695923,98.88659933398434,69.32566491772464,84.10613212585449,0.3514718091188095,5.44347016123401,0.051580909746991026,0.6951748368505604,63.0,-0.07385793687067435
2023-03-20,78.42455291748047,84.48253631591797,78.3705062866211,84.42091369628906,578107211,-0.07385793687067435,0.07793515935918752,-0.07119636678013097,43.13390707168834,42.780307891577486,53.34987584453782,64.39898949630852,-2.8757936120107246,-3.3277439381362632,0.45195032612553865,81.7243346321439,84.60012824415462,90.97783920288086,72.28086164474487,97.61323256783966,69.0622091741037,83.33772087097168,0.3425942429832023,5.491224437524215,0.05379338945042161,0.8923345316022355,66.0,0.05350992489928274
2023-03-21,82.7353515625,83.13487243652344,77.72624969482422,78.43461608886719,567896558,0.05350992489928274,0.06537257217809044,0.05496746216144088,47.990425557014404,51.446105292478954,74.95855220676778,67.65004475906271,-2.582120939753608,-3.1786193384597325,0.5964983987061245,81.87987569835252,84.46199663810613,90.80729751586914,72.38933341979981,95.2422661734445,69.93294439784455,82.58760528564453,0.30645423956855244,5.485324316393858,0.05446366022565873,0.874267509524688,68.0,0.05435490836653161
2023-03-22,87.35688781738281,88.15037536621094,79.94864654541016,82.71697998046875,969686696,0.05435490836653161,0.093887603207045,0.05585926895338811,52.65839440135292,59.17870021527422,96.30458434213116,74.87100413114563,-1.9539400743221478,-2.9336834856322156,0.9797434113100678,82.7224929474341,84.67643302175625,90.66827301025391,72.52544384002685,93.68004026925438,70.70513505423195,82.19258766174316,0.2795252694753177,5.6793532095657815,0.056038906766494846,1.4375186183692907,62.0,0.07010701797624196
2023-03-23,93.70100402832031,94.44811248779297,86.03134155273438,87.34841918945312,1054746379,0.07010701797624196,0.08982583508405842,0.07262296505113253,58.20399817706138,67.474476596713,97.30965148963024,89.52426267950973,-0.9334251107974012,-2.533631810665253,1.6002066998678517,84.41149465218582,85.34491976298322,90.53342056274414,72.68944438934327,94.36622467867937,70.33415373928938,82.35018920898438,0.29182775619862333,5.874883047100982,0.05727522446785027,1.5182885823898973,57.0,9.501584886982188e-05
2023-03-24,93.70990753173828,95.75912475585938,89.8736801147461,93.69886016845703,866952422,9.501584886982188e-05,0.06280493489036856,9.502036301856087e-05,58.2113965836404,67.4852955839346,92.95340661647035,95.52254748274395,-0.12252877601619616,-2.0514112037354413,1.9288824277192451,85.84201971057851,85.96454848659471,90.4338150024414,72.85591190338135,95.23483470480309,69.90758091409339,82.57120780944824,0.30673226736804043,5.875637446673289,0.057158231718635294,1.2034843362736019,61.0,-0.022978496962998748
2023-03-25,91.58114624023438,93.96833038330078,90.42384338378906,93.7067642211914,493921885,-0.022978496962998748,0.03870323909480091,-0.02271650188943919,55.67389803383756,61.755359318720124,84.82889650623241,91.69731820411103,0.3443694889604103,-1.5722550651962712,1.9166245541566815,86.7249622536025,86.38059276464209,90.26601943969726,73.04225233078003,95.5241770951477,69.78101852252809,82.6525978088379,0.31146218334430803,5.709126700447462,0.05742180619980465,0.6781508503262129,64.0,0.021005412523954037
2023-03-26,93.52519226074219,94.64312744140625,90.98301696777344,91.5821762084961,489851737,0.021005412523954037,0.039135022181282036,0.021227579041304123,57.49607712557842,64.92804453190513,89.26894342672118,89.01708218314133,0.8613291285243321,-1.0855382264521507,1.9468673549764828,87.77115148547014,86.90982235694581,90.16423370361328,73.22279878616332,96.53698395776901,69.37843886327592,82.95771141052246,0.3273781862194461,5.56276839853213,0.057153311449102746,0.6729124614750902,64.0,-0.04682446410048384
2023-03-27,89.24687194824219,93.6174545288086,88.17765808105469,93.51691436767578,552145190,-0.04682446410048384,0.06095223652105881,-0.04574511112013879,52.39167115707919,53.52703883643211,67.60938521605722,80.5690750496703,0.915248261333403,-0.68538092889504,1.6006291902284429,87.99818540281969,87.08293714148628,90.01999603271484,73.37901685714722,96.88842457752705,69.3214951612425,83.10495986938477,0.3317122041766366,5.553984687762258,0.05815624388062711,0.7590414297429197,64.0,-0.0012052294897439229
2023-03-28,89.13937377929688,89.42103576660156,86.03421020507812,89.24317932128906,556233998,-0.0012052294897439229,0.037994720154855374,-0.0012045034923762188,52.26611452353121,53.25292631337152,67.07471128936105,74.65101331071317,0.9384870640305394,-0.3606073303099242,1.2990943943404636,88.17375284535464,87.2352657813241,89.88153442382813,73.51854930877685,97.45279472792332,69.3927092698794,83.42275199890136,0.33636010303775943,5.399187607316628,0.05726786013781881,0.7617712305436707,59.0,0.02440666937801077
2023-03-29,91.34173583984375,92.87533569335938,89.09891510009766,89.13932800292969,541611636,0.02440666937801077,0.04134386716586159,0.024706950107140857,54.66328957878945,58.35088044305318,77.4040200828525,70.69603886275695,1.121686095884968,-0.06414864507094578,1.1858347409559138,88.66113484450682,87.53944874862185,89.68981582641601,73.65809976577759,98.2349645022171,70.07160822117159,84.15328636169434,0.3346673374109031,5.283275677741277,0.05424045880244926,0.7492816055175863,57.0,-0.025298738576038014
2023-03-30,89.05989074707031,92.9992904663086,87.33723449707031,91.34050750732422,593012954,-0.025298738576038014,0.06357582433284692,-0.02498140714967767,51.762790268678415,51.554850877117616,62.84988396961421,69.10953844727595,1.070407824599414,0.1627626488631262,0.9076451757362878,88.72248190643967,87.65207408184025,89.48686126708985,73.79218109130859,98.03388317038748,72.00245716164376,85.01817016601562,0.3061866182006971,5.310331412848206,0.05193303950984533,0.8464459768872309,60.0,0.006984732730680395
2023-03-31,89.68412780761719,90.20854187011719,87.93004608154297,89.07251739501953,452243261,0.006984732730680395,0.025405786333361633,0.007009182869084141,52.505246261751324,53.2911216893039,66.31154528781248,68.85514978009309,1.0678308496517843,0.34377628902085783,0.7240545606309265,88.87042742969774,87.80259658004596,89.43857452392578,73.93379165649414,97.10240117772327,74.93165643946423,86.01702880859375,0.2577483208306773,5.093771725400065,0.05109582923202324,0.6756895752836467,63.0,0.034964475899286716
2023-04-01,92.87535095214844,93.85362243652344,89.5528335571289,89.68643951416016,548762293,0.034964475899286716,0.04630710770191758,0.035582919994235684,56.2154813331825,61.51712829904321,84.00824164782186,71.0565569684162,1.308213346910108,0.5366637005987078,0.7715496463114002,89.48656951007477,88.17835616316466,89.42549591064453,74.10265689849854,97.36714203016146,76.32326629503385,86.84520416259765,0.24231477072387095,5.037130093542527,0.04805582210146286,0.8334276016287668,61.0,0.0015129810429285572
2023-04-02,93.01597595214844,94.4293441772461,90.8553237915039,92.662841796875,549452266,0.0015129810429285572,0.03842372613045336,0.0015141261761955072,56.37719970970161,61.86242690194021,84.78806738012486,78.36928477191975,1.4928567467915883,0.727902309837284,0.7649544369543043,90.02955511654764,88.53669836975605,89.39720443725587,74.26701082229614,97.9861867938407,76.8289903607003,87.4075885772705,0.24205216935411628,4.932622257271075,0.04600309729466573,0.8651953636578867,63.0,0.00022963638000429238
2023-04-03,93.03733825683594,95.3805923461914,90.58843231201172,93.00566101074219,693703512,0.00022963638000429238,0.05150792277559147,0.00022966274845614976,56.40354240741821,61.92297809176458,84.90653049050074,84.56761317281585,1.6222118821519729,0.9067642243002219,0.715447657851751,90.49229098428431,88.87007910213234,89.41003646850587,74.45044620513916,98.59468826284026,77.08916870127106,87.84192848205566,0.2448206674556598,4.922589241335976,0.045649064229359715,1.1087928699287304,63.0,-0.004707160159614836
2023-04-04,92.60042572021484,93.91669464111328,91.79788970947266,93.03138732910156,455068842,-0.004707160159614836,0.022881157566623216,-0.004696098843831598,55.66317756584247,59.662680709312696,80.02148326192352,83.23869371084973,1.6702183313545476,1.0594550457110872,0.6107632856434604,90.8166194051967,89.14640107384216,89.43960998535157,74.63422702789306,98.21507178741805,79.08601234954483,88.65054206848144,0.21578051291661887,4.722318933500595,0.038747131885287334,0.7483376133294593,62.0,0.00023420873657856953
2023-04-05,92.62211608886719,94.87064361572266,91.71532440185547,92.59849548339844,574810382,0.00023420873657856953,0.03406658525097597,0.00023423616558604365,55.694270120898075,59.74777938627697,67.7520705232777,77.56002809190068,1.6905266804359087,1.1856693726560517,0.504857307779857,91.0943881257614,89.40386144532549,89.37830078125,74.80825483322144,97.95297175939355,80.70496891443459,89.32897033691407,0.19308408884493145,4.610390382098209,0.03836963159855404,0.9427035203316886,62.0,-0.01844727808667927
2023-04-06,90.92915344238281,92.6522445678711,90.22045135498047,92.6212387084961,401237969,-0.01844727808667927,0.026743823304497483,-0.018278168519277216,52.59404286978786,50.11948040897245,50.334048816001705,66.03586753373433,1.5521213675415027,1.258959771633142,0.29316159590836066,91.06896740524161,89.5168460377001,89.14097778320313,74.99867918014526,98.06567446024833,81.13494962422432,89.60031204223633,0.18895832447595837,4.454776298583381,0.03496500938495098,0.669512711407377,63.0,-0.003203493661470034
2023-04-07,90.6383285522461,91.39200592041016,89.55905151367188,90.92683410644531,409439989,-0.003203493661470034,0.020222729567235153,-0.003198367950505543,52.05795131511757,48.55142723366265,49.260968336776735,55.782362558685406,1.4027964574561764,1.287727108797749,0.11506934865842733,91.00271527401154,89.59991881655536,88.97470031738281,75.18749647140503,97.89102020543284,82.07506255823903,89.98304138183593,0.17576598217079645,4.267503306308731,0.034139730535161665,0.6943544658080273,64.0,-0.007343134377027357
2023-04-08,89.9751968383789,91.29635620117188,89.63033294677734,90.6330795288086,321874464,-0.007343134377027357,0.01851647246059582,-0.007316239437104577,50.7867745379774,44.821061769012175,42.16590520052667,47.253640784435056,1.2169183261411547,1.2735653522664303,-0.05664702612527561,90.84463551468345,89.62771718854229,88.76801406860352,75.37556713104249,97.74836104425772,82.77163178411142,90.25999641418457,0.16592875975112129,4.081683302600574,0.03409366353502614,0.551591282518576,61.0,0.007766103651157046
2023-04-09,90.67667388916016,90.9792709350586,89.392578125,89.9766845703125,313065579,0.007766103651157046,0.01749835698647382,0.007796338051266449,52.11870967297023,49.60009004397821,49.67123764029031,47.03270372586459,1.1133775797185876,1.2415277977568617,-0.1281502180382741,90.81879526460294,89.70541768488435,88.58571060180664,75.57276958465576,96.02950459687771,85.7157003286594,90.87260246276855,0.11349740173276089,3.9034696959904323,0.02887244350743288,0.5489625092793325,61.0,0.03409099668507227
2023-04-10,93.82122802734375,94.204345703125,90.03181457519531,90.67943572998047,525494733,0.03409099668507227,0.04447320948211873,0.03467875478127236,57.651785722559346,65.31222255389596,83.31585103942781,58.38433129341496,1.2704154722657677,1.247305332658643,0.023110139607124713,91.2807079973323,90.01029252506653,88.51085083007813,75.77432266235351,95.14987642993728,87.70391614208421,91.42689628601075,0.08144168281246114,3.9226883697003787,0.027530521156327908,0.9248967895501894,62.0,0.0052151521754335494
2023-04-11,94.31179809570312,96.88776397705078,93.38036346435547,93.825927734375,640151185,0.0052151521754335494,0.03718941408726159,0.005228774752515486,58.458299367780654,67.17474794602674,73.02803067885066,68.67170645285627,1.4181069835918976,1.281465662845294,0.1366413207466035,91.7470295509278,90.32892256733591,88.47827041625976,75.97043308258057,95.19931861470057,88.34996498515294,91.77464179992675,0.07463231122688078,3.893024951342874,0.025100400531065763,1.1603478513804746,68.0,-0.019352699099291232
2023-04-12,92.50415802001953,94.67788696289062,91.2491226196289,94.30785369873047,501836456,-0.019352699099291232,0.037066056452507504,-0.01916663781395922,54.350794274001494,54.576995826633436,54.10091172201466,70.14826448009772,1.3734597344784447,1.2998644771719243,0.07359525730652039,91.863510853865,90.49005111938655,88.45416397094726,76.16535737991333,95.0432152454865,88.38638375353693,91.71479949951171,0.07258186822929272,3.859863479337077,0.020151079162317377,0.9576235941204723,65.0,0.01879800703565072
2023-04-13,94.2594985961914,94.53761291503906,91.93038940429688,92.13507843017578,494346656,0.01879800703565072,0.02766006131553445,0.018975801885489085,57.47547413292052,62.53658415708045,70.65920794204271,65.92938344763603,1.462854901682718,1.3324625620740833,0.1303923396086346,92.23212435268444,90.76926945100172,88.4349754333496,76.37349487304688,95.14438698182028,88.34017112364847,91.74227905273438,0.07416663209620801,3.7703891958660134,0.0206157362700946,0.978103871704526,61.0,0.02299359282598313
2023-04-14,96.45197296142578,98.80625915527344,93.99677276611328,94.2663345336914,856817465,0.02299359282598313,0.04986405401042054,0.023259983321436417,61.06071313127636,70.15697878281497,74.99080129997488,66.5836403213441,1.6911213791784547,1.4041943254949578,0.2869270536834969,92.88133183095233,91.19021045177388,88.47017501831054,76.58859441757203,95.95673204957548,88.0149087280124,91.98582038879394,0.08633747340617925,3.844610423958452,0.020446724584766037,1.6365281756833554,68.0,0.004306198293565255
2023-04-15,96.86820983886719,97.24229431152344,95.18162536621094,96.45269775390625,403922763,0.004306198293565255,0.02127291243164568,0.004315483288329203,61.72054769483666,71.44353099377723,79.41241783980485,75.02080902727418,1.8838946793578657,1.5001343962675395,0.38376028309032617,93.49469767832385,91.61080299896598,88.57643722534179,76.8092491722107,96.61951287714062,87.68642965825977,92.1529712677002,0.09693754955475772,3.7171860326265986,0.019991063958804855,0.7778791630843509,68.0,0.034489706940924514
2023-04-16,100.26744842529297,101.86003875732422,95.65457916259766,96.8604507446289,768844226,0.034489706940924514,0.061889074591841356,0.03509137406461993,66.68541107891467,79.75788346065335,87.22602477763465,80.54308130580482,2.28462333819499,1.6570321846530296,0.6275911535419605,94.5366593317037,92.25203599350871,88.71651718139648,77.04404428482056,98.20084720124261,87.20715298186285,92.70400009155273,0.11858921091347295,3.894919858490882,0.01773198114566652,1.4503853173627477,68.0,-0.016012540436973276
2023-04-17,98.67469787597656,100.30293273925781,97.98225402832031,100.25770568847656,687145902,-0.016012540436973276,0.023518477997818067,-0.01588502125396285,62.58911626374217,68.80655848499103,74.45076447172357,80.36306902972105,2.445491920663841,1.814724131855192,0.6307677888086487,95.17328064620722,92.72778872554338,88.78489868164063,77.26784753799438,99.00267649394205,87.3588560988314,93.18076629638672,0.12495948314134185,3.782474062237069,0.018339538140084405,1.2804546416985991,69.0,0.03168650077421762
2023-04-18,101.8514175415039,103.04960632324219,98.15673065185547,98.69963073730469,711227682,0.03168650077421762,0.048039347801839855,0.03219386260011792,66.94976173539712,76.3596515691443,91.22657752224235,84.30112225720022,2.7970732401255134,2.0111939535092564,0.785879286616257,96.20068632240671,93.4036130822812,88.9401934814453,77.51011943817139,100.5728169363477,86.83968382659175,93.70625038146973,0.14655514497538427,3.8617884628906154,0.018809502780572876,1.3047106335628664,58.0,-0.11882087821498774
2023-04-19,90.44068145751953,101.860107421875,89.46781921386719,101.84577178955078,935252615,-0.11882087821498774,0.13702117242259543,-0.112033159276694,46.14387180626656,37.90101233738145,7.674461217371096,57.78393440377903,2.1303950621764898,2.0350341752427035,0.0953608869337863,95.31453172780867,93.18413666563218,88.87315155029297,77.6977885055542,100.47944735336606,87.07113248061833,93.7752899169922,0.14298345421929878,4.47110987325613,0.033072273162895426,1.6634552480440774,63.0,-0.0022252227763868084
2023-04-20,90.23965454101562,91.88353729248047,87.58045196533203,90.43507385253906,747749560,-0.0022252227763868084,0.0476850820078506,-0.0022227488035716503,45.873399118862885,37.51268721166913,17.19035516846989,38.697131302694466,1.5677545127554282,1.9415782427452486,-0.3738237299898204,94.53378139137897,92.96602687862354,88.72319137573243,77.88942861557007,100.44349265966241,87.16263984766181,93.80306625366211,0.14158228875041826,4.459108119962723,0.033045282623112765,1.2959034780934569,52.0,-0.053749778249494756
2023-04-21,85.51734161376953,90.6721420288086,84.89508056640625,90.24197387695312,662381963,-0.053749778249494756,0.06755426856571221,-0.05233079571575394,39.949520042521186,29.28855670860436,3.4275808451177743,9.430799076986277,0.7323643956480055,1.6997354733258,-0.9673710776777946,93.14663681020829,92.41427241456029,88.52839340209961,78.04613428115844,100.9924387912575,85.87789278222884,93.43516578674317,0.16176506866297174,4.5532476444226955,0.034086282876597776,1.1367632652094692,50.0,0.01832077938118374
2023-04-22,87.09852600097656,87.25150299072266,85.03276824951172,85.516357421875,380034373,0.01832077938118374,0.025473849479221506,0.018489634469091465,42.62134537010518,34.86669737466062,12.137168792418734,10.918368268668823,0.1956448032111382,1.3989173393028678,-1.2032725360917296,92.21615822417263,92.02051342096149,88.45938446044921,78.20513460159302,101.18650832650904,85.09207825186009,93.13929328918456,0.17279957262160006,4.386496722764713,0.03443803414787279,0.6618267632529486,53.0,-0.002312727374944762
2023-04-23,86.89732360839844,87.13085174560547,84.92311096191406,87.09872436523438,382921210,-0.002312727374944762,0.02540631508561252,-0.0023100550814817433,42.36305148670705,34.46309707826221,11.028892017398247,8.864547218311609,-0.24314190369817368,1.0705054907026594,-1.3136473944008331,91.39787597559199,91.64101787929016,88.41154022216797,78.36672468185425,101.32764600388643,84.33693910963896,92.8322925567627,0.18302582459501823,4.230871298545191,0.03442906302115479,0.6854019958434588,56.0,0.01722777594620223
2023-04-24,88.40734100341797,88.88236236572266,86.3748550415039,86.88499450683594,516200917,0.01722777594620223,0.02836311210990732,0.017377029951168632,45.054302174186994,40.49418514321734,19.346473072639785,14.170844627485613,-0.4636925866745827,0.7636658752272111,-1.2273584619017939,90.93779367218059,91.40148625885517,88.3806201171875,78.54129316329956,101.33472747341928,83.91054916842641,92.62263832092285,0.1881200818812873,4.107773871807588,0.03473371402994677,0.9189356901222174,53.0,0.030094393832666013
2023-04-25,91.10834503173828,91.65496826171875,87.41622924804688,88.40298461914062,614049406,0.030094393832666013,0.04652415771788279,0.030551807097285,49.588598612311316,50.0808400737468,34.22432812926814,21.533231073102076,-0.4157397510017802,0.5277847499814129,-0.9435245009831931,90.96403234288178,91.37977209388356,88.45432861328125,78.73250019073487,101.28400872125543,83.80989081487739,92.54694976806641,0.1888135476119985,4.117128524797894,0.03548282859332397,1.0893199790231274,53.0,-0.031828246183950616
2023-04-26,88.25418853759766,93.80284118652344,85.43302154541016,91.10785675048828,798720366,-0.031828246183950616,0.09483764770606448,-0.03132705893347487,45.331501532013355,41.78233705284945,18.502868189363536,24.024556463757175,-0.6011140900955212,0.3020049819660261,-0.9031190720615473,90.547133295915,91.14824738601052,88.49337432861329,78.90977926254273,101.32537025917668,83.50103278647762,92.41320152282715,0.192876528233861,4.420892175963279,0.03595561895735216,1.3686705309000762,56.0,0.016124880401595952
2023-04-27,89.68881225585938,90.51069641113281,87.78321838378906,88.25872039794922,574362305,0.016124880401595952,0.030410459886155573,0.016255587888053036,47.759155673120404,46.93837074240693,26.405160639616735,26.37745231941616,-0.6250571749361882,0.11659255058558327,-0.7416497255217714,90.41508390513721,91.0401410800734,88.63147994995117,79.0886731338501,101.32519892558311,83.40625249043252,92.36572570800782,0.19399995288075858,4.299934022490455,0.0361663611042863,0.9705016955212139,59.0,0.00047455106064849125
2023-04-28,89.73138427734375,90.18099212646484,88.3111801147461,89.69343566894531,438218243,0.00047455106064849125,0.020837882161045165,0.00047466367781656693,47.83318689619885,47.10056857210344,26.639658759009055,23.849229195996468,-0.633296784707909,-0.03338531647311517,-0.5999114682347938,90.30989934701515,90.94319613172306,88.89148666381836,79.27355068206788,101.3266388456637,83.38043131424843,92.35353507995606,0.19432074274014685,4.126353878863905,0.03613103966190796,0.7332513061129952,64.0,0.015000178934335247
2023-04-29,91.08751678466797,91.45570373535156,89.5018310546875,89.72390747070312,332392500,0.015000178934335247,0.021450498922734297,0.015113246254316648,50.25168446072077,52.49703878933144,34.10960055472673,29.051473317784197,-0.5243537514979693,-0.131579003478086,-0.39277474801988327,90.42953279896174,90.95388655045971,89.27799270629883,79.46889616012574,101.33360238209721,83.41455206736569,92.37407722473145,0.19398353794796044,3.9711766504210595,0.036250319676562344,0.5552798896032832,64.0,-0.028438369417480402
2023-04-30,88.53362274169922,91.3938217163086,88.26285552978516,91.08707427978516,364294782,-0.028438369417480402,0.03536471330963346,-0.02803780510348297,45.93290803686439,42.88506837167284,20.042066777331847,26.930442030355902,-0.6367534211971275,-0.23261388702189428,-0.40413953417523324,90.13785432861366,90.77460774981078,89.65452606201171,79.65045753479004,101.19399508342218,83.02539883747625,92.10969696044921,0.19724954967279187,3.911161617285515,0.035870339409565966,0.6168804910471216,60.0,-0.020437115255509692
2023-05-01,86.74261474609375,88.81195068359375,85.59090423583984,88.5123291015625,494450271,-0.020437115255509692,0.03713337967943788,-0.02022969285726417,43.13327042790044,37.297769324272856,10.176714084595828,21.442793805551492,-0.8604318239305542,-0.35817747440362624,-0.5022543495269279,89.61550977745675,90.4759416013873,89.86314147949219,79.82795318603516,101.04481988786665,82.41765569807086,91.73123779296876,0.2030623878840058,3.8618676766046858,0.03602317534916615,0.847737813283743,63.0,0.017747163926065363
2023-05-02,88.29579162597656,89.02608489990234,86.2947769165039,86.74449157714844,406998356,0.017747163926065363,0.030933614537013657,0.01790558060105929,46.19594572242155,44.6003002206122,20.045421021388353,16.754733961105362,-0.9019727949255696,-0.4669365385080149,-0.43503625641755467,89.41247621569056,90.31444901061613,89.9936915588379,80.01285432815551,100.9445493558089,82.0970895907243,91.5208194732666,0.20593630906670352,3.781113412804239,0.03615588338430534,0.7035206447702247,55.0,0.006761783014086725
2023-05-03,88.89485168457031,89.7755355834961,85.85283660888672,88.2949447631836,466944292,0.006761783014086725,0.044127403334092596,0.0067846954827857076,47.37323584709119,47.3590382640875,44.90209479957313,25.041409968519122,-0.8764519806899642,-0.5488396269444048,-0.3276123537455594,89.33284167244129,90.20929365313125,90.08457778930664,80.20498268127442,100.65460601896854,81.85056823640255,91.25258712768554,0.20606580453718382,3.791226667218892,0.0358848899647042,0.8090568416920698,64.0,-0.0045143525887797005
2023-05-04,88.49445343017578,89.10044860839844,87.65029907226562,88.89431762695312,311253105,-0.0045143525887797005,0.01638689748252996,-0.0045041782151263865,46.63868595580364,45.58880749445714,40.40715750309621,35.11822444135259,-0.8784095854919514,-0.6147536186539142,-0.26365596683803716,89.2038588659389,90.08226845143085,90.32590377807617,80.3900503540039,100.01328504393996,81.69613725830612,90.85471115112304,0.20160922371065643,3.6240068721413152,0.035362358526343986,0.5660503395373533,64.0,0.0038821379897672173
2023-05-05,88.83866882324219,89.52669525146484,87.07610321044922,88.49211120605469,402566192,0.0038821379897672173,0.027584745173202047,0.0038896832482049337,47.39386073017476,47.55495621545923,44.09545968498579,43.13490399588506,-0.8424741780068103,-0.6602977305244935,-0.18217644748231687,89.1476757824471,89.9901499604539,90.52160614013673,80.57502450942994,99.21766177709473,81.68880642358887,90.4532341003418,0.1937891500270815,3.540191527060909,0.035357050131412056,0.7322042367769898,61.0,-0.06040249844598665
2023-05-06,83.63143920898438,89.34297943115234,82.33717346191406,88.8398208618164,611083498,-0.06040249844598665,0.08377000366730099,-0.058614448901956995,38.51409048152959,29.03673852970661,11.288184675824512,31.93026728796886,-1.2201103473195758,-0.7722602538835099,-0.44785009343606585,88.29902400191436,89.51913434923394,90.48418853759766,80.73379669189453,97.62713417222903,81.61573310682371,89.62143363952637,0.1786559354741643,3.787735415787864,0.03623018364616442,1.1276426301530373,60.0,-0.0007036942503088373
2023-05-07,83.5726089477539,84.69554138183594,83.34185028076172,83.6258544921875,345770753,-0.0007036942503088373,0.016197784395129866,-0.0007034467155762059,38.42649350248195,28.888463275583433,10.775085372377944,22.05290991106277,-1.5067677618101385,-0.9191617554688356,-0.5876060063413029,87.57188322435121,89.07865098616135,90.49596588134766,80.89672657012939,96.12827435145383,81.60438403477664,88.86632919311523,0.16343524536852813,3.6138751075940325,0.0362375271764322,0.6588071954887134,64.0,-0.07063092913142906
2023-05-08,77.8734359741211,84.86123657226562,76.82546997070312,83.56997680664062,718898381,-0.07063092913142906,0.10319008659426492,-0.06819426897628256,31.057177064698763,18.317031882960706,6.17272244386943,9.411997497357317,-2.168820642720064,-1.1690935329190815,-0.9997271098009826,86.07981441662349,88.24863505934356,90.36471267700195,81.03013874053956,93.78565272135405,81.54920750813814,87.6674301147461,0.13957800744472473,3.9297245000203516,0.037495008298923944,1.368738030731185,60.0,0.027211499643484353
2023-05-09,80.0215835571289,80.05975341796875,77.59510803222656,77.87397003173828,468132043,0.027211499643484353,0.030799757717649152,0.027585113667280448,36.03645038813199,29.639415394285905,18.825727174107453,11.92451166345163,-2.491444937179125,-1.4335638137710902,-1.0578811234080348,85.14777889977816,87.63922383695729,90.39665328979493,81.17212980270386,93.9656160136914,80.32733442576173,87.14647521972657,0.15649837303852873,3.825075991857626,0.029188478897624253,0.9327734132020074,51.0,0.013016300159032285
2023-05-10,81.06997680664062,81.9688720703125,78.1779556274414,80.01506805419922,582964296,0.013016300159032285,0.046761040180297316,0.01310138093884694,38.375685061960745,34.78638404257853,29.011886646634828,18.00344542153726,-2.6321882142195534,-1.673288693860783,-0.9588995203587705,84.52042473160316,87.15261294582271,90.36334579467774,81.31657882690429,93.83859034291666,79.53739232309897,86.68799133300782,0.16497323100820638,3.8226360240728736,0.029492897299089618,1.1809697472312233,52.0,-0.0003589952201078012
2023-05-11,81.04087829589844,81.79845428466797,78.89405059814453,81.06985473632812,586874786,-0.0003589952201078012,0.03583874888323406,-0.0003589307890341509,38.33378119274548,34.704179238717316,28.812993647313796,25.550202489352046,-2.714781965302251,-1.8815873481490766,-0.8331946171531743,83.98510989534088,86.69989186064313,90.23702560424805,81.45203138351441,94.01629183796965,78.91204449625886,86.46416816711425,0.17468793908382885,3.7570479999621997,0.027210162535489142,1.1980544945454346,52.0,-0.006657561462150716
2023-05-12,80.50313568115234,81.30793762207031,77.84980010986328,81.0281753540039,526826920,-0.006657561462150716,0.04295655669741398,-0.006635448998747018,37.51845516300457,33.02174384479274,25.13743641838243,27.654105570777038,-2.7914513296880727,-2.0635601444568756,-0.7278911852311971,83.44942155469649,86.24087288438456,89.97306823730469,81.59170083999634,94.11098187281941,78.15781542942669,86.13439865112305,0.18521248993690761,3.735697250836831,0.026764710655938103,1.0595957752817677,49.0,-0.002455506469317946
2023-05-13,80.30570220947266,80.97518920898438,80.1424560546875,80.50262451171875,305028463,-0.002455506469317946,0.010369539539355998,-0.002452494179377762,37.20556739079399,32.34996920105891,23.888991009702526,25.946473691799607,-2.8354581875068163,-2.217939753066864,-0.6175184344399525,82.96577242466205,85.80123061216887,89.70498413085937,81.71310358047485,94.16362818494538,77.44600697740815,85.80481758117676,0.19483313033934618,3.528342672512548,0.026764273595743404,0.6183408460437081,48.0,0.03833868716523683
2023-05-14,83.44429779052734,83.81517028808594,80.0142593383789,80.3096923828125,400491842,0.03833868716523683,0.045550277854198844,0.039083097397839106,45.05077553689536,50.88208151151273,51.11038057819324,33.37893600209275,-2.5872512840327175,-2.2918020592600348,-0.29544922477268276,83.03939171171825,85.62664299575097,89.54224716186523,81.84836668014526,93.88632218621538,77.22700865484907,85.55666542053223,0.19471672311539553,3.547811835169297,0.028029601298633654,0.8214946978975297,48.0,0.0424936409756373
2023-05-15,87.06656646728516,88.42467498779297,82.56475830078125,83.44499969482422,776623075,0.0424936409756373,0.06730386788841104,0.043409421286651595,52.436411946680664,64.1173671237778,79.0814255525097,51.360265713468515,-2.074346934913848,-2.2483110343907975,0.17396409947694957,83.65895705872855,85.7333039936424,89.41307464599609,82.00966146469116,93.3239900860159,77.38516289860326,85.35457649230958,0.18673664427177758,3.7129621817294702,0.02892048978232171,1.5668946692183332,50.0,0.03155456618042482
2023-05-16,89.85771942138672,90.2391128540039,86.41757202148438,87.06422424316406,809177581,0.03155456618042482,0.04252879838401485,0.03205768950530885,57.20912360216995,71.11453757778418,97.15667521541071,75.78282711537123,-1.4262034407195756,-2.083889515656553,0.6576860749369775,84.6126128068298,86.03881624754938,89.42529159545899,82.18393056869508,93.55016733029215,77.31933874270588,85.43475303649902,0.18997922988847663,3.720717799643046,0.028983564192912474,1.6308553939586448,54.0,0.04389350962675637
2023-05-17,93.88973236083984,94.87337493896484,89.83343505859375,89.86700439453125,1045389525,0.04389350962675637,0.053679350804851006,0.04487108025238262,62.98699531082317,78.25941086360001,94.549824038553,90.26264160215783,-0.5805036202893774,-1.783212336583118,1.2027087162937407,86.0398619689852,86.62036558927458,89.52029876708984,82.37089834213256,94.38330022726373,76.90629785623236,85.64479904174804,0.20406379098994804,3.8149479482664783,0.030382617295379596,2.0114516406511016,50.0,-0.036297176962192396
2023-05-18,90.54290771484375,94.0677490234375,89.68464660644531,93.88941955566406,586904480,-0.036297176962192396,0.04840911925201641,-0.03564633279742957,56.2031896034285,63.13599016583265,76.00570685774072,89.23740203723482,-0.17828602766383028,-1.4622270747992605,1.2839410471354302,86.73263823757884,86.91092426524267,89.50432220458984,82.54666511535645,94.50654719944762,76.86420322779847,85.68537521362305,0.20589679309526104,3.855530410318315,0.03158692240233539,1.1133469672261413,51.0,0.012724530345882275
2023-05-19,91.70238494873047,93.23743438720703,90.44110870361328,90.53280639648438,558055386,0.012724530345882275,0.030493489184137763,0.012805831656504507,57.89506906879261,65.80672183013789,82.43014911807911,84.32856000479096,0.23136737584471234,-1.123508184670466,1.3548755605151783,87.49721465467908,87.26584727883437,89.55717208862305,82.72975486755371,94.6163180069331,76.81591923671924,85.71611862182617,0.20766687825364608,3.779872929837989,0.031535809114246374,1.03643695820121,48.0,0.0072680996642847905
2023-05-20,92.3713150024414,92.68251037597656,90.82449340820312,91.71121215820312,306548115,0.0072680996642847905,0.020114653209433356,0.00729457640698139,58.88194523998414,67.39657207691215,86.13656299208438,81.52413965596809,0.6030461734668933,-0.7781973130429941,1.3812434865098875,88.24707624664252,87.64403007317563,89.61091583251954,82.91597549438477,95.19977013656647,76.6162363331601,85.90800323486329,0.21631900525729802,3.6425975039762357,0.03082373721260534,0.572399679724585,48.0,-0.0010013028846258198
2023-05-21,92.27886962890625,93.29615020751953,91.46859741210938,92.37760162353516,365938794,-0.0010013028846258198,0.019804672540523593,-0.001000801748169522,58.67725898580863,66.89508361769217,85.62434080508967,84.73035097175108,0.8800006298579035,-0.44655772446281466,1.3265583543207182,88.86735215160617,87.98735152174827,89.59898620605469,83.07457750320435,95.88062452814131,76.48900742986649,86.1848159790039,0.22500038873435607,3.512951453364373,0.030378245356321734,0.691594302739959,52.0,-0.014548430583939466
2023-05-22,90.94607543945312,92.65963745117188,90.36430358886719,92.27718353271484,396591248,-0.014548430583939466,0.02523840474933736,-0.014443113518976536,55.67249866685381,59.45411074148727,77.27029267049852,83.01039882255755,0.980639477958789,-0.16111828397849393,1.141757761937283,89.18715573435186,88.20651625639307,89.55758819580078,83.2197013092041,96.19564673031333,76.43901360904214,86.31733016967773,0.22888373728004238,3.425978768288681,0.030416646486185223,0.7502627565508379,49.0,0.007517423891185627
2023-05-23,91.63233184814453,92.98806762695312,90.6908950805664,90.9487533569336,384556801,0.007517423891185627,0.02506945419869542,0.007545750659117445,56.896441540991255,61.99368762997802,80.96144245050226,81.28535864203018,1.1030563006347762,0.0917166329441601,1.0113396676906161,89.56333667493536,88.46028037430058,89.52948806762696,83.33987998962402,96.54515682030512,76.36325153540776,86.45420417785644,0.23344041480479638,3.3453497524385405,0.030424022652735184,0.7332101148766123,50.0,-0.06343262266496125
2023-05-24,86.0003662109375,91.7929458618164,85.11100006103516,91.63601684570312,771426876,-0.06343262266496125,0.07769671334180252,-0.06146264668392887,45.73552559249113,38.75329224167395,47.87811128330661,68.70328213476915,0.7371228624340773,0.22079787884214358,0.5163249835919337,89.01518737278184,88.27806451034776,89.39748687744141,83.42127582550049,96.37807140191575,76.2809282318733,86.32949981689453,0.23279577910990593,3.5836780416058764,0.03371338235712121,1.4090182834945024,50.0,0.006956084239499956
2023-05-25,86.60067749023438,86.60103607177734,83.53244018554688,85.98468780517578,561109959,0.006956084239499956,0.035433855428862,0.006980333988630516,46.93050622791933,41.48135045671719,51.40446391677729,60.08133921686207,0.489910693959402,0.27462044186559526,0.21529025209380676,88.64372431392839,88.15381361996899,89.27705810546875,83.51384895324708,96.20154869226097,76.23365180822732,86.21760025024415,0.2315988478695463,3.5468864590790616,0.033745863217151055,1.0102450786377133,51.0,0.007676965724997871
2023-05-26,87.26806640625,88.04351806640625,86.27979278564453,86.60363006591797,518267207,0.007676965724997871,0.02021043152888516,0.0077065091793409035,48.293755981128534,44.67746428833807,48.81721942849045,49.3665982095248,0.34388192057495814,0.28847273760746783,0.05540918296749031,88.43208463582401,88.08820271524905,89.2038363647461,83.61192794799804,96.32062236333095,76.4782408568839,86.39943161010743,0.22965870419135714,3.4195178034849656,0.03077021476688238,0.9409715515869626,49.0,0.015714973791854638
2023-05-27,88.65031433105469,88.7843017578125,87.06436920166016,87.25614929199219,306057058,0.015714973791854638,0.019401313679830258,0.01583910337110095,51.0957592885391,51.12729173429699,58.11957605562498,52.7804198002976,0.33581782237413904,0.2979417545608021,0.03787606781333697,88.46565843509028,88.12984061271614,89.16407608032226,83.76822050094604,96.53194554797264,76.7746882105723,86.65331687927247,0.2280034746382143,3.2981188572469216,0.03090938930494051,0.5576911128957552,48.0,0.032512932412792774
2023-05-28,91.57996368408203,92.15806579589844,88.33882141113281,88.6490707397461,448657302,0.032512932412792774,0.041703929889518696,0.03304725285109411,56.47894592819962,62.06375396868657,73.24304305110905,60.05994617840818,0.5593770348813933,0.35022881062492034,0.209148224256473,88.94478231955055,88.38540528466916,89.19617141723633,83.9728274345398,96.5660872966553,78.11119923288572,87.33864326477051,0.21130266482183446,3.3353421092125433,0.026238245664791656,0.838171405984225,50.0,-0.006347973806083207
2023-05-29,91.00045776367188,92.10299682617188,90.4075698852539,91.5782699584961,415109197,-0.006347973806083207,0.018630971564132032,-0.006327867986596347,55.184927937992484,59.01607113263568,65.85010619053482,65.73757509908963,0.6819272044782139,0.4165684893955791,0.26535871508263476,89.26104008018461,88.5791128757064,89.20264709472656,84.12602445602417,96.60046658547736,79.17470736471796,87.88758697509766,0.19827326953118954,3.2182053114772167,0.02602435708208232,0.7793576017798873,52.0,0.014462455634363398
2023-05-30,92.32611083984375,93.11832427978516,90.72916412353516,90.99673461914062,455802742,0.014462455634363398,0.02587740493471482,0.014567542941537726,57.57928233856422,63.764836869389335,77.5392050610873,72.21078476757708,0.8759211473671797,0.5084390209898992,0.3674821263772805,89.7325894278245,88.85666828045731,89.17274475097656,84.28144359588623,96.7745394412799,80.12624791223573,88.45039367675781,0.1882217911871076,3.1589878003895584,0.02604562505083396,0.8660974865749704,51.0,-0.019546194958292806
2023-05-31,90.53900909423828,92.58869171142578,88.3498306274414,92.32270812988281,567208418,-0.019546194958292806,0.04681806357712973,-0.019356406647578983,53.43460243944126,53.9358095332544,66.50558627661701,69.9649658427464,0.8753678733729799,0.5818247914665153,0.2935430819064646,89.85665399188815,88.98128611851517,89.09728897094726,84.43486087799073,96.55953475976926,81.29106567358033,88.9253002166748,0.17169994421144352,3.2361216063606166,0.026657768259628914,1.079803507222634,51.0,0.03721964156916545
2023-06-01,93.97233581542969,95.64359283447266,89.66291809082031,90.5374755859375,961609681,0.03721964156916545,0.06364292950426324,0.037920966393809374,59.47055650105537,65.76413445987404,86.20067744591425,76.74848959453955,1.138842307422749,0.693228294657762,0.4456140127649869,90.48983581089455,89.3509935034718,89.12665252685547,84.6172866821289,96.48173095634566,82.71578949043167,89.59876022338867,0.15363986545787664,3.4321611161671686,0.02739624964107017,1.7578811876866836,52.0,0.015264154502060279
2023-06-02,95.4177474975586,95.52638244628906,93.17652130126953,93.99617004394531,567841812,0.015264154502060279,0.02462708674903121,0.015381246721033248,61.720198434430145,69.59837862519942,98.13522838444206,83.61383070232446,1.4475933821623528,0.8441013121586802,0.6034920700036726,91.24797607038131,89.80038268821896,89.14981750488282,84.81164442062378,96.23581503901195,84.47290993657398,90.35436248779297,0.13018635490928462,3.354853975370909,0.027335797038728536,1.0136984836472687,50.0,0.006012069714515529
2023-06-03,95.99313354492188,97.17709350585938,94.36772155761719,95.41691589355469,477888613,0.006012069714515529,0.02926638442245962,0.0060301784778351575,62.609914966214895,71.10148111324338,91.32290184921764,91.88626922652467,1.718895323333058,1.0190601143935558,0.6998352089395021,91.9780002972337,90.25910497390065,89.14064071655274,85.00157377243042,96.44313198104335,85.52047656998205,90.9818042755127,0.12005318533786297,3.315890973433143,0.026426758852916368,0.8472628600460193,53.0,-0.01790240420470598
2023-06-04,94.2899169921875,96.46296691894531,94.26844787597656,95.99697875976562,436188890,-0.01790240420470598,0.023274164544556546,-0.01774310817697522,58.29096240086083,60.7318013865594,78.84023546883527,89.43278856749835,1.7759961468431698,1.1704473208834787,0.6055488259596911,92.33367978876507,90.5576836419219,89.08907485961915,85.18544124603271,96.6746916846278,86.01125191888782,91.34297180175781,0.11674067041395265,3.2357929783999717,0.025595675098865754,0.797396244096825,52.0,-0.07091873184697699
2023-06-05,87.83460235595703,94.48497772216797,85.06339263916016,94.29324340820312,896571627,-0.07091873184697699,0.10726507356208041,-0.06846240660881409,45.48445868280808,36.92165082162582,31.530021829177738,67.2310530490769,1.2855401128359034,1.1934658792739636,0.09207423356193978,91.64151402987152,90.35597391703561,88.84041793823242,85.31219367980957,96.75605598585801,85.72757591111466,91.24181594848633,0.12087089631107144,3.6776352715862464,0.02971185803551304,1.6260320785506266,53.0,0.034532339377264
2023-06-06,90.92071533203125,91.29386138916016,86.10227966308594,87.82861328125,649344540,0.034532339377264,0.0571000976742781,0.03513550347239569,51.02420569061644,48.23996479063379,54.14776742979325,54.83934157593544,1.1328153080687713,1.1813357650329253,-0.04852045696415397,91.53062192251147,90.3978066144427,88.68533828735352,85.45357843399047,96.47267931211036,85.71405088198145,91.0933650970459,0.11810551096303504,3.785774304049673,0.029031053334704036,1.2215277671822158,44.0,-0.02305644760103167
2023-06-07,88.848388671875,91.11282348632812,87.90330505371094,90.91618347167969,537757007,-0.02305644760103167,0.03612354124361472,-0.022792678792598275,47.53134860465348,42.29458779974413,38.95993809102051,41.54590911666386,0.8349357381895572,1.1120557596642517,-0.2771200214746945,91.1179706531828,90.28303491499324,88.42527770996094,85.57875839233398,96.47267525756317,85.54460303223175,91.00863914489746,0.1200773061547764,3.7446131703759242,0.028341094051250168,1.016310735356898,53.0,-0.004306787446569124
2023-06-08,88.46656036376953,89.44023895263672,87.45428466796875,88.85504150390625,356770854,-0.004306787446569124,0.022448643606147185,-0.004297526537207053,46.894377211116655,41.20300176384097,28.093542692347178,40.40041607105366,0.5615801333562018,1.0019606344026417,-0.4403805010464399,90.71006137788844,90.14848124453223,88.38579528808594,85.71107955932617,96.40986519864373,85.28383063265511,90.84684791564942,0.12247023227838409,3.618994678539642,0.02816407731930566,0.6873372012071705,50.0,0.008615455343938198
2023-06-09,89.2320327758789,89.88706970214844,87.3760757446289,88.47003936767578,388902174,0.008615455343938198,0.028140051049002888,0.008652675191188619,48.3876512624109,44.550199523053806,34.412605879829975,33.82202888773258,0.4020761894145153,0.8819837454050165,-0.47990755599050117,90.48267236219465,90.08059617278013,88.3656428527832,85.85037227630615,96.24914058641879,85.13062702222378,90.68988380432128,0.1225992701477607,3.5398517698953484,0.028188500838568126,0.7433429111706937,50.0,-0.14287743573524342
2023-06-10,77.3517074584961,89.26510620117188,75.29298400878906,89.23345184326172,1185675805,-0.14287743573524342,0.1806310765651774,-0.13313969151887672,32.91714209469478,21.93733285981979,9.407389640335323,23.971179404170844,-0.675191611805829,0.5705486739628474,-1.2457402857686763,88.46252391547179,89.13771552727762,88.20233016967774,85.88491683959961,97.92810763357303,81.95894375802854,89.94352569580079,0.17754656326853385,4.285013942930168,0.042310382328618626,2.101640179281166,49.0,0.004478918314649134
2023-06-11,77.69893646240234,78.88540649414062,76.54277038574219,77.34902954101562,432046461,0.004478918314649134,0.03015016955260402,0.004488963661113177,33.58549425375165,23.26543493544051,10.994061485277127,18.271352335147494,-1.4838111752787455,0.15967670411452878,-1.6434878793932743,86.80658738423034,88.29039855950909,88.01433837890625,85.87841117858886,98.86154732566094,79.70079016823554,89.28116874694824,0.21461140603718112,4.146272669035044,0.04238870558971661,0.7634143677402754,47.0,-0.0019432359464773364
2023-06-12,77.548095703125,77.80024719238281,75.98138427734375,77.69596862792969,452560497,-0.0019432359464773364,0.02345464319333075,-0.0019413490859084837,33.429677774103624,23.066541677694218,10.304790764448677,10.235413963353729,-2.1124683733234946,-0.2947523113730759,-1.8177160619504187,85.38220404867566,87.49467242199916,87.82735382080078,85.87200092315673,99.35783833493683,77.79607554445771,88.57695693969727,0.24342406349721699,3.980029115178188,0.0422605325135738,0.7948864077025518,47.0,-0.0013455017587032103
2023-06-13,77.4438247680664,79.20506286621094,76.64176177978516,77.54544830322266,440462157,-0.0013455017587032103,0.033098844150615175,-0.0013445969770524702,33.31461741737458,22.90859926473445,9.828322050596954,10.37572476677427,-2.5892502597925784,-0.7536519010569764,-1.835598358735602,84.16091492858193,86.75016518837451,87.60808349609376,85.88907554626465,99.93712469606803,76.3611350390394,88.14912986755371,0.2674557274978454,3.8788342559815874,0.040232624847853074,0.7967960384350273,45.0,-0.056859012996603335
2023-06-14,73.16329193115234,78.05886840820312,72.02310943603516,77.44377899169922,490434416,-0.056859012996603335,0.0824970940051153,-0.05527274575776275,28.914814842772984,17.251198851083757,4.532810754559548,8.221974523201746,-3.2747572033066064,-1.2578729615069024,-2.016884241799704,82.46897292897738,85.74373013228399,87.24918243408203,85.87302753448486,100.95267210645865,74.00184907274057,87.47726058959961,0.3080894720761561,4.032900307137758,0.04171758798109899,0.8929038341421864,46.0,0.018460087259512523
2023-06-15,74.52643585205078,74.97827911376953,72.25688934326172,73.16604614257812,402537213,0.018460087259512523,0.03651576436461139,0.01863152798238188,31.994938541446814,24.205400987300493,9.952007638498591,8.10438014788505,-3.665775296947544,-1.739453428595031,-1.926321868352513,81.24704414791175,84.9128194448593,86.97462738037109,85.87043811798095,101.45179238459195,72.22856573918733,86.84017906188964,0.3365173467062716,3.939220983092761,0.042005406517239816,0.7406779269048284,41.0,0.02022561578392981
2023-06-16,76.04912567138672,76.66400146484375,74.23796081542969,74.52815246582031,352725567,0.02022561578392981,0.03190096701304817,0.020431539519195185,35.364066465836046,31.687171606273523,16.00548137494188,10.163433256000026,-3.808885153420661,-2.153339773560157,-1.655545379860504,80.44736438229252,84.25624953571318,86.70183364868164,85.88008262634277,101.52499452400765,70.89524473380486,86.21011962890626,0.35529181402426263,3.8311366735442824,0.04215068144074849,0.646248622556758,47.0,0.011287779194373527
2023-06-17,76.91241455078125,77.65483093261719,75.801025390625,76.05306243896484,273568501,0.011287779194373527,0.02410281295704501,0.011351726555343333,37.26181048508683,35.874059832344855,20.00545673461883,15.320981916019784,-3.808735812376156,-2.484418981323357,-1.324316831052799,79.9035259466754,83.71226175905156,86.44545425415039,85.88472583770752,101.09456666816271,69.85891767631972,85.47674217224122,0.3654286323746537,3.6898987355762753,0.041345331711435666,0.5093908273009788,47.0,0.003450421634424579
2023-06-18,77.17825317382812,78.43463134765625,76.50340270996094,76.90868377685547,274352131,0.003450421634424579,0.02502296383082962,0.0034563811915091502,37.866780816539844,37.2556288732677,22.95064538765717,19.653861165739315,-3.744007910717883,-2.7363367672022623,-1.007671143515621,79.4842532123912,83.22826112310908,86.16726898193359,85.87412857055664,100.58679030954363,68.98447357595441,84.78563194274902,0.3727319831139372,3.5642794428704923,0.04143296878294026,0.5176333655115897,49.0,0.0031536115574282856
2023-06-19,77.42202758789062,77.63203430175781,76.35579681396484,77.17976379394531,293010032,0.0031536115574282856,0.016484165134323887,0.003158589421730529,38.45287123077071,38.66925295199367,28.016126018268658,23.657409380181573,-3.631182018431147,-2.9153058174480395,-0.7158762009831077,79.1669877316988,82.79816975012994,85.94503707885742,85.87364868164063,99.75437248465451,68.32648307564821,84.04042778015136,0.3739615592060197,3.400847874650669,0.04118329099282696,0.561458694308494,47.0,0.03660910154082391
2023-06-20,80.30889892578125,80.65240478515625,76.0155258178711,77.42572021484375,437548832,0.03660910154082391,0.057738046833021604,0.03728746750546419,45.06191014590583,53.22818409189975,43.4044714756685,31.45708096053146,-3.2711129417544527,-2.986467242309322,-0.2846456994451305,79.34266637694226,82.61377931869671,85.81636276245118,85.88543575286866,99.0279563169403,68.02988822651673,83.52892227172852,0.3711058067956814,3.4891358098388463,0.04231109918084277,0.8489667386060941,49.0,0.05850746742936214
2023-06-21,85.14774322509766,87.15467071533203,80.13422393798828,80.30741882324219,814693890,0.05850746742936214,0.08245018025650319,0.06025290302869557,53.98179225603372,68.05656799008668,73.46990025475503,48.296832582897416,-2.5657252259881744,-2.902318839045093,0.3365936130569187,80.23575512281232,82.8014803488005,85.7534017944336,85.92818489074708,97.85767777956535,68.31770750485849,83.08769264221192,0.3555276279233124,3.741372307517768,0.04370039046919239,1.6035890755468751,59.0,0.010775582487443015
2023-06-22,86.07022094726562,88.69551086425781,84.866455078125,85.15050506591797,606189402,0.010775582487443015,0.044487579374042005,0.010833848170576754,55.466269544586666,70.16063784099148,78.6338040500285,65.16939192681737,-1.910244032368837,-2.703903877709842,0.7936598453410051,81.13336524965129,83.04360928202013,85.6969091796875,85.9724645614624,96.3553715713198,68.88526105807473,82.62031631469726,0.33248614552155165,3.747635413133128,0.043602635646131226,1.1886965676307846,65.0,0.05799510551455531
2023-06-23,91.20945739746094,92.427978515625,85.43560028076172,86.06431579589844,755797463,0.05799510551455531,0.07666286407551783,0.05970980896335876,62.68770056796585,79.10588091571577,94.02828259563351,82.04399563347238,-0.9649536478096934,-2.3561138317298127,1.3911601839201193,82.68353327239123,83.64848692020092,85.7512092590332,86.02719417572021,95.31987773632387,69.44238727832457,82.38113250732422,0.3141191395456796,3.9794027575424247,0.04579745638169445,1.4427556495419653,65.0,-0.016197126707333406
2023-06-24,89.74402618408203,93.15872955322266,87.15614318847656,91.21172332763672,666550721,-0.016197126707333406,0.0668856370721952,-0.01606665860309897,59.714230618540405,71.93223715322414,83.84384583841103,85.50197749469105,-0.3302453960422014,-1.9509401445922905,1.620694748550089,83.76976295111288,84.10000834715508,85.76931640625,86.07630821228027,94.38834195957156,69.91933397426632,82.15383796691894,0.29784375983941525,4.123915872342687,0.0457689596596084,1.245016605553284,62.0,-0.016502604025228296
2023-06-25,88.2751693725586,90.31420135498047,87.13050842285156,89.740478515625,487211798,-0.016502604025228296,0.03606555450142921,-0.016367182017336,56.805711486872326,65.03551927657549,76.89417129193788,84.92209990866083,0.053622866344056774,-1.5500275424050212,1.603650408749078,84.46290240056607,84.40927953422201,85.86219100952148,86.1325037765503,94.45271728939697,69.89901534610108,82.17586631774903,0.2987945615121867,4.056757090898846,0.04302071389539171,0.9462132453053599,64.0,-0.011386747618706356
2023-06-26,87.27570343017578,89.90308380126953,86.41650390625,88.26795196533203,548434353,-0.011386747618706356,0.03994903229635888,-0.011322163973026655,54.84808960512928,60.43563101516701,72.16534887347453,77.63445533460782,0.274033790287433,-1.1852152758665304,1.4592490661539634,84.89564102050602,84.62160723021859,85.93625289916992,86.17693294525147,93.84669125268408,70.14054019262841,81.99361572265624,0.28912191334800785,4.016030148336037,0.04231434803169108,1.0756536668217311,55.0,0.00824510772777354
2023-06-27,87.99827575683594,89.3742904663086,87.05574035644531,87.27226257324219,420226149,0.00824510772777354,0.026347676587096882,0.00827919224092244,56.02789948189044,62.663019535702354,75.58409089596461,74.88120368712568,0.5012386166970231,-0.8479244973538198,1.3491631140508429,85.37296944147985,84.87173082478283,86.13874969482421,86.23525150299072,93.71128773665963,70.19093241714897,81.9511100769043,0.28700471900183855,3.894781574159412,0.04207452177407185,0.833806988377657,59.0,-0.057740141944038814
2023-06-28,83.06114959716797,88.05243682861328,82.12751007080078,88.01544189453125,556606414,-0.057740141944038814,0.0713321063643756,-0.05610480565904086,46.9925929671834,43.25233098961321,51.690473878742,66.47997121606039,0.27969115323588767,-0.6224013672358784,0.902092520471766,85.01730485004725,84.73761369681137,86.199541015625,86.26870227813721,93.07231938065962,70.28935969648882,81.68083953857422,0.2789266101190283,4.0397919444203465,0.043983423782748686,1.0829409490732345,62.0,0.020433886810148516
2023-06-29,84.77587127685547,85.6585693359375,83.04206848144531,83.05780792236328,395849863,0.020433886810148516,0.030863744778834426,0.020644087976191106,50.00798176182406,49.58071091295788,55.69493823143142,60.98983433537936,0.23971363177291494,-0.4499783674341197,0.6896919992070346,84.98016122340236,84.74044759162945,86.2736589050293,86.30944137573242,92.41608693301882,70.49997599422727,81.45803146362304,0.26904788324744494,3.9381282951397636,0.04422855471836524,0.7696506461424777,54.0,0.2436499150119031
2023-06-30,108.16532897949219,110.79525756835938,84.58930206298828,84.76875305175781,3377766238,0.2436499150119031,0.2422768529677348,0.2758975797046421,72.76585570784239,81.82873159923795,92.48467983092219,66.62336398036523,2.071486118224257,0.05431452969755568,2.0171715885267014,88.54711010895464,86.47562399073038,86.81614791870118,86.46916038513183,98.80591835572957,67.19150672361613,82.99871253967285,0.3809024340829619,5.5286873815848585,0.0609695486792502,5.41370633029619,56.0,-0.008692259712088733
2023-07-01,107.22920227050781,111.75740814208984,104.6958236694336,108.20174407958984,1853573626,-0.008692259712088733,0.06585504995963641,-0.008654591243020815,71.36556282987868,79.45575753263243,87.33081310462009,78.50347705565791,3.408352048280264,0.7251220334140974,2.6832300148661665,91.42127813380898,88.01292608552872,87.35066925048828,86.618583984375,103.26227431965154,65.68817734050472,84.47522583007813,0.44479427678272315,5.6381800309471,0.06118001023595335,2.6669933659163685,59.0,0.054340296446199865
2023-07-02,113.21729278564453,113.62712097167969,105.70906066894531,107.2259521484375,1783628932,0.054340296446199865,0.06993684540510715,0.05584384093458539,74.71718510067441,83.11082998273329,98.91036744291432,92.90862012615223,4.89459494570508,1.559016615872294,3.335578329832786,94.77451115716829,89.87991621146321,88.00890106201172,86.80729114532471,108.52647701969518,63.99089434871301,86.2586856842041,0.5163025881709862,5.801028621789048,0.061599100478576974,2.3420777282022938,63.0,-0.056987031206480604
2023-07-03,106.94577026367188,114.49706268310547,105.97306823730469,113.23170471191406,1154666410,-0.056987031206480604,0.07970389501880351,-0.055393680308595594,66.00348521672068,68.26974763946555,80.3768429367079,88.87267449474746,5.502959009505005,2.3478050945988365,3.155153914906169,96.64701255816885,91.14405354866385,88.47893051147462,86.9803426361084,111.33890151759697,64.12866440037179,87.73378295898438,0.5381078476838962,5.995526180647029,0.06378045449644001,1.4482777994119933,62.0,-0.02111779843041934
2023-07-04,104.71099090576172,109.16132354736328,104.71099090576172,106.95414733886719,795208399,-0.02111779843041934,0.04250110330449259,-0.020896379093818918,63.17612321839665,63.55188950715253,71.52135232501911,83.60285423488047,5.738612740232838,3.025966623725637,2.7126461165072016,97.88762461164467,92.14901187141183,88.83181900024414,87.17226360321045,113.02686577295653,65.59547004247317,89.31116790771485,0.5310802315282024,5.885155213572353,0.06210623651548915,0.9787092401874302,64.0,-0.019450466866522284
2023-07-05,102.6939926147461,106.27179718017578,99.39552307128906,104.69001770019531,1061933634,-0.019450466866522284,0.06695887396921928,-0.019262527014292985,60.65085765166912,59.24109495338934,63.53650540145971,71.81156688772893,5.696944286787783,3.560162156338066,2.136782130449717,98.62706584289104,92.93012155610326,89.08854446411132,87.36094413757324,114.09907849849252,67.34001299320671,90.71954574584962,0.5154243787362109,5.955949420380522,0.06266507685896575,1.2560170011768483,61.0,-0.07087781874875486
2023-07-06,95.66722869873047,105.5124740600586,95.66722869873047,102.67760467529297,1197521335,-0.07087781874875486,0.10291136782410813,-0.06842429374010561,52.74150216283778,46.438369261853616,41.82856275493537,58.962140160471414,5.038836048916053,3.855896934853664,1.1829391140623895,98.17170628225095,93.1328702333349,89.12409439086915,87.51650962829589,114.16387717986996,69.23702461456364,91.7004508972168,0.4899305524207613,6.233756273305351,0.065587104266768,1.3489901191513993,56.0,0.026562880113830085
2023-07-07,98.24247741699219,98.38237762451172,95.09568786621094,95.64627838134766,703059439,0.026562880113830085,0.033454874558490215,0.02691881800372342,55.05482236642051,50.96901961645179,49.78433758168656,51.716468579360566,4.671234494787669,4.0189644468404655,0.6522700479472032,98.18259414913422,93.51135965434655,89.27808578491211,87.69101486206054,114.32798887046576,71.20591921058892,92.76695404052734,0.4648430047734239,6.023251522233596,0.06567369296172393,0.7732798594195937,55.0,-0.0037497883406364865
2023-07-08,97.8747787475586,98.38021087646484,96.91822814941406,98.24229431152344,417911861,-0.0037497883406364865,0.014937277465745987,-0.003742766663679342,54.643528591974786,50.260819505899974,48.64839766358643,46.75376600006947,4.3006620500338215,4.075303967479137,0.2253580825546848,98.1352379335072,93.83457588347338,89.40153366088867,87.85165683746338,114.2275291900593,73.37603144836842,93.80178031921386,0.43550876755931966,5.697446608291966,0.06574410074926629,0.4560517221146346,58.0,-0.02792378415375347
2023-07-09,95.17955017089844,98.30692291259766,95.06183624267578,97.87844848632812,412735847,-0.02792378415375347,0.034094368633758,-0.027537518972193697,51.60054714457632,44.922946050960505,40.32196631329456,46.2515671861892,3.746313130791876,4.009505800141685,-0.26319266934980945,97.6805167392597,93.93420360846783,89.45769836425781,88.00059757232665,113.68382162867601,75.6954912680525,94.68965644836426,0.40118775149785374,5.5222780412655315,0.06632585446584327,0.4474801136279123,55.0,0.016172398873284415
2023-07-10,96.7313461303711,97.64109802246094,92.89258575439453,95.18221282958984,801346663,0.016172398873284415,0.049089694892351945,0.016303879947807687,53.215954439648286,48.59043206091414,45.1159650999283,44.69544302560312,3.3930911409073587,3.88622286829482,-0.49313172738746136,97.53449049173838,94.14139935083102,89.54674789428711,88.1534959411621,113.33081823453077,77.69073938265674,95.51077880859376,0.3731524263172194,5.467009057465594,0.06605647617944342,0.8520019065356941,56.0,0.0005693725736825872
2023-07-11,96.78643798828125,98.12002563476562,95.81536102294922,96.73770141601562,584873947,0.0005693725736825872,0.023811854839574233,0.0005695346970144843,53.27557869995333,48.731830679140025,45.28616163792189,43.57469768371494,3.0820773524162064,3.7253937651190974,-0.643316412702891,97.4194054912065,94.3373281387903,89.66355514526367,88.30856700897216,113.2696216780677,78.91580541543817,96.09271354675293,0.3575069846051857,5.241127311347795,0.06504777248115996,0.6295366617316619,57.0,-0.005244379004162936
2023-07-12,96.28018188476562,97.75325775146484,94.7883071899414,96.78523254394531,502089267,-0.005244379004162936,0.03079502451576258,-0.00523065125691391,52.61202241998645,47.3360322451102,42.08588727897976,44.16267133894334,2.7628970899000507,3.5328944300752885,-0.7699973401752378,97.24414032098483,94.48124323108478,89.7565121459961,88.46109397888183,113.15376134952338,80.05266183773249,96.60321159362793,0.3426500937777754,5.078543257788913,0.06508975417570405,0.5434751037881295,64.0,0.05699573523703045
2023-07-13,101.92713928222656,104.01946258544922,95.7929916381836,96.27791595458984,1243581127,0.05699573523703045,0.08070932830251724,0.05865129548902992,58.77930465808098,61.63575613524503,57.971031129546155,48.44769334881596,2.931810612912514,3.4126776666427334,-0.4808670537302193,97.96460169963741,95.0327910867249,90.07504760742188,88.62469833374024,113.6503746968798,80.62781667885264,97.13909568786622,0.3399512604496281,5.3033952356086775,0.06504778824325198,1.3114640800311232,57.0,-0.06871262414556387
2023-07-14,95.15866088867188,103.23743438720703,92.93989562988281,101.9261703491211,994506743,-0.06871262414556387,0.10821441433871717,-0.06640506582661376,50.32512069860904,44.6733934705826,10.488914597445671,36.84861100199055,2.4908037221924104,3.228302877752669,-0.7374991555602586,97.53291849795042,95.04211477575801,90.24620727539063,88.74706790924073,113.60168233935725,81.21797250683416,97.4098274230957,0.3324480772547285,5.660119772874074,0.06700263529733058,1.0309651745334236,60.0,-0.004284685795647
2023-07-15,94.7518081665039,95.65518188476562,94.18665313720703,95.16152954101562,405906202,-0.004284685795647,0.015498688373080983,-0.004275519625522639,49.86088546476898,43.827542781510004,8.605727499186013,25.688557742059302,2.0844447875556398,2.999531259713263,-0.9150864721576233,97.10505537003557,95.02061058247993,90.3958821105957,88.87708740234375,113.433382763612,82.03393596197392,97.73365936279296,0.32127566906178684,5.3607204139229685,0.06687171169749465,0.4225674788673783,56.0,-0.019680436336749815
2023-07-16,92.90528106689453,95.223876953125,92.75621032714844,94.75725555419922,412440907,-0.019680436336749815,0.0265611017763325,-0.01948804075975563,47.70976991923011,39.833953272775005,0.6856710919397239,6.593437729523822,1.5950167392240218,2.718628355615415,-1.1236116163913934,96.4589362464754,94.86391950725138,90.4809814453125,89.00991847991943,113.14634019141735,82.88393629784045,98.0151382446289,0.30875234617378344,5.15407371478394,0.06699474999125911,0.43243150174901435,57.0,-0.00660732273238419
2023-07-17,92.29344940185547,93.52267456054688,90.33413696289062,92.91064453125,581572145,-0.00660732273238419,0.03454782130607145,-0.006585542371897346,46.98643866869283,38.4785815871923,10.406825417987557,6.566074669704451,1.1445778022747817,2.4038182449472885,-1.2592404426725068,95.81809211653388,94.6735143142591,90.49525115966797,89.13763034820556,112.90125763442569,83.55853621933409,98.22989692687989,0.2987147735371611,5.013678277846248,0.06701732663355277,0.6046460740961179,54.0,-0.008599009666034742
2023-07-18,91.50321960449219,92.86105346679688,90.16366577148438,92.29016876220703,444675473,-0.008599009666034742,0.02947860968140269,-0.0085621439277076,46.0160507413159,36.60195640408461,8.316010088451565,6.469502199459634,0.715587907128608,2.0661721773835526,-1.3505842702549447,95.15426557621977,94.43867766909116,90.50530639648437,89.25517627716064,111.9774496879731,85.32655116651908,98.6520004272461,0.2701506143416578,4.848228950522409,0.06558249486505471,0.4650237969487977,56.0,0.00717153219101496
2023-07-19,92.16179656982422,94.06116485595703,91.51500701904297,91.51500701904297,479778485,0.00717153219101496,0.027627042133288125,0.007197309211398606,46.99847491540858,39.47216556323824,13.018149427452743,10.580328311297308,0.42386591919577654,1.7377109257459975,-1.313845006550221,94.69388572908198,94.27001980988621,90.50202011108398,89.3660041809082,111.14306373545678,86.89952964833229,99.02129669189453,0.24483151500791203,4.684637257732583,0.06548349626676815,0.49954090569394866,50.0,0.0023870827472151903
2023-07-20,92.3820571899414,93.48064422607422,91.68144226074219,92.1534652709961,558800999,0.0023870827472151903,0.019475664648090658,0.00238993409758792,47.343618972382664,40.52283252977663,16.010565456770994,12.448241657558453,0.20804907305608822,1.4317785552080158,-1.2237294821519276,94.33821979998342,94.13017072692733,90.53888107299805,89.47383617401123,109.91713864422553,86.54712756060846,98.232133102417,0.23790597175825814,4.47853473684683,0.033418470461874517,0.6818882584605325,56.0,0.01791360789560862
2023-07-21,94.05186462402344,94.60526275634766,91.9632568359375,92.38404083251953,454489403,0.01791360789560862,0.028090946744880538,0.018075018947119048,50.00177713018508,48.43888342669804,28.061892829001817,19.030202571075204,0.1697948826676594,1.1793818206999447,-1.0095869380322853,94.29416515752804,94.12437027486038,90.54047164916992,89.56978096008301,108.62353365689309,86.52299878329246,97.57326622009278,0.22650194802077425,4.347354107101353,0.03391063089385067,0.6063607140476486,50.0,-0.02149802986852752
2023-07-22,92.051513671875,96.1513442993164,91.718017578125,94.04817199707031,442970678,-0.02149802986852752,0.0481613668732744,-0.02126859430320638,46.94447217165694,40.8417575859023,13.62496813238427,19.232475472719045,-0.021683489262954936,0.9391687587073648,-0.9608522479703198,93.94914185204296,93.97082534130591,90.47314697265625,89.65202491760255,105.16248240599815,87.86747212281044,96.5149772644043,0.17919509254825555,4.353495008107785,0.03084426299187608,0.6490380073071694,52.0,0.013030773289494797
2023-07-23,93.25886535644531,93.47718048095703,91.82036590576172,92.06299591064453,361401131,0.013030773289494797,0.017765759521765474,0.013116043793413468,48.97248194769169,46.725442810059455,22.338661763871844,21.34184090841933,-0.0751420965447096,0.73630658765695,-0.8114486842016596,93.84294546810486,93.91808756464957,90.41846160888672,89.74114971160888,103.12900142235584,88.53226261573009,95.83063201904297,0.15231808972860747,4.160874977185466,0.029201883278042486,0.5621943678297675,54.0,-0.04501991118011575
2023-07-24,89.1534652709961,93.24933624267578,88.2190170288086,93.24933624267578,558656341,-0.04501991118011575,0.05642314854029212,-0.0440215530154473,42.959316593375675,33.50573620754972,5.914062605625506,13.959230833960556,-0.44366560369252284,0.5003121493870555,-0.9439777530795783,93.12148697624198,93.5651525799345,90.31573257446288,89.81566299438477,101.6852956937097,88.42021578089968,95.0527557373047,0.13955492200005695,4.223658787931984,0.030285651512640913,0.8853331256958463,55.0,0.004230216973756639
2023-07-25,89.53140258789062,89.97694396972656,88.85782623291016,89.155029296875,369676148,0.004230216973756639,0.012499723052119036,0.004239176971368774,43.64532580432399,35.466672690564224,8.306003488176703,12.186242619224702,-0.6971899831165587,0.26081172288633264,-0.9580017060028914,92.569166301111,93.26635628422756,90.34966857910156,89.88335712432861,100.45081451142302,88.3384379605008,94.39462623596191,0.12831637810233437,4.001905855709443,0.030279070467357744,0.6198462937357005,50.0,0.01210119831801781
2023-07-26,90.62142181396484,90.97019958496094,88.94905090332031,89.53092956542969,411401840,0.01210119831801781,0.02230321088748537,0.012174714061964798,45.674629245252966,41.29221318463279,15.204664808623484,9.808243634141917,-0.8009219092677284,0.04846499645552044,-0.8493869057232488,92.26951330308852,93.07043521235624,90.34368270874023,89.95459701538086,100.38303502507686,87.9016367583704,94.14233589172363,0.13258007833013355,3.8604232004188126,0.026493587081442668,0.7384786727028845,51.0,-0.001409655936904277
2023-07-27,90.49376678466797,91.72827911376953,89.92593383789062,90.626953125,393733970,-0.001409655936904277,0.019916789188007048,-0.0014086628386711375,45.46813277958801,40.789121567079484,15.146401259033556,12.8856898519446,-0.8832493533555237,-0.1378778735066884,-0.7453714798488353,91.99632153102381,92.87957088437933,90.37659027099609,90.01865447998047,99.89054048227452,87.61926023794034,93.75490036010743,0.1308868144193089,3.713417634380248,0.025589883582050905,0.726946102097534,51.0,0.011392052566639414
2023-07-28,91.53057098388672,91.89440155029297,90.49320220947266,90.49320220947266,341018407,0.011392052566639414,0.015308539275549623,0.011457189108790677,47.54251397531253,46.91737755288799,41.74757094794105,24.03287900519938,-0.8549773651292867,-0.2812977718312081,-0.5736795932980786,91.92466760069503,92.77964496582432,90.43787048339844,90.06757076263428,99.34009953383719,87.53528041001047,93.43768997192383,0.12633894445992652,3.5482591848402527,0.02582395539323624,0.6341192313747323,52.0,0.032964271883773384
2023-07-29,94.59809112548828,94.71575164794922,90.96675109863281,91.5191879272461,357766274,0.032964271883773384,0.03963082663415694,0.03351361308716827,53.213215114208595,60.88959112287195,80.41869528501326,45.770889163995975,-0.5783811537686745,-0.34071444821870134,-0.23766670554997316,92.3359635275863,92.91434468135498,90.54519165039062,90.13612361907958,99.28207838985367,87.53515564945297,93.40861701965332,0.12575844836594807,3.5625978537314067,0.026358101815893088,0.668679127646408,52.0,-0.005374294469597432
2023-07-30,94.09105682373047,95.69255065917969,92.21128845214844,94.57041931152344,764611368,-0.005374294469597432,0.036998863914909814,-0.005359878785346828,52.20858586731468,57.94822110409468,74.02669600829465,65.39765408041633,-0.3955306629138988,-0.35167769115774083,-0.04385297175615799,92.60597788083926,93.00150854375316,90.87997863769532,90.18622734069824,98.96104415043287,87.5921609582097,93.27660255432129,0.12188354722292008,3.5567881646813957,0.026088070718622992,1.4340114248397857,52.0,-0.019835155974170116
2023-07-31,92.24313354492188,94.82227325439453,91.64766693115234,94.0893325805664,526612463,-0.019835155974170116,0.03441563833796011,-0.019639733479351662,48.60682519278678,48.07386042091247,50.73059114788219,68.39199414706339,-0.3951769426003011,-0.3603775414462529,-0.034799401154048226,92.5501556753135,92.9453326179138,91.17086257934571,90.21762187957764,98.51352763072404,87.5853470335826,93.04943733215332,0.11744488640088967,3.5294894617214525,0.026404729148828708,0.9930754043013165,50.0,0.016954512538240457
2023-08-01,93.82040405273438,93.82040405273438,89.78800964355469,92.2442626953125,775320147,0.016954512538240457,0.042979930111078694,0.017099056018563985,51.671491833788146,55.606649957702835,70.6146737635447,65.12398697324053,-0.2645742215877931,-0.3412168774745609,0.07664265588676783,92.74557850260902,93.01015272419681,91.49630874633789,90.255023727417,98.20158953677912,87.65130734432438,92.92644844055175,0.11353368572139205,3.5654112436827554,0.026743447085378874,1.4253623137438332,53.0,-0.06986860890239237
2023-08-02,87.48905944824219,94.31300354003906,86.91828155517578,93.8185043334961,899573748,-0.06986860890239237,0.08452167655588912,-0.0674836637980527,41.08144350735628,33.11161353887212,6.181891197789449,42.50905203640547,-0.6642995884282215,-0.40583341966529307,-0.2584661687629284,91.93688326347566,92.60118285190389,91.69721343994141,90.25339973449707,96.13558563121603,88.27350326648906,92.20454444885254,0.08526784023197692,3.8389334394813646,0.027231059213801548,1.7077953257514136,53.0,-0.056199906532909655
2023-08-03,82.70779418945312,88.2265625,82.69623565673828,87.4917221069336,661629539,-0.056199906532909655,0.06686584858730212,-0.05464986466813737,35.212321129231725,24.41115748810259,0.08590441758505955,25.62748979297309,-1.3513158413441602,-0.5949299040010665,-0.7563859373430937,90.51702340593374,91.8683392472779,91.88810348510742,90.2301110458374,97.07701123869563,86.08699098908758,91.58200111389161,0.12000196671768325,3.9597472540371044,0.025863388436795004,1.2970539616427461,52.0,-0.007632732445300308
2023-08-04,82.07891082763672,83.70612335205078,81.50664520263672,82.6933364868164,574898134,-0.007632732445300308,0.02679711666779913,-0.007603677113862672,34.51387464274109,23.46501495904441,3.9076639350667617,3.391819850147114,-1.9243441613366485,-0.8608127554681829,-1.0635314058684657,89.2188522400419,91.14319640137855,92.03915298461914,90.21133403778076,97.62977246281656,84.26694003107991,90.94835624694824,0.14692769592727012,3.83401374656403,0.025855643503049818,1.1086618533345722,54.0,0.012430866130483408
2023-08-05,83.1055908203125,83.29777526855469,81.58123779296875,82.08647155761719,266995799,0.012430866130483408,0.020654897686695525,0.012508450493839751,36.72061093741902,28.726496858180383,11.271368067226891,5.088312139959595,-2.2694677270280152,-1.1425437497801494,-1.1269239772478659,88.27835048316045,90.54781821018847,92.18028228759766,90.19127487182617,97.88917696135202,83.02756650788625,90.45837173461913,0.16429226138478145,3.682765441494166,0.026034870622267652,0.5222114225940372,50.0,-0.007656742400725813
2023-08-06,82.4717025756836,83.3685531616211,82.08924102783203,83.10028839111328,261949686,-0.007656742400725813,0.015512134390763285,-0.00762750421929459,35.91588137858611,27.3711052203939,6.802931092436975,7.327321031576901,-2.564567386591051,-1.4269484771423298,-1.1376189094487212,87.38502003585631,89.94958742244737,92.29146804809571,90.18975673675537,98.11198046206394,81.82258832455716,89.96728439331055,0.18105906216191145,3.5110902052295154,0.026038121323867777,0.52887289092094,49.0,-0.0015433193365714318
2023-08-07,82.34452056884766,83.21983337402344,80.51209259033203,82.47097778320312,369980930,-0.0015433193365714318,0.03288307181808756,-0.0015421290317030323,35.74661424941854,27.07211016385179,12.070966305529435,10.048421821731125,-2.7766905576020804,-1.69689689323428,-1.0797936643678003,86.60955857939345,89.38624913699553,92.39479339599609,90.18031799316407,98.26416198333811,80.75453689971852,89.50934944152831,0.19561783425828272,3.453708103691079,0.026043516596523257,0.7526618630660131,49.0,0.019391583435600202
2023-08-08,83.95689392089844,85.11045837402344,81.8248291015625,82.34268951416016,464971615,0.019391583435600202,0.039134716865020694,0.019580821418502037,39.63101975893252,37.21605749036458,22.69234113320732,13.855412843724602,-2.7826183523035297,-1.91404118504813,-0.8685771672553997,86.20145632424037,88.9840746765439,92.52549072265624,90.14763633728028,98.0842251026763,80.11398351548777,89.09910430908204,0.20168824060060483,3.441702472888926,0.026490357659755992,0.947330667808591,54.0,0.0009561602599698571
2023-08-09,84.0372085571289,84.42743682861328,83.29949951171875,83.95451354980469,1086009763,0.0009561602599698571,0.013421879858464766,0.0009566175269197785,39.826161434158564,37.71949013281159,23.221407093313523,19.328238177350116,-2.749145019879691,-2.0810619520144424,-0.6680830678652487,85.86849512930014,88.61764014917983,92.6000569152832,90.12624912261963,97.79257164592674,79.57115210895607,88.6818618774414,0.2054695193719853,3.276433533175041,0.026472243056605477,2.099854379849614,50.0,-0.012015878403000673
2023-08-10,83.0334701538086,84.27881622314453,82.70103454589844,84.03833770751953,273793336,-0.012015878403000673,0.019001755247895342,-0.011943976014362367,38.1657324048273,33.771176753387934,16.609364170971684,20.84103746583087,-2.771660486537513,-2.2191816589190565,-0.5524788276184567,85.43233744076298,88.20399792730049,92.55777145385743,90.1032666015625,97.20863251170462,79.0532517961567,88.13094215393066,0.2060046139508811,3.1551012577515443,0.02596572326504949,0.5388056847942002,53.0,0.0055533267172008524
2023-08-11,83.49586486816406,83.52788543701172,82.71995544433594,83.03477478027344,210777034,0.0055533267172008524,0.009676287489823163,0.00556877501926567,39.418778075245896,37.29863519585633,19.655350743039392,19.82870733577489,-2.7208287468873493,-2.319511076512715,-0.4013176703746342,85.13441858344007,87.85524733032742,92.50628433227538,90.07061630249024,96.80783340645044,78.5984860210398,87.70315971374512,0.20762475884385737,2.9874461673889896,0.02583277110893569,0.4244925038913415,51.0,-0.0005671396867130016
2023-08-12,83.44852447509766,83.85722351074219,83.3445053100586,83.4949722290039,187648883,-0.0005671396867130016,0.006144125422332625,-0.0005669788933997388,39.330901068173084,37.06284841728101,19.34349985651341,18.536071590174853,-2.653773156045517,-2.386363492419276,-0.2674096636262413,84.8750502590797,87.52882341512522,92.35106567382813,90.05184452056885,96.12218061132654,78.30310472802893,87.21264266967773,0.20431757756485214,2.8106798840528895,0.025513603493515943,0.38464362820905534,54.0,-0.017778623206322747
2023-08-13,81.97803497314453,83.61597442626953,81.65193176269531,83.45048522949219,268437601,-0.017778623206322747,0.023958157379810656,-0.017621515912985886,36.60139251007468,30.154742457764357,10.244052239633538,16.414300946395475,-2.6882983011993673,-2.446750454175294,-0.24154784702407328,84.42935559970506,87.11765390090443,92.19574584960938,90.01482963562012,95.99672975630851,77.7110125532618,86.85387115478515,0.2105342797036546,2.7502057968758415,0.02397685569467426,0.5671133042683442,54.0,0.001103901633816555
2023-08-14,82.0685806274414,82.9730453491211,81.66976165771484,81.97904205322266,262059229,0.001103901633816555,0.015880421976866368,0.0011045111574892186,36.89181258765909,31.077596635726024,11.278154339097568,13.62190214508153,-2.677489023114461,-2.4928981679631272,-0.18459085515133378,84.06615945012604,86.7436484732405,92.07161407470703,89.98722526550293,95.76409649693296,77.19736361659243,86.4807300567627,0.21469213856259114,2.6468542179137278,0.023929177846983826,0.5600040934141691,50.0,-0.03464819058117323
2023-08-15,79.27375030517578,82.1091079711914,78.76314544677734,82.06822967529297,401918865,-0.03464819058117323,0.0422076981539702,-0.03405481489868867,32.01658939532149,21.05803646423881,3.2836624960564746,8.268623024929218,-2.861456947495185,-2.566609923869539,-0.2948470236256462,83.32886573551829,86.19032268301348,91.91157501220704,89.9393649673462,95.49730400199756,76.32938896064893,85.91334648132325,0.22310753598121755,2.696790525520895,0.024513593272288078,0.859746458331476,53.0,-0.06239174365207362
2023-08-16,74.4788589477539,79.45748901367188,73.62923431396484,79.27622985839844,622966364,-0.06239174365207362,0.07825381298866954,-0.060485234254255005,25.733521663319806,12.798791919402902,5.8204119477280365,6.794076260960718,-3.3554806210636343,-2.7243840633083583,-0.6310965577552761,81.96732622970839,85.32280685077203,91.64118667602538,89.8637495803833,95.65968220359878,74.5655199753563,85.11260108947754,0.24783829842148192,2.920466537962762,0.027440241756702614,1.3007001129635003,52.0,-0.1348094966168462
2023-08-17,65.08576202392578,75.66679382324219,61.756107330322266,74.47917938232422,785297656,-0.1348094966168462,0.21372856459460826,-0.12611762661961934,18.19896037113223,6.749012749264423,14.25710646968093,7.787060304488506,-4.453603987486034,-3.0702280481438935,-1.38337593934214,79.37016250574183,83.82376649322786,91.28167892456055,89.71392810821533,97.06531562810589,70.5154056548531,83.7903606414795,0.31686114930157677,3.7054822490311308,0.03868492377678115,1.5669570830386634,50.0,-0.015528004587940483
2023-08-18,64.08291625976562,65.76448059082031,63.73204040527344,65.09419250488281,571194825,-0.015528004587940483,0.031715787984869535,-0.015408066725738023,17.60625909942229,6.373748169456363,9.963063949365939,10.01352745559166,-5.343202822849847,-3.5248230030850847,-1.818379819764762,77.01827846789934,82.36148129074918,90.86781982421876,89.57803050994873,97.13833499028475,67.39086880610198,82.26460189819336,0.3616071250304812,3.5859792444965413,0.03686205884736389,1.1159803123756935,37.0,0.00032687172742299983
2023-08-19,64.10386657714844,64.89527893066406,63.734344482421875,64.08513641357422,299693328,0.00032687172742299983,0.01811020941841337,0.00032692515580734494,17.666585380405976,6.500457927487886,10.052770220131544,11.42431354639283,-5.977619516715748,-4.015382305811217,-1.9622372109045312,75.03144586932227,81.00906538603802,89.98659057617188,89.42700927734376,96.58374656814976,64.94673820357875,80.76524238586425,0.39171563694964173,3.4127617590498014,0.03699861464821769,0.6133885409364473,39.0,0.017759830857186597
2023-08-20,65.25251007080078,65.72362518310547,64.0736312866211,64.10791778564453,246734222,0.017759830857186597,0.02528629005526509,0.017918474422599084,21.07841596643749,13.949607894866745,14.971097822140168,11.662310663879241,-6.314918932453622,-4.475289631139698,-1.8396293013139244,73.52699420801127,79.8419131404649,89.14705673217773,89.2510536956787,95.68595130546025,63.14547111885615,79.4157112121582,0.40974864658294835,3.2868497688665568,0.0379078523721576,0.5198864366798831,37.0,0.025811300726824478
2023-08-21,66.95868682861328,67.04644775390625,64.97805786132812,65.25150299072266,431113836,0.025811300726824478,0.03089053848789408,0.02614729695396001,25.984738098765106,24.388842855070195,22.276703337017736,15.76685712642984,-6.3711146999161485,-4.854454644894989,-1.51666005502116,72.51648538041158,78.88760008032773,88.2218846130371,89.0923962020874,93.79018401327575,62.355066688628554,78.07262535095215,0.40263942942023556,3.1998169205602403,0.038377992120496245,0.9425679824849746,38.0,-0.03322885725131371
2023-08-22,64.7702865600586,67.10531616210938,63.27900314331055,66.95895385742188,377574603,-0.03322885725131371,0.05907512876681283,-0.032682843290462005,23.929852237904683,20.641622900174823,13.295114562926447,16.847638574028142,-6.517110667927724,-5.186985849501536,-1.3301248184261887,71.32476248497267,77.84187315290039,87.37837493896484,88.91639301300049,93.04683323374611,60.82654017933983,76.93668670654297,0.4187897144219775,3.2445666418629964,0.036545450420599,0.8754698162147279,37.0,0.012893036102625197
2023-08-23,65.61077880859375,66.59355163574219,64.16802978515625,64.77369689941406,304886653,0.012893036102625197,0.036968344144517926,0.012976509649309742,26.339188921162474,25.753140076220163,17.11459974292846,17.562139214290905,-6.4901780912111775,-5.447624297843465,-1.0425537933677127,70.44568807322206,76.93586616443324,86.59637069702148,88.75137451171875,92.68327694138057,59.480394933619436,76.0818359375,0.4364101049695589,3.1860634424860637,0.035705176892494424,0.7374295635684759,37.0,-0.011211797425483916
2023-08-24,64.8792724609375,65.84490203857422,64.1384506225586,65.6120834350586,225372238,-0.011211797425483916,0.026301950550432652,-0.0111491794631835,25.579825147771942,24.172237608018264,14.131255205029623,14.846989836961534,-6.453468708796578,-5.648793180034088,-0.8046755287624903,69.5893164405629,76.04278514935947,85.84007629394532,88.59347709655762,92.26755940344218,58.176148634887895,75.22185401916504,0.45321151961860007,3.0803768691667464,0.03569332608064912,0.5691666230733777,41.0,0.0035793714838034773
2023-08-25,65.1119155883789,65.22283172607422,63.84314727783203,64.88139343261719,268487447,0.0035793714838034773,0.021189431086073466,0.0035857850838489913,26.30748376174168,25.86089347549607,15.183885875545315,15.476580274501158,-6.332605567578469,-5.785555657542964,-0.5470499100355051,68.9004855402269,75.23309110780536,85.22897003173829,88.43872440338134,91.50733416103333,57.13700635410339,74.32217025756836,0.4624505405024814,2.9588988391007063,0.03543153483132312,0.6779242960135973,39.0,-0.0015553990211091334
2023-08-26,65.0107192993164,65.49846649169922,64.96183013916016,65.1128921508789,183821199,-0.0015553990211091334,0.008254582603037054,-0.0015541900149619314,26.18753640672901,25.571894063904708,14.88852587579333,14.734555652122781,-6.173818416548414,-5.863208209344053,-0.31061020720436083,68.30205996470221,74.47587838125062,84.56433486938477,88.25913967132568,90.66361055489767,56.23463163260232,73.44912109375,0.4687459619612115,2.7858800900605885,0.03549891567003241,0.4687678228336522,38.0,0.0054670766193509355
2023-08-27,65.36711120605469,65.8790283203125,64.90509796142578,65.0103988647461,191462581,0.0054670766193509355,0.014899394220078485,0.0054820483541708764,27.44224573460977,28.8393042211287,17.0194392448758,15.69728366540484,-5.950625500342923,-5.880691667543828,-0.06993383279909526,67.85052938644874,73.80115488679166,83.91418151855468,88.08993713378906,89.65001524339593,55.55048600782479,72.60025062561036,0.469688863905137,2.656455109262455,0.035640837414540265,0.49962696549378,38.0,0.0026795931897069963
2023-08-28,65.5425033569336,65.6675796508789,64.2706298828125,65.36781311035156,252050651,0.0026795931897069963,0.02131364681722408,0.0026831865083654094,28.090087865999493,30.58884892808456,18.60362554604448,16.83719688890456,-5.693954462785982,-5.843344226592259,0.1493897638062771,67.49544845883102,73.189402921617,83.32144058227539,87.95715732574463,88.15591618753095,55.20314600729327,71.67953109741211,0.45972357346276493,2.5664904420341657,0.03506867781853802,0.6765279625797136,39.0,0.04984806388304259
2023-08-29,68.89247131347656,70.21554565429688,64.70936584472656,65.541748046875,540744008,0.04984806388304259,0.07992426029421895,0.05111138246123437,39.247526410689765,55.15642740865985,40.31529352235227,25.31278610442421,-5.160736639530981,-5.7068227091800035,0.5460860696490224,67.7103750518534,72.87111169138439,82.7646630859375,87.83397327423096,86.42031788291646,55.42427058754251,70.92229423522949,0.43704236629132026,2.7764682540010335,0.03765592967641003,1.5660043499067002,39.0,-0.01805867600320176
2023-08-30,67.65953063964844,68.98538208007812,66.81487274169922,68.89306640625,294424844,-0.01805867600320176,0.0320798757818605,-0.017896595234883628,36.97371202392893,47.87974746700956,42.438044393645264,33.78565448734736,-4.782515815923944,-5.521961330528792,0.7394455146048484,67.7025528345911,72.48506865051505,82.18212493896485,87.7001181793213,84.66628707403864,55.640907445004345,70.15359725952149,0.41374043189346027,2.7331854743137387,0.03769771899684835,0.8501199311533087,49.0,-0.056365152461904676
2023-08-31,63.951377868652344,68.22232818603516,63.61683654785156,67.66082000732422,377755734,-0.056365152461904676,0.07201551853413797,-0.054806067023218774,31.131889921999772,32.72904651059717,9.693225757311618,30.815521224436406,-4.72749441373665,-5.3630679471703635,0.6355735334337131,67.12544899367745,71.8529434074141,81.53554885864258,87.55789638519288,82.55129646140281,55.801449357689,69.1763729095459,0.38669051265077964,2.8669216288758714,0.03885731194992544,1.0650539924337319,52.0,-0.014870038264556747
2023-09-01,63.00745391845703,64.21014404296875,62.191444396972656,63.946067810058594,311070837,-0.014870038264556747,0.0320390607849137,-0.01476002522000397,29.839450589077828,29.917576458825764,10.169481856170993,20.766917335709316,-4.705810673990271,-5.231616492534345,0.5258058185440735,66.49191128979739,71.19772196378766,80.75715515136719,87.4173249053955,80.05316203991838,56.25547672350935,68.15431938171386,0.34917354515895976,2.806334344384459,0.03874143010574626,0.8620422923203843,40.0,0.024351759085419346
2023-09-02,64.56063079833984,64.62007141113281,63.0091438293457,63.0091438293457,219217798,0.024351759085419346,0.024952166078100555,0.024650684693479308,34.64715515774061,39.83844828729017,29.52587866715475,16.462862093545812,-4.51129436697336,-5.0875520674221475,0.5762577004487879,66.19479121418854,70.7060855811619,80.14519454956054,87.26169017791749,77.42803856333953,57.138859782607746,67.28344917297363,0.301547840221032,2.7210688549766964,0.03966240202772903,0.6116698654640549,39.0,-0.009689085587683211
2023-09-03,63.93811798095703,64.78752136230469,63.73307800292969,64.56390380859375,203377116,-0.009689085587683211,0.016491623348830028,-0.00964229763069202,33.6518287525694,37.3651225951126,21.76784075836594,20.487733760563916,-4.357143931045101,-4.941470440146738,0.5843265091016372,65.8476107167683,70.2047546478134,79.5289207458496,87.06740425109864,74.00213311148005,58.751718969818775,66.37692604064941,0.2297547514074677,2.602024176719432,0.03954881403027187,0.5721547370992478,40.0,-0.003594784840156852
2023-09-04,63.70868682861328,64.8372802734375,63.25442886352539,63.936500549316406,236821353,-0.003594784840156852,0.024845142612501758,-0.003588331336435102,33.27245130111129,36.393595893726854,18.90856537055437,23.400761598691712,-4.2050189357777725,-4.794180139272945,0.5891612034951725,65.51854550320598,69.72356443898376,78.94498886108398,86.89118667602538,70.48532363593353,60.71202209770905,65.59867286682129,0.14898626925069464,2.5292261219474805,0.039241150920318574,0.6820825404118099,40.0,-0.009225671098293307
2023-09-05,63.123634338378906,63.72697830200195,62.66367721557617,63.713348388671875,250002419,-0.009225671098293307,0.016844738069514142,-0.009183245164168241,32.27329533497074,33.7805653915926,11.617375099240778,17.431260409387054,-4.084583096133713,-4.652260730645099,0.5676776345113863,65.15009763169412,69.23468072782784,78.36159255981445,86.70525730133056,67.86702987384344,62.19479339886164,65.03091163635254,0.08722369612009238,2.4245171908387877,0.037325509104797164,0.7609145854511373,40.0,-0.004447347528132676
2023-09-06,62.84352493286133,63.564029693603516,62.05997085571289,63.11856460571289,248375044,-0.004447347528132676,0.023933393925587104,-0.004437472722435998,31.78121442256439,32.47803200056023,9.607588631085603,13.37784303362694,-3.9660214866403862,-4.515012881844156,0.5489913952037702,64.79524029341216,68.76126178005255,77.78839866638184,86.52051568984986,67.91039146356701,61.927208100031635,64.91879978179932,0.092164109374259,2.3587701656282047,0.022505665299127654,0.8232270621865576,42.0,0.012317198820152022
2023-09-07,63.62236785888672,64.18999481201172,62.594913482666016,62.8436393737793,213292207,0.012317198820152022,0.025071077720394897,0.012393367922271414,34.759834629977405,39.98478759484261,19.1574112402856,13.460791656870684,-3.765804590669063,-4.365171223609138,0.5993666329400744,64.61479838040825,68.38060297107731,77.21761009216308,86.35080644607544,67.91966168443139,61.871883039079364,64.89577236175538,0.0931921822524779,2.304220963036598,0.022469910404127026,0.7515213404488791,41.0,-0.016567616121717234
2023-09-08,62.57698059082031,64.03904724121094,61.98211669921875,63.62635040283203,206394384,-0.016567616121717234,0.0328704025437419,-0.01643112797035562,32.69625528008585,34.05589481238478,7.224983598536656,11.996661156635978,-3.6494170657433216,-4.222020392035975,0.5726033262926533,64.30128795124088,67.9507050169842,76.62150856018066,86.18398725509644,67.99283773165817,61.64601839321975,64.81942806243896,0.09791538629937752,2.2865573615334256,0.02275841425843549,0.7393700659360547,46.0,0.008030189761427341
2023-09-09,63.08150863647461,63.19569778442383,62.54669189453125,62.57859420776367,145767952,0.008030189761427341,0.010288369823757098,0.00806251821182169,34.71080313162446,39.13731174210784,13.352783430259496,13.245059423027277,-3.4763942084901345,-4.0728951553268065,0.596500946836672,64.11362959512299,67.59002380361312,76.00210144042968,86.03084739685059,67.96509943946442,61.45665654198088,64.71087799072265,0.10057726149870255,2.1695893992733652,0.022433347587900002,0.5318044833263311,41.0,-0.03156352327043873
2023-09-10,61.12152862548828,63.083091735839844,60.51252365112305,63.083091735839844,249697962,-0.03156352327043873,0.042056672051962465,-0.0310705950658422,30.84789084233566,29.00696586568968,6.276446391299852,8.95140447336536,-3.457569643615578,-3.949830052984561,0.4922604093689831,63.65330636902534,67.11087601264092,75.38350173950195,85.86036041259766,67.85637225009599,60.98166791103684,64.41902008056641,0.10671854881463921,2.198230733947896,0.022399656458797306,0.9421503298091687,40.0,-0.03809055723609898
2023-09-11,58.837158203125,61.563560485839844,58.038230895996094,61.1194953918457,316901808,-0.03809055723609898,0.059916720955032636,-0.03737423578458532,27.06703255465544,21.4554699825171,6.560783908326833,8.730004576628753,-3.585647529402479,-3.8769935482681452,0.29134601886566625,62.91236049734836,66.49800802675084,74.69506759643555,85.6810862350464,68.32594886968471,59.91877845575473,64.12236366271972,0.13111136167954213,2.2930235093690285,0.022750772106496748,1.20956637457946,40.0,0.019784119958570906
2023-09-12,60.01279067993164,61.19291687011719,58.69303894042969,58.836307525634766,285423408,0.019784119958570906,0.041655752071590675,0.019981122690323927,31.70615883329357,32.073030851265145,18.03720210612148,10.291477468582746,-3.551348723485674,-3.8118645833116513,0.26051585982597736,62.466272833130404,66.01762155661608,74.11225410461425,85.52337469100952,68.34706146050003,59.33786705207321,63.84246425628662,0.1411160191477051,2.307798825106062,0.023082650839854144,1.0934797081971874,30.0,0.03263345569821076
2023-09-13,62.00352096557617,62.59047317504883,59.74307632446289,60.01713562011719,300723201,0.03263345569821076,0.045923147689738264,0.03317176660325227,38.80450674781744,46.38977027488823,38.9360976888789,21.178027901109097,-3.3252005339725486,-3.714531773443831,0.38933123947128223,62.39508023812206,65.72028077209461,73.56169647216797,85.36707504272461,68.24510877055496,59.15224459248214,63.698676681518556,0.14274808601653435,2.3463415412117676,0.024449202216140314,1.1357019609793535,41.0,0.012899823035325294
2023-09-14,62.808536529541016,63.320518493652344,62.00201416015625,62.00201416015625,268972316,0.012899823035325294,0.02099243839053559,0.012983384676037657,41.45450601122962,51.2383944590875,70.16136181290783,42.378220535969426,-3.0459071150465675,-3.580806841764378,0.5348997267178106,62.45868889834036,65.50459601338693,73.00543876647949,85.20483961105347,68.0974871531856,59.06952830396773,63.58350772857666,0.14198585720932766,2.272924597803505,0.024654467340413082,1.0156995540081155,45.0,0.04949600372100002
2023-09-15,65.99552917480469,66.15228271484375,62.675567626953125,62.81654739379883,273527819,0.04949600372100002,0.0526810699355365,0.05074139315067017,50.57883187933448,65.60583012054036,98.06812251710114,69.05519400629599,-2.5381432611086368,-3.37227412563323,0.8341308645245933,63.002818171642566,65.5409614327512,72.51547401428223,85.06438386917114,68.22866974678622,59.03682669791593,63.632748222351076,0.14445145472503185,2.358909632809728,0.027193270179634736,1.015698641657125,45.0,-0.00998988925795383
2023-09-16,65.33952331542969,66.70187377929688,64.53209686279297,65.99066925048828,225396971,-0.00998988925795383,0.03320772491756948,-0.00994015606174492,48.88980350683193,61.270463060384266,84.27508517816304,84.16818983605737,-2.16372882004066,-3.130565064514716,0.9668362444740559,63.36231127068673,65.52604009072739,71.99165306091308,84.9221175956726,68.22522345108248,59.03751420455717,63.63136882781983,0.14438962127918928,2.345400153073598,0.027271739060829633,0.8317326802873187,43.0,-0.027326026053489844
2023-09-17,63.57822799682617,65.38236236572266,63.25345993041992,65.3468017578125,238602170,-0.027326026053489844,0.03348477147568519,-0.026956047874741595,44.584884893426654,50.76291784018867,63.94535388235418,82.09618719253947,-1.9862284848470466,-2.9016977485811823,0.9154692637341357,63.39552922855434,65.38175771340138,71.37125579833985,84.75132041931153,68.04258897935225,59.02372114027666,63.533155059814455,0.14195529610617644,2.3299360303756793,0.02793267776635688,0.8826510310461166,46.0,0.0357854098725217
2023-09-18,65.89459991455078,67.35792541503906,63.222713470458984,63.57775115966797,411318370,0.0357854098725217,0.06275494425859537,0.036433414247409424,50.729496636160036,61.019831827517066,84.29856796809958,77.50633567620562,-1.6397443828130776,-2.6493070754275614,1.0095626926144838,63.780001641784565,65.41974602459764,70.80732666015625,84.60450721740723,67.33496392862436,59.43155905111197,63.38326148986816,0.12469230348418968,2.4588843099617077,0.0267222989225378,1.5588910514258936,46.0,0.021612322220181973
2023-09-19,67.33423614501953,68.26288604736328,65.7770004272461,65.89329528808594,310488863,0.021612322220181973,0.03691859836002698,0.0218475600783008,54.133507203468454,66.13506993774124,90.91754305063701,79.72048830036361,-1.2347531576172912,-2.3663962918655077,1.1316431342482165,64.32680694997457,65.56156010759186,70.3091487121582,84.48843353271485,67.25024779697158,59.48374573330186,63.36699676513672,0.12256383385905859,2.460812974972814,0.026956425960706815,1.173177292219556,46.0,-0.042006472962020654
2023-09-20,64.56434631347656,67.61347961425781,63.9884033203125,67.3339614868164,407377312,-0.042006472962020654,0.056146720302016714,-0.041136426135099935,47.35458913603323,51.08677883112577,63.827242296849796,79.68111777186215,-1.1243409517024503,-2.1179852238328962,0.9936442721304459,64.36335146743642,65.48769241913887,69.72402755737305,84.36480758666993,67.30843925079468,59.48685112396118,63.39764518737793,0.12337348025649894,2.543974640613707,0.025536819570181182,1.5307026060184676,47.0,0.0019595378768477896
2023-09-21,64.69098663330078,64.96765899658203,63.124759674072266,64.56512451171875,270451760,0.0019595378768477896,0.028487729410531234,0.001961459025842993,47.677200291174174,51.67332015925315,65.06582020436274,73.27020185061653,-1.0149202981740615,-1.8973722387011294,0.8824519405270679,64.4137568775694,65.42867717574346,69.26806610107423,84.23849578857421,67.4277138586827,59.535929787557535,63.481821823120114,0.12431565201632204,2.493897832177711,0.025280489412199954,1.0240253385286042,47.0,-0.005511804072431644
2023-09-22,64.33540344238281,65.46080780029297,64.17753601074219,64.69171142578125,278551984,-0.005511804072431644,0.019946588050855196,-0.005496641950038295,46.80981962800352,49.72023343956346,61.588116695991395,63.493726399068,-0.9459914333099562,-1.7070960776228947,0.7611046443129386,64.4017025029253,65.34769393623526,68.90061828613281,84.12305820465087,67.40534269044572,59.53577822019881,63.470560455322264,0.12398763164831986,2.407424543418645,0.024724254782993275,1.0429798353019788,43.0,0.011513211670110966
2023-09-23,65.08039093017578,65.22538757324219,64.33490753173828,64.33490753173828,240624622,0.011513211670110966,0.013682770321083273,0.01157974377918003,48.907079087587974,53.97255925457337,68.87430363104272,65.1760801771323,-0.8217776064464886,-1.5300323833876137,0.7082547769411252,64.50611610711769,65.32789371356418,68.5606478881836,84.01695064544678,67.52067450179844,59.53467370376796,63.5276741027832,0.12570900652068118,2.2990713647104495,0.024749370127977153,0.8947295388012437,47.0,-0.02321205429497318
2023-09-24,63.58713912963867,65.08419799804688,63.540279388427734,65.08006286621094,189877277,-0.02321205429497318,0.02428035968832419,-0.02294472696298344,45.07100738946078,45.06080701937673,54.26988149229275,61.57743393977564,-0.8342138959103096,-1.390868685892153,0.5566547899818435,64.36473503365939,65.1989489295697,68.17027885437011,83.92096868515014,67.51384652772938,59.52934690793956,63.52159671783447,0.1256974010785229,2.2451318822039275,0.025318463902860192,0.7122488539541812,44.0,0.011727421878425119
2023-09-25,64.33724212646484,64.99095916748047,63.113136291503906,63.58618927001953,216448495,0.011727421878425119,0.0291871832536031,0.011796457697159424,47.30685226955645,49.9080284570368,58.97903198417653,60.707739035837356,-0.7746134403769105,-1.2676176367891046,0.49300419641219406,64.36050535562946,65.13511879600637,67.80758964538575,83.85899965286255,67.5853647632119,59.579189451265634,63.58227710723877,0.12591834825989223,2.2188955246162587,0.025354265575626984,0.8170621196651662,47.0,-0.00903598226053774
2023-09-26,63.75851058959961,64.91890716552734,63.39755630493164,64.33316040039062,256010742,-0.00903598226053774,0.023861141775853658,-0.008995280458675037,45.75924825272407,46.23609525214663,47.13056272071002,53.45982539905978,-0.7652570415137632,-1.1671455177340362,0.401888476220273,64.26789077624025,65.03314781775401,67.43586944580078,83.81898113250732,67.61718663841313,59.638866141738234,63.62802639007568,0.1253900356387497,2.1690709057576476,0.02542635650164035,0.9650131842796104,46.0,-0.004270465965499588
2023-09-27,63.486812591552734,65.41913604736328,63.28005599975586,63.7563362121582,212329352,-0.004270465965499588,0.03369329724220614,-0.004261360491868094,45.014714704899305,44.44506079169951,23.715521706016755,43.27503880363446,-0.7708795659920895,-1.087892327385647,0.3170127613935574,64.14772490167294,64.91860446766503,67.02646781921386,83.78788042068481,67.61088490063099,59.63161235278698,63.62124862670898,0.12541835817560826,2.16692870160406,0.025298466296243848,0.8005047469846391,44.0,0.02722229304673214
2023-09-28,65.23880767822266,65.41007232666016,63.21833801269531,63.487186431884766,235902966,0.02722229304673214,0.03359556055615139,0.027596204867639473,50.59674377383894,56.9814349843223,45.876033159416174,38.90737252871433,-0.6267394336297372,-0.995661748634465,0.36892231500472783,64.3155837903729,64.94232322400264,66.65049980163575,83.73251523971558,67.77323842152681,59.73544154063139,63.7543399810791,0.1260745054106256,2.1687005310584015,0.025690736606968457,0.8844600016382362,46.0,0.0060103328327376524
2023-09-29,65.63209533691406,66.3995590209961,64.97479248046875,65.24066162109375,215673747,0.0060103328327376524,0.021708381139037003,0.006028431123867639,51.78014929314534,59.381888089604196,48.91420291916301,39.501919261532,-0.4752934262863562,-0.8915880841648433,0.4162946578784871,64.51812402830231,64.99341745458867,66.30247230529785,83.65183427810669,67.96857243488587,59.79516619731628,63.881869316101074,0.12794563348053956,2.1155623888776116,0.025670088351524754,0.7981559177157956,48.0,0.006644635098695242
2023-09-30,66.06964874267578,66.5233383178711,65.42050170898438,65.63078308105469,153210629,0.006644635098695242,0.016692030756542728,0.00666675966256447,53.125453584209566,62.12508223348652,57.41079841419403,50.73367816425776,-0.31631815253734885,-0.7765340978393444,0.4602159453019955,64.75682013820592,65.07313829074327,65.95394798278808,83.56042982101441,68.11546185452042,60.14308878940048,64.12927532196045,0.12431721745013821,2.0432248331639764,0.024434198439820868,0.5773021979543392,47.0,0.03222345860730035
2023-10-01,68.23331451416016,68.59121704101562,65.90534973144531,66.06880950927734,248362902,0.03222345860730035,0.03936299047898262,0.03274825600952247,59.188866113293955,72.74443236466043,93.4666438261727,66.5972150531766,-0.015559991589512379,-0.6243392765893779,0.6087792849998656,65.29166542681426,65.30722541840377,65.64964378356933,83.51945562362671,68.17317496012626,61.02499131489816,64.59908313751221,0.11065456811533605,2.0891278671930005,0.02309758136977035,0.9480811999980212,48.0,-0.0331096601068231
2023-10-02,66.01112365722656,68.33139038085938,65.4486312866211,68.22895050048828,283142952,-0.0331096601068231,0.043670807805173475,-0.03256753497549103,51.780504376613045,54.451161622860276,52.901508726043595,67.92631698880346,0.042985279729208514,-0.49087436532566064,0.5338596450548692,65.40235130841616,65.35936602868695,65.33030555725098,83.45424348831176,67.83264740597659,61.96535216677731,64.89899978637695,0.0904065587838365,2.145815811981949,0.024586141083209764,1.0813185108492906,50.0,-0.007872137756418315
2023-10-03,65.49351501464844,66.83684539794922,65.3681869506836,66.00701904296875,188593883,-0.007872137756418315,0.022424486560801347,-0.007841233627015498,50.204245833359565,50.96813122066504,43.452786331357075,63.27364629452447,0.04707350338033223,-0.3832847915844621,0.43035829496479433,65.41637649399036,65.36930299061002,64.99880424499511,83.35419946670532,67.69617330048638,62.45082567717474,65.07349948883056,0.08060650901696115,2.097447428787926,0.023826080432916043,0.7359954970225742,50.0,-0.016029368654438828
2023-10-04,64.45206451416016,65.50921630859375,63.72556686401367,65.4983901977539,220351720,-0.016029368654438828,0.027674046720228943,-0.015901582015491855,47.09766706660057,44.314218307800374,24.441556886060752,40.26528398115383,-0.03333859497618619,-0.3132955522628069,0.27995695728662073,65.2680208047857,65.30135939976189,64.7023705291748,83.26154108047486,67.58520895516331,62.72614282095974,65.15567588806152,0.07457625245959423,2.075033287058794,0.02405374083536026,0.8681682627276803,49.0,0.006290292590786096
2023-10-05,64.8587646484375,65.19656372070312,64.09691619873047,64.45919799804688,202994978,0.006290292590786096,0.016954493782501415,0.006310118028693967,48.43944267047183,47.4403912401625,31.86569232461913,33.253345180679,-0.06351628417381505,-0.26333969864500856,0.1998234144711935,65.20505831919368,65.2685746033675,64.50996864318847,83.16365442276,67.50014337665105,62.69753194683527,65.09883766174316,0.07377415023552947,2.005362875266927,0.021276434823434297,0.811053414054043,48.0,0.010344645033986346
2023-10-06,65.53318786621094,65.90678405761719,64.5665283203125,64.85737609863281,178382571,0.010344645033986346,0.020451557156671244,0.010398335852202845,50.673667005968994,52.589672563865086,44.17699711569128,33.494748775457076,-0.03263579783477155,-0.2171989184829612,0.18456312064818964,65.25553978796557,65.28817558580035,64.51891716003418,83.09919759750366,67.51518667000732,62.70185510855713,65.10852088928223,0.07392782842717799,1.9578552225553383,0.021303467927801516,0.7194735245479428,50.0,-0.0007257947432959416
2023-10-07,65.48564147949219,66.2298812866211,65.10038757324219,65.53359985351562,146532235,-0.0007257947432959416,0.017247959825401178,-0.0007255314180018013,50.50750383589778,52.16929333922671,43.30905834492767,39.78391592841271,-0.011862640836341143,-0.1761316629536372,0.16426902211729605,65.29094004820044,65.30280268903678,64.54697166442871,83.01294904708863,67.50948099754,62.89830212929106,65.20389156341552,0.07071938127748446,1.8986865433284503,0.020304888001056197,0.6021921308558953,49.0,-0.0018508767209543247
2023-10-08,65.36454772949219,65.96834564208984,65.10354614257812,65.4871826171875,179284709,-0.0018508767209543247,0.013230405924181513,-0.0018491649049192649,50.05730045283075,50.95894002519205,41.098544197052185,42.86153321922373,-0.005112088876472853,-0.14192774813820433,0.13681565926173148,65.3022643068607,65.30737639573718,64.57218528747559,82.90298734664917,67.46270721668789,62.89207069163731,65.1773889541626,0.07012610658989393,1.8248374687701125,0.018633217261573905,0.7736803726233177,50.0,-0.03508403938528838
2023-10-09,63.11105728149414,65.37638092041016,62.147029876708984,65.36439514160156,235298990,-0.03508403938528838,0.05116933835060476,-0.03447572921829123,42.47049647899331,33.88887581743455,14.95964316686448,33.12241523628146,-0.1795305572510557,-0.1494483099607746,-0.03008224729028111,64.96515553372738,65.14468609097844,64.52935623168945,82.75003761291504,67.19510293676099,62.737357085211656,64.96623001098632,0.06861635423196778,1.9251598669794738,0.019404315545707717,1.0321480569815182,50.0,0.008048729885654823
2023-10-10,63.621070861816406,63.793540954589844,62.681705474853516,63.10908508300781,164326149,0.008048729885654823,0.01747590011729307,0.008081207989393269,44.51995414458596,39.26110423099412,22.873962961099387,26.310716775005364,-0.27345242712279116,-0.17424913339317794,-0.09920329372961323,64.75837327651031,65.0318257036331,64.46260391235352,82.59959342956543,67.21875433889186,62.61937813791479,64.91906623840332,0.07084784898301998,1.8670652678906776,0.01724926481347187,0.7614120616631366,50.0,-0.03391045882502591
2023-10-11,61.499820709228516,63.68592071533203,61.26277160644531,63.61977767944336,186389594,-0.03391045882502591,0.03940091338385165,-0.03334194353935349,38.39360130362148,28.158105412900127,3.2346437576648475,13.689416628542922,-0.5131382071190842,-0.24202694813835918,-0.271111258980725,64.2570574969285,64.77019570404758,64.39719459533691,82.4491868019104,67.50078025564879,62.01823562875062,64.7595079421997,0.08466007233704667,1.9067855422475375,0.018753469957887847,0.88079773414476,47.0,-0.006067255572893776
2023-10-12,61.12781524658203,61.521873474121094,60.75468063354492,61.50114059448242,171888213,-0.006067255572893776,0.012550634068654525,-0.006048886945627552,37.42106558282837,26.61797661019311,4.761473610731826,10.290026776498705,-0.7247541319755157,-0.3385723849057905,-0.38618174706972525,63.775635612259805,64.50038974423532,64.30753532409668,82.2871999168396,67.76354840307658,61.43470866174275,64.59912853240967,0.09797097708769602,1.8253860635567256,0.01875852978814226,0.8332707945522456,45.0,0.007273650186394525
2023-10-13,61.574058532714844,61.99513626098633,61.11253356933594,61.127197265625,203849754,0.007273650186394525,0.014334002219156237,0.007300167433315297,39.40395304048348,31.83568557261934,10.455867957032586,6.150661775143103,-0.8466930231319125,-0.44019651255101494,-0.4064965105808976,63.43693144617597,64.28362446930788,64.24143104553222,82.14883584976197,67.8406081386184,61.007015686454835,64.42381191253662,0.10607246372569552,1.7580443941348445,0.018614563039554336,0.9971002182490907,44.0,0.0014784060635930592
2023-10-14,61.665157318115234,61.949981689453125,61.470035552978516,61.5745849609375,120785909,0.0014784060635930592,0.007783100819782012,0.00147949944459147,39.82315652156812,32.9708057626916,11.618355830036592,8.945232465933683,-0.925313128500207,-0.5372198357408533,-0.38809329275935367,63.164350811089705,64.08966393958991,64.17249588012696,82.01146476745606,67.93597931362434,60.719446330296556,64.32771282196045,0.11218388882099628,1.6667516614448277,0.01799588365196951,0.6009607253988408,47.0,-0.00014148719021658853
2023-10-15,61.65643310546875,62.10171890258789,61.447322845458984,61.66400909423828,134170091,-0.00014148719021658853,0.010613589274772095,-0.0001414771813761373,39.794763941503334,32.90957530570341,11.901636752595046,11.325286846554759,-0.9770611467804926,-0.6251880979487812,-0.35187304883171144,62.9323634717634,63.909424618543895,64.10541015625,81.86303825378418,67.98509012789984,60.40225461392145,64.19367237091065,0.11812434518724542,1.5944405468508334,0.017729251062243243,0.6815019754733685,45.0,0.026894661580153276
2023-10-16,63.337162017822266,65.36457061767578,61.64601516723633,61.657100677490234,334167678,0.026894661580153276,0.05871048420819833,0.027259587162275167,47.55273469935636,52.66667435088571,42.45990505537182,21.993299212667836,-0.8723946251111414,-0.6746294033812532,-0.1977652217298882,62.99464017115707,63.867034796268214,64.06481117248535,81.73442461013794,67.97811701083901,60.367092873804545,64.17260494232178,0.11860238716934186,1.7461630399643062,0.01878163790229794,1.664331261695763,47.0,-0.018712112001758652
2023-10-17,62.16300964355469,63.33576583862305,61.688175201416016,63.33576583862305,191914626,-0.018712112001758652,0.026504357601962732,-0.018538127330952836,43.350154611220745,42.47265175270848,25.721961609178905,26.694501139048608,-0.87411369781762,-0.7145262622685266,-0.1595874355490935,62.8666970130644,63.74081071088202,63.997221298217774,81.59681901931762,68.00231391893288,60.210515670910866,64.10641479492188,0.12154475137859742,1.7392218811387308,0.019213689302726888,0.960720158776287,52.0,-0.03080995372192376
2023-10-18,60.276973724365234,62.6015510559082,60.191654205322266,62.15605545043945,188485126,-0.03080995372192376,0.039980388889560424,-0.03034016419095642,37.60161898225392,31.167355649648243,1.4129895728369402,23.198285412462567,-1.0159521477900384,-0.7748114393728289,-0.24114070841720947,62.46827804557222,63.48423019336226,63.82491134643555,81.43382713317871,68.05454676580963,59.662099428648375,63.858323097229004,0.13142292077390033,1.7871272360992454,0.019100397009566564,0.9548853425351407,50.0,0.024737178935044693
2023-10-19,61.786651611328125,61.812965393066406,60.10832977294922,60.27848434448242,182482608,0.024737178935044693,0.02758905970241403,0.02504568152121167,44.00269150196271,44.87094249805464,27.41660892063951,18.1838533675518,-0.9950711914262058,-0.8188633897835043,-0.17620780164270156,62.3634124403039,63.3584836317301,63.70745376586914,81.27768051147461,67.87194316583847,59.46015865606095,63.66605091094971,0.13212354762734013,1.7812349778148129,0.020050048958900616,0.9323143819906532,52.0,0.026057546349653675
2023-10-20,63.41781997680664,64.17544555664062,61.65102005004883,61.78886413574219,251686318,0.026057546349653675,0.0398062485830487,0.02640001234796574,49.9740598879227,55.93052973351502,54.06293153730726,27.630843343594588,-0.8372499321693425,-0.822540698260672,-0.014709233908670516,62.52562898438124,63.362878916550585,63.69678260803223,81.12958292007447,67.59253263209742,59.47438631321507,63.53345947265625,0.12777749529562862,1.8343200155845973,0.020990344360306654,1.2543264910947798,53.0,0.020565496525865756
2023-10-21,64.73554229736328,65.25566864013672,63.418296813964844,63.418296813964844,198983839,0.020565496525865756,0.028382736298583726,0.0207784234941939,54.22105970351994,62.93797069879032,78.96245723124034,53.48066589639572,-0.5989420375827379,-0.7778209661250852,0.17887892854234733,62.86561564791694,63.46455768549968,63.73134437561035,80.9902585029602,66.85499817410977,59.86214354952305,63.3585708618164,0.11036951322399578,1.8345720618521317,0.020132891630810956,1.0040277490467475,63.0,0.007004624205605844
2023-10-22,65.19058227539062,66.05732727050781,63.82060623168945,64.73735809326172,283863584,0.007004624205605844,0.03431049333735924,0.007029213966218251,55.622142026977855,65.16926423399859,85.43040242540208,72.81859706464991,-0.36910853745050076,-0.6960784803901684,0.32696994293966763,63.22330282137443,63.59241135882493,63.74394340515137,80.85310083389282,66.7061005601351,59.92898702531411,63.31754379272461,0.10703374023803658,1.8632969887782909,0.018896925541755878,1.4320515162248662,53.0,0.05666244511929888
2023-10-23,68.99109649658203,69.5350112915039,65.24591064453125,65.37158966064453,471640160,0.05666244511929888,0.062168900985435815,0.05829851626629967,65.2014918942513,78.04740139811379,94.23005016292024,86.20763660652091,0.1183417328615306,-0.5331944377398287,0.6515361706013593,64.11065569448328,63.992313961621754,63.84500297546387,80.74341054916381,67.5974022953565,59.38744343828607,63.492422866821286,0.1293061201065087,2.040520705016504,0.022717869281057956,2.2208005098267645,53.0,0.0005906822618000154
2023-10-24,69.0318603515625,72.3819580078125,67.78724670410156,68.9913558959961,547455091,0.0005906822618000154,0.06655928552861227,0.0005908567489210093,65.28804175697793,78.14850143160719,72.704911765748,84.12178811802346,0.5021504090547495,-0.32612546838091305,0.8282758774356626,64.8677641032647,64.36561369420996,63.951466445922854,80.6353782081604,68.47472749370752,58.96809782367529,63.721412658691406,0.1491905039982749,2.222962890637535,0.02230064788463054,2.393464864387027,66.0,-0.004892840937535525
2023-10-25,68.6949234008789,70.32286834716797,67.98658752441406,69.0497817993164,369294933,-0.004892840937535525,0.034009512014741033,-0.004880890489806555,63.87391808625896,74.82546596971406,69.95970110565545,78.96488767810791,0.7702545392478441,-0.10684946685516158,0.8771040061030058,65.4565578413592,64.68630330211136,64.06289222717285,80.5289768409729,69.12237491269345,58.704066279933514,63.91322059631348,0.16300709830543042,2.2310570286458473,0.022365323461508612,1.5579165190550743,72.0,0.0023186164722219134
2023-10-26,68.85438537597656,70.42892456054688,67.44944763183594,68.69750213623047,385302387,0.0023186164722219134,0.0432721447216706,0.002321306542072854,64.26837511274425,75.4029664404708,71.25892552443575,71.30784613194642,0.9842504165949606,0.11137050983486285,0.8728799067600977,65.97930053899263,64.99505012239767,64.18310943603515,80.41986539840698,69.68134689837329,58.477214045230205,64.07928047180175,0.1748479816041863,2.2845155929362106,0.022296105145079813,1.5574689022205848,71.0,-0.026468902213802034
2023-10-27,67.05579376220703,68.8486557006836,66.05765533447266,68.8486557006836,308631582,-0.026468902213802034,0.04162206141513097,-0.026121671175312833,56.74264684716824,57.919179126782524,56.60481038136317,65.9411456704848,0.9972170816050294,0.2885398241888962,0.7086772574161333,66.14491488102561,65.14769779942058,64.25177795410156,80.28603822708129,69.87922588448188,58.43635028739311,64.1577880859375,0.17835520734850416,2.321102339262475,0.023214579332716718,1.2079747196825574,70.0,0.010783104015334007
2023-10-28,67.78277587890625,68.29448699951172,67.0185546875,67.05213928222656,287279561,0.010783104015334007,0.018823842716196346,0.010841451214152142,58.84060142066556,62.06684705179536,62.527933542566835,63.463889816121934,1.0540047278127957,0.44163280491367607,0.6123719228991197,66.39689349608418,65.34288876827138,64.35589385986329,80.15339311599732,70.19589695007282,58.36150203674357,64.2786994934082,0.18411067751211846,2.2464473373159923,0.023299368410457467,1.1011317602883557,65.0,0.014907867793204008
2023-10-29,68.80084228515625,69.22142028808594,67.2679443359375,67.778076171875,232084984,0.014907867793204008,0.028393198211904724,0.01501954431711039,61.64593554567662,67.32814333529619,70.82268051362287,63.31847481251765,1.1676982981002197,0.5868459035509849,0.5808523945492349,66.76673177132604,65.59903347322582,64.47028053283691,80.034876537323,70.76857081289715,58.35780667428547,64.56318874359131,0.19222662913847488,2.2255208098040242,0.021763241465342937,0.8901212985849026,72.0,0.006519276506689924
2023-10-30,69.25083923339844,69.7035903930664,67.84952545166016,68.80012512207031,270567503,0.006519276506689924,0.026773176497651277,0.00654057324439572,62.8511896788404,69.50899350192597,74.48905315935748,69.27988907184908,1.2793645464974333,0.7253496321402746,0.5540149143571587,67.14890215010641,65.86953760360898,64.63286674499511,79.90983324050903,71.35675209334033,58.3326022310005,64.84467716217041,0.20085148746700773,2.198988247775612,0.02175211919006589,1.0169945157646458,68.0,-0.004360011042841765
2023-10-31,68.9495620727539,70.35674285888672,68.31682586669922,69.24954986572266,334835486,-0.004360011042841765,0.029585641023144267,-0.004350519993398638,61.45870017214998,66.06451336392169,72.03438242239682,72.44870536512575,1.32823918930427,0.8459275435730736,0.48231164573119634,67.42592675359064,66.09768756428637,64.8351148223877,79.77232118606567,71.77342357032153,58.660904890371846,65.21716423034668,0.20105931980783975,2.187626015233604,0.019953641360606622,1.2244025206260007,66.0,0.014191278754515342
2023-11-01,69.93502044677734,70.34513854980469,66.79888153076172,68.94947814941406,377378547,0.014191278754515342,0.05070788563995312,0.014292452981552017,64.24883616029092,71.46130508781616,80.0634538197546,75.52896313383633,1.4300067234561737,0.9627433795496938,0.46726334390647994,67.81194116792706,66.38193444447089,65.0335594177246,79.63765523910523,72.23900960636205,59.076039374350856,65.65752449035645,0.2004792342413781,2.284671086934273,0.019837803578289157,1.330001312788387,66.0,-0.007763305096964414
2023-11-02,69.39419555664062,70.67996215820312,68.05870056152344,69.93855285644531,350621685,-0.007763305096964414,0.03777349929130849,-0.007733248473821508,61.61267388923893,64.85732458721851,72.15749021258414,74.75177548491187,1.450300022812641,1.0602547082022833,0.39004531461035774,68.05536492003684,66.6050648972242,65.1813729095459,79.48328897476196,72.54175890475665,59.55530377834882,66.04853134155273,0.19661989241292535,2.3087132662018024,0.020099338416776576,1.2045478078609981,72.0,0.0013960686357457719
2023-11-03,69.49114227294922,69.56597137451172,67.95130920410156,69.38985443115234,234233495,0.0013960686357457719,0.023235510564325476,0.001397043593213354,61.91434203521787,65.52363941168251,67.74960953625248,73.32351785619709,1.4574053370246673,1.1396848339667602,0.3177205030579071,68.27625374356182,66.81884840653716,65.31502502441407,79.33737119674683,72.77047543966654,60.109185738922314,66.43983058929443,0.19056776015898455,2.2591381879309704,0.020100316995002303,0.789318840715254,65.0,0.014017581798048101
2023-11-04,70.47209930419922,70.6252670288086,68.96759796142578,69.49092102050781,194430502,0.014017581798048101,0.02352234549204123,0.014116288769538077,64.91849073325304,71.82900783785271,77.69208936210599,72.53306303698089,1.5246165533642824,1.2166711778462647,0.3079453755180177,68.61407613750603,67.08945958414175,65.40455642700195,79.1804746055603,73.04304559592785,60.71818220253405,66.88061389923095,0.18428155297682636,2.2161761078918163,0.020122922060572982,0.6486054565420251,68.0,0.01675282926050159
2023-11-05,71.66265106201172,72.21622467041016,70.10407257080078,70.45054626464844,337144700,0.01675282926050159,0.029473541214400094,0.016893944831604557,68.19723690254402,77.62361569959324,89.9200928864066,78.4539305949217,1.6548731559246477,1.3043115734619413,0.3505615824627064,69.08308766435306,67.42821450842841,65.5310189819336,79.08658445358276,73.5694310875465,61.02434561533436,67.29688835144043,0.18641404943864134,2.2087458215859277,0.019710315523427568,1.1241310384444643,70.0,0.038599384408962496
2023-11-06,74.48286437988281,74.92601776123047,71.09197235107422,71.66226959228516,307139405,0.038599384408962496,0.05147553658250277,0.03935401881003098,74.31994822950551,85.73356142214584,95.00298521843712,87.53838915564991,1.9630413780921572,1.4360575343879844,0.5269838437041727,69.91382254366533,67.95078116557318,65.74911170959473,79.0078005027771,74.46141621818079,61.36434595833289,67.91288108825684,0.19285104754762905,2.324838649340951,0.020064620201305595,1.0047839053712377,74.0,-0.012408088779040692
2023-11-07,73.56438446044922,74.51031494140625,71.3797607421875,74.48506927490234,345874833,-0.012408088779040692,0.04255529659059195,-0.012331425853188138,69.61906456688065,75.35631384733328,84.64616988731876,89.8564159973875,2.1088438220794927,1.570614791926286,0.5382290301532067,70.47544745393978,68.36660363186029,65.90250740051269,78.9480357170105,74.5642576653409,62.590245584781165,68.57725162506104,0.17460618203287584,2.3823897600465083,0.01850212570824297,1.1031051746653966,68.0,-0.0052396721073474746
2023-11-08,73.17993927001953,74.26231384277344,72.61449432373047,73.56033325195312,279316148,-0.0052396721073474746,0.022517366582702945,-0.005225968969214678,67.68913042364171,71.15076718363612,80.31115095225887,86.6534353526716,2.1683761054873827,1.6901670546385055,0.4782090508488772,70.89152311795205,68.72314701246466,66.01942146301269,78.87844278335571,74.58388835404627,63.70994366194494,69.1469160079956,0.15725856364792826,2.329920457117684,0.0184562232658801,0.8772816185052961,66.0,0.007789665381532807
2023-11-09,73.75221252441406,76.1036148071289,70.33726501464844,73.17977905273438,563715610,0.007789665381532807,0.07818544820701677,0.007820083756601148,69.06391108304418,73.69981199260107,76.59355197365623,80.5169576044113,2.2359587967644927,1.799325403063703,0.4366333937007898,71.33162918048467,69.09567038372018,66.20317878723145,78.81271722793579,74.77928950681309,64.54798176393888,69.66363563537598,0.1468672665381052,2.5753796953578836,0.017985613230937454,1.687823328223323,69.0,-0.006082171547642215
2023-11-10,73.30500030517578,74.9408187866211,71.39967346191406,73.75566864013672,391745232,-0.006082171547642215,0.04830700920762434,-0.006063712584761349,66.67636597967362,68.20542643881511,69.92267893308407,75.60912728633308,2.227752138005158,1.885010750051994,0.3427413879531642,71.63522473812945,69.4074726001243,66.37545906066894,78.73720552444458,74.91188497964167,65.27233209189153,70.0921085357666,0.13752693547278966,2.6443629545971086,0.017957553886485376,1.1400278574806717,70.0,0.025180710425061106
2023-11-11,75.17430877685547,75.86489868164062,71.41221618652344,73.30033874511719,409990766,0.025180710425061106,0.059231439138793536,0.0255004223981663,71.16373173388817,76.68254133779182,90.01254519961627,78.84292536878554,2.3450535553732266,1.9770193111162406,0.36803424425698594,72.17969920562575,69.83464565025253,66.5922371673584,78.65753534317017,75.34463652142412,65.83795320025555,70.59129486083984,0.13467217650433483,2.7735286360628284,0.018452675952549475,1.1716226862872412,70.0,-0.0037721589406720414
2023-11-12,74.89127349853516,76.63818359375,72.85487365722656,75.1719970703125,400244544,-0.0037721589406720414,0.0505173668411105,-0.0037650532864953457,69.63472548362097,73.233402596693,82.24558933111672,80.72693782127237,2.3876538054067424,2.059146209974341,0.32850759543240127,72.59686448145797,70.20921067605123,66.78845481872558,78.59072076797486,75.92931594090828,65.84329148096671,70.8863037109375,0.14228453074758549,2.8456558718100147,0.014421590463547235,1.1555592957146652,73.0,-0.04645816126637294
2023-11-13,71.49154663085938,75.93030548095703,71.19602966308594,74.89793395996094,391890703,-0.04645816126637294,0.06622147709737113,-0.04539550082216559,54.49016128724014,44.91951627567652,47.693068777202,73.31706776931168,2.122617056810327,2.0718403793415385,0.050776677468788556,72.42681558136587,70.30419852455555,66.94654296875,78.49973443984986,75.9849230144797,66.03365303532499,71.00928802490235,0.14014039931881717,2.980557296528663,0.018331849947736224,1.1574328300239887,72.0,-0.01204973877926586
2023-11-14,70.63526153564453,72.5024185180664,68.79059600830078,71.44110107421875,378863884,-0.01204973877926586,0.052549143714751244,-0.011977431396696492,51.45476398582512,40.33689580111974,38.99036720616412,56.309675104827626,1.8224701714619727,2.021966337765625,-0.19949616630365252,72.15119188202412,70.32872171056215,67.0725033569336,78.40425382614136,75.97210567448668,66.24050418879456,71.10630493164062,0.13685989582847516,3.0327905260455887,0.018537061094938568,1.117379722772477,69.0,0.04762046557430562
2023-11-15,74.080322265625,74.25138854980469,70.62351989746094,70.63592529296875,335516203,0.04762046557430562,0.048972095981649984,0.04877253449740526,60.89342541861611,59.65588201808676,70.55487148319963,52.412769155521936,1.8413631238346397,1.985845694979428,-0.14448257114478835,72.44798117180886,70.60661804797422,67.2789395904541,78.31921785354615,76.2826440128558,66.45255953939031,71.36760177612305,0.13773875300310667,3.0752961064954576,0.021228537609839934,0.9968534062105993,60.0,-0.03995134716639286
2023-11-16,71.1790542602539,74.30123138427734,70.0713882446289,74.08006286621094,343373015,-0.03995134716639286,0.05942539112956948,-0.03916381458180229,51.76536114394274,45.25767325773475,37.15657567235725,48.900604787240354,1.603740916588933,1.909424739301329,-0.30568382271239614,72.25276164695426,70.64902073036532,67.43278442382812,78.23244501113892,76.0766971546027,67.07083244744808,71.57376480102539,0.12582633779557162,3.1577637517206703,0.02241641329697406,1.014958587367852,70.0,-0.01410195363730987
2023-11-17,70.18233489990234,71.62705993652344,68.40803527832031,71.14913177490234,406903529,-0.01410195363730987,0.04586659396262982,-0.014002986843674958,49.04531933290591,41.265795348530524,21.558537629943025,43.08999492849998,1.3197830455098227,1.7914964005430278,-0.4717133550332051,71.93423445510011,70.61445140959029,67.53165496826172,78.14964361190796,75.9046472841636,67.48283821998679,71.6937427520752,0.11746923428590345,3.162139530755131,0.02265013142617412,1.1818506107794118,63.0,-0.004119600206581602
2023-11-18,69.89380645751953,70.27632141113281,67.9962387084961,70.19161987304688,243237870,-0.004119600206581602,0.03262209941337965,-0.00411112629402155,48.25486307918157,40.072110262611055,21.957646967424342,26.890920089908224,1.0592521534428414,1.6450475511229905,-0.5857953976801491,71.62032245547233,70.56107030202949,67.61688919067383,78.05763368606567,75.83421410690683,67.66256781447989,71.74839096069336,0.11389309478596805,3.099135471603816,0.0224667692862533,0.705341555983585,69.0,0.010623936248871774
2023-11-19,70.64031219482422,70.6695556640625,68.82186126708984,69.89537048339844,226121115,0.010623936248871774,0.0261563735997763,0.010680570641955267,50.47869302130978,44.88453888589491,30.5958151947927,24.70399993072004,0.9026115742757241,1.4965603557535374,-0.5939487814778133,71.46955164614185,70.56694007186613,67.70830245971679,77.96636098861694,75.77673556084173,67.85899365668757,71.81786460876465,0.11024752611744842,3.009746823415876,0.022540506216127923,0.6599593292408188,66.0,-0.016019027852783713
2023-11-20,69.51773834228516,70.95977783203125,69.20074462890625,70.63932037353516,271959607,-0.016019027852783713,0.025303372133081075,-0.01589140559632629,47.19406725242804,39.3418706465333,17.605986314322113,23.38648282551307,0.6800512510872494,1.33325853482028,-0.6532072837330305,71.16927267631775,70.4892214252305,67.7339909362793,77.87147741317749,75.72984333318651,67.96270351129591,71.84627342224121,0.10810776191888259,2.9204101362522423,0.022835081942889253,0.8010944554362378,69.0,-0.04502107487540826
2023-11-21,66.45738220214844,71.64383697509766,65.86429595947266,69.51911926269531,427605909,-0.04502107487540826,0.08696612511827405,-0.04402266548241851,39.6243204745124,28.24743948205942,5.504848971961294,17.902216827025388,0.2537997815573192,1.1173667841676878,-0.8635670026103686,70.44436644952248,70.19056666796516,67.74291610717773,77.75957098007203,76.14884409042982,67.1959389295897,71.67239151000976,0.12491427971382475,3.124633770493154,0.024715403040722506,1.2503226987193963,71.0,0.03326968083972331
2023-11-22,68.7055892944336,69.0522689819336,66.27107238769531,66.44966888427734,275595694,0.03326968083972331,0.040479917613684,0.03382930560590869,46.42295546894786,42.21385324065231,26.372034231369785,16.49428983921775,0.09629392781664592,0.9131522128974794,-0.8168582850808335,70.1768622718165,70.08056834399986,67.80715759277344,77.68494173049926,76.19386216550988,67.08206022828894,71.63796119689941,0.12719236819396415,3.1001025436178056,0.025932991291455862,0.814780946938678,62.0,0.011675336160324554
2023-11-23,69.512451171875,70.59394073486328,68.62484741210938,68.70059204101562,307401786,0.011675336160324554,0.028327203106176882,0.011743758924527281,48.657476617917375,46.56851490542755,33.861084654304946,21.91265595254536,0.03615958900867611,0.7377536881197189,-0.7015940991110428,70.0746451795178,70.03848559050913,67.90836532592773,77.61464094161987,76.19292841614254,67.08512486754887,71.6390266418457,0.12713466354208708,3.0193161706989557,0.02607399711535097,0.8990891832726065,66.0,0.017448100725866087
2023-11-24,70.73595428466797,71.63275146484375,69.50718688964844,69.5111083984375,307601320,0.017448100725866087,0.03004928111439968,0.017601208016212233,51.93132408648215,52.8538646967102,45.217274307707015,35.1501310644606,0.08623510362399145,0.6074499712205734,-0.521214867596582,70.17638504184859,70.0901499382246,68.02590911865235,77.57895353317261,76.19403502226888,67.11040375946939,71.65221939086913,0.12677389953893098,2.955476771020124,0.026182017939549156,0.8850255123326508,66.0,0.015395090314794658
2023-11-25,71.83336639404297,72.08313751220703,70.6522445678711,70.73846435546875,237235479,0.015395090314794658,0.01991961418718362,0.015514205194130826,54.72023564806546,58.02127460617478,55.40312501106465,44.82716132435889,0.2120281667784525,0.5283656103321492,-0.31633744355369675,70.43130524987849,70.21927708310004,68.15191268920898,77.53801244735718,76.20325874863939,67.11825156630202,71.6607551574707,0.12677799951135796,2.8465779262569684,0.02613852767535594,0.6925236039465917,73.0,-0.02501147283654974
2023-11-26,70.05899047851562,71.84637451171875,69.42903137207031,71.83610534667969,257792066,-0.02501147283654974,0.03450439584038458,-0.024701277478685557,49.69931292310887,48.080533393815564,41.67187116294722,47.430756827239655,0.16662205300522714,0.45601689886676483,-0.2893948458615377,70.3740260542842,70.20740400127897,68.24337966918945,77.48295751571655,75.83943671035351,67.03968621445117,71.43956146240234,0.12317755478571257,2.8159182986420737,0.025057522873159925,0.7579906575431914,73.0,-0.011725191964683608
2023-11-27,69.2423324584961,70.45950317382812,68.28045654296875,70.05546569824219,261741816,-0.011725191964683608,0.03146986176650674,-0.011656719779169045,47.537342450051064,44.02992006931867,40.03866722852911,45.704554467513674,0.06400212690778062,0.377613944474968,-0.31361181756718737,70.19991934723987,70.13591722033209,68.32093536376954,77.42396478652954,75.60919590036035,66.83772182424902,71.22345886230468,0.12315428394272596,2.7704274652290235,0.0250445783803272,0.779242544989709,66.0,0.0071222103566649965
2023-11-28,69.73725128173828,70.16437530517578,68.1114273071289,69.2442398071289,340266606,0.0071222103566649965,0.02943832686712832,0.007147633617611726,48.98568035255344,47.176366286521585,45.90476431618869,42.53843423588836,0.02235323478912221,0.30656180253779886,-0.28420856774867664,70.128739644855,70.10638641006588,68.45345924377442,77.37013536453247,75.38634093788572,66.71630798789552,71.05132446289062,0.12202493078814415,2.71917893185887,0.025139471562227025,1.003913576919515,68.0,0.0036084518749415384
2023-11-29,69.98934936523438,70.41757202148438,69.29904174804688,69.73710632324219,241745414,0.0036084518749415384,0.015981435512431048,0.00361497017537471,49.7467148146903,48.88403382054771,48.89279339076146,44.94540831182644,0.00957798711421276,0.24716503945308166,-0.2375870523388689,70.10729498645183,70.09771699933762,68.58082481384277,77.31855360031128,75.03659422535593,66.68976838450736,70.86318130493164,0.11778790744563536,2.604846884828772,0.02506747483727293,0.748804965371072,72.0,-0.007799661066413041
2023-11-30,69.4455795288086,70.10887145996094,69.18724060058594,69.98896789550781,238522259,-0.007799661066413041,0.013271267453282228,-0.007769322637765308,48.08057245257293,45.206409034030294,57.58763169904652,50.79506313533224,-0.04391791168629311,0.1889484492252067,-0.23286636091149981,70.00549260835288,70.04941052003917,68.73973999023437,77.24856000900269,74.72950171539563,66.61091881683095,70.67021026611329,0.11487984637365063,2.484617168724931,0.025082902415739346,0.7567799235777067,74.0,0.029782752733286993
2023-12-01,71.54496765136719,72.13900756835938,69.28773498535156,69.4422836303711,342098446,0.029782752733286993,0.03985287402605075,0.030230694837641847,54.4268499107261,59.074550244287195,90.53279331354666,65.67107280111823,0.0821423928956051,0.1675872379592864,-0.0854448450636813,70.24233492266278,70.16019252976717,68.94808303833008,77.1709520149231,74.01603470869213,66.96145171098561,70.48874320983887,0.10008098706917835,2.510806841173708,0.02537162054679825,1.0972224411781442,71.0,0.010113713993082205
2023-12-02,72.27222442626953,72.67749786376953,71.4587173461914,71.54443359375,252948067,0.010113713993082205,0.01686374713457861,0.010165030452542911,56.4143729939496,62.87231604890187,94.05164497995565,80.72402333084963,0.23798627860985277,0.1816670460893997,0.056319232520453066,70.55462561552535,70.3166393369155,69.16204635620117,77.08302453994752,73.37985918674595,67.33572232570522,70.35779075622558,0.08590572267941647,2.4185192466311665,0.025523768673535435,0.8309151939647441,74.0,-0.00021854277454709257
2023-12-03,72.25643157958984,72.71341705322266,71.45440673828125,72.27241516113281,260490911,-0.00021854277454709257,0.01742419722948285,-0.00021851889581447903,56.35689421801244,62.72484941083452,93.32782312682683,92.63742047344307,0.35611426650145006,0.21655649017180978,0.13955777632964028,70.81644191768912,70.46032765118767,69.37387184143067,76.97485803604125,73.49295832003202,67.2991116872922,70.3960350036621,0.08798573147504127,2.335697180081898,0.023257342830310626,0.874567711528677,73.0,0.0077921368515858685
2023-12-04,72.82166290283203,74.97122192382812,72.11064910888672,72.25977325439453,579013037,0.0077921368515858685,0.03928189361396962,0.007822574556834994,58.00602542994259,66.04982826305385,76.39643685026678,87.92530165234977,0.4896960803332462,0.27118440820409706,0.21851167212914913,71.12493745386494,70.6352413735317,69.59717643737793,76.8862518119812,73.77772711572564,67.23298302831734,70.50535507202149,0.0928261985309176,2.3731882968575775,0.02311515352624044,1.8807764703206677,74.0,0.01997901057407883
2023-12-05,74.29119873046875,74.29496002197266,71.49230194091797,72.83030700683594,409610732,0.01997901057407883,0.03772530432875146,0.02017992681103098,62.02383466900976,73.27945060592387,92.18377580137958,87.30267859282442,0.706001543741337,0.35814783531154504,0.3478537084297919,71.61205457334245,70.90605302960111,69.81625717163087,76.7991958808899,73.83529921124773,67.19649857927962,70.51589889526367,0.0941461533636355,2.403864710014514,0.020937762371138632,1.3146953408869468,75.0,-0.025575012422509653
2023-12-06,72.41529083251953,74.64412689208984,72.41529083251953,74.28897857666016,415760055,-0.025575012422509653,0.03077852804216605,-0.025250742079894084,54.81422684337378,55.63525568261745,62.74041375689975,77.10687546951539,0.717780960036734,0.4300744602565828,0.28770649978015117,71.73562938244662,71.01784842240988,70.02130279541015,76.69941576004028,73.98897421234693,67.16644723540696,70.57771072387695,0.0966668783524578,2.391362663554214,0.019698996229417693,1.3191085853071556,72.0,0.022437359572479318
2023-12-07,74.05846405029297,74.44076538085938,72.2862777709961,72.42969512939453,380178224,0.022437359572479318,0.029091713384714172,0.022690970358369977,59.27926482486335,64.39593612731488,86.69409327047237,80.53942760958392,0.8499093524547874,0.5140414386962238,0.3358679137585636,72.09298856211528,71.2430792096605,70.29693260192872,76.60831373214722,74.4968814791931,67.04615288359987,70.77151718139649,0.1052786331610789,2.374443016862004,0.01993127127504636,1.2113515405011648,72.0,0.056953345865910894
2023-12-08,78.39876556396484,78.56376647949219,73.56470489501953,74.06021881103516,518109798,0.056953345865910894,0.06376454461383027,0.05860642087748924,68.2139818571822,77.8654880563488,98.42139723169701,82.61863475302306,1.2899780501413005,0.6692287609852392,0.6207492891560613,73.06310810086137,71.77313005072007,70.62917488098145,76.54557718276978,76.16022201798518,66.23330825545233,71.19676513671875,0.13942928085946393,2.561915771691336,0.02323762380107062,1.5815804181815551,72.0,-0.027429523529875637
2023-12-09,76.27754974365234,79.43228149414062,76.23912048339844,78.40948486328125,646771325,-0.027429523529875637,0.0418623962289496,-0.027056750256887918,61.15201602099042,64.04952305461529,72.13344772068818,85.74964607428588,1.4508468156526249,0.8255523719187163,0.6252944437339085,73.55763758436768,72.10679076871506,70.88636947631836,76.46880327224731,76.90256158322289,66.05469244509742,71.47862701416015,0.1517638151608099,2.6070047173378255,0.024348171566106032,1.8552200715980585,73.0,0.011267715320485535
2023-12-10,77.14188385009766,78.70563507080078,76.28400421142578,76.28400421142578,373110524,0.011267715320485535,0.03139190720414244,0.011331435125408351,62.84015270687715,66.84602664412495,79.76833191023064,83.4410589542053,1.6292994601924278,0.9863017895734587,0.6429976706189691,74.10906008678768,72.47976062659525,71.13449630737304,76.42451086044312,77.73207994036372,65.98758863873783,71.85983428955078,0.16343610332168085,2.5942247608957265,0.02393792219437218,1.0549382268190366,74.0,-0.05998267115525648
2023-12-11,72.65074920654297,77.46167755126953,71.65664672851562,77.14701843261719,562479070,-0.05998267115525648,0.07990324788324553,-0.058219146582962344,50.54858601722019,45.42544934588238,40.09699113183502,63.9995902542513,1.3922781194179095,1.0674970555423489,0.3247810638755606,73.88470456675003,72.49242644733212,71.2836996459961,76.35476121902465,77.4974950013293,66.84151027821173,72.16950263977051,0.14765218455649112,2.8235680510284533,0.025754903918298072,1.5606054124062902,74.0,-0.0032780441300930053
2023-12-12,72.4129867553711,73.6204833984375,71.1378173828125,72.65022277832031,327096779,-0.0032780441300930053,0.03428481722501044,-0.0032726772093695233,49.991099236283794,44.543837959068014,31.4859275653504,50.45041686913871,1.1717444162171233,1.0883465276773039,0.08339788853981944,73.6582864419225,72.48654202570538,71.35213745117187,76.28048582077027,77.4403589610939,67.26938606454085,72.35487251281738,0.14057066985711716,2.7992179056424926,0.02488470689897423,0.9010963176608549,67.0,0.01078043276334804
2023-12-13,73.1978530883789,73.93169403076172,70.67697143554688,72.40437316894531,409363158,0.01078043276334804,0.044464727555398376,0.01083875100552456,51.877821424726875,48.400591629666806,39.146866561714816,36.90992841963343,1.0482188073257817,1.0803209836069996,-0.03210217628121792,73.58745054137734,72.53923173405155,71.4354573059082,76.20322351455688,77.46383569319194,67.61444952409322,72.53914260864258,0.13578029481596368,2.8317539548976605,0.02486838142487103,1.1121074913536666,65.0,-0.003207911862994063
2023-12-14,72.96341705322266,74.01651763916016,71.90701293945312,73.19517517089844,390459199,-0.003207911862994063,0.028911813411483564,-0.003202772011266397,51.2557834828878,47.25534637875244,36.23308409781103,35.6219594082921,0.9207925205485736,1.0484152909953144,-0.12762277044674075,73.49144538935354,72.57065286880497,71.52082717895507,76.11014078140259,77.50733468621931,67.79369680792132,72.65051574707032,0.13370363277413755,2.780164722384044,0.024646470668978165,1.048945755337066,72.0,-0.02789991495765397
2023-12-15,70.95587921142578,72.97990417480469,70.93561553955078,72.96294403076172,289918266,-0.02789991495765397,0.028810701212828062,-0.02751430679750777,46.15244985679322,38.22033875487323,3.1855842227442888,26.188511627423395,0.6503182797615636,0.9687958887485643,-0.3184776089870006,73.10135828505696,72.4510400052954,71.56285705566407,76.00991788864135,77.50784556188256,67.70543721399633,72.60664138793945,0.13500704839811647,2.727602144731892,0.025260149640581632,0.7733756682645153,70.0,0.01645310043915277
2023-12-16,72.13298034667969,72.4605712890625,70.84329986572266,70.9569320678711,239288933,0.01645310043915277,0.02242069321920493,0.016589198081057077,49.337611429323275,45.36592688253597,16.630009689990032,18.682892670181804,0.5248970331850273,0.8800161176358569,-0.3551190844508295,72.95237706376815,72.42748003058313,71.66440078735351,75.90895223617554,77.47747355624657,67.94320820644876,72.71034088134766,0.13112667653912244,2.648292807489603,0.024850666181420768,0.6398978715127183,67.0,-0.01252890625630738
2023-12-17,71.23487091064453,73.49186706542969,70.99337768554688,72.1331558227539,296569366,-0.01252890625630738,0.03507396515137738,-0.012450746270551094,47.05078824805749,41.131193794279916,6.372126987667919,8.7292403001341,0.3490067336116027,0.773814240831006,-0.4248075072194033,72.68814534790299,72.33913861429139,71.73344268798829,75.81243154525757,77.36143324795783,68.25850235995232,72.80996780395508,0.12502314123411878,2.6375925626605463,0.024873746874109034,0.789399130478792,73.0,-0.006083328857964497
2023-12-18,70.80284118652344,71.4552001953125,68.37655639648438,71.2234115600586,331991740,-0.006083328857964497,0.04348192455607434,-0.006064862876820842,45.94750890192465,39.08369781025649,21.94595803176601,14.982698236474674,0.17275974901751567,0.6536033424683081,-0.4808435934507924,72.3980985538446,72.22533880482709,71.77348266601562,75.69658407211304,77.29290608469906,68.43358851368963,72.86324729919434,0.12158828901257858,2.669096222386802,0.024889638781064014,0.8846595717085947,65.0,-0.0026628398413914662
2023-12-19,70.61455535888672,71.5743408203125,69.88497924804688,70.80675506591797,268798362,-0.0026628398413914662,0.023923701900829455,-0.0026592976281940572,45.44734107627235,38.11888572565816,20.242896260841242,16.18699376009174,0.017685780546628393,0.5264198300839722,-0.5087340495373438,72.12370729308185,72.10602151253522,71.8007569885254,75.57256811141968,77.2508172013009,68.53819799645301,72.89450759887696,0.11952367183535413,2.5991151759495748,0.024891344609249015,0.7136955051593794,73.0,-0.011530972881322033
2023-12-20,69.80497741699219,71.85749816894531,69.58870697021484,70.61553955078125,388377729,-0.011530972881322033,0.032501854204141485,-0.01146474601135683,43.26646536211749,33.918651666243605,12.920193003086062,18.36968243189779,-0.16859418191697273,0.3874170276837832,-0.5560112096007559,71.76697961983729,71.93557380175426,71.81786529541016,75.44162733078002,77.21435616035765,68.61059882621461,72.91247749328613,0.1180011656432232,2.57552060614821,0.024970248102324715,1.0110799340536216,74.0,0.015911037442725325
2023-12-21,70.92453002929688,71.04276275634766,69.08536529541016,69.80982208251953,337148848,0.015911037442725325,0.027598314153494646,0.016038292020593925,47.050497733435776,43.892969633260186,23.04664425269271,18.73657783887336,-0.2233096799377421,0.26527168615947816,-0.48858136609722025,71.63737199052338,71.86068167046112,71.83765548706054,75.32480039596558,77.23101662775,68.53189459661525,72.88145561218262,0.1193598832249535,2.5313689529188736,0.024290392819689685,0.8782795056260125,70.0,0.03878953101222779
2023-12-22,73.7297134399414,73.76168060302734,70.57711029052734,70.92400360107422,361158771,0.03878953101222779,0.0431924954529232,0.03955166723679082,55.12665682307786,61.07011463338312,48.41977343115984,28.128870228979554,-0.039857793151170995,0.20424579029734835,-0.24410358344851935,71.95927067504923,71.9991284682004,71.92436584472657,75.2542759513855,77.30945509284946,68.59920503288295,72.9543300628662,0.1193931882104971,2.5780261928889545,0.025748420465853045,0.9277496203615327,74.0,-0.01625911459139949
2023-12-23,72.5406265258789,74.00381469726562,71.65083312988281,73.72219848632812,300928578,-0.01625911459139949,0.03243674172766326,-0.01612764865865246,51.5381882121703,53.039765594381194,40.31405182098795,37.260156501613515,0.009470601279502944,0.16529075249377928,-0.15582015121427634,72.04871003671533,72.03923943543583,71.98535552978515,75.16237550735474,77.31631211606594,68.62076750429537,72.96853981018066,0.1191684064720363,2.561951576781373,0.026036527610214546,0.7690352245651618,70.0,-0.019009168053790926
2023-12-24,71.17471313476562,72.91796875,70.57626342773438,72.53601837158203,325474499,-0.019009168053790926,0.03290080450105542,-0.01882963322113007,47.69726831525546,45.09329920287638,30.799333224163487,39.84438615877045,-0.06095147532408873,0.12004230693020568,-0.1809937822542944,71.91424897487691,71.975200450201,71.99940780639649,75.07400712966918,77.30379889678393,68.46858574677076,72.88619232177734,0.12121929913703751,2.5462197014588197,0.026313245482883305,0.8596116493004791,71.0,0.015344612015432253
2023-12-25,72.27528381347656,72.72115325927734,70.8271484375,71.17684936523438,272499306,0.015344612015432253,0.0262054290463289,0.0154629450578474,50.874112888245065,51.871526214115114,69.12684767213939,46.74674423909696,-0.027636051280722995,0.09050663528801996,-0.11814268656874295,71.96979279619994,71.99742884748066,72.01166046142578,74.99305074691773,77.16197537236519,68.40881777949028,72.78539657592773,0.12025980491490293,2.4996329243387145,0.026137260808061905,0.7329700658983325,73.0,0.012037025810413934
2023-12-26,73.15052032470703,74.28353118896484,71.27910614013672,72.27474212646484,464032652,0.012037025810413934,0.04107182061715783,0.012109762356509401,53.30324145906691,56.817510322161404,80.81910107860752,60.24842732497016,0.06860015422211063,0.08612533907483809,-0.017525184852727457,72.15144318520103,72.08284303097892,71.98501358032226,74.91264318466186,77.19803553459536,68.44628056647886,72.82215805053711,0.12017983540178745,2.535689504659387,0.025653068817681604,1.2401064549155443,71.0,0.036242468520671034
2023-12-27,75.85030364990234,76.8629379272461,72.36943817138672,73.15015411376953,534010451,0.036242468520671034,0.0592416844710306,0.03690723337593882,59.891422479486195,68.47599856919443,88.067537693502,79.33782881474967,0.35858445337271405,0.1406171619344133,0.21796729143830076,72.72049864130892,72.36191418793621,72.03073196411133,74.9051361656189,77.45536527756097,68.36813478347419,72.91175003051758,0.12463327913927832,2.6755330940308144,0.026447689808904648,1.39837471245504,73.0,0.011431067566821435
2023-12-28,76.72232818603516,77.43397521972656,74.72697448730469,75.8705825805664,561930641,0.011431067566821435,0.03528308898366562,0.01149665188102289,61.76768606437843,71.3870129046067,92.14293776649421,87.00985884620127,0.6512569076879515,0.24274511108512092,0.4085117966028306,73.33616472511297,72.68490781742501,72.10157974243164,74.90025312423705,77.01110498950527,68.6447513337369,72.82792816162109,0.11487836969907475,2.6777807824873188,0.023149772046822257,1.4630927730659176,73.0,-0.04421238094423213
2023-12-29,73.40414428710938,77.71273803710938,73.29108428955078,76.7138900756836,516441232,-0.04421238094423213,0.060237113183473044,-0.043249259731533374,51.831748000223456,50.63119947785984,53.85057922125468,78.02035156041698,0.6084385263090581,0.3158837941299084,0.29255473217914973,73.34662311926625,72.7381845929572,72.09461837768555,74.87953336715698,76.57049398262328,68.79802179496463,72.68425788879395,0.10693473956286986,2.802343137135267,0.02442423601856604,1.3678609196915281,65.0,-0.0012460432256785356
2023-12-30,73.31273651123047,74.00729370117188,72.64119720458984,73.4019775390625,311515246,-0.0012460432256785356,0.018633822192311217,-0.0012452672361573658,51.58557343490498,50.162462862866334,52.87150898250569,66.28834199008487,0.5606658006422691,0.36484019543238055,0.19582560520988856,73.34140979495305,72.78074399431078,72.09477310180664,74.8588779258728,75.81862651205941,69.16697453164176,72.49280052185058,0.09175603553090395,2.6997540913814646,0.024228119423863232,0.8318738509381822,68.0,-0.007039839457584727
